collateral ratio,anchor price,anchor issued per unit of collateral value,anchor supply multiplier
0.001999999999999999,0.001999999999999999,500.000000000000000179,1.033557046979865771
0.002249999999999999,0.002249999999999999,444.444444444444444728,1.033557046979865772
0.002499999999999999,0.002499999999999999,400.000000000000000005,1.033557046979865772
0.002999999999999999,0.002999999999999999,333.333333333333333427,1.033557046979865772
0.003499999999999999,0.003499999999999999,285.714285714285714299,1.033557046979865772
0.003999999999999999,0.003999999999999999,250.000000000000000089,1.033557046979865771
0.004499999999999999,0.004499999999999999,222.222222222222222259,1.033557046979865771
0.004999999999999999,0.004999999999999999,200.000000000000000002,1.033557046979865772
0.005999999999999999,0.005999999999999999,166.666666666666666672,1.033557046979865772
0.006999999999999999,0.006999999999999999,142.857142857142857146,1.033557046979865771
0.007999999999999999,0.007999999999999999,125.000000000000000014,1.033557046979865772
0.008999999999999999,0.008999999999999999,111.111111111111111122,1.033557046979865771
0.009999999999999999,0.009999999999999999,100.000000000000000010,1.033557046979865772
0.011999999999999999,0.011999999999999999,83.333333333333333335,1.033557046979865771
0.013999999999999999,0.013999999999999999,71.428571428571428573,1.033557046979865771
0.015999999999999999,0.015999999999999999,62.500000000000000004,1.033557046979865771
0.017999999999999999,0.017999999999999999,55.555555555555555556,1.033557046979865771
0.019999999999999999,0.019999999999999999,50.000000000000000000,1.033557046979865771
0.021999999999999999,0.021999999999999999,45.454545454545454547,1.033557046979865771
0.023999999999999999,0.023999999999999999,41.666666666666666668,1.033557046979865771
0.025999999999999999,0.025999999999999999,38.461538461538461539,1.033557046979865771
0.027999999999999999,0.027999999999999999,35.714285714285714286,1.033557046979865771
0.029999999999999999,0.029999999999999999,33.333333333333333334,1.033557046979865771
0.031999999999999999,0.031999999999999999,31.250000000000000000,1.033557046979865771
0.033999999999999999,0.033999999999999999,29.411764705882352941,1.033557046979865771
0.035999999999999999,0.035999999999999999,27.777777777777777778,1.033557046979865771
0.037999999999999999,0.037999999999999999,26.315789473684210526,1.033557046979865771
0.039999999999999999,0.039999999999999999,25.000000000000000000,1.033557046979865771
0.041999999999999999,0.041999999999999999,23.809523809523809524,1.033557046979865771
0.043999999999999999,0.043999999999999999,22.727272727272727272,1.033557046979865771
0.045999999999999999,0.045999999999999999,21.739130434782608695,1.033557046979865771
0.047999999999999999,0.047999999999999999,20.833333333333333333,1.033557046979865771
0.049999999999999999,0.049999999999999999,20.000000000000000000,1.033557046979865771
0.051999999999999999,0.051999999999999999,19.230769230769230769,1.033557046979865771
0.053999999999999999,0.053999999999999999,18.518518518518518518,1.033557046979865771
0.055999999999999999,0.055999999999999999,17.857142857142857143,1.033557046979865771
0.057999999999999999,0.057999999999999999,17.241379310344827586,1.033557046979865771
0.059999999999999999,0.059999999999999999,16.666666666666666666,1.033557046979865771
0.061999999999999999,0.061999999999999999,16.129032258064516129,1.033557046979865771
0.063999999999999999,0.063999999999999999,15.625000000000000000,1.033557046979865771
0.065999999999999999,0.065999999999999999,15.151515151515151515,1.033557046979865771
0.067999999999999999,0.067999999999999999,14.705882352941176470,1.033557046979865771
0.069999999999999999,0.069999999999999999,14.285714285714285714,1.033557046979865771
0.071999999999999999,0.071999999999999999,13.888888888888888888,1.033557046979865771
0.073999999999999999,0.073999999999999999,13.513513513513513513,1.033557046979865771
0.075999999999999999,0.075999999999999999,13.157894736842105263,1.033557046979865771
0.077999999999999999,0.077999999999999999,12.820512820512820512,1.033557046979865771
0.079999999999999999,0.079999999999999999,12.500000000000000000,1.033557046979865771
0.081999999999999999,0.081999999999999999,12.195121951219512195,1.033557046979865771
0.083999999999999999,0.083999999999999999,11.904761904761904761,1.033557046979865771
0.085999999999999999,0.085999999999999999,11.627906976744186046,1.033557046979865771
0.087999999999999999,0.087999999999999999,11.363636363636363636,1.033557046979865771
0.089999999999999999,0.089999999999999999,11.111111111111111111,1.033557046979865771
0.091999999999999999,0.091999999999999999,10.869565217391304347,1.033557046979865771
0.093999999999999999,0.093999999999999999,10.638297872340425532,1.033557046979865771
0.095999999999999999,0.095999999999999999,10.416666666666666666,1.033557046979865771
0.097999999999999999,0.097999999999999999,10.204081632653061224,1.033557046979865771
0.099999999999999999,0.099999999999999999,10.000000000000000000,1.033557046979865771
0.101999999999999999,0.101999999999999999,9.803921568627450980,1.033557046979865771
0.103999999999999999,0.103999999999999999,9.615384615384615384,1.033557046979865771
0.105999999999999999,0.105999999999999999,9.433962264150943396,1.033557046979865771
0.107999999999999999,0.107999999999999999,9.259259259259259259,1.033557046979865771
0.109999999999999999,0.109999999999999999,9.090909090909090909,1.033557046979865771
0.111999999999999999,0.111999999999999999,8.928571428571428571,1.033557046979865771
0.113999999999999999,0.113999999999999999,8.771929824561403508,1.033557046979865771
0.115999999999999999,0.115999999999999999,8.620689655172413793,1.033557046979865771
0.117999999999999999,0.117999999999999999,8.474576271186440678,1.033557046979865771
0.119999999999999999,0.119999999999999999,8.333333333333333333,1.033557046979865771
0.121999999999999999,0.121999999999999999,8.196721311475409836,1.033557046979865771
0.123999999999999999,0.123999999999999999,8.064516129032258064,1.033557046979865771
0.125999999999999999,0.125999999999999999,7.936507936507936508,1.033557046979865771
0.127999999999999999,0.127999999999999999,7.812500000000000000,1.033557046979865771
0.129999999999999999,0.129999999999999999,7.692307692307692307,1.033557046979865771
0.131999999999999999,0.131999999999999999,7.575757575757575757,1.033557046979865771
0.133999999999999999,0.133999999999999999,7.462686567164179104,1.033557046979865771
0.135999999999999999,0.135999999999999999,7.352941176470588235,1.033557046979865771
0.137999999999999999,0.137999999999999999,7.246376811594202898,1.033557046979865771
0.139999999999999999,0.139999999999999999,7.142857142857142857,1.033557046979865771
0.141999999999999999,0.141999999999999999,7.042253521126760563,1.033557046979865771
0.143999999999999999,0.143999999999999999,6.944444444444444444,1.033557046979865771
0.145999999999999999,0.145999999999999999,6.849315068493150684,1.033557046979865771
0.147999999999999999,0.147999999999999999,6.756756756756756756,1.033557046979865771
0.149999999999999999,0.149999999999999999,6.666666666666666666,1.033557046979865771
0.151999999999999999,0.151999999999999999,6.578947368421052631,1.033557046979865771
0.153999999999999999,0.153999999999999999,6.493506493506493506,1.033557046979865771
0.155999999999999999,0.155999999999999999,6.410256410256410256,1.033557046979865771
0.157999999999999999,0.157999999999999999,6.329113924050632911,1.033557046979865771
0.159999999999999999,0.159999999999999999,6.250000000000000000,1.033557046979865771
0.161999999999999999,0.161999999999999999,6.172839506172839506,1.033557046979865771
0.163999999999999999,0.163999999999999999,6.097560975609756097,1.033557046979865771
0.165999999999999999,0.165999999999999999,6.024096385542168674,1.033557046979865771
0.167999999999999999,0.167999999999999999,5.952380952380952380,1.033557046979865771
0.169999999999999999,0.169999999999999999,5.882352941176470588,1.033557046979865771
0.171999999999999999,0.171999999999999999,5.813953488372093023,1.033557046979865771
0.173999999999999999,0.173999999999999999,5.747126436781609195,1.033557046979865771
0.175999999999999999,0.175999999999999999,5.681818181818181818,1.033557046979865771
0.177999999999999999,0.177999999999999999,5.617977528089887640,1.033557046979865771
0.179999999999999999,0.179999999999999999,5.555555555555555555,1.033557046979865771
0.181999999999999999,0.181999999999999999,5.494505494505494505,1.033557046979865771
0.183999999999999999,0.183999999999999999,5.434782608695652173,1.033557046979865771
0.185999999999999999,0.185999999999999999,5.376344086021505376,1.033557046979865771
0.187999999999999999,0.187999999999999999,5.319148936170212765,1.033557046979865771
0.189999999999999999,0.189999999999999999,5.263157894736842105,1.033557046979865771
0.191999999999999999,0.191999999999999999,5.208333333333333333,1.033557046979865771
0.193999999999999999,0.193999999999999999,5.154639175257731958,1.033557046979865771
0.195999999999999999,0.195999999999999999,5.102040816326530612,1.033557046979865771
0.197999999999999999,0.197999999999999999,5.050505050505050505,1.033557046979865771
0.199999999999999999,0.199999999999999999,5.000000000000000000,1.033557046979865771
0.201999999999999999,0.201999999999999999,4.950495049504950495,1.033557046979865771
0.203999999999999999,0.203999999999999999,4.901960784313725490,1.033557046979865771
0.205999999999999999,0.205999999999999999,4.854368932038834951,1.033557046979865771
0.207999999999999999,0.207999999999999999,4.807692307692307692,1.033557046979865771
0.209999999999999999,0.209999999999999999,4.761904761904761904,1.033557046979865771
0.211999999999999999,0.211999999999999999,4.716981132075471698,1.033557046979865771
0.213999999999999999,0.213999999999999999,4.672897196261682243,1.033557046979865771
0.215999999999999999,0.215999999999999999,4.629629629629629629,1.033557046979865771
0.217999999999999999,0.217999999999999999,4.587155963302752293,1.033557046979865771
0.219999999999999999,0.219999999999999999,4.545454545454545454,1.033557046979865771
0.221999999999999999,0.221999999999999999,4.504504504504504504,1.033557046979865771
0.223999999999999999,0.223999999999999999,4.464285714285714285,1.033557046979865771
0.225999999999999999,0.225999999999999999,4.424778761061946902,1.033557046979865771
0.227999999999999999,0.227999999999999999,4.385964912280701754,1.033557046979865771
0.229999999999999999,0.229999999999999999,4.347826086956521739,1.033557046979865771
0.231999999999999999,0.231999999999999999,4.310344827586206896,1.033557046979865771
0.233999999999999999,0.233999999999999999,4.273504273504273504,1.033557046979865771
0.235999999999999999,0.235999999999999999,4.237288135593220339,1.033557046979865771
0.237999999999999999,0.237999999999999999,4.201680672268907563,1.033557046979865771
0.239999999999999999,0.239999999999999999,4.166666666666666666,1.033557046979865771
0.241999999999999999,0.241999999999999999,4.132231404958677685,1.033557046979865771
0.243999999999999999,0.243999999999999999,4.098360655737704918,1.033557046979865771
0.245999999999999999,0.245999999999999999,4.065040650406504065,1.033557046979865771
0.247999999999999999,0.247999999999999999,4.032258064516129032,1.033557046979865771
0.249999999999999999,0.249999999999999999,4.000000000000000000,1.033557046979865771
0.251999999999999999,0.251999999999999999,3.968253968253968253,1.033557046979865771
0.253999999999999999,0.253999999999999999,3.937007874015748031,1.033557046979865771
0.255999999999999999,0.255999999999999999,3.906250000000000000,1.033557046979865771
0.257999999999999999,0.257999999999999999,3.875968992248062015,1.033557046979865771
0.259999999999999999,0.259999999999999999,3.846153846153846153,1.033557046979865771
0.261999999999999999,0.261999999999999999,3.816793893129770992,1.033557046979865771
0.263999999999999999,0.263999999999999999,3.787878787878787878,1.033557046979865771
0.265999999999999999,0.265999999999999999,3.759398496240601503,1.033557046979865771
0.267999999999999999,0.267999999999999999,3.731343283582089552,1.033557046979865771
0.269999999999999999,0.269999999999999999,3.703703703703703703,1.033557046979865771
0.271999999999999999,0.271999999999999999,3.676470588235294117,1.033557046979865771
0.273999999999999999,0.273999999999999999,3.649635036496350364,1.033557046979865771
0.275999999999999999,0.275999999999999999,3.623188405797101449,1.033557046979865771
0.277999999999999999,0.277999999999999999,3.597122302158273381,1.033557046979865771
0.279999999999999999,0.279999999999999999,3.571428571428571428,1.033557046979865771
0.281999999999999999,0.281999999999999999,3.546099290780141843,1.033557046979865771
0.283999999999999999,0.283999999999999999,3.521126760563380281,1.033557046979865771
0.285999999999999999,0.285999999999999999,3.496503496503496503,1.033557046979865771
0.287999999999999999,0.287999999999999999,3.472222222222222222,1.033557046979865771
0.289999999999999999,0.289999999999999999,3.448275862068965517,1.033557046979865771
0.291999999999999999,0.291999999999999999,3.424657534246575342,1.033557046979865771
0.293999999999999999,0.293999999999999999,3.401360544217687074,1.033557046979865771
0.295999999999999999,0.295999999999999999,3.378378378378378378,1.033557046979865771
0.298000000000000000,0.298000000000000000,3.355704697986577181,1.033557046979865771
0.299999999999999999,0.299999999999999999,3.333333333333333333,1.033557046979865771
0.301999999999999999,0.301999999999999999,3.311258278145695364,1.033557046979865771
0.303999999999999999,0.303999999999999999,3.289473684210526315,1.033557046979865771
0.305999999999999999,0.305999999999999999,3.267973856209150326,1.033557046979865771
0.307999999999999999,0.307999999999999999,3.246753246753246753,1.033557046979865771
0.309999999999999999,0.309999999999999999,3.225806451612903225,1.033557046979865771
0.311999999999999999,0.311999999999999999,3.205128205128205128,1.033557046979865771
0.313999999999999999,0.313999999999999999,3.184713375796178343,1.033557046979865771
0.315999999999999999,0.315999999999999999,3.164556962025316455,1.033557046979865771
0.317999999999999999,0.317999999999999999,3.144654088050314465,1.033557046979865771
0.319999999999999999,0.319999999999999999,3.125000000000000000,1.033557046979865771
0.321999999999999999,0.321999999999999999,3.105590062111801242,1.033557046979865771
0.323999999999999999,0.323999999999999999,3.086419753086419753,1.033557046979865771
0.325999999999999999,0.325999999999999999,3.067484662576687116,1.033557046979865771
0.327999999999999999,0.327999999999999999,3.048780487804878048,1.033557046979865771
0.329999999999999999,0.329999999999999999,3.030303030303030303,1.033557046979865771
0.331999999999999999,0.331999999999999999,3.012048192771084337,1.033557046979865771
0.333999999999999999,0.333999999999999999,2.994011976047904191,1.033557046979865771
0.335999999999999999,0.335999999999999999,2.976190476190476190,1.033557046979865771
0.337999999999999999,0.337999999999999999,2.958579881656804733,1.033557046979865771
0.339999999999999999,0.339999999999999999,2.941176470588235294,1.033557046979865771
0.341999999999999999,0.341999999999999999,2.923976608187134502,1.033557046979865771
0.343999999999999999,0.343999999999999999,2.906976744186046511,1.033557046979865771
0.345999999999999999,0.345999999999999999,2.890173410404624277,1.033557046979865771
0.347999999999999999,0.347999999999999999,2.873563218390804597,1.033557046979865771
0.349999999999999999,0.349999999999999999,2.857142857142857142,1.033557046979865771
0.351999999999999999,0.351999999999999999,2.840909090909090909,1.033557046979865771
0.353999999999999999,0.353999999999999999,2.824858757062146892,1.033557046979865771
0.355999999999999999,0.355999999999999999,2.808988764044943820,1.033557046979865771
0.357999999999999999,0.357999999999999999,2.793296089385474860,1.033557046979865771
0.359999999999999999,0.359999999999999999,2.777777777777777777,1.033557046979865771
0.361999999999999999,0.361999999999999999,2.762430939226519337,1.033557046979865771
0.363999999999999999,0.363999999999999999,2.747252747252747252,1.033557046979865771
0.365999999999999999,0.365999999999999999,2.732240437158469945,1.033557046979865771
0.367999999999999999,0.367999999999999999,2.717391304347826086,1.033557046979865771
0.369999999999999999,0.369999999999999999,2.702702702702702702,1.033557046979865771
0.371999999999999999,0.371999999999999999,2.688172043010752688,1.033557046979865771
0.373999999999999999,0.373999999999999999,2.673796791443850267,1.033557046979865771
0.375999999999999999,0.375999999999999999,2.659574468085106382,1.033557046979865771
0.377999999999999999,0.377999999999999999,2.645502645502645502,1.033557046979865771
0.379999999999999999,0.379999999999999999,2.631578947368421052,1.033557046979865771
0.381999999999999999,0.381999999999999999,2.617801047120418848,1.033557046979865771
0.383999999999999999,0.383999999999999999,2.604166666666666666,1.033557046979865771
0.385999999999999999,0.385999999999999999,2.590673575129533678,1.033557046979865771
0.387999999999999999,0.387999999999999999,2.577319587628865979,1.033557046979865771
0.389999999999999999,0.389999999999999999,2.564102564102564102,1.033557046979865771
0.391999999999999999,0.391999999999999999,2.551020408163265306,1.033557046979865771
0.393999999999999999,0.393999999999999999,2.538071065989847715,1.033557046979865771
0.395999999999999999,0.395999999999999999,2.525252525252525252,1.033557046979865771
0.397999999999999999,0.397999999999999999,2.512562814070351758,1.033557046979865771
0.399999999999999999,0.399999999999999999,2.500000000000000000,1.033557046979865771
0.401999999999999999,0.401999999999999999,2.487562189054726368,1.033557046979865771
0.403999999999999999,0.403999999999999999,2.475247524752475247,1.033557046979865771
0.405999999999999999,0.405999999999999999,2.463054187192118226,1.033557046979865771
0.407999999999999999,0.407999999999999999,2.450980392156862745,1.033557046979865771
0.409999999999999999,0.409999999999999999,2.439024390243902439,1.033557046979865771
0.411999999999999999,0.411999999999999999,2.427184466019417475,1.033557046979865771
0.413999999999999999,0.413999999999999999,2.415458937198067632,1.033557046979865771
0.415999999999999999,0.415999999999999999,2.403846153846153846,1.033557046979865771
0.417999999999999999,0.417999999999999999,2.392344497607655502,1.033557046979865771
0.419999999999999999,0.419999999999999999,2.380952380952380952,1.033557046979865771
0.421999999999999999,0.421999999999999999,2.369668246445497630,1.033557046979865771
0.423999999999999999,0.423999999999999999,2.358490566037735849,1.033557046979865771
0.425999999999999999,0.425999999999999999,2.347417840375586854,1.033557046979865771
0.427999999999999999,0.427999999999999999,2.336448598130841121,1.033557046979865771
0.429999999999999999,0.429999999999999999,2.325581395348837209,1.033557046979865771
0.431999999999999999,0.431999999999999999,2.314814814814814814,1.033557046979865771
0.433999999999999999,0.433999999999999999,2.304147465437788018,1.033557046979865771
0.435999999999999999,0.435999999999999999,2.293577981651376146,1.033557046979865771
0.437999999999999999,0.437999999999999999,2.283105022831050228,1.033557046979865771
0.439999999999999999,0.439999999999999999,2.272727272727272727,1.033557046979865771
0.441999999999999999,0.441999999999999999,2.262443438914027149,1.033557046979865771
0.443999999999999999,0.443999999999999999,2.252252252252252252,1.033557046979865771
0.445999999999999999,0.445999999999999999,2.242152466367713004,1.033557046979865771
0.447999999999999999,0.447999999999999999,2.232142857142857142,1.033557046979865771
0.449999999999999999,0.449999999999999999,2.222222222222222222,1.033557046979865771
0.451999999999999999,0.451999999999999999,2.212389380530973451,1.033557046979865771
0.453999999999999999,0.453999999999999999,2.202643171806167400,1.033557046979865771
0.455999999999999999,0.455999999999999999,2.192982456140350877,1.033557046979865771
0.457999999999999999,0.457999999999999999,2.183406113537117903,1.033557046979865771
0.459999999999999999,0.459999999999999999,2.173913043478260869,1.033557046979865771
0.461999999999999999,0.461999999999999999,2.164502164502164502,1.033557046979865771
0.463999999999999999,0.463999999999999999,2.155172413793103448,1.033557046979865771
0.465999999999999999,0.465999999999999999,2.145922746781115879,1.033557046979865771
0.467999999999999999,0.467999999999999999,2.136752136752136752,1.033557046979865771
0.469999999999999999,0.469999999999999999,2.127659574468085106,1.033557046979865771
0.471999999999999999,0.471999999999999999,2.118644067796610169,1.033557046979865771
0.473999999999999999,0.473999999999999999,2.109704641350210970,1.033557046979865771
0.475999999999999999,0.475999999999999999,2.100840336134453781,1.033557046979865771
0.477999999999999999,0.477999999999999999,2.092050209205020920,1.033557046979865771
0.479999999999999999,0.479999999999999999,2.083333333333333333,1.033557046979865771
0.481999999999999999,0.481999999999999999,2.074688796680497925,1.033557046979865771
0.483999999999999999,0.483999999999999999,2.066115702479338842,1.033557046979865771
0.485999999999999999,0.485999999999999999,2.057613168724279835,1.033557046979865771
0.487999999999999999,0.487999999999999999,2.049180327868852459,1.033557046979865771
0.489999999999999999,0.489999999999999999,2.040816326530612244,1.033557046979865771
0.491999999999999999,0.491999999999999999,2.032520325203252032,1.033557046979865771
0.493999999999999999,0.493999999999999999,2.024291497975708502,1.033557046979865771
0.495999999999999999,0.495999999999999999,2.016129032258064516,1.033557046979865771
0.497999999999999999,0.497999999999999999,2.008032128514056224,1.033557046979865771
0.499999999999999999,0.499999999999999999,2.000000000000000000,1.033557046979865771
0.501999999999999999,0.501999999999999999,1.992031872509960159,1.033557046979865771
0.503999999999999999,0.503999999999999999,1.984126984126984126,1.033557046979865771
0.505999999999999999,0.505999999999999999,1.976284584980237154,1.033557046979865771
0.507999999999999999,0.507999999999999999,1.968503937007874015,1.033557046979865771
0.509999999999999999,0.509999999999999999,1.960784313725490196,1.033557046979865771
0.511999999999999999,0.511999999999999999,1.953125000000000000,1.033557046979865771
0.513999999999999999,0.513999999999999999,1.945525291828793774,1.033557046979865771
0.515999999999999999,0.515999999999999999,1.937984496124031007,1.033557046979865771
0.517999999999999999,0.517999999999999999,1.930501930501930501,1.033557046979865771
0.519999999999999999,0.519999999999999999,1.923076923076923076,1.033557046979865771
0.521999999999999999,0.521999999999999999,1.915708812260536398,1.033557046979865771
0.523999999999999999,0.523999999999999999,1.908396946564885496,1.033557046979865771
0.525999999999999999,0.525999999999999999,1.901140684410646387,1.033557046979865771
0.527999999999999999,0.527999999999999999,1.893939393939393939,1.033557046979865771
0.529999999999999999,0.529999999999999999,1.886792452830188679,1.033557046979865771
0.531999999999999999,0.531999999999999999,1.879699248120300751,1.033557046979865771
0.533999999999999999,0.533999999999999999,1.872659176029962546,1.033557046979865771
0.535999999999999999,0.535999999999999999,1.865671641791044776,1.033557046979865771
0.537999999999999999,0.537999999999999999,1.858736059479553903,1.033557046979865771
0.539999999999999999,0.539999999999999999,1.851851851851851851,1.033557046979865771
0.541999999999999999,0.541999999999999999,1.845018450184501845,1.033557046979865771
0.543999999999999999,0.543999999999999999,1.838235294117647058,1.033557046979865771
0.545999999999999999,0.545999999999999999,1.831501831501831501,1.033557046979865771
0.547999999999999999,0.547999999999999999,1.824817518248175182,1.033557046979865771
0.549999999999999999,0.549999999999999999,1.818181818181818181,1.033557046979865771
0.551999999999999999,0.551999999999999999,1.811594202898550724,1.033557046979865771
0.553999999999999999,0.553999999999999999,1.805054151624548736,1.033557046979865771
0.555999999999999999,0.555999999999999999,1.798561151079136690,1.033557046979865771
0.557999999999999999,0.557999999999999999,1.792114695340501792,1.033557046979865771
0.559999999999999999,0.559999999999999999,1.785714285714285714,1.033557046979865771
0.561999999999999999,0.561999999999999999,1.779359430604982206,1.033557046979865771
0.563999999999999999,0.563999999999999999,1.773049645390070921,1.033557046979865771
0.565999999999999999,0.565999999999999999,1.766784452296819787,1.033557046979865771
0.567999999999999999,0.567999999999999999,1.760563380281690140,1.033557046979865771
0.569999999999999999,0.569999999999999999,1.754385964912280701,1.033557046979865771
0.571999999999999999,0.571999999999999999,1.748251748251748251,1.033557046979865771
0.573999999999999999,0.573999999999999999,1.742160278745644599,1.033557046979865771
0.575999999999999999,0.575999999999999999,1.736111111111111111,1.033557046979865771
0.577999999999999999,0.577999999999999999,1.730103806228373702,1.033557046979865771
0.579999999999999999,0.579999999999999999,1.724137931034482758,1.033557046979865771
0.581999999999999999,0.581999999999999999,1.718213058419243986,1.033557046979865771
0.583999999999999999,0.583999999999999999,1.712328767123287671,1.033557046979865771
0.585999999999999999,0.585999999999999999,1.706484641638225255,1.033557046979865771
0.587999999999999999,0.587999999999999999,1.700680272108843537,1.033557046979865771
0.589999999999999999,0.589999999999999999,1.694915254237288135,1.033557046979865771
0.591999999999999999,0.591999999999999999,1.689189189189189189,1.033557046979865771
0.593999999999999999,0.593999999999999999,1.683501683501683501,1.033557046979865771
0.596000000000000000,0.596000000000000000,1.677852348993288590,1.033557046979865771
0.597999999999999999,0.597999999999999999,1.672240802675585284,1.033557046979865771
0.599999999999999999,0.599999999999999999,1.666666666666666666,1.033557046979865771
0.601999999999999999,0.601999999999999999,1.661129568106312292,1.033557046979865771
0.603999999999999999,0.603999999999999999,1.655629139072847682,1.033557046979865771
0.605999999999999999,0.605999999999999999,1.650165016501650165,1.033557046979865771
0.607999999999999999,0.607999999999999999,1.644736842105263157,1.033557046979865771
0.609999999999999999,0.609999999999999999,1.639344262295081967,1.033557046979865771
0.611999999999999999,0.611999999999999999,1.633986928104575163,1.033557046979865771
0.613999999999999999,0.613999999999999999,1.628664495114006514,1.033557046979865771
0.615999999999999999,0.615999999999999999,1.623376623376623376,1.033557046979865771
0.617999999999999999,0.617999999999999999,1.618122977346278317,1.033557046979865771
0.619999999999999999,0.619999999999999999,1.612903225806451612,1.033557046979865771
0.621999999999999999,0.621999999999999999,1.607717041800643086,1.033557046979865771
0.623999999999999999,0.623999999999999999,1.602564102564102564,1.033557046979865771
0.625999999999999999,0.625999999999999999,1.597444089456869009,1.033557046979865771
0.627999999999999999,0.627999999999999999,1.592356687898089171,1.033557046979865771
0.629999999999999999,0.629999999999999999,1.587301587301587301,1.033557046979865771
0.631999999999999999,0.631999999999999999,1.582278481012658227,1.033557046979865771
0.633999999999999999,0.633999999999999999,1.577287066246056782,1.033557046979865771
0.635999999999999999,0.635999999999999999,1.572327044025157232,1.033557046979865771
0.637999999999999999,0.637999999999999999,1.567398119122257053,1.033557046979865771
0.639999999999999999,0.639999999999999999,1.562499999999999999,1.033557046979865771
0.641999999999999999,0.641999999999999999,1.557632398753894080,1.033557046979865771
0.643999999999999999,0.643999999999999999,1.552795031055900621,1.033557046979865771
0.645999999999999999,0.645999999999999999,1.547987616099071207,1.033557046979865771
0.647999999999999999,0.647999999999999999,1.543209876543209876,1.033557046979865771
0.649999999999999999,0.649999999999999999,1.538461538461538461,1.033557046979865771
0.651999999999999999,0.651999999999999999,1.533742331288343558,1.033557046979865771
0.653999999999999999,0.653999999999999999,1.529051987767584097,1.033557046979865771
0.655999999999999999,0.655999999999999999,1.524390243902439024,1.033557046979865771
0.657999999999999999,0.657999999999999999,1.519756838905775075,1.033557046979865771
0.659999999999999999,0.659999999999999999,1.515151515151515151,1.033557046979865771
0.661999999999999999,0.661999999999999999,1.510574018126888217,1.033557046979865771
0.663999999999999999,0.663999999999999999,1.506024096385542168,1.033557046979865771
0.665999999999999999,0.665999999999999999,1.501501501501501501,1.033557046979865771
0.667999999999999999,0.667999999999999999,1.497005988023952095,1.033557046979865771
0.669999999999999999,0.669999999999999999,1.492537313432835820,1.033557046979865771
0.671999999999999999,0.671999999999999999,1.488095238095238095,1.033557046979865771
0.673999999999999999,0.673999999999999999,1.483679525222551928,1.033557046979865771
0.675999999999999999,0.675999999999999999,1.479289940828402366,1.033557046979865771
0.677999999999999999,0.677999999999999999,1.474926253687315634,1.033557046979865771
0.679999999999999999,0.679999999999999999,1.470588235294117647,1.033557046979865771
0.681999999999999999,0.681999999999999999,1.466275659824046920,1.033557046979865771
0.683999999999999999,0.683999999999999999,1.461988304093567251,1.033557046979865771
0.685999999999999999,0.685999999999999999,1.457725947521865889,1.033557046979865771
0.687999999999999999,0.687999999999999999,1.453488372093023255,1.033557046979865771
0.689999999999999999,0.689999999999999999,1.449275362318840579,1.033557046979865771
0.691999999999999999,0.691999999999999999,1.445086705202312138,1.033557046979865771
0.693999999999999999,0.693999999999999999,1.440922190201729106,1.033557046979865771
0.695999999999999999,0.695999999999999999,1.436781609195402298,1.033557046979865771
0.697999999999999999,0.697999999999999999,1.432664756446991404,1.033557046979865771
0.699999999999999999,0.699999999999999999,1.428571428571428571,1.033557046979865771
0.701999999999999999,0.701999999999999999,1.424501424501424501,1.033557046979865771
0.703999999999999999,0.703999999999999999,1.420454545454545454,1.033557046979865771
0.705999999999999999,0.705999999999999999,1.416430594900849858,1.033557046979865771
0.707999999999999999,0.707999999999999999,1.412429378531073446,1.033557046979865771
0.709999999999999999,0.709999999999999999,1.408450704225352112,1.033557046979865771
0.711999999999999999,0.711999999999999999,1.404494382022471910,1.033557046979865771
0.713999999999999999,0.713999999999999999,1.400560224089635854,1.033557046979865771
0.715999999999999999,0.715999999999999999,1.396648044692737430,1.033557046979865771
0.717999999999999999,0.717999999999999999,1.392757660167130919,1.033557046979865771
0.719999999999999999,0.719999999999999999,1.388888888888888888,1.033557046979865771
0.721999999999999999,0.721999999999999999,1.385041551246537396,1.033557046979865771
0.723999999999999999,0.723999999999999999,1.381215469613259668,1.033557046979865771
0.725999999999999999,0.725999999999999999,1.377410468319559228,1.033557046979865771
0.727999999999999999,0.727999999999999999,1.373626373626373626,1.033557046979865771
0.729999999999999999,0.729999999999999999,1.369863013698630136,1.033557046979865771
0.731999999999999999,0.731999999999999999,1.366120218579234972,1.033557046979865771
0.733999999999999999,0.733999999999999999,1.362397820163487738,1.033557046979865771
0.735999999999999999,0.735999999999999999,1.358695652173913043,1.033557046979865771
0.737999999999999999,0.737999999999999999,1.355013550135501355,1.033557046979865771
0.739999999999999999,0.739999999999999999,1.351351351351351351,1.033557046979865771
0.741999999999999999,0.741999999999999999,1.347708894878706199,1.033557046979865771
0.743999999999999999,0.743999999999999999,1.344086021505376344,1.033557046979865771
0.745999999999999999,0.745999999999999999,1.340482573726541554,1.033557046979865771
0.747999999999999999,0.747999999999999999,1.336898395721925133,1.033557046979865771
0.749999999999999999,0.749999999999999999,1.333333333333333333,1.033557046979865771
0.751999999999999999,0.751999999999999999,1.329787234042553191,1.033557046979865771
0.753999999999999999,0.753999999999999999,1.326259946949602122,1.033557046979865771
0.755999999999999999,0.755999999999999999,1.322751322751322751,1.033557046979865771
0.757999999999999999,0.757999999999999999,1.319261213720316622,1.033557046979865771
0.759999999999999999,0.759999999999999999,1.315789473684210526,1.033557046979865771
0.761999999999999999,0.761999999999999999,1.312335958005249343,1.033557046979865771
0.763999999999999999,0.763999999999999999,1.308900523560209424,1.033557046979865771
0.765999999999999999,0.765999999999999999,1.305483028720626631,1.033557046979865771
0.767999999999999999,0.767999999999999999,1.302083333333333333,1.033557046979865771
0.769999999999999999,0.769999999999999999,1.298701298701298701,1.033557046979865771
0.771999999999999999,0.771999999999999999,1.295336787564766839,1.033557046979865771
0.773999999999999999,0.773999999999999999,1.291989664082687338,1.033557046979865771
0.775999999999999999,0.775999999999999999,1.288659793814432989,1.033557046979865771
0.777999999999999999,0.777999999999999999,1.285347043701799485,1.033557046979865771
0.779999999999999999,0.779999999999999999,1.282051282051282051,1.033557046979865771
0.781999999999999999,0.781999999999999999,1.278772378516624040,1.033557046979865771
0.783999999999999999,0.783999999999999999,1.275510204081632653,1.033557046979865771
0.785999999999999999,0.785999999999999999,1.272264631043256997,1.033557046979865771
0.787999999999999999,0.787999999999999999,1.269035532994923857,1.033557046979865771
0.789999999999999999,0.789999999999999999,1.265822784810126582,1.033557046979865771
0.791999999999999999,0.791999999999999999,1.262626262626262626,1.033557046979865771
0.793999999999999999,0.793999999999999999,1.259445843828715365,1.033557046979865771
0.795999999999999999,0.795999999999999999,1.256281407035175879,1.033557046979865771
0.797999999999999999,0.797999999999999999,1.253132832080200501,1.033557046979865771
0.799999999999999999,0.799999999999999999,1.250000000000000000,1.033557046979865771
0.801999999999999999,0.801999999999999999,1.246882793017456359,1.033557046979865771
0.803999999999999999,0.803999999999999999,1.243781094527363184,1.033557046979865771
0.805999999999999999,0.805999999999999999,1.240694789081885856,1.033557046979865771
0.807999999999999999,0.807999999999999999,1.237623762376237623,1.033557046979865771
0.809999999999999999,0.809999999999999999,1.234567901234567901,1.033557046979865771
0.811999999999999999,0.811999999999999999,1.231527093596059113,1.033557046979865771
0.813999999999999999,0.813999999999999999,1.228501228501228501,1.033557046979865771
0.815999999999999999,0.815999999999999999,1.225490196078431372,1.033557046979865771
0.817999999999999999,0.817999999999999999,1.222493887530562347,1.033557046979865771
0.819999999999999999,0.819999999999999999,1.219512195121951219,1.033557046979865771
0.821999999999999999,0.821999999999999999,1.216545012165450121,1.033557046979865771
0.823999999999999999,0.823999999999999999,1.213592233009708737,1.033557046979865771
0.825999999999999999,0.825999999999999999,1.210653753026634382,1.033557046979865771
0.827999999999999999,0.827999999999999999,1.207729468599033816,1.033557046979865771
0.829999999999999999,0.829999999999999999,1.204819277108433734,1.033557046979865771
0.831999999999999999,0.831999999999999999,1.201923076923076923,1.033557046979865771
0.833999999999999999,0.833999999999999999,1.199040767386091127,1.033557046979865771
0.835999999999999999,0.835999999999999999,1.196172248803827751,1.033557046979865771
0.837999999999999999,0.837999999999999999,1.193317422434367541,1.033557046979865771
0.839999999999999999,0.839999999999999999,1.190476190476190476,1.033557046979865771
0.841999999999999999,0.841999999999999999,1.187648456057007125,1.033557046979865771
0.843999999999999999,0.843999999999999999,1.184834123222748815,1.033557046979865771
0.845999999999999999,0.845999999999999999,1.182033096926713947,1.033557046979865771
0.847999999999999999,0.847999999999999999,1.179245283018867924,1.033557046979865771
0.849999999999999999,0.849999999999999999,1.176470588235294117,1.033557046979865771
0.851999999999999999,0.851999999999999999,1.173708920187793427,1.033557046979865771
0.853999999999999999,0.853999999999999999,1.170960187353629976,1.033557046979865771
0.855999999999999999,0.855999999999999999,1.168224299065420560,1.033557046979865771
0.857999999999999999,0.857999999999999999,1.165501165501165501,1.033557046979865771
0.859999999999999999,0.859999999999999999,1.162790697674418604,1.033557046979865771
0.861999999999999999,0.861999999999999999,1.160092807424593967,1.033557046979865771
0.863999999999999999,0.863999999999999999,1.157407407407407407,1.033557046979865771
0.865999999999999999,0.865999999999999999,1.154734411085450346,1.033557046979865771
0.867999999999999999,0.867999999999999999,1.152073732718894009,1.033557046979865771
0.869999999999999999,0.869999999999999999,1.149425287356321839,1.033557046979865771
0.871999999999999999,0.871999999999999999,1.146788990825688073,1.033557046979865771
0.873999999999999999,0.873999999999999999,1.144164759725400457,1.033557046979865771
0.875999999999999999,0.875999999999999999,1.141552511415525114,1.033557046979865771
0.877999999999999999,0.877999999999999999,1.138952164009111617,1.033557046979865771
0.879999999999999999,0.879999999999999999,1.136363636363636363,1.033557046979865771
0.881999999999999999,0.881999999999999999,1.133786848072562358,1.033557046979865771
0.883999999999999999,0.883999999999999999,1.131221719457013574,1.033557046979865771
0.885999999999999999,0.885999999999999999,1.128668171557562076,1.033557046979865771
0.887999999999999999,0.887999999999999999,1.126126126126126126,1.033557046979865771
0.889999999999999999,0.889999999999999999,1.123595505617977528,1.033557046979865771
0.891999999999999999,0.891999999999999999,1.121076233183856502,1.033557046979865771
0.894000000000000000,0.894000000000000000,1.118568232662192393,1.033557046979865771
0.895999999999999999,0.895999999999999999,1.116071428571428571,1.033557046979865771
0.897999999999999999,0.897999999999999999,1.113585746102449888,1.033557046979865771
0.899999999999999999,0.899999999999999999,1.111111111111111111,1.033557046979865771
0.901999999999999999,0.901999999999999999,1.108647450110864745,1.033557046979865771
0.903999999999999999,0.903999999999999999,1.106194690265486725,1.033557046979865771
0.905999999999999999,0.905999999999999999,1.103752759381898454,1.033557046979865771
0.907999999999999999,0.907999999999999999,1.101321585903083700,1.033557046979865771
0.909999999999999999,0.909999999999999999,1.098901098901098901,1.033557046979865771
0.911999999999999999,0.911999999999999999,1.096491228070175438,1.033557046979865771
0.913999999999999999,0.913999999999999999,1.094091903719912472,1.033557046979865771
0.915999999999999999,0.915999999999999999,1.091703056768558951,1.033557046979865771
0.917999999999999999,0.917999999999999999,1.089324618736383442,1.033557046979865771
0.919999999999999999,0.919999999999999999,1.086956521739130434,1.033557046979865771
0.921999999999999999,0.921999999999999999,1.084598698481561822,1.033557046979865771
0.923999999999999999,0.923999999999999999,1.082251082251082251,1.033557046979865771
0.925999999999999999,0.925999999999999999,1.079913606911447084,1.033557046979865771
0.927999999999999999,0.927999999999999999,1.077586206896551724,1.033557046979865771
0.929999999999999999,0.929999999999999999,1.075268817204301075,1.033557046979865771
0.931999999999999999,0.931999999999999999,1.072961373390557939,1.033557046979865771
0.933999999999999999,0.933999999999999999,1.070663811563169164,1.033557046979865771
0.935999999999999999,0.935999999999999999,1.068376068376068376,1.033557046979865771
0.937999999999999999,0.937999999999999999,1.066098081023454157,1.033557046979865771
0.939999999999999999,0.939999999999999999,1.063829787234042553,1.033557046979865771
0.941999999999999999,0.941999999999999999,1.061571125265392781,1.033557046979865771
0.943999999999999999,0.943999999999999999,1.059322033898305084,1.033557046979865771
0.945999999999999999,0.945999999999999999,1.057082452431289640,1.033557046979865771
0.947999999999999999,0.947999999999999999,1.054852320675105485,1.033557046979865771
0.949999999999999999,0.949999999999999999,1.052631578947368421,1.033557046979865771
0.951999999999999999,0.951999999999999999,1.050420168067226890,1.033557046979865771
0.953999999999999999,0.953999999999999999,1.048218029350104821,1.033557046979865771
0.955999999999999999,0.955999999999999999,1.046025104602510460,1.033557046979865771
0.957999999999999999,0.957999999999999999,1.043841336116910229,1.033557046979865771
0.959999999999999999,0.959999999999999999,1.041666666666666666,1.033557046979865771
0.961999999999999999,0.961999999999999999,1.039501039501039501,1.033557046979865771
0.963999999999999999,0.963999999999999999,1.037344398340248962,1.033557046979865771
0.965999999999999999,0.965999999999999999,1.035196687370600414,1.033557046979865771
0.967999999999999999,0.967999999999999999,1.033057851239669421,1.033557046979865771
0.969999999999999999,0.969999999999999999,1.030927835051546391,1.033557046979865771
0.971999999999999999,0.971999999999999999,1.028806584362139917,1.033557046979865771
0.973999999999999999,0.973999999999999999,1.026694045174537987,1.033557046979865771
0.975999999999999999,0.975999999999999999,1.024590163934426229,1.033557046979865771
0.977999999999999999,0.977999999999999999,1.022494887525562372,1.033557046979865771
0.979999999999999999,0.979999999999999999,1.020408163265306122,1.033557046979865771
0.981999999999999999,0.981999999999999999,1.018329938900203665,1.033557046979865771
0.983999999999999999,0.983999999999999999,1.016260162601626016,1.033557046979865771
0.985999999999999999,0.985999999999999999,1.014198782961460446,1.033557046979865771
0.987999999999999999,0.987999999999999999,1.012145748987854251,1.033557046979865771
0.989999999999999999,0.989999999999999999,1.010101010101010101,1.033557046979865771
0.991999999999999999,0.991999999999999999,1.008064516129032258,1.033557046979865771
0.993999999999999999,0.993999999999999999,1.006036217303822937,1.033557046979865771
0.995999999999999999,0.995999999999999999,1.004016064257028112,1.033557046979865771
0.997999999999999999,0.997999999999999999,1.002004008016032064,1.033557046979865771
0.999999999999999999,0.999999999999999999,1.000000000000000000,1.033557046979865771
1.001999999999999999,1.000000000000000000,1.000000000000000000,1.033624161073825503
1.003999999999999999,1.000000000000000000,1.000000000000000000,1.033691275167785234
1.005999999999999999,1.000000000000000000,1.000000000000000000,1.033758389261744966
1.007999999999999999,1.000000000000000000,1.000000000000000000,1.033825503355704697
1.009999999999999999,1.000000000000000000,1.000000000000000000,1.033892617449664429
1.011999999999999999,1.000000000000000000,1.000000000000000000,1.033959731543624161
1.013999999999999999,1.000000000000000000,1.000000000000000000,1.034026845637583892
1.015999999999999999,1.000000000000000000,1.000000000000000000,1.034093959731543624
1.017999999999999999,1.000000000000000000,1.000000000000000000,1.034161073825503355
1.019999999999999999,1.000000000000000000,1.000000000000000000,1.034228187919463087
1.021999999999999999,1.000000000000000000,1.000000000000000000,1.034295302013422818
1.023999999999999999,1.000000000000000000,1.000000000000000000,1.034362416107382550
1.025999999999999999,1.000000000000000000,1.000000000000000000,1.034429530201342281
1.027999999999999999,1.000000000000000000,1.000000000000000000,1.034496644295302013
1.029999999999999999,1.000000000000000000,1.000000000000000000,1.034563758389261744
1.031999999999999999,1.000000000000000000,1.000000000000000000,1.034630872483221476
1.033999999999999999,1.000000000000000000,1.000000000000000000,1.034697986577181208
1.035999999999999999,1.000000000000000000,1.000000000000000000,1.034765100671140939
1.037999999999999999,1.000000000000000000,1.000000000000000000,1.034832214765100671
1.039999999999999999,1.000000000000000000,1.000000000000000000,1.034899328859060402
1.041999999999999999,1.000000000000000000,1.000000000000000000,1.034966442953020134
1.043999999999999999,1.000000000000000000,1.000000000000000000,1.035033557046979865
1.045999999999999999,1.000000000000000000,1.000000000000000000,1.035100671140939597
1.047999999999999999,1.000000000000000000,1.000000000000000000,1.035167785234899328
1.049999999999999999,1.000000000000000000,1.000000000000000000,1.035234899328859060
1.051999999999999999,1.000000000000000000,1.000000000000000000,1.035302013422818791
1.053999999999999999,1.000000000000000000,1.000000000000000000,1.035369127516778523
1.055999999999999999,1.000000000000000000,1.000000000000000000,1.035436241610738255
1.057999999999999999,1.000000000000000000,1.000000000000000000,1.035503355704697986
1.059999999999999999,1.000000000000000000,1.000000000000000000,1.035570469798657718
1.061999999999999999,1.000000000000000000,1.000000000000000000,1.035637583892617449
1.063999999999999999,1.000000000000000000,1.000000000000000000,1.035704697986577181
1.065999999999999999,1.000000000000000000,1.000000000000000000,1.035771812080536912
1.067999999999999999,1.000000000000000000,1.000000000000000000,1.035838926174496644
1.069999999999999999,1.000000000000000000,1.000000000000000000,1.035906040268456375
1.071999999999999999,1.000000000000000000,1.000000000000000000,1.035973154362416107
1.073999999999999999,1.000000000000000000,1.000000000000000000,1.036040268456375838
1.075999999999999999,1.000000000000000000,1.000000000000000000,1.036107382550335570
1.077999999999999999,1.000000000000000000,1.000000000000000000,1.036174496644295302
1.079999999999999999,1.000000000000000000,1.000000000000000000,1.036241610738255033
1.081999999999999999,1.000000000000000000,1.000000000000000000,1.036308724832214765
1.083999999999999999,1.000000000000000000,1.000000000000000000,1.036375838926174496
1.085999999999999999,1.000000000000000000,1.000000000000000000,1.036442953020134228
1.087999999999999999,1.000000000000000000,1.000000000000000000,1.036510067114093959
1.089999999999999999,1.000000000000000000,1.000000000000000000,1.036577181208053691
1.091999999999999999,1.000000000000000000,1.000000000000000000,1.036644295302013422
1.093999999999999999,1.000000000000000000,1.000000000000000000,1.036711409395973154
1.095999999999999999,1.000000000000000000,1.000000000000000000,1.036778523489932885
1.097999999999999999,1.000000000000000000,1.000000000000000000,1.036845637583892617
1.099999999999999999,1.000000000000000000,1.000000000000000000,1.036912751677852348
1.101999999999999999,1.000000000000000000,1.000000000000000000,1.036979865771812080
1.103999999999999999,1.000000000000000000,1.000000000000000000,1.037046979865771812
1.105999999999999999,1.000000000000000000,1.000000000000000000,1.037114093959731543
1.107999999999999999,1.000000000000000000,1.000000000000000000,1.037181208053691275
1.109999999999999999,1.000000000000000000,1.000000000000000000,1.037248322147651006
1.111999999999999999,1.000000000000000000,1.000000000000000000,1.037315436241610738
1.113999999999999999,1.000000000000000000,1.000000000000000000,1.037382550335570469
1.115999999999999999,1.000000000000000000,1.000000000000000000,1.037449664429530201
1.117999999999999999,1.000000000000000000,1.000000000000000000,1.037516778523489932
1.119999999999999999,1.000000000000000000,1.000000000000000000,1.037583892617449664
1.121999999999999999,1.000000000000000000,1.000000000000000000,1.037651006711409395
1.123999999999999999,1.000000000000000000,1.000000000000000000,1.037718120805369127
1.125999999999999999,1.000000000000000000,1.000000000000000000,1.037785234899328859
1.127999999999999999,1.000000000000000000,1.000000000000000000,1.037852348993288590
1.129999999999999999,1.000000000000000000,1.000000000000000000,1.037919463087248322
1.131999999999999999,1.000000000000000000,1.000000000000000000,1.037986577181208053
1.133999999999999999,1.000000000000000000,1.000000000000000000,1.038053691275167785
1.135999999999999999,1.000000000000000000,1.000000000000000000,1.038120805369127516
1.137999999999999999,1.000000000000000000,1.000000000000000000,1.038187919463087248
1.139999999999999999,1.000000000000000000,1.000000000000000000,1.038255033557046979
1.141999999999999999,1.000000000000000000,1.000000000000000000,1.038322147651006711
1.143999999999999999,1.000000000000000000,1.000000000000000000,1.038389261744966442
1.145999999999999999,1.000000000000000000,1.000000000000000000,1.038456375838926174
1.147999999999999999,1.000000000000000000,1.000000000000000000,1.038523489932885906
1.149999999999999999,1.000000000000000000,1.000000000000000000,1.038590604026845637
1.151999999999999999,1.000000000000000000,1.000000000000000000,1.038657718120805369
1.153999999999999999,1.000000000000000000,1.000000000000000000,1.038724832214765100
1.155999999999999999,1.000000000000000000,1.000000000000000000,1.038791946308724832
1.157999999999999999,1.000000000000000000,1.000000000000000000,1.038859060402684563
1.159999999999999999,1.000000000000000000,1.000000000000000000,1.038926174496644295
1.161999999999999999,1.000000000000000000,1.000000000000000000,1.038993288590604026
1.163999999999999999,1.000000000000000000,1.000000000000000000,1.039060402684563758
1.165999999999999999,1.000000000000000000,1.000000000000000000,1.039127516778523489
1.167999999999999999,1.000000000000000000,1.000000000000000000,1.039194630872483221
1.169999999999999999,1.000000000000000000,1.000000000000000000,1.039261744966442953
1.171999999999999999,1.000000000000000000,1.000000000000000000,1.039328859060402684
1.173999999999999999,1.000000000000000000,1.000000000000000000,1.039395973154362416
1.175999999999999999,1.000000000000000000,1.000000000000000000,1.039463087248322147
1.177999999999999999,1.000000000000000000,1.000000000000000000,1.039530201342281879
1.179999999999999999,1.000000000000000000,1.000000000000000000,1.039597315436241610
1.181999999999999999,1.000000000000000000,1.000000000000000000,1.039664429530201342
1.183999999999999999,1.000000000000000000,1.000000000000000000,1.039731543624161073
1.185999999999999999,1.000000000000000000,1.000000000000000000,1.039798657718120805
1.187999999999999999,1.000000000000000000,1.000000000000000000,1.039865771812080536
1.189999999999999999,1.000000000000000000,1.000000000000000000,1.039932885906040268
1.192000000000000000,1.000000000000000000,1.000000000000000000,1.040000000000000000
1.193999999999999999,1.000000000000000000,1.000000000000000000,1.040067114093959731
1.195999999999999999,1.000000000000000000,1.000000000000000000,1.040134228187919463
1.197999999999999999,1.000000000000000000,1.000000000000000000,1.040201342281879194
1.199999999999999999,1.000000000000000000,1.000000000000000000,1.040268456375838926
1.201999999999999999,1.000000000000000000,1.000000000000000000,1.040335570469798657
1.203999999999999999,1.000000000000000000,1.000000000000000000,1.040402684563758389
1.205999999999999999,1.000000000000000000,1.000000000000000000,1.040469798657718120
1.207999999999999999,1.000000000000000000,1.000000000000000000,1.040536912751677852
1.209999999999999999,1.000000000000000000,1.000000000000000000,1.040604026845637583
1.211999999999999999,1.000000000000000000,1.000000000000000000,1.040671140939597315
1.213999999999999999,1.000000000000000000,1.000000000000000000,1.040738255033557046
1.215999999999999999,1.000000000000000000,1.000000000000000000,1.040805369127516778
1.217999999999999999,1.000000000000000000,1.000000000000000000,1.040872483221476510
1.219999999999999999,1.000000000000000000,1.000000000000000000,1.040939597315436241
1.221999999999999999,1.000000000000000000,1.000000000000000000,1.041006711409395973
1.223999999999999999,1.000000000000000000,1.000000000000000000,1.041073825503355704
1.225999999999999999,1.000000000000000000,1.000000000000000000,1.041140939597315436
1.227999999999999999,1.000000000000000000,1.000000000000000000,1.041208053691275167
1.229999999999999999,1.000000000000000000,1.000000000000000000,1.041275167785234899
1.231999999999999999,1.000000000000000000,1.000000000000000000,1.041342281879194630
1.233999999999999999,1.000000000000000000,1.000000000000000000,1.041409395973154362
1.235999999999999999,1.000000000000000000,1.000000000000000000,1.041476510067114093
1.237999999999999999,1.000000000000000000,1.000000000000000000,1.041543624161073825
1.239999999999999999,1.000000000000000000,1.000000000000000000,1.041610738255033557
1.241999999999999999,1.000000000000000000,1.000000000000000000,1.041677852348993288
1.243999999999999999,1.000000000000000000,1.000000000000000000,1.041744966442953020
1.245999999999999999,1.000000000000000000,1.000000000000000000,1.041812080536912751
1.247999999999999999,1.000000000000000000,1.000000000000000000,1.041879194630872483
1.249999999999999999,1.000000000000000000,1.000000000000000000,1.041946308724832214
1.251999999999999999,1.000000000000000000,1.000000000000000000,1.042013422818791946
1.253999999999999999,1.000000000000000000,1.000000000000000000,1.042080536912751677
1.255999999999999999,1.000000000000000000,1.000000000000000000,1.042147651006711409
1.257999999999999999,1.000000000000000000,1.000000000000000000,1.042214765100671140
1.259999999999999999,1.000000000000000000,1.000000000000000000,1.042281879194630872
1.261999999999999999,1.000000000000000000,1.000000000000000000,1.042348993288590604
1.263999999999999999,1.000000000000000000,1.000000000000000000,1.042416107382550335
1.265999999999999999,1.000000000000000000,1.000000000000000000,1.042483221476510067
1.267999999999999999,1.000000000000000000,1.000000000000000000,1.042550335570469798
1.269999999999999999,1.000000000000000000,1.000000000000000000,1.042617449664429530
1.271999999999999999,1.000000000000000000,1.000000000000000000,1.042684563758389261
1.273999999999999999,1.000000000000000000,1.000000000000000000,1.042751677852348993
1.275999999999999999,1.000000000000000000,1.000000000000000000,1.042818791946308724
1.277999999999999999,1.000000000000000000,1.000000000000000000,1.042885906040268456
1.279999999999999999,1.000000000000000000,1.000000000000000000,1.042953020134228187
1.281999999999999999,1.000000000000000000,1.000000000000000000,1.043020134228187919
1.283999999999999999,1.000000000000000000,1.000000000000000000,1.043087248322147651
1.285999999999999999,1.000000000000000000,1.000000000000000000,1.043154362416107382
1.287999999999999999,1.000000000000000000,1.000000000000000000,1.043221476510067114
1.289999999999999999,1.000000000000000000,1.000000000000000000,1.043288590604026845
1.291999999999999999,1.000000000000000000,1.000000000000000000,1.043355704697986577
1.293999999999999999,1.000000000000000000,1.000000000000000000,1.043422818791946308
1.295999999999999999,1.000000000000000000,1.000000000000000000,1.043489932885906040
1.297999999999999999,1.000000000000000000,1.000000000000000000,1.043557046979865771
1.299999999999999999,1.000000000000000000,1.000000000000000000,1.043624161073825503
1.301999999999999999,1.000000000000000000,1.000000000000000000,1.043691275167785234
1.303999999999999999,1.000000000000000000,1.000000000000000000,1.043758389261744966
1.305999999999999999,1.000000000000000000,1.000000000000000000,1.043825503355704697
1.307999999999999999,1.000000000000000000,1.000000000000000000,1.043892617449664429
1.309999999999999999,1.000000000000000000,1.000000000000000000,1.043959731543624161
1.311999999999999999,1.000000000000000000,1.000000000000000000,1.044026845637583892
1.313999999999999999,1.000000000000000000,1.000000000000000000,1.044093959731543624
1.315999999999999999,1.000000000000000000,1.000000000000000000,1.044161073825503355
1.317999999999999999,1.000000000000000000,1.000000000000000000,1.044228187919463087
1.319999999999999999,1.000000000000000000,1.000000000000000000,1.044295302013422818
1.321999999999999999,1.000000000000000000,1.000000000000000000,1.044362416107382550
1.323999999999999999,1.000000000000000000,1.000000000000000000,1.044429530201342281
1.325999999999999999,1.000000000000000000,1.000000000000000000,1.044496644295302013
1.327999999999999999,1.000000000000000000,1.000000000000000000,1.044563758389261744
1.329999999999999999,1.000000000000000000,1.000000000000000000,1.044630872483221476
1.331999999999999999,1.000000000000000000,1.000000000000000000,1.044697986577181208
1.333999999999999999,1.000000000000000000,1.000000000000000000,1.044765100671140939
1.335999999999999999,1.000000000000000000,1.000000000000000000,1.044832214765100671
1.337999999999999999,1.000000000000000000,1.000000000000000000,1.044899328859060402
1.339999999999999999,1.000000000000000000,1.000000000000000000,1.044966442953020134
1.341999999999999999,1.000000000000000000,1.000000000000000000,1.045033557046979865
1.343999999999999999,1.000000000000000000,1.000000000000000000,1.045100671140939597
1.345999999999999999,1.000000000000000000,1.000000000000000000,1.045167785234899328
1.347999999999999999,1.000000000000000000,1.000000000000000000,1.045234899328859060
1.349999999999999999,1.000000000000000000,1.000000000000000000,1.045302013422818791
1.351999999999999999,1.000000000000000000,1.000000000000000000,1.045369127516778523
1.353999999999999999,1.000000000000000000,1.000000000000000000,1.045436241610738255
1.355999999999999999,1.000000000000000000,1.000000000000000000,1.045503355704697986
1.357999999999999999,1.000000000000000000,1.000000000000000000,1.045570469798657718
1.359999999999999999,1.000000000000000000,1.000000000000000000,1.045637583892617449
1.361999999999999999,1.000000000000000000,1.000000000000000000,1.045704697986577181
1.363999999999999999,1.000000000000000000,1.000000000000000000,1.045771812080536912
1.365999999999999999,1.000000000000000000,1.000000000000000000,1.045838926174496644
1.367999999999999999,1.000000000000000000,1.000000000000000000,1.045906040268456375
1.369999999999999999,1.000000000000000000,1.000000000000000000,1.045973154362416107
1.371999999999999999,1.000000000000000000,1.000000000000000000,1.046040268456375838
1.373999999999999999,1.000000000000000000,1.000000000000000000,1.046107382550335570
1.375999999999999999,1.000000000000000000,1.000000000000000000,1.046174496644295302
1.377999999999999999,1.000000000000000000,1.000000000000000000,1.046241610738255033
1.379999999999999999,1.000000000000000000,1.000000000000000000,1.046308724832214765
1.381999999999999999,1.000000000000000000,1.000000000000000000,1.046375838926174496
1.383999999999999999,1.000000000000000000,1.000000000000000000,1.046442953020134228
1.385999999999999999,1.000000000000000000,1.000000000000000000,1.046510067114093959
1.387999999999999999,1.000000000000000000,1.000000000000000000,1.046577181208053691
1.389999999999999999,1.000000000000000000,1.000000000000000000,1.046644295302013422
1.391999999999999999,1.000000000000000000,1.000000000000000000,1.046711409395973154
1.393999999999999999,1.000000000000000000,1.000000000000000000,1.046778523489932885
1.395999999999999999,1.000000000000000000,1.000000000000000000,1.046845637583892617
1.397999999999999999,1.000000000000000000,1.000000000000000000,1.046912751677852348
1.399999999999999999,1.000000000000000000,1.000000000000000000,1.046979865771812080
1.401999999999999999,1.000000000000000000,1.000000000000000000,1.047046979865771812
1.403999999999999999,1.000000000000000000,1.000000000000000000,1.047114093959731543
1.405999999999999999,1.000000000000000000,1.000000000000000000,1.047181208053691275
1.407999999999999999,1.000000000000000000,1.000000000000000000,1.047248322147651006
1.409999999999999999,1.000000000000000000,1.000000000000000000,1.047315436241610738
1.411999999999999999,1.000000000000000000,1.000000000000000000,1.047382550335570469
1.413999999999999999,1.000000000000000000,1.000000000000000000,1.047449664429530201
1.415999999999999999,1.000000000000000000,1.000000000000000000,1.047516778523489932
1.417999999999999999,1.000000000000000000,1.000000000000000000,1.047583892617449664
1.419999999999999999,1.000000000000000000,1.000000000000000000,1.047651006711409395
1.421999999999999999,1.000000000000000000,1.000000000000000000,1.047718120805369127
1.423999999999999999,1.000000000000000000,1.000000000000000000,1.047785234899328859
1.425999999999999999,1.000000000000000000,1.000000000000000000,1.047852348993288590
1.427999999999999999,1.000000000000000000,1.000000000000000000,1.047919463087248322
1.429999999999999999,1.000000000000000000,1.000000000000000000,1.047986577181208053
1.431999999999999999,1.000000000000000000,1.000000000000000000,1.048053691275167785
1.433999999999999999,1.000000000000000000,1.000000000000000000,1.048120805369127516
1.435999999999999999,1.000000000000000000,1.000000000000000000,1.048187919463087248
1.437999999999999999,1.000000000000000000,1.000000000000000000,1.048255033557046979
1.439999999999999999,1.000000000000000000,1.000000000000000000,1.048322147651006711
1.441999999999999999,1.000000000000000000,1.000000000000000000,1.048389261744966442
1.443999999999999999,1.000000000000000000,1.000000000000000000,1.048456375838926174
1.445999999999999999,1.000000000000000000,1.000000000000000000,1.048523489932885906
1.447999999999999999,1.000000000000000000,1.000000000000000000,1.048590604026845637
1.449999999999999999,1.000000000000000000,1.000000000000000000,1.048657718120805369
1.451999999999999999,1.000000000000000000,1.000000000000000000,1.048724832214765100
1.453999999999999999,1.000000000000000000,1.000000000000000000,1.048791946308724832
1.455999999999999999,1.000000000000000000,1.000000000000000000,1.048859060402684563
1.457999999999999999,1.000000000000000000,1.000000000000000000,1.048926174496644295
1.459999999999999999,1.000000000000000000,1.000000000000000000,1.048993288590604026
1.461999999999999999,1.000000000000000000,1.000000000000000000,1.049060402684563758
1.463999999999999999,1.000000000000000000,1.000000000000000000,1.049127516778523489
1.465999999999999999,1.000000000000000000,1.000000000000000000,1.049194630872483221
1.467999999999999999,1.000000000000000000,1.000000000000000000,1.049261744966442953
1.469999999999999999,1.000000000000000000,1.000000000000000000,1.049328859060402684
1.471999999999999999,1.000000000000000000,1.000000000000000000,1.049395973154362416
1.473999999999999999,1.000000000000000000,1.000000000000000000,1.049463087248322147
1.475999999999999999,1.000000000000000000,1.000000000000000000,1.049530201342281879
1.477999999999999999,1.000000000000000000,1.000000000000000000,1.049597315436241610
1.479999999999999999,1.000000000000000000,1.000000000000000000,1.049664429530201342
1.481999999999999999,1.000000000000000000,1.000000000000000000,1.049731543624161073
1.483999999999999999,1.000000000000000000,1.000000000000000000,1.049798657718120805
1.485999999999999999,1.000000000000000000,1.000000000000000000,1.049865771812080536
1.487999999999999999,1.000000000000000000,1.000000000000000000,1.049932885906040268
1.490000000000000000,1.000000000000000000,1.000000000000000000,1.050000000000000000
1.491999999999999999,1.000000000000000000,1.000000000000000000,1.050067114093959731
1.493999999999999999,1.000000000000000000,1.000000000000000000,1.050134228187919463
1.495999999999999999,1.000000000000000000,1.000000000000000000,1.050201342281879194
1.497999999999999999,1.000000000000000000,1.000000000000000000,1.050268456375838926
1.499999999999999999,1.000000000000000000,1.000000000000000000,1.050335570469798657
1.501999999999999999,1.000000000000000000,1.000000000000000000,1.050402684563758389
1.503999999999999999,1.000000000000000000,1.000000000000000000,1.050469798657718120
1.505999999999999999,1.000000000000000000,1.000000000000000000,1.050536912751677852
1.507999999999999999,1.000000000000000000,1.000000000000000000,1.050604026845637583
1.509999999999999999,1.000000000000000000,1.000000000000000000,1.050671140939597315
1.511999999999999999,1.000000000000000000,1.000000000000000000,1.050738255033557046
1.513999999999999999,1.000000000000000000,1.000000000000000000,1.050805369127516778
1.515999999999999999,1.000000000000000000,1.000000000000000000,1.050872483221476510
1.517999999999999999,1.000000000000000000,1.000000000000000000,1.050939597315436241
1.519999999999999999,1.000000000000000000,1.000000000000000000,1.051006711409395973
1.521999999999999999,1.000000000000000000,1.000000000000000000,1.051073825503355704
1.523999999999999999,1.000000000000000000,1.000000000000000000,1.051140939597315436
1.525999999999999999,1.000000000000000000,1.000000000000000000,1.051208053691275167
1.527999999999999999,1.000000000000000000,1.000000000000000000,1.051275167785234899
1.529999999999999999,1.000000000000000000,1.000000000000000000,1.051342281879194630
1.531999999999999999,1.000000000000000000,1.000000000000000000,1.051409395973154362
1.533999999999999999,1.000000000000000000,1.000000000000000000,1.051476510067114093
1.535999999999999999,1.000000000000000000,1.000000000000000000,1.051543624161073825
1.537999999999999999,1.000000000000000000,1.000000000000000000,1.051610738255033557
1.539999999999999999,1.000000000000000000,1.000000000000000000,1.051677852348993288
1.541999999999999999,1.000000000000000000,1.000000000000000000,1.051744966442953020
1.543999999999999999,1.000000000000000000,1.000000000000000000,1.051812080536912751
1.545999999999999999,1.000000000000000000,1.000000000000000000,1.051879194630872483
1.547999999999999999,1.000000000000000000,1.000000000000000000,1.051946308724832214
1.549999999999999999,1.000000000000000000,1.000000000000000000,1.052013422818791946
1.551999999999999999,1.000000000000000000,1.000000000000000000,1.052080536912751677
1.553999999999999999,1.000000000000000000,1.000000000000000000,1.052147651006711409
1.555999999999999999,1.000000000000000000,1.000000000000000000,1.052214765100671140
1.557999999999999999,1.000000000000000000,1.000000000000000000,1.052281879194630872
1.559999999999999999,1.000000000000000000,1.000000000000000000,1.052348993288590604
1.561999999999999999,1.000000000000000000,1.000000000000000000,1.052416107382550335
1.563999999999999999,1.000000000000000000,1.000000000000000000,1.052483221476510067
1.565999999999999999,1.000000000000000000,1.000000000000000000,1.052550335570469798
1.567999999999999999,1.000000000000000000,1.000000000000000000,1.052617449664429530
1.569999999999999999,1.000000000000000000,1.000000000000000000,1.052684563758389261
1.571999999999999999,1.000000000000000000,1.000000000000000000,1.052751677852348993
1.573999999999999999,1.000000000000000000,1.000000000000000000,1.052818791946308724
1.575999999999999999,1.000000000000000000,1.000000000000000000,1.052885906040268456
1.577999999999999999,1.000000000000000000,1.000000000000000000,1.052953020134228187
1.579999999999999999,1.000000000000000000,1.000000000000000000,1.053020134228187919
1.581999999999999999,1.000000000000000000,1.000000000000000000,1.053087248322147651
1.583999999999999999,1.000000000000000000,1.000000000000000000,1.053154362416107382
1.585999999999999999,1.000000000000000000,1.000000000000000000,1.053221476510067114
1.587999999999999999,1.000000000000000000,1.000000000000000000,1.053288590604026845
1.589999999999999999,1.000000000000000000,1.000000000000000000,1.053355704697986577
1.591999999999999999,1.000000000000000000,1.000000000000000000,1.053422818791946308
1.593999999999999999,1.000000000000000000,1.000000000000000000,1.053489932885906040
1.595999999999999999,1.000000000000000000,1.000000000000000000,1.053557046979865771
1.597999999999999999,1.000000000000000000,1.000000000000000000,1.053624161073825503
1.599999999999999999,1.000000000000000000,1.000000000000000000,1.053691275167785234
1.601999999999999999,1.000000000000000000,1.000000000000000000,1.053758389261744966
1.603999999999999999,1.000000000000000000,1.000000000000000000,1.053825503355704697
1.605999999999999999,1.000000000000000000,1.000000000000000000,1.053892617449664429
1.607999999999999999,1.000000000000000000,1.000000000000000000,1.053959731543624161
1.609999999999999999,1.000000000000000000,1.000000000000000000,1.054026845637583892
1.611999999999999999,1.000000000000000000,1.000000000000000000,1.054093959731543624
1.613999999999999999,1.000000000000000000,1.000000000000000000,1.054161073825503355
1.615999999999999999,1.000000000000000000,1.000000000000000000,1.054228187919463087
1.617999999999999999,1.000000000000000000,1.000000000000000000,1.054295302013422818
1.619999999999999999,1.000000000000000000,1.000000000000000000,1.054362416107382550
1.621999999999999999,1.000000000000000000,1.000000000000000000,1.054429530201342281
1.623999999999999999,1.000000000000000000,1.000000000000000000,1.054496644295302013
1.625999999999999999,1.000000000000000000,1.000000000000000000,1.054563758389261744
1.627999999999999999,1.000000000000000000,1.000000000000000000,1.054630872483221476
1.629999999999999999,1.000000000000000000,1.000000000000000000,1.054697986577181208
1.631999999999999999,1.000000000000000000,1.000000000000000000,1.054765100671140939
1.633999999999999999,1.000000000000000000,1.000000000000000000,1.054832214765100671
1.635999999999999999,1.000000000000000000,1.000000000000000000,1.054899328859060402
1.637999999999999999,1.000000000000000000,1.000000000000000000,1.054966442953020134
1.639999999999999999,1.000000000000000000,1.000000000000000000,1.055033557046979865
1.641999999999999999,1.000000000000000000,1.000000000000000000,1.055100671140939597
1.643999999999999999,1.000000000000000000,1.000000000000000000,1.055167785234899328
1.645999999999999999,1.000000000000000000,1.000000000000000000,1.055234899328859060
1.647999999999999999,1.000000000000000000,1.000000000000000000,1.055302013422818791
1.649999999999999999,1.000000000000000000,1.000000000000000000,1.055369127516778523
1.651999999999999999,1.000000000000000000,1.000000000000000000,1.055436241610738255
1.653999999999999999,1.000000000000000000,1.000000000000000000,1.055503355704697986
1.655999999999999999,1.000000000000000000,1.000000000000000000,1.055570469798657718
1.657999999999999999,1.000000000000000000,1.000000000000000000,1.055637583892617449
1.659999999999999999,1.000000000000000000,1.000000000000000000,1.055704697986577181
1.661999999999999999,1.000000000000000000,1.000000000000000000,1.055771812080536912
1.663999999999999999,1.000000000000000000,1.000000000000000000,1.055838926174496644
1.665999999999999999,1.000000000000000000,1.000000000000000000,1.055906040268456375
1.667999999999999999,1.000000000000000000,1.000000000000000000,1.055973154362416107
1.669999999999999999,1.000000000000000000,1.000000000000000000,1.056040268456375838
1.671999999999999999,1.000000000000000000,1.000000000000000000,1.056107382550335570
1.673999999999999999,1.000000000000000000,1.000000000000000000,1.056174496644295302
1.675999999999999999,1.000000000000000000,1.000000000000000000,1.056241610738255033
1.677999999999999999,1.000000000000000000,1.000000000000000000,1.056308724832214765
1.679999999999999999,1.000000000000000000,1.000000000000000000,1.056375838926174496
1.681999999999999999,1.000000000000000000,1.000000000000000000,1.056442953020134228
1.683999999999999999,1.000000000000000000,1.000000000000000000,1.056510067114093959
1.685999999999999999,1.000000000000000000,1.000000000000000000,1.056577181208053691
1.687999999999999999,1.000000000000000000,1.000000000000000000,1.056644295302013422
1.689999999999999999,1.000000000000000000,1.000000000000000000,1.056711409395973154
1.691999999999999999,1.000000000000000000,1.000000000000000000,1.056778523489932885
1.693999999999999999,1.000000000000000000,1.000000000000000000,1.056845637583892617
1.695999999999999999,1.000000000000000000,1.000000000000000000,1.056912751677852348
1.697999999999999999,1.000000000000000000,1.000000000000000000,1.056979865771812080
1.699999999999999999,1.000000000000000000,1.000000000000000000,1.057046979865771812
1.701999999999999999,1.000000000000000000,1.000000000000000000,1.057114093959731543
1.703999999999999999,1.000000000000000000,1.000000000000000000,1.057181208053691275
1.705999999999999999,1.000000000000000000,1.000000000000000000,1.057248322147651006
1.707999999999999999,1.000000000000000000,1.000000000000000000,1.057315436241610738
1.709999999999999999,1.000000000000000000,1.000000000000000000,1.057382550335570469
1.711999999999999999,1.000000000000000000,1.000000000000000000,1.057449664429530201
1.713999999999999999,1.000000000000000000,1.000000000000000000,1.057516778523489932
1.715999999999999999,1.000000000000000000,1.000000000000000000,1.057583892617449664
1.717999999999999999,1.000000000000000000,1.000000000000000000,1.057651006711409395
1.719999999999999999,1.000000000000000000,1.000000000000000000,1.057718120805369127
1.721999999999999999,1.000000000000000000,1.000000000000000000,1.057785234899328859
1.723999999999999999,1.000000000000000000,1.000000000000000000,1.057852348993288590
1.725999999999999999,1.000000000000000000,1.000000000000000000,1.057919463087248322
1.727999999999999999,1.000000000000000000,1.000000000000000000,1.057986577181208053
1.729999999999999999,1.000000000000000000,1.000000000000000000,1.058053691275167785
1.731999999999999999,1.000000000000000000,1.000000000000000000,1.058120805369127516
1.733999999999999999,1.000000000000000000,1.000000000000000000,1.058187919463087248
1.735999999999999999,1.000000000000000000,1.000000000000000000,1.058255033557046979
1.737999999999999999,1.000000000000000000,1.000000000000000000,1.058322147651006711
1.739999999999999999,1.000000000000000000,1.000000000000000000,1.058389261744966442
1.741999999999999999,1.000000000000000000,1.000000000000000000,1.058456375838926174
1.743999999999999999,1.000000000000000000,1.000000000000000000,1.058523489932885906
1.745999999999999999,1.000000000000000000,1.000000000000000000,1.058590604026845637
1.747999999999999999,1.000000000000000000,1.000000000000000000,1.058657718120805369
1.749999999999999999,1.000000000000000000,1.000000000000000000,1.058724832214765100
1.751999999999999999,1.000000000000000000,1.000000000000000000,1.058791946308724832
1.753999999999999999,1.000000000000000000,1.000000000000000000,1.058859060402684563
1.755999999999999999,1.000000000000000000,1.000000000000000000,1.058926174496644295
1.757999999999999999,1.000000000000000000,1.000000000000000000,1.058993288590604026
1.759999999999999999,1.000000000000000000,1.000000000000000000,1.059060402684563758
1.761999999999999999,1.000000000000000000,1.000000000000000000,1.059127516778523489
1.763999999999999999,1.000000000000000000,1.000000000000000000,1.059194630872483221
1.765999999999999999,1.000000000000000000,1.000000000000000000,1.059261744966442953
1.767999999999999999,1.000000000000000000,1.000000000000000000,1.059328859060402684
1.769999999999999999,1.000000000000000000,1.000000000000000000,1.059395973154362416
1.771999999999999999,1.000000000000000000,1.000000000000000000,1.059463087248322147
1.773999999999999999,1.000000000000000000,1.000000000000000000,1.059530201342281879
1.775999999999999999,1.000000000000000000,1.000000000000000000,1.059597315436241610
1.777999999999999999,1.000000000000000000,1.000000000000000000,1.059664429530201342
1.779999999999999999,1.000000000000000000,1.000000000000000000,1.059731543624161073
1.781999999999999999,1.000000000000000000,1.000000000000000000,1.059798657718120805
1.783999999999999999,1.000000000000000000,1.000000000000000000,1.059865771812080536
1.785999999999999999,1.000000000000000000,1.000000000000000000,1.059932885906040268
1.788000000000000000,1.000000000000000000,1.000000000000000000,1.060000000000000000
1.789999999999999999,1.000000000000000000,1.000000000000000000,1.060067114093959731
1.791999999999999999,1.000000000000000000,1.000000000000000000,1.060134228187919463
1.793999999999999999,1.000000000000000000,1.000000000000000000,1.060201342281879194
1.795999999999999999,1.000000000000000000,1.000000000000000000,1.060268456375838926
1.797999999999999999,1.000000000000000000,1.000000000000000000,1.060335570469798657
1.799999999999999999,1.000000000000000000,1.000000000000000000,1.060402684563758389
1.801999999999999999,1.000000000000000000,1.000000000000000000,1.060469798657718120
1.803999999999999999,1.000000000000000000,1.000000000000000000,1.060536912751677852
1.805999999999999999,1.000000000000000000,1.000000000000000000,1.060604026845637583
1.807999999999999999,1.000000000000000000,1.000000000000000000,1.060671140939597315
1.809999999999999999,1.000000000000000000,1.000000000000000000,1.060738255033557046
1.811999999999999999,1.000000000000000000,1.000000000000000000,1.060805369127516778
1.813999999999999999,1.000000000000000000,1.000000000000000000,1.060872483221476510
1.815999999999999999,1.000000000000000000,1.000000000000000000,1.060939597315436241
1.817999999999999999,1.000000000000000000,1.000000000000000000,1.061006711409395973
1.819999999999999999,1.000000000000000000,1.000000000000000000,1.061073825503355704
1.821999999999999999,1.000000000000000000,1.000000000000000000,1.061140939597315436
1.823999999999999999,1.000000000000000000,1.000000000000000000,1.061208053691275167
1.825999999999999999,1.000000000000000000,1.000000000000000000,1.061275167785234899
1.827999999999999999,1.000000000000000000,1.000000000000000000,1.061342281879194630
1.829999999999999999,1.000000000000000000,1.000000000000000000,1.061409395973154362
1.831999999999999999,1.000000000000000000,1.000000000000000000,1.061476510067114093
1.833999999999999999,1.000000000000000000,1.000000000000000000,1.061543624161073825
1.835999999999999999,1.000000000000000000,1.000000000000000000,1.061610738255033557
1.837999999999999999,1.000000000000000000,1.000000000000000000,1.061677852348993288
1.839999999999999999,1.000000000000000000,1.000000000000000000,1.061744966442953020
1.841999999999999999,1.000000000000000000,1.000000000000000000,1.061812080536912751
1.843999999999999999,1.000000000000000000,1.000000000000000000,1.061879194630872483
1.845999999999999999,1.000000000000000000,1.000000000000000000,1.061946308724832214
1.847999999999999999,1.000000000000000000,1.000000000000000000,1.062013422818791946
1.849999999999999999,1.000000000000000000,1.000000000000000000,1.062080536912751677
1.851999999999999999,1.000000000000000000,1.000000000000000000,1.062147651006711409
1.853999999999999999,1.000000000000000000,1.000000000000000000,1.062214765100671140
1.855999999999999999,1.000000000000000000,1.000000000000000000,1.062281879194630872
1.857999999999999999,1.000000000000000000,1.000000000000000000,1.062348993288590604
1.859999999999999999,1.000000000000000000,1.000000000000000000,1.062416107382550335
1.861999999999999999,1.000000000000000000,1.000000000000000000,1.062483221476510067
1.863999999999999999,1.000000000000000000,1.000000000000000000,1.062550335570469798
1.865999999999999999,1.000000000000000000,1.000000000000000000,1.062617449664429530
1.867999999999999999,1.000000000000000000,1.000000000000000000,1.062684563758389261
1.869999999999999999,1.000000000000000000,1.000000000000000000,1.062751677852348993
1.871999999999999999,1.000000000000000000,1.000000000000000000,1.062818791946308724
1.873999999999999999,1.000000000000000000,1.000000000000000000,1.062885906040268456
1.875999999999999999,1.000000000000000000,1.000000000000000000,1.062953020134228187
1.877999999999999999,1.000000000000000000,1.000000000000000000,1.063020134228187919
1.879999999999999999,1.000000000000000000,1.000000000000000000,1.063087248322147651
1.881999999999999999,1.000000000000000000,1.000000000000000000,1.063154362416107382
1.883999999999999999,1.000000000000000000,1.000000000000000000,1.063221476510067114
1.885999999999999999,1.000000000000000000,1.000000000000000000,1.063288590604026845
1.887999999999999999,1.000000000000000000,1.000000000000000000,1.063355704697986577
1.889999999999999999,1.000000000000000000,1.000000000000000000,1.063422818791946308
1.891999999999999999,1.000000000000000000,1.000000000000000000,1.063489932885906040
1.893999999999999999,1.000000000000000000,1.000000000000000000,1.063557046979865771
1.895999999999999999,1.000000000000000000,1.000000000000000000,1.063624161073825503
1.897999999999999999,1.000000000000000000,1.000000000000000000,1.063691275167785234
1.899999999999999999,1.000000000000000000,1.000000000000000000,1.063758389261744966
1.901999999999999999,1.000000000000000000,1.000000000000000000,1.063825503355704697
1.903999999999999999,1.000000000000000000,1.000000000000000000,1.063892617449664429
1.905999999999999999,1.000000000000000000,1.000000000000000000,1.063959731543624161
1.907999999999999999,1.000000000000000000,1.000000000000000000,1.064026845637583892
1.909999999999999999,1.000000000000000000,1.000000000000000000,1.064093959731543624
1.911999999999999999,1.000000000000000000,1.000000000000000000,1.064161073825503355
1.913999999999999999,1.000000000000000000,1.000000000000000000,1.064228187919463087
1.915999999999999999,1.000000000000000000,1.000000000000000000,1.064295302013422818
1.917999999999999999,1.000000000000000000,1.000000000000000000,1.064362416107382550
1.919999999999999999,1.000000000000000000,1.000000000000000000,1.064429530201342281
1.921999999999999999,1.000000000000000000,1.000000000000000000,1.064496644295302013
1.923999999999999999,1.000000000000000000,1.000000000000000000,1.064563758389261744
1.925999999999999999,1.000000000000000000,1.000000000000000000,1.064630872483221476
1.927999999999999999,1.000000000000000000,1.000000000000000000,1.064697986577181208
1.929999999999999999,1.000000000000000000,1.000000000000000000,1.064765100671140939
1.931999999999999999,1.000000000000000000,1.000000000000000000,1.064832214765100671
1.933999999999999999,1.000000000000000000,1.000000000000000000,1.064899328859060402
1.935999999999999999,1.000000000000000000,1.000000000000000000,1.064966442953020134
1.937999999999999999,1.000000000000000000,1.000000000000000000,1.065033557046979865
1.939999999999999999,1.000000000000000000,1.000000000000000000,1.065100671140939597
1.941999999999999999,1.000000000000000000,1.000000000000000000,1.065167785234899328
1.943999999999999999,1.000000000000000000,1.000000000000000000,1.065234899328859060
1.945999999999999999,1.000000000000000000,1.000000000000000000,1.065302013422818791
1.947999999999999999,1.000000000000000000,1.000000000000000000,1.065369127516778523
1.949999999999999999,1.000000000000000000,1.000000000000000000,1.065436241610738255
1.951999999999999999,1.000000000000000000,1.000000000000000000,1.065503355704697986
1.953999999999999999,1.000000000000000000,1.000000000000000000,1.065570469798657718
1.955999999999999999,1.000000000000000000,1.000000000000000000,1.065637583892617449
1.957999999999999999,1.000000000000000000,1.000000000000000000,1.065704697986577181
1.959999999999999999,1.000000000000000000,1.000000000000000000,1.065771812080536912
1.961999999999999999,1.000000000000000000,1.000000000000000000,1.065838926174496644
1.963999999999999999,1.000000000000000000,1.000000000000000000,1.065906040268456375
1.965999999999999999,1.000000000000000000,1.000000000000000000,1.065973154362416107
1.967999999999999999,1.000000000000000000,1.000000000000000000,1.066040268456375838
1.969999999999999999,1.000000000000000000,1.000000000000000000,1.066107382550335570
1.971999999999999999,1.000000000000000000,1.000000000000000000,1.066174496644295302
1.973999999999999999,1.000000000000000000,1.000000000000000000,1.066241610738255033
1.975999999999999999,1.000000000000000000,1.000000000000000000,1.066308724832214765
1.977999999999999999,1.000000000000000000,1.000000000000000000,1.066375838926174496
1.979999999999999999,1.000000000000000000,1.000000000000000000,1.066442953020134228
1.981999999999999999,1.000000000000000000,1.000000000000000000,1.066510067114093959
1.983999999999999999,1.000000000000000000,1.000000000000000000,1.066577181208053691
1.985999999999999999,1.000000000000000000,1.000000000000000000,1.066644295302013422
1.987999999999999999,1.000000000000000000,1.000000000000000000,1.066711409395973154
1.989999999999999999,1.000000000000000000,1.000000000000000000,1.066778523489932885
1.991999999999999999,1.000000000000000000,1.000000000000000000,1.066845637583892617
1.993999999999999999,1.000000000000000000,1.000000000000000000,1.066912751677852348
1.995999999999999999,1.000000000000000000,1.000000000000000000,1.066979865771812080
1.997999999999999999,1.000000000000000000,1.000000000000000000,1.067046979865771812
1.999999999999999999,1.000000000000000000,1.000000000000000000,1.067114093959731543
2.001999999999999999,1.000000000000000000,1.000000000000000000,1.067181208053691275
2.003999999999999999,1.000000000000000000,1.000000000000000000,1.067248322147651006
2.005999999999999999,1.000000000000000000,1.000000000000000000,1.067315436241610738
2.007999999999999999,1.000000000000000000,1.000000000000000000,1.067382550335570469
2.009999999999999999,1.000000000000000000,1.000000000000000000,1.067449664429530201
2.011999999999999999,1.000000000000000000,1.000000000000000000,1.067516778523489932
2.013999999999999999,1.000000000000000000,1.000000000000000000,1.067583892617449664
2.015999999999999999,1.000000000000000000,1.000000000000000000,1.067651006711409395
2.017999999999999999,1.000000000000000000,1.000000000000000000,1.067718120805369127
2.019999999999999999,1.000000000000000000,1.000000000000000000,1.067785234899328859
2.021999999999999999,1.000000000000000000,1.000000000000000000,1.067852348993288590
2.023999999999999999,1.000000000000000000,1.000000000000000000,1.067919463087248322
2.025999999999999999,1.000000000000000000,1.000000000000000000,1.067986577181208053
2.027999999999999999,1.000000000000000000,1.000000000000000000,1.068053691275167785
2.029999999999999999,1.000000000000000000,1.000000000000000000,1.068120805369127516
2.031999999999999999,1.000000000000000000,1.000000000000000000,1.068187919463087248
2.033999999999999999,1.000000000000000000,1.000000000000000000,1.068255033557046979
2.035999999999999999,1.000000000000000000,1.000000000000000000,1.068322147651006711
2.037999999999999999,1.000000000000000000,1.000000000000000000,1.068389261744966442
2.039999999999999999,1.000000000000000000,1.000000000000000000,1.068456375838926174
2.041999999999999999,1.000000000000000000,1.000000000000000000,1.068523489932885906
2.043999999999999999,1.000000000000000000,1.000000000000000000,1.068590604026845637
2.045999999999999999,1.000000000000000000,1.000000000000000000,1.068657718120805369
2.047999999999999999,1.000000000000000000,1.000000000000000000,1.068724832214765100
2.049999999999999999,1.000000000000000000,1.000000000000000000,1.068791946308724832
2.051999999999999999,1.000000000000000000,1.000000000000000000,1.068859060402684563
2.053999999999999999,1.000000000000000000,1.000000000000000000,1.068926174496644295
2.055999999999999999,1.000000000000000000,1.000000000000000000,1.068993288590604026
2.057999999999999999,1.000000000000000000,1.000000000000000000,1.069060402684563758
2.059999999999999999,1.000000000000000000,1.000000000000000000,1.069127516778523489
2.061999999999999999,1.000000000000000000,1.000000000000000000,1.069194630872483221
2.063999999999999999,1.000000000000000000,1.000000000000000000,1.069261744966442953
2.065999999999999999,1.000000000000000000,1.000000000000000000,1.069328859060402684
2.067999999999999999,1.000000000000000000,1.000000000000000000,1.069395973154362416
2.069999999999999999,1.000000000000000000,1.000000000000000000,1.069463087248322147
2.071999999999999999,1.000000000000000000,1.000000000000000000,1.069530201342281879
2.073999999999999999,1.000000000000000000,1.000000000000000000,1.069597315436241610
2.075999999999999999,1.000000000000000000,1.000000000000000000,1.069664429530201342
2.077999999999999999,1.000000000000000000,1.000000000000000000,1.069731543624161073
2.079999999999999999,1.000000000000000000,1.000000000000000000,1.069798657718120805
2.081999999999999999,1.000000000000000000,1.000000000000000000,1.069865771812080536
2.083999999999999999,1.000000000000000000,1.000000000000000000,1.069932885906040268
2.086000000000000000,1.000000000000000000,1.000000000000000000,1.070000000000000000
2.087999999999999999,1.000000000000000000,1.000000000000000000,1.070067114093959731
2.089999999999999999,1.000000000000000000,1.000000000000000000,1.070134228187919463
2.091999999999999999,1.000000000000000000,1.000000000000000000,1.070201342281879194
2.093999999999999999,1.000000000000000000,1.000000000000000000,1.070268456375838926
2.095999999999999999,1.000000000000000000,1.000000000000000000,1.070335570469798657
2.097999999999999999,1.000000000000000000,1.000000000000000000,1.070402684563758389
2.099999999999999999,1.000000000000000000,1.000000000000000000,1.070469798657718120
2.101999999999999999,1.000000000000000000,1.000000000000000000,1.070536912751677852
2.103999999999999999,1.000000000000000000,1.000000000000000000,1.070604026845637583
2.105999999999999999,1.000000000000000000,1.000000000000000000,1.070671140939597315
2.107999999999999999,1.000000000000000000,1.000000000000000000,1.070738255033557046
2.109999999999999999,1.000000000000000000,1.000000000000000000,1.070805369127516778
2.111999999999999999,1.000000000000000000,1.000000000000000000,1.070872483221476510
2.113999999999999999,1.000000000000000000,1.000000000000000000,1.070939597315436241
2.115999999999999999,1.000000000000000000,1.000000000000000000,1.071006711409395973
2.117999999999999999,1.000000000000000000,1.000000000000000000,1.071073825503355704
2.119999999999999999,1.000000000000000000,1.000000000000000000,1.071140939597315436
2.121999999999999999,1.000000000000000000,1.000000000000000000,1.071208053691275167
2.123999999999999999,1.000000000000000000,1.000000000000000000,1.071275167785234899
2.125999999999999999,1.000000000000000000,1.000000000000000000,1.071342281879194630
2.127999999999999999,1.000000000000000000,1.000000000000000000,1.071409395973154362
2.129999999999999999,1.000000000000000000,1.000000000000000000,1.071476510067114093
2.131999999999999999,1.000000000000000000,1.000000000000000000,1.071543624161073825
2.133999999999999999,1.000000000000000000,1.000000000000000000,1.071610738255033557
2.135999999999999999,1.000000000000000000,1.000000000000000000,1.071677852348993288
2.137999999999999999,1.000000000000000000,1.000000000000000000,1.071744966442953020
2.139999999999999999,1.000000000000000000,1.000000000000000000,1.071812080536912751
2.141999999999999999,1.000000000000000000,1.000000000000000000,1.071879194630872483
2.143999999999999999,1.000000000000000000,1.000000000000000000,1.071946308724832214
2.145999999999999999,1.000000000000000000,1.000000000000000000,1.072013422818791946
2.147999999999999999,1.000000000000000000,1.000000000000000000,1.072080536912751677
2.149999999999999999,1.000000000000000000,1.000000000000000000,1.072147651006711409
2.151999999999999999,1.000000000000000000,1.000000000000000000,1.072214765100671140
2.153999999999999999,1.000000000000000000,1.000000000000000000,1.072281879194630872
2.155999999999999999,1.000000000000000000,1.000000000000000000,1.072348993288590604
2.157999999999999999,1.000000000000000000,1.000000000000000000,1.072416107382550335
2.159999999999999999,1.000000000000000000,1.000000000000000000,1.072483221476510067
2.161999999999999999,1.000000000000000000,1.000000000000000000,1.072550335570469798
2.163999999999999999,1.000000000000000000,1.000000000000000000,1.072617449664429530
2.165999999999999999,1.000000000000000000,1.000000000000000000,1.072684563758389261
2.167999999999999999,1.000000000000000000,1.000000000000000000,1.072751677852348993
2.169999999999999999,1.000000000000000000,1.000000000000000000,1.072818791946308724
2.171999999999999999,1.000000000000000000,1.000000000000000000,1.072885906040268456
2.173999999999999999,1.000000000000000000,1.000000000000000000,1.072953020134228187
2.175999999999999999,1.000000000000000000,1.000000000000000000,1.073020134228187919
2.177999999999999999,1.000000000000000000,1.000000000000000000,1.073087248322147651
2.179999999999999999,1.000000000000000000,1.000000000000000000,1.073154362416107382
2.181999999999999999,1.000000000000000000,1.000000000000000000,1.073221476510067114
2.183999999999999999,1.000000000000000000,1.000000000000000000,1.073288590604026845
2.185999999999999999,1.000000000000000000,1.000000000000000000,1.073355704697986577
2.187999999999999999,1.000000000000000000,1.000000000000000000,1.073422818791946308
2.189999999999999999,1.000000000000000000,1.000000000000000000,1.073489932885906040
2.191999999999999999,1.000000000000000000,1.000000000000000000,1.073557046979865771
2.193999999999999999,1.000000000000000000,1.000000000000000000,1.073624161073825503
2.195999999999999999,1.000000000000000000,1.000000000000000000,1.073691275167785234
2.197999999999999999,1.000000000000000000,1.000000000000000000,1.073758389261744966
2.199999999999999999,1.000000000000000000,1.000000000000000000,1.073825503355704697
2.201999999999999999,1.000000000000000000,1.000000000000000000,1.073892617449664429
2.203999999999999999,1.000000000000000000,1.000000000000000000,1.073959731543624161
2.205999999999999999,1.000000000000000000,1.000000000000000000,1.074026845637583892
2.207999999999999999,1.000000000000000000,1.000000000000000000,1.074093959731543624
2.209999999999999999,1.000000000000000000,1.000000000000000000,1.074161073825503355
2.211999999999999999,1.000000000000000000,1.000000000000000000,1.074228187919463087
2.213999999999999999,1.000000000000000000,1.000000000000000000,1.074295302013422818
2.215999999999999999,1.000000000000000000,1.000000000000000000,1.074362416107382550
2.217999999999999999,1.000000000000000000,1.000000000000000000,1.074429530201342281
2.219999999999999999,1.000000000000000000,1.000000000000000000,1.074496644295302013
2.221999999999999999,1.000000000000000000,1.000000000000000000,1.074563758389261744
2.223999999999999999,1.000000000000000000,1.000000000000000000,1.074630872483221476
2.225999999999999999,1.000000000000000000,1.000000000000000000,1.074697986577181208
2.227999999999999999,1.000000000000000000,1.000000000000000000,1.074765100671140939
2.229999999999999999,1.000000000000000000,1.000000000000000000,1.074832214765100671
2.231999999999999999,1.000000000000000000,1.000000000000000000,1.074899328859060402
2.233999999999999999,1.000000000000000000,1.000000000000000000,1.074966442953020134
2.235999999999999999,1.000000000000000000,1.000000000000000000,1.075033557046979865
2.237999999999999999,1.000000000000000000,1.000000000000000000,1.075100671140939597
2.239999999999999999,1.000000000000000000,1.000000000000000000,1.075167785234899328
2.241999999999999999,1.000000000000000000,1.000000000000000000,1.075234899328859060
2.243999999999999999,1.000000000000000000,1.000000000000000000,1.075302013422818791
2.245999999999999999,1.000000000000000000,1.000000000000000000,1.075369127516778523
2.247999999999999999,1.000000000000000000,1.000000000000000000,1.075436241610738255
2.249999999999999999,1.000000000000000000,1.000000000000000000,1.075503355704697986
2.251999999999999999,1.000000000000000000,1.000000000000000000,1.075570469798657718
2.253999999999999999,1.000000000000000000,1.000000000000000000,1.075637583892617449
2.255999999999999999,1.000000000000000000,1.000000000000000000,1.075704697986577181
2.257999999999999999,1.000000000000000000,1.000000000000000000,1.075771812080536912
2.259999999999999999,1.000000000000000000,1.000000000000000000,1.075838926174496644
2.261999999999999999,1.000000000000000000,1.000000000000000000,1.075906040268456375
2.263999999999999999,1.000000000000000000,1.000000000000000000,1.075973154362416107
2.265999999999999999,1.000000000000000000,1.000000000000000000,1.076040268456375838
2.267999999999999999,1.000000000000000000,1.000000000000000000,1.076107382550335570
2.269999999999999999,1.000000000000000000,1.000000000000000000,1.076174496644295302
2.271999999999999999,1.000000000000000000,1.000000000000000000,1.076241610738255033
2.273999999999999999,1.000000000000000000,1.000000000000000000,1.076308724832214765
2.275999999999999999,1.000000000000000000,1.000000000000000000,1.076375838926174496
2.277999999999999999,1.000000000000000000,1.000000000000000000,1.076442953020134228
2.279999999999999999,1.000000000000000000,1.000000000000000000,1.076510067114093959
2.281999999999999999,1.000000000000000000,1.000000000000000000,1.076577181208053691
2.283999999999999999,1.000000000000000000,1.000000000000000000,1.076644295302013422
2.285999999999999999,1.000000000000000000,1.000000000000000000,1.076711409395973154
2.287999999999999999,1.000000000000000000,1.000000000000000000,1.076778523489932885
2.289999999999999999,1.000000000000000000,1.000000000000000000,1.076845637583892617
2.291999999999999999,1.000000000000000000,1.000000000000000000,1.076912751677852348
2.293999999999999999,1.000000000000000000,1.000000000000000000,1.076979865771812080
2.295999999999999999,1.000000000000000000,1.000000000000000000,1.077046979865771812
2.297999999999999999,1.000000000000000000,1.000000000000000000,1.077114093959731543
2.299999999999999999,1.000000000000000000,1.000000000000000000,1.077181208053691275
2.301999999999999999,1.000000000000000000,1.000000000000000000,1.077248322147651006
2.303999999999999999,1.000000000000000000,1.000000000000000000,1.077315436241610738
2.305999999999999999,1.000000000000000000,1.000000000000000000,1.077382550335570469
2.307999999999999999,1.000000000000000000,1.000000000000000000,1.077449664429530201
2.309999999999999999,1.000000000000000000,1.000000000000000000,1.077516778523489932
2.311999999999999999,1.000000000000000000,1.000000000000000000,1.077583892617449664
2.313999999999999999,1.000000000000000000,1.000000000000000000,1.077651006711409395
2.315999999999999999,1.000000000000000000,1.000000000000000000,1.077718120805369127
2.317999999999999999,1.000000000000000000,1.000000000000000000,1.077785234899328859
2.319999999999999999,1.000000000000000000,1.000000000000000000,1.077852348993288590
2.321999999999999999,1.000000000000000000,1.000000000000000000,1.077919463087248322
2.323999999999999999,1.000000000000000000,1.000000000000000000,1.077986577181208053
2.325999999999999999,1.000000000000000000,1.000000000000000000,1.078053691275167785
2.327999999999999999,1.000000000000000000,1.000000000000000000,1.078120805369127516
2.329999999999999999,1.000000000000000000,1.000000000000000000,1.078187919463087248
2.331999999999999999,1.000000000000000000,1.000000000000000000,1.078255033557046979
2.333999999999999999,1.000000000000000000,1.000000000000000000,1.078322147651006711
2.335999999999999999,1.000000000000000000,1.000000000000000000,1.078389261744966442
2.337999999999999999,1.000000000000000000,1.000000000000000000,1.078456375838926174
2.339999999999999999,1.000000000000000000,1.000000000000000000,1.078523489932885906
2.341999999999999999,1.000000000000000000,1.000000000000000000,1.078590604026845637
2.343999999999999999,1.000000000000000000,1.000000000000000000,1.078657718120805369
2.345999999999999999,1.000000000000000000,1.000000000000000000,1.078724832214765100
2.347999999999999999,1.000000000000000000,1.000000000000000000,1.078791946308724832
2.349999999999999999,1.000000000000000000,1.000000000000000000,1.078859060402684563
2.351999999999999999,1.000000000000000000,1.000000000000000000,1.078926174496644295
2.353999999999999999,1.000000000000000000,1.000000000000000000,1.078993288590604026
2.355999999999999999,1.000000000000000000,1.000000000000000000,1.079060402684563758
2.357999999999999999,1.000000000000000000,1.000000000000000000,1.079127516778523489
2.359999999999999999,1.000000000000000000,1.000000000000000000,1.079194630872483221
2.361999999999999999,1.000000000000000000,1.000000000000000000,1.079261744966442953
2.363999999999999999,1.000000000000000000,1.000000000000000000,1.079328859060402684
2.365999999999999999,1.000000000000000000,1.000000000000000000,1.079395973154362416
2.367999999999999999,1.000000000000000000,1.000000000000000000,1.079463087248322147
2.369999999999999999,1.000000000000000000,1.000000000000000000,1.079530201342281879
2.371999999999999999,1.000000000000000000,1.000000000000000000,1.079597315436241610
2.373999999999999999,1.000000000000000000,1.000000000000000000,1.079664429530201342
2.375999999999999999,1.000000000000000000,1.000000000000000000,1.079731543624161073
2.377999999999999999,1.000000000000000000,1.000000000000000000,1.079798657718120805
2.379999999999999999,1.000000000000000000,1.000000000000000000,1.079865771812080536
2.381999999999999999,1.000000000000000000,1.000000000000000000,1.079932885906040268
2.384000000000000000,1.000000000000000000,1.000000000000000000,1.080000000000000000
2.385999999999999999,1.000000000000000000,1.000000000000000000,1.080067114093959731
2.387999999999999999,1.000000000000000000,1.000000000000000000,1.080134228187919463
2.389999999999999999,1.000000000000000000,1.000000000000000000,1.080201342281879194
2.391999999999999999,1.000000000000000000,1.000000000000000000,1.080268456375838926
2.393999999999999999,1.000000000000000000,1.000000000000000000,1.080335570469798657
2.395999999999999999,1.000000000000000000,1.000000000000000000,1.080402684563758389
2.397999999999999999,1.000000000000000000,1.000000000000000000,1.080469798657718120
2.399999999999999999,1.000000000000000000,1.000000000000000000,1.080536912751677852
2.401999999999999999,1.000000000000000000,1.000000000000000000,1.080604026845637583
2.403999999999999999,1.000000000000000000,1.000000000000000000,1.080671140939597315
2.405999999999999999,1.000000000000000000,1.000000000000000000,1.080738255033557046
2.407999999999999999,1.000000000000000000,1.000000000000000000,1.080805369127516778
2.409999999999999999,1.000000000000000000,1.000000000000000000,1.080872483221476510
2.411999999999999999,1.000000000000000000,1.000000000000000000,1.080939597315436241
2.413999999999999999,1.000000000000000000,1.000000000000000000,1.081006711409395973
2.415999999999999999,1.000000000000000000,1.000000000000000000,1.081073825503355704
2.417999999999999999,1.000000000000000000,1.000000000000000000,1.081140939597315436
2.419999999999999999,1.000000000000000000,1.000000000000000000,1.081208053691275167
2.421999999999999999,1.000000000000000000,1.000000000000000000,1.081275167785234899
2.423999999999999999,1.000000000000000000,1.000000000000000000,1.081342281879194630
2.425999999999999999,1.000000000000000000,1.000000000000000000,1.081409395973154362
2.427999999999999999,1.000000000000000000,1.000000000000000000,1.081476510067114093
2.429999999999999999,1.000000000000000000,1.000000000000000000,1.081543624161073825
2.431999999999999999,1.000000000000000000,1.000000000000000000,1.081610738255033557
2.433999999999999999,1.000000000000000000,1.000000000000000000,1.081677852348993288
2.435999999999999999,1.000000000000000000,1.000000000000000000,1.081744966442953020
2.437999999999999999,1.000000000000000000,1.000000000000000000,1.081812080536912751
2.439999999999999999,1.000000000000000000,1.000000000000000000,1.081879194630872483
2.441999999999999999,1.000000000000000000,1.000000000000000000,1.081946308724832214
2.443999999999999999,1.000000000000000000,1.000000000000000000,1.082013422818791946
2.445999999999999999,1.000000000000000000,1.000000000000000000,1.082080536912751677
2.447999999999999999,1.000000000000000000,1.000000000000000000,1.082147651006711409
2.449999999999999999,1.000000000000000000,1.000000000000000000,1.082214765100671140
2.451999999999999999,1.000000000000000000,1.000000000000000000,1.082281879194630872
2.453999999999999999,1.000000000000000000,1.000000000000000000,1.082348993288590604
2.455999999999999999,1.000000000000000000,1.000000000000000000,1.082416107382550335
2.457999999999999999,1.000000000000000000,1.000000000000000000,1.082483221476510067
2.459999999999999999,1.000000000000000000,1.000000000000000000,1.082550335570469798
2.461999999999999999,1.000000000000000000,1.000000000000000000,1.082617449664429530
2.463999999999999999,1.000000000000000000,1.000000000000000000,1.082684563758389261
2.465999999999999999,1.000000000000000000,1.000000000000000000,1.082751677852348993
2.467999999999999999,1.000000000000000000,1.000000000000000000,1.082818791946308724
2.469999999999999999,1.000000000000000000,1.000000000000000000,1.082885906040268456
2.471999999999999999,1.000000000000000000,1.000000000000000000,1.082953020134228187
2.473999999999999999,1.000000000000000000,1.000000000000000000,1.083020134228187919
2.475999999999999999,1.000000000000000000,1.000000000000000000,1.083087248322147651
2.477999999999999999,1.000000000000000000,1.000000000000000000,1.083154362416107382
2.479999999999999999,1.000000000000000000,1.000000000000000000,1.083221476510067114
2.481999999999999999,1.000000000000000000,1.000000000000000000,1.083288590604026845
2.483999999999999999,1.000000000000000000,1.000000000000000000,1.083355704697986577
2.485999999999999999,1.000000000000000000,1.000000000000000000,1.083422818791946308
2.487999999999999999,1.000000000000000000,1.000000000000000000,1.083489932885906040
2.489999999999999999,1.000000000000000000,1.000000000000000000,1.083557046979865771
2.491999999999999999,1.000000000000000000,1.000000000000000000,1.083624161073825503
2.493999999999999999,1.000000000000000000,1.000000000000000000,1.083691275167785234
2.495999999999999999,1.000000000000000000,1.000000000000000000,1.083758389261744966
2.497999999999999999,1.000000000000000000,1.000000000000000000,1.083825503355704697
2.499999999999999999,1.000000000000000000,1.000000000000000000,1.083892617449664429
