Price,Collateral Ratio,Mint Pegged Fees,Redeem Pegged Fees,Mint Leveraged Fees,Redeem Leveraged Fees
2.010050251256281407,0.001999999999999999,1.000000000000000000,-0.007500000000000000,-0.005000000000000000,0.000000000000000000
4.020100502512562814,0.003999999999999999,1.000000000000000000,-0.007500000000000000,-0.005000000000000000,0.000000000000000000
6.030150753768844221,0.005999999999999999,1.000000000000000000,-0.007500000000000000,-0.005000000000000000,0.000000000000000000
8.040201005025125628,0.007999999999999999,1.000000000000000000,-0.007500000000000000,-0.005000000000000000,0.000000000000000000
10.050251256281407035,0.009999999999999999,1.000000000000000000,-0.007500000000000000,-0.005000000000000000,0.000000000000000000
12.060301507537688442,0.011999999999999999,1.000000000000000000,-0.007500000000000000,-0.005000000000000000,0.000000000000000000
14.070351758793969849,0.013999999999999999,1.000000000000000000,-0.007500000000000000,-0.005000000000000000,0.000000000000000000
16.080402010050251256,0.015999999999999999,1.000000000000000000,-0.007500000000000000,-0.005000000000000000,0.000000000000000000
18.090452261306532663,0.017999999999999999,1.000000000000000000,-0.007500000000000000,-0.005000000000000000,0.000000000000000000
20.100502512562814070,0.019999999999999999,1.000000000000000000,-0.007500000000000000,-0.005000000000000000,0.000000000000000000
22.110552763819095477,0.021999999999999999,1.000000000000000000,-0.007500000000000000,-0.005000000000000000,0.000000000000000000
24.120603015075376884,0.023999999999999999,1.000000000000000000,-0.007500000000000000,-0.005000000000000000,0.000000000000000000
26.130653266331658291,0.025999999999999999,1.000000000000000000,-0.007500000000000000,-0.005000000000000000,0.000000000000000000
28.140703517587939698,0.027999999999999999,1.000000000000000000,-0.007500000000000000,-0.005000000000000000,0.000000000000000000
30.150753768844221105,0.029999999999999999,1.000000000000000000,-0.007500000000000000,-0.005000000000000000,0.000000000000000000
32.160804020100502512,0.031999999999999999,1.000000000000000000,-0.007500000000000000,-0.005000000000000000,0.000000000000000000
34.170854271356783919,0.033999999999999999,1.000000000000000000,-0.007500000000000000,-0.005000000000000000,0.000000000000000000
36.180904522613065326,0.035999999999999999,1.000000000000000000,-0.007500000000000000,-0.005000000000000000,0.000000000000000000
38.190954773869346733,0.037999999999999999,1.000000000000000000,-0.007500000000000000,-0.005000000000000000,0.000000000000000000
40.201005025125628140,0.039999999999999999,1.000000000000000000,-0.007500000000000000,-0.005000000000000000,0.000000000000000000
42.211055276381909547,0.041999999999999999,1.000000000000000000,-0.007500000000000000,-0.005000000000000000,0.000000000000000000
44.221105527638190954,0.043999999999999999,1.000000000000000000,-0.007500000000000000,-0.005000000000000000,0.000000000000000000
46.231155778894472361,0.045999999999999999,1.000000000000000000,-0.007500000000000000,-0.005000000000000000,0.000000000000000000
48.241206030150753768,0.047999999999999999,1.000000000000000000,-0.007500000000000000,-0.005000000000000000,0.000000000000000000
50.251256281407035175,0.049999999999999999,1.000000000000000000,-0.007500000000000000,-0.005000000000000000,0.000000000000000000
52.261306532663316582,0.051999999999999999,1.000000000000000000,-0.007500000000000000,-0.005000000000000000,0.000000000000000000
54.271356783919597989,0.053999999999999999,1.000000000000000000,-0.007500000000000000,-0.005000000000000000,0.000000000000000000
56.281407035175879396,0.055999999999999999,1.000000000000000000,-0.007500000000000000,-0.005000000000000000,0.000000000000000000
58.291457286432160804,0.057999999999999999,1.000000000000000000,-0.007500000000000000,-0.005000000000000000,0.000000000000000000
60.301507537688442211,0.059999999999999999,1.000000000000000000,-0.007500000000000000,-0.005000000000000000,0.000000000000000000
62.311557788944723618,0.061999999999999999,1.000000000000000000,-0.007500000000000000,-0.005000000000000000,0.000000000000000000
64.321608040201005025,0.063999999999999999,1.000000000000000000,-0.007500000000000000,-0.005000000000000000,0.000000000000000000
66.331658291457286432,0.065999999999999999,1.000000000000000000,-0.007500000000000000,-0.005000000000000000,0.000000000000000000
68.341708542713567839,0.067999999999999999,1.000000000000000000,-0.007500000000000000,-0.005000000000000000,0.000000000000000000
70.351758793969849246,0.069999999999999999,1.000000000000000000,-0.007500000000000000,-0.005000000000000000,0.000000000000000000
72.361809045226130653,0.071999999999999999,1.000000000000000000,-0.007500000000000000,-0.005000000000000000,0.000000000000000000
74.371859296482412060,0.073999999999999999,1.000000000000000000,-0.007500000000000000,-0.005000000000000000,0.000000000000000000
76.381909547738693467,0.075999999999999999,1.000000000000000000,-0.007500000000000000,-0.005000000000000000,0.000000000000000000
78.391959798994974874,0.077999999999999999,1.000000000000000000,-0.007500000000000000,-0.005000000000000000,0.000000000000000000
80.402010050251256281,0.079999999999999999,1.000000000000000000,-0.007500000000000000,-0.005000000000000000,0.000000000000000000
82.412060301507537688,0.081999999999999999,1.000000000000000000,-0.007500000000000000,-0.005000000000000000,0.000000000000000000
84.422110552763819095,0.083999999999999999,1.000000000000000000,-0.007500000000000000,-0.005000000000000000,0.000000000000000000
86.432160804020100502,0.085999999999999999,1.000000000000000000,-0.007500000000000000,-0.005000000000000000,0.000000000000000000
88.442211055276381909,0.087999999999999999,1.000000000000000000,-0.007500000000000000,-0.005000000000000000,0.000000000000000000
90.452261306532663316,0.089999999999999999,1.000000000000000000,-0.007500000000000000,-0.005000000000000000,0.000000000000000000
92.462311557788944723,0.091999999999999999,1.000000000000000000,-0.007500000000000000,-0.005000000000000000,0.000000000000000000
94.472361809045226130,0.093999999999999999,1.000000000000000000,-0.007500000000000000,-0.005000000000000000,0.000000000000000000
96.482412060301507537,0.095999999999999999,1.000000000000000000,-0.007500000000000000,-0.005000000000000000,0.000000000000000000
98.492462311557788944,0.097999999999999999,1.000000000000000000,-0.007500000000000000,-0.005000000000000000,0.000000000000000000
100.502512562814070351,0.099999999999999999,1.000000000000000000,-0.007500000000000000,-0.005000000000000000,0.000000000000000000
102.512562814070351758,0.101999999999999999,1.000000000000000000,-0.007500000000000000,-0.005000000000000000,0.000000000000000000
104.522613065326633165,0.103999999999999999,1.000000000000000000,-0.007500000000000000,-0.005000000000000000,0.000000000000000000
106.532663316582914572,0.105999999999999999,1.000000000000000000,-0.007500000000000000,-0.005000000000000000,0.000000000000000000
108.542713567839195979,0.107999999999999999,1.000000000000000000,-0.007500000000000000,-0.005000000000000000,0.000000000000000000
110.552763819095477386,0.109999999999999999,1.000000000000000000,-0.007500000000000000,-0.005000000000000000,0.000000000000000000
112.562814070351758793,0.111999999999999999,1.000000000000000000,-0.007500000000000000,-0.005000000000000000,0.000000000000000000
114.572864321608040201,0.113999999999999999,1.000000000000000000,-0.007500000000000000,-0.005000000000000000,0.000000000000000000
116.582914572864321608,0.115999999999999999,1.000000000000000000,-0.007500000000000000,-0.005000000000000000,0.000000000000000000
118.592964824120603015,0.117999999999999999,1.000000000000000000,-0.007500000000000000,-0.005000000000000000,0.000000000000000000
120.603015075376884422,0.119999999999999999,1.000000000000000000,-0.007500000000000000,-0.005000000000000000,0.000000000000000000
122.613065326633165829,0.121999999999999999,1.000000000000000000,-0.007500000000000000,-0.005000000000000000,0.000000000000000000
124.623115577889447236,0.123999999999999999,1.000000000000000000,-0.007500000000000000,-0.005000000000000000,0.000000000000000000
126.633165829145728643,0.125999999999999999,1.000000000000000000,-0.007500000000000000,-0.005000000000000000,0.000000000000000000
128.643216080402010050,0.127999999999999999,1.000000000000000000,-0.007500000000000000,-0.005000000000000000,0.000000000000000000
130.653266331658291457,0.129999999999999999,1.000000000000000000,-0.007500000000000000,-0.005000000000000000,0.000000000000000000
132.663316582914572864,0.131999999999999999,1.000000000000000000,-0.007500000000000000,-0.005000000000000000,0.000000000000000000
134.673366834170854271,0.133999999999999999,1.000000000000000000,-0.007500000000000000,-0.005000000000000000,0.000000000000000000
136.683417085427135678,0.135999999999999999,1.000000000000000000,-0.007500000000000000,-0.005000000000000000,0.000000000000000000
138.693467336683417085,0.137999999999999999,1.000000000000000000,-0.007500000000000000,-0.005000000000000000,0.000000000000000000
140.703517587939698492,0.139999999999999999,1.000000000000000000,-0.007500000000000000,-0.005000000000000000,0.000000000000000000
142.713567839195979899,0.141999999999999999,1.000000000000000000,-0.007500000000000000,-0.005000000000000000,0.000000000000000000
144.723618090452261306,0.143999999999999999,1.000000000000000000,-0.007500000000000000,-0.005000000000000000,0.000000000000000000
146.733668341708542713,0.145999999999999999,1.000000000000000000,-0.007500000000000000,-0.005000000000000000,0.000000000000000000
148.743718592964824120,0.147999999999999999,1.000000000000000000,-0.007500000000000000,-0.005000000000000000,0.000000000000000000
150.753768844221105527,0.149999999999999999,1.000000000000000000,-0.007500000000000000,-0.005000000000000000,0.000000000000000000
152.763819095477386934,0.151999999999999999,1.000000000000000000,-0.007500000000000000,-0.005000000000000000,0.000000000000000000
154.773869346733668341,0.153999999999999999,1.000000000000000000,-0.007500000000000000,-0.005000000000000000,0.000000000000000000
156.783919597989949748,0.155999999999999999,1.000000000000000000,-0.007500000000000000,-0.005000000000000000,0.000000000000000000
158.793969849246231155,0.157999999999999999,1.000000000000000000,-0.007500000000000000,-0.005000000000000000,0.000000000000000000
160.804020100502512562,0.159999999999999999,1.000000000000000000,-0.007500000000000000,-0.005000000000000000,0.000000000000000000
162.814070351758793969,0.161999999999999999,1.000000000000000000,-0.007500000000000000,-0.005000000000000000,0.000000000000000000
164.824120603015075376,0.163999999999999999,1.000000000000000000,-0.007500000000000000,-0.005000000000000000,0.000000000000000000
166.834170854271356783,0.165999999999999999,1.000000000000000000,-0.007500000000000000,-0.005000000000000000,0.000000000000000000
168.844221105527638190,0.167999999999999999,1.000000000000000000,-0.007500000000000000,-0.005000000000000000,0.000000000000000000
170.854271356783919597,0.169999999999999999,1.000000000000000000,-0.007500000000000000,-0.005000000000000000,0.000000000000000000
172.864321608040201005,0.171999999999999999,1.000000000000000000,-0.007500000000000000,-0.005000000000000000,0.000000000000000000
174.874371859296482412,0.173999999999999999,1.000000000000000000,-0.007500000000000000,-0.005000000000000000,0.000000000000000000
176.884422110552763819,0.175999999999999999,1.000000000000000000,-0.007500000000000000,-0.005000000000000000,0.000000000000000000
178.894472361809045226,0.177999999999999999,1.000000000000000000,-0.007500000000000000,-0.005000000000000000,0.000000000000000000
180.904522613065326633,0.179999999999999999,1.000000000000000000,-0.007500000000000000,-0.005000000000000000,0.000000000000000000
182.914572864321608040,0.181999999999999999,1.000000000000000000,-0.007500000000000000,-0.005000000000000000,0.000000000000000000
184.924623115577889447,0.183999999999999999,1.000000000000000000,-0.007500000000000000,-0.005000000000000000,0.000000000000000000
186.934673366834170854,0.185999999999999999,1.000000000000000000,-0.007500000000000000,-0.005000000000000000,0.000000000000000000
188.944723618090452261,0.187999999999999999,1.000000000000000000,-0.007500000000000000,-0.005000000000000000,0.000000000000000000
190.954773869346733668,0.189999999999999999,1.000000000000000000,-0.007500000000000000,-0.005000000000000000,0.000000000000000000
192.964824120603015075,0.191999999999999999,1.000000000000000000,-0.007500000000000000,-0.005000000000000000,0.000000000000000000
194.974874371859296482,0.193999999999999999,1.000000000000000000,-0.007500000000000000,-0.005000000000000000,0.000000000000000000
196.984924623115577889,0.195999999999999999,1.000000000000000000,-0.007500000000000000,-0.005000000000000000,0.000000000000000000
198.994974874371859296,0.197999999999999999,1.000000000000000000,-0.007500000000000000,-0.005000000000000000,0.000000000000000000
201.005025125628140703,0.199999999999999999,1.000000000000000000,-0.007500000000000000,-0.005000000000000000,0.000000000000000000
203.015075376884422110,0.201999999999999999,1.000000000000000000,-0.007500000000000000,-0.005000000000000000,0.000000000000000000
205.025125628140703517,0.203999999999999999,1.000000000000000000,-0.007500000000000000,-0.005000000000000000,0.000000000000000000
207.035175879396984924,0.205999999999999999,1.000000000000000000,-0.007500000000000000,-0.005000000000000000,0.000000000000000000
209.045226130653266331,0.207999999999999999,1.000000000000000000,-0.007500000000000000,-0.005000000000000000,0.000000000000000000
211.055276381909547738,0.209999999999999999,1.000000000000000000,-0.007500000000000000,-0.005000000000000000,0.000000000000000000
213.065326633165829145,0.211999999999999999,1.000000000000000000,-0.007500000000000000,-0.005000000000000000,0.000000000000000000
215.075376884422110552,0.213999999999999999,1.000000000000000000,-0.007500000000000000,-0.005000000000000000,0.000000000000000000
217.085427135678391959,0.215999999999999999,1.000000000000000000,-0.007500000000000000,-0.005000000000000000,0.000000000000000000
219.095477386934673366,0.217999999999999999,1.000000000000000000,-0.007500000000000000,-0.005000000000000000,0.000000000000000000
221.105527638190954773,0.219999999999999999,1.000000000000000000,-0.007500000000000000,-0.005000000000000000,0.000000000000000000
223.115577889447236180,0.221999999999999999,1.000000000000000000,-0.007500000000000000,-0.005000000000000000,0.000000000000000000
225.125628140703517587,0.223999999999999999,1.000000000000000000,-0.007500000000000000,-0.005000000000000000,0.000000000000000000
227.135678391959798994,0.225999999999999999,1.000000000000000000,-0.007500000000000000,-0.005000000000000000,0.000000000000000000
229.145728643216080402,0.227999999999999999,1.000000000000000000,-0.007500000000000000,-0.005000000000000000,0.000000000000000000
231.155778894472361809,0.229999999999999999,1.000000000000000000,-0.007500000000000000,-0.005000000000000000,0.000000000000000000
233.165829145728643216,0.231999999999999999,1.000000000000000000,-0.007500000000000000,-0.005000000000000000,0.000000000000000000
235.175879396984924623,0.233999999999999999,1.000000000000000000,-0.007500000000000000,-0.005000000000000000,0.000000000000000000
237.185929648241206030,0.235999999999999999,1.000000000000000000,-0.007500000000000000,-0.005000000000000000,0.000000000000000000
239.195979899497487437,0.237999999999999999,1.000000000000000000,-0.007500000000000000,-0.005000000000000000,0.000000000000000000
241.206030150753768844,0.239999999999999999,1.000000000000000000,-0.007500000000000000,-0.005000000000000000,0.000000000000000000
243.216080402010050251,0.241999999999999999,1.000000000000000000,-0.007500000000000000,-0.005000000000000000,0.000000000000000000
245.226130653266331658,0.243999999999999999,1.000000000000000000,-0.007500000000000000,-0.005000000000000000,0.000000000000000000
247.236180904522613065,0.245999999999999999,1.000000000000000000,-0.007500000000000000,-0.005000000000000000,0.000000000000000000
249.246231155778894472,0.247999999999999999,1.000000000000000000,-0.007500000000000000,-0.005000000000000000,0.000000000000000000
251.256281407035175879,0.249999999999999999,1.000000000000000000,-0.007500000000000000,-0.005000000000000000,0.000000000000000000
253.266331658291457286,0.251999999999999999,1.000000000000000000,-0.007500000000000000,-0.005000000000000000,0.000000000000000000
255.276381909547738693,0.253999999999999999,1.000000000000000000,-0.007500000000000000,-0.005000000000000000,0.000000000000000000
257.286432160804020100,0.255999999999999999,1.000000000000000000,-0.007500000000000000,-0.005000000000000000,0.000000000000000000
259.296482412060301507,0.257999999999999999,1.000000000000000000,-0.007500000000000000,-0.005000000000000000,0.000000000000000000
261.306532663316582914,0.259999999999999999,1.000000000000000000,-0.007500000000000000,-0.005000000000000000,0.000000000000000000
263.316582914572864321,0.261999999999999999,1.000000000000000000,-0.007500000000000000,-0.005000000000000000,0.000000000000000000
265.326633165829145728,0.263999999999999999,1.000000000000000000,-0.007500000000000000,-0.005000000000000000,0.000000000000000000
267.336683417085427135,0.265999999999999999,1.000000000000000000,-0.007500000000000000,-0.005000000000000000,0.000000000000000000
269.346733668341708542,0.267999999999999999,1.000000000000000000,-0.007500000000000000,-0.005000000000000000,0.000000000000000000
271.356783919597989949,0.269999999999999999,1.000000000000000000,-0.007500000000000000,-0.005000000000000000,0.000000000000000000
273.366834170854271356,0.271999999999999999,1.000000000000000000,-0.007500000000000000,-0.005000000000000000,0.000000000000000000
275.376884422110552763,0.273999999999999999,1.000000000000000000,-0.007500000000000000,-0.005000000000000000,0.000000000000000000
277.386934673366834170,0.275999999999999999,1.000000000000000000,-0.007500000000000000,-0.005000000000000000,0.000000000000000000
279.396984924623115577,0.277999999999999999,1.000000000000000000,-0.007500000000000000,-0.005000000000000000,0.000000000000000000
281.407035175879396984,0.279999999999999999,1.000000000000000000,-0.007500000000000000,-0.005000000000000000,0.000000000000000000
283.417085427135678391,0.281999999999999999,1.000000000000000000,-0.007500000000000000,-0.005000000000000000,0.000000000000000000
285.427135678391959798,0.283999999999999999,1.000000000000000000,-0.007500000000000000,-0.005000000000000000,0.000000000000000000
287.437185929648241206,0.285999999999999999,1.000000000000000000,-0.007500000000000000,-0.005000000000000000,0.000000000000000000
289.447236180904522613,0.287999999999999999,1.000000000000000000,-0.007500000000000000,-0.005000000000000000,0.000000000000000000
291.457286432160804020,0.289999999999999999,1.000000000000000000,-0.007500000000000000,-0.005000000000000000,0.000000000000000000
293.467336683417085427,0.291999999999999999,1.000000000000000000,-0.007500000000000000,-0.005000000000000000,0.000000000000000000
295.477386934673366834,0.293999999999999999,1.000000000000000000,-0.007500000000000000,-0.005000000000000000,0.000000000000000000
297.487437185929648241,0.295999999999999999,1.000000000000000000,-0.007500000000000000,-0.005000000000000000,0.000000000000000000
299.497487437185929648,0.297999999999999999,1.000000000000000000,-0.007500000000000000,-0.005000000000000000,0.000000000000000000
301.507537688442211055,0.299999999999999999,1.000000000000000000,-0.007500000000000000,-0.005000000000000000,0.000000000000000000
303.517587939698492462,0.301999999999999999,1.000000000000000000,-0.007500000000000000,-0.005000000000000000,0.000000000000000000
305.527638190954773869,0.303999999999999999,1.000000000000000000,-0.007500000000000000,-0.005000000000000000,0.000000000000000000
307.537688442211055276,0.305999999999999999,1.000000000000000000,-0.007500000000000000,-0.005000000000000000,0.000000000000000000
309.547738693467336683,0.307999999999999999,1.000000000000000000,-0.007500000000000000,-0.005000000000000000,0.000000000000000000
311.557788944723618090,0.309999999999999999,1.000000000000000000,-0.007500000000000000,-0.005000000000000000,0.000000000000000000
313.567839195979899497,0.311999999999999999,1.000000000000000000,-0.007500000000000000,-0.005000000000000000,0.000000000000000000
315.577889447236180904,0.313999999999999999,1.000000000000000000,-0.007500000000000000,-0.005000000000000000,0.000000000000000000
317.587939698492462311,0.315999999999999999,1.000000000000000000,-0.007500000000000000,-0.005000000000000000,0.000000000000000000
319.597989949748743718,0.317999999999999999,1.000000000000000000,-0.007500000000000000,-0.005000000000000000,0.000000000000000000
321.608040201005025125,0.319999999999999999,1.000000000000000000,-0.007500000000000000,-0.005000000000000000,0.000000000000000000
323.618090452261306532,0.321999999999999999,1.000000000000000000,-0.007500000000000000,-0.005000000000000000,0.000000000000000000
325.628140703517587939,0.323999999999999999,1.000000000000000000,-0.007500000000000000,-0.005000000000000000,0.000000000000000000
327.638190954773869346,0.325999999999999999,1.000000000000000000,-0.007500000000000000,-0.005000000000000000,0.000000000000000000
329.648241206030150753,0.327999999999999999,1.000000000000000000,-0.007500000000000000,-0.005000000000000000,0.000000000000000000
331.658291457286432160,0.329999999999999999,1.000000000000000000,-0.007500000000000000,-0.005000000000000000,0.000000000000000000
333.668341708542713567,0.331999999999999999,1.000000000000000000,-0.007500000000000000,-0.005000000000000000,0.000000000000000000
335.678391959798994974,0.333999999999999999,1.000000000000000000,-0.007500000000000000,-0.005000000000000000,0.000000000000000000
337.688442211055276381,0.335999999999999999,1.000000000000000000,-0.007500000000000000,-0.005000000000000000,0.000000000000000000
339.698492462311557788,0.337999999999999999,1.000000000000000000,-0.007500000000000000,-0.005000000000000000,0.000000000000000000
341.708542713567839195,0.339999999999999999,1.000000000000000000,-0.007500000000000000,-0.005000000000000000,0.000000000000000000
343.718592964824120603,0.341999999999999999,1.000000000000000000,-0.007500000000000000,-0.005000000000000000,0.000000000000000000
345.728643216080402010,0.343999999999999999,1.000000000000000000,-0.007500000000000000,-0.005000000000000000,0.000000000000000000
347.738693467336683417,0.345999999999999999,1.000000000000000000,-0.007500000000000000,-0.005000000000000000,0.000000000000000000
349.748743718592964824,0.347999999999999999,1.000000000000000000,-0.007500000000000000,-0.005000000000000000,0.000000000000000000
351.758793969849246231,0.349999999999999999,1.000000000000000000,-0.007500000000000000,-0.005000000000000000,0.000000000000000000
353.768844221105527638,0.351999999999999999,1.000000000000000000,-0.007500000000000000,-0.005000000000000000,0.000000000000000000
355.778894472361809045,0.353999999999999999,1.000000000000000000,-0.007500000000000000,-0.005000000000000000,0.000000000000000000
357.788944723618090452,0.355999999999999999,1.000000000000000000,-0.007500000000000000,-0.005000000000000000,0.000000000000000000
359.798994974874371859,0.357999999999999999,1.000000000000000000,-0.007500000000000000,-0.005000000000000000,0.000000000000000000
361.809045226130653266,0.359999999999999999,1.000000000000000000,-0.007500000000000000,-0.005000000000000000,0.000000000000000000
363.819095477386934673,0.361999999999999999,1.000000000000000000,-0.007500000000000000,-0.005000000000000000,0.000000000000000000
365.829145728643216080,0.363999999999999999,1.000000000000000000,-0.007500000000000000,-0.005000000000000000,0.000000000000000000
367.839195979899497487,0.365999999999999999,1.000000000000000000,-0.007500000000000000,-0.005000000000000000,0.000000000000000000
369.849246231155778894,0.367999999999999999,1.000000000000000000,-0.007500000000000000,-0.005000000000000000,0.000000000000000000
371.859296482412060301,0.369999999999999999,1.000000000000000000,-0.007500000000000000,-0.005000000000000000,0.000000000000000000
373.869346733668341708,0.371999999999999999,1.000000000000000000,-0.007500000000000000,-0.005000000000000000,0.000000000000000000
375.879396984924623115,0.373999999999999999,1.000000000000000000,-0.007500000000000000,-0.005000000000000000,0.000000000000000000
377.889447236180904522,0.375999999999999999,1.000000000000000000,-0.007500000000000000,-0.005000000000000000,0.000000000000000000
379.899497487437185929,0.377999999999999999,1.000000000000000000,-0.007500000000000000,-0.005000000000000000,0.000000000000000000
381.909547738693467336,0.379999999999999999,1.000000000000000000,-0.007500000000000000,-0.005000000000000000,0.000000000000000000
383.919597989949748743,0.381999999999999999,1.000000000000000000,-0.007500000000000000,-0.005000000000000000,0.000000000000000000
385.929648241206030150,0.383999999999999999,1.000000000000000000,-0.007500000000000000,-0.005000000000000000,0.000000000000000000
387.939698492462311557,0.385999999999999999,1.000000000000000000,-0.007500000000000000,-0.005000000000000000,0.000000000000000000
389.949748743718592964,0.387999999999999999,1.000000000000000000,-0.007500000000000000,-0.005000000000000000,0.000000000000000000
391.959798994974874371,0.389999999999999999,1.000000000000000000,-0.007500000000000000,-0.005000000000000000,0.000000000000000000
393.969849246231155778,0.391999999999999999,1.000000000000000000,-0.007500000000000000,-0.005000000000000000,0.000000000000000000
395.979899497487437185,0.393999999999999999,1.000000000000000000,-0.007500000000000000,-0.005000000000000000,0.000000000000000000
397.989949748743718592,0.395999999999999999,1.000000000000000000,-0.007500000000000000,-0.005000000000000000,0.000000000000000000
400.000000000000000000,0.398000000000000000,1.000000000000000000,-0.007500000000000000,-0.005000000000000000,0.000000000000000000
402.010050251256281407,0.399999999999999999,1.000000000000000000,-0.007500000000000000,-0.005000000000000000,0.000000000000000000
404.020100502512562814,0.401999999999999999,1.000000000000000000,-0.007500000000000000,-0.005000000000000000,0.000000000000000000
406.030150753768844221,0.403999999999999999,1.000000000000000000,-0.007500000000000000,-0.005000000000000000,0.000000000000000000
408.040201005025125628,0.405999999999999999,1.000000000000000000,-0.007500000000000000,-0.005000000000000000,0.000000000000000000
410.050251256281407035,0.407999999999999999,1.000000000000000000,-0.007500000000000000,-0.005000000000000000,0.000000000000000000
412.060301507537688442,0.409999999999999999,1.000000000000000000,-0.007500000000000000,-0.005000000000000000,0.000000000000000000
414.070351758793969849,0.411999999999999999,1.000000000000000000,-0.007500000000000000,-0.005000000000000000,0.000000000000000000
416.080402010050251256,0.413999999999999999,1.000000000000000000,-0.007500000000000000,-0.005000000000000000,0.000000000000000000
418.090452261306532663,0.415999999999999999,1.000000000000000000,-0.007500000000000000,-0.005000000000000000,0.000000000000000000
420.100502512562814070,0.417999999999999999,1.000000000000000000,-0.007500000000000000,-0.005000000000000000,0.000000000000000000
422.110552763819095477,0.419999999999999999,1.000000000000000000,-0.007500000000000000,-0.005000000000000000,0.000000000000000000
424.120603015075376884,0.421999999999999999,1.000000000000000000,-0.007500000000000000,-0.005000000000000000,0.000000000000000000
426.130653266331658291,0.423999999999999999,1.000000000000000000,-0.007500000000000000,-0.005000000000000000,0.000000000000000000
428.140703517587939698,0.425999999999999999,1.000000000000000000,-0.007500000000000000,-0.005000000000000000,0.000000000000000000
430.150753768844221105,0.427999999999999999,1.000000000000000000,-0.007500000000000000,-0.005000000000000000,0.000000000000000000
432.160804020100502512,0.429999999999999999,1.000000000000000000,-0.007500000000000000,-0.005000000000000000,0.000000000000000000
434.170854271356783919,0.431999999999999999,1.000000000000000000,-0.007500000000000000,-0.005000000000000000,0.000000000000000000
436.180904522613065326,0.433999999999999999,1.000000000000000000,-0.007500000000000000,-0.005000000000000000,0.000000000000000000
438.190954773869346733,0.435999999999999999,1.000000000000000000,-0.007500000000000000,-0.005000000000000000,0.000000000000000000
440.201005025125628140,0.437999999999999999,1.000000000000000000,-0.007500000000000000,-0.005000000000000000,0.000000000000000000
442.211055276381909547,0.439999999999999999,1.000000000000000000,-0.007500000000000000,-0.005000000000000000,0.000000000000000000
444.221105527638190954,0.441999999999999999,1.000000000000000000,-0.007500000000000000,-0.005000000000000000,0.000000000000000000
446.231155778894472361,0.443999999999999999,1.000000000000000000,-0.007500000000000000,-0.005000000000000000,0.000000000000000000
448.241206030150753768,0.445999999999999999,1.000000000000000000,-0.007500000000000000,-0.005000000000000000,0.000000000000000000
450.251256281407035175,0.447999999999999999,1.000000000000000000,-0.007500000000000000,-0.005000000000000000,0.000000000000000000
452.261306532663316582,0.449999999999999999,1.000000000000000000,-0.007500000000000000,-0.005000000000000000,0.000000000000000000
454.271356783919597989,0.451999999999999999,1.000000000000000000,-0.007500000000000000,-0.005000000000000000,0.000000000000000000
456.281407035175879396,0.453999999999999999,1.000000000000000000,-0.007500000000000000,-0.005000000000000000,0.000000000000000000
458.291457286432160804,0.455999999999999999,1.000000000000000000,-0.007500000000000000,-0.005000000000000000,0.000000000000000000
460.301507537688442211,0.457999999999999999,1.000000000000000000,-0.007500000000000000,-0.005000000000000000,0.000000000000000000
462.311557788944723618,0.459999999999999999,1.000000000000000000,-0.007500000000000000,-0.005000000000000000,0.000000000000000000
464.321608040201005025,0.461999999999999999,1.000000000000000000,-0.007500000000000000,-0.005000000000000000,0.000000000000000000
466.331658291457286432,0.463999999999999999,1.000000000000000000,-0.007500000000000000,-0.005000000000000000,0.000000000000000000
468.341708542713567839,0.465999999999999999,1.000000000000000000,-0.007500000000000000,-0.005000000000000000,0.000000000000000000
470.351758793969849246,0.467999999999999999,1.000000000000000000,-0.007500000000000000,-0.005000000000000000,0.000000000000000000
472.361809045226130653,0.469999999999999999,1.000000000000000000,-0.007500000000000000,-0.005000000000000000,0.000000000000000000
474.371859296482412060,0.471999999999999999,1.000000000000000000,-0.007500000000000000,-0.005000000000000000,0.000000000000000000
476.381909547738693467,0.473999999999999999,1.000000000000000000,-0.007500000000000000,-0.005000000000000000,0.000000000000000000
478.391959798994974874,0.475999999999999999,1.000000000000000000,-0.007500000000000000,-0.005000000000000000,0.000000000000000000
480.402010050251256281,0.477999999999999999,1.000000000000000000,-0.007500000000000000,-0.005000000000000000,0.000000000000000000
482.412060301507537688,0.479999999999999999,1.000000000000000000,-0.007500000000000000,-0.005000000000000000,0.000000000000000000
484.422110552763819095,0.481999999999999999,1.000000000000000000,-0.007500000000000000,-0.005000000000000000,0.000000000000000000
486.432160804020100502,0.483999999999999999,1.000000000000000000,-0.007500000000000000,-0.005000000000000000,0.000000000000000000
488.442211055276381909,0.485999999999999999,1.000000000000000000,-0.007500000000000000,-0.005000000000000000,0.000000000000000000
490.452261306532663316,0.487999999999999999,1.000000000000000000,-0.007500000000000000,-0.005000000000000000,0.000000000000000000
492.462311557788944723,0.489999999999999999,1.000000000000000000,-0.007500000000000000,-0.005000000000000000,0.000000000000000000
494.472361809045226130,0.491999999999999999,1.000000000000000000,-0.007500000000000000,-0.005000000000000000,0.000000000000000000
496.482412060301507537,0.493999999999999999,1.000000000000000000,-0.007500000000000000,-0.005000000000000000,0.000000000000000000
498.492462311557788944,0.495999999999999999,1.000000000000000000,-0.007500000000000000,-0.005000000000000000,0.000000000000000000
500.502512562814070351,0.497999999999999999,1.000000000000000000,-0.007500000000000000,-0.005000000000000000,0.000000000000000000
502.512562814070351758,0.499999999999999999,1.000000000000000000,-0.007500000000000000,-0.005000000000000000,0.000000000000000000
504.522613065326633165,0.501999999999999999,1.000000000000000000,-0.007500000000000000,-0.005000000000000000,0.000000000000000000
506.532663316582914572,0.503999999999999999,1.000000000000000000,-0.007500000000000000,-0.005000000000000000,0.000000000000000000
508.542713567839195979,0.505999999999999999,1.000000000000000000,-0.007500000000000000,-0.005000000000000000,0.000000000000000000
510.552763819095477386,0.507999999999999999,1.000000000000000000,-0.007500000000000000,-0.005000000000000000,0.000000000000000000
512.562814070351758793,0.509999999999999999,1.000000000000000000,-0.007500000000000000,-0.005000000000000000,0.000000000000000000
514.572864321608040201,0.511999999999999999,1.000000000000000000,-0.007500000000000000,-0.005000000000000000,0.000000000000000000
516.582914572864321608,0.513999999999999999,1.000000000000000000,-0.007500000000000000,-0.005000000000000000,0.000000000000000000
518.592964824120603015,0.515999999999999999,1.000000000000000000,-0.007500000000000000,-0.005000000000000000,0.000000000000000000
520.603015075376884422,0.517999999999999999,1.000000000000000000,-0.007500000000000000,-0.005000000000000000,0.000000000000000000
522.613065326633165829,0.519999999999999999,1.000000000000000000,-0.007500000000000000,-0.005000000000000000,0.000000000000000000
524.623115577889447236,0.521999999999999999,1.000000000000000000,-0.007500000000000000,-0.005000000000000000,0.000000000000000000
526.633165829145728643,0.523999999999999999,1.000000000000000000,-0.007500000000000000,-0.005000000000000000,0.000000000000000000
528.643216080402010050,0.525999999999999999,1.000000000000000000,-0.007500000000000000,-0.005000000000000000,0.000000000000000000
530.653266331658291457,0.527999999999999999,1.000000000000000000,-0.007500000000000000,-0.005000000000000000,0.000000000000000000
532.663316582914572864,0.529999999999999999,1.000000000000000000,-0.007500000000000000,-0.005000000000000000,0.000000000000000000
534.673366834170854271,0.531999999999999999,1.000000000000000000,-0.007500000000000000,-0.005000000000000000,0.000000000000000000
536.683417085427135678,0.533999999999999999,1.000000000000000000,-0.007500000000000000,-0.005000000000000000,0.000000000000000000
538.693467336683417085,0.535999999999999999,1.000000000000000000,-0.007500000000000000,-0.005000000000000000,0.000000000000000000
540.703517587939698492,0.537999999999999999,1.000000000000000000,-0.007500000000000000,-0.005000000000000000,0.000000000000000000
542.713567839195979899,0.539999999999999999,1.000000000000000000,-0.007500000000000000,-0.005000000000000000,0.000000000000000000
544.723618090452261306,0.541999999999999999,1.000000000000000000,-0.007500000000000000,-0.005000000000000000,0.000000000000000000
546.733668341708542713,0.543999999999999999,1.000000000000000000,-0.007500000000000000,-0.005000000000000000,0.000000000000000000
548.743718592964824120,0.545999999999999999,1.000000000000000000,-0.007500000000000000,-0.005000000000000000,0.000000000000000000
550.753768844221105527,0.547999999999999999,1.000000000000000000,-0.007500000000000000,-0.005000000000000000,0.000000000000000000
552.763819095477386934,0.549999999999999999,1.000000000000000000,-0.007500000000000000,-0.005000000000000000,0.000000000000000000
554.773869346733668341,0.551999999999999999,1.000000000000000000,-0.007500000000000000,-0.005000000000000000,0.000000000000000000
556.783919597989949748,0.553999999999999999,1.000000000000000000,-0.007500000000000000,-0.005000000000000000,0.000000000000000000
558.793969849246231155,0.555999999999999999,1.000000000000000000,-0.007500000000000000,-0.005000000000000000,0.000000000000000000
560.804020100502512562,0.557999999999999999,1.000000000000000000,-0.007500000000000000,-0.005000000000000000,0.000000000000000000
562.814070351758793969,0.559999999999999999,1.000000000000000000,-0.007500000000000000,-0.005000000000000000,0.000000000000000000
564.824120603015075376,0.561999999999999999,1.000000000000000000,-0.007500000000000000,-0.005000000000000000,0.000000000000000000
566.834170854271356783,0.563999999999999999,1.000000000000000000,-0.007500000000000000,-0.005000000000000000,0.000000000000000000
568.844221105527638190,0.565999999999999999,1.000000000000000000,-0.007500000000000000,-0.005000000000000000,0.000000000000000000
570.854271356783919597,0.567999999999999999,1.000000000000000000,-0.007500000000000000,-0.005000000000000000,0.000000000000000000
572.864321608040201005,0.569999999999999999,1.000000000000000000,-0.007500000000000000,-0.005000000000000000,0.000000000000000000
574.874371859296482412,0.571999999999999999,1.000000000000000000,-0.007500000000000000,-0.005000000000000000,0.000000000000000000
576.884422110552763819,0.573999999999999999,1.000000000000000000,-0.007500000000000000,-0.005000000000000000,0.000000000000000000
578.894472361809045226,0.575999999999999999,1.000000000000000000,-0.007500000000000000,-0.005000000000000000,0.000000000000000000
580.904522613065326633,0.577999999999999999,1.000000000000000000,-0.007500000000000000,-0.005000000000000000,0.000000000000000000
582.914572864321608040,0.579999999999999999,1.000000000000000000,-0.007500000000000000,-0.005000000000000000,0.000000000000000000
584.924623115577889447,0.581999999999999999,1.000000000000000000,-0.007500000000000000,-0.005000000000000000,0.000000000000000000
586.934673366834170854,0.583999999999999999,1.000000000000000000,-0.007500000000000000,-0.005000000000000000,0.000000000000000000
588.944723618090452261,0.585999999999999999,1.000000000000000000,-0.007500000000000000,-0.005000000000000000,0.000000000000000000
590.954773869346733668,0.587999999999999999,1.000000000000000000,-0.007500000000000000,-0.005000000000000000,0.000000000000000000
592.964824120603015075,0.589999999999999999,1.000000000000000000,-0.007500000000000000,-0.005000000000000000,0.000000000000000000
594.974874371859296482,0.591999999999999999,1.000000000000000000,-0.007500000000000000,-0.005000000000000000,0.000000000000000000
596.984924623115577889,0.593999999999999999,1.000000000000000000,-0.007500000000000000,-0.005000000000000000,0.000000000000000000
598.994974874371859296,0.595999999999999999,1.000000000000000000,-0.007500000000000000,-0.005000000000000000,0.000000000000000000
601.005025125628140703,0.597999999999999999,1.000000000000000000,-0.007500000000000000,-0.005000000000000000,0.000000000000000000
603.015075376884422110,0.599999999999999999,1.000000000000000000,-0.007500000000000000,-0.005000000000000000,0.000000000000000000
605.025125628140703517,0.601999999999999999,1.000000000000000000,-0.007500000000000000,-0.005000000000000000,0.000000000000000000
607.035175879396984924,0.603999999999999999,1.000000000000000000,-0.007500000000000000,-0.005000000000000000,0.000000000000000000
609.045226130653266331,0.605999999999999999,1.000000000000000000,-0.007500000000000000,-0.005000000000000000,0.000000000000000000
611.055276381909547738,0.607999999999999999,1.000000000000000000,-0.007500000000000000,-0.005000000000000000,0.000000000000000000
613.065326633165829145,0.609999999999999999,1.000000000000000000,-0.007500000000000000,-0.005000000000000000,0.000000000000000000
615.075376884422110552,0.611999999999999999,1.000000000000000000,-0.007500000000000000,-0.005000000000000000,0.000000000000000000
617.085427135678391959,0.613999999999999999,1.000000000000000000,-0.007500000000000000,-0.005000000000000000,0.000000000000000000
619.095477386934673366,0.615999999999999999,1.000000000000000000,-0.007500000000000000,-0.005000000000000000,0.000000000000000000
621.105527638190954773,0.617999999999999999,1.000000000000000000,-0.007500000000000000,-0.005000000000000000,0.000000000000000000
623.115577889447236180,0.619999999999999999,1.000000000000000000,-0.007500000000000000,-0.005000000000000000,0.000000000000000000
625.125628140703517587,0.621999999999999999,1.000000000000000000,-0.007500000000000000,-0.005000000000000000,0.000000000000000000
627.135678391959798994,0.623999999999999999,1.000000000000000000,-0.007500000000000000,-0.005000000000000000,0.000000000000000000
629.145728643216080402,0.625999999999999999,1.000000000000000000,-0.007500000000000000,-0.005000000000000000,0.000000000000000000
631.155778894472361809,0.627999999999999999,1.000000000000000000,-0.007500000000000000,-0.005000000000000000,0.000000000000000000
633.165829145728643216,0.629999999999999999,1.000000000000000000,-0.007500000000000000,-0.005000000000000000,0.000000000000000000
635.175879396984924623,0.631999999999999999,1.000000000000000000,-0.007500000000000000,-0.005000000000000000,0.000000000000000000
637.185929648241206030,0.633999999999999999,1.000000000000000000,-0.007500000000000000,-0.005000000000000000,0.000000000000000000
639.195979899497487437,0.635999999999999999,1.000000000000000000,-0.007500000000000000,-0.005000000000000000,0.000000000000000000
641.206030150753768844,0.637999999999999999,1.000000000000000000,-0.007500000000000000,-0.005000000000000000,0.000000000000000000
643.216080402010050251,0.639999999999999999,1.000000000000000000,-0.007500000000000000,-0.005000000000000000,0.000000000000000000
645.226130653266331658,0.641999999999999999,1.000000000000000000,-0.007500000000000000,-0.005000000000000000,0.000000000000000000
647.236180904522613065,0.643999999999999999,1.000000000000000000,-0.007500000000000000,-0.005000000000000000,0.000000000000000000
649.246231155778894472,0.645999999999999999,1.000000000000000000,-0.007500000000000000,-0.005000000000000000,0.000000000000000000
651.256281407035175879,0.647999999999999999,1.000000000000000000,-0.007500000000000000,-0.005000000000000000,0.000000000000000000
653.266331658291457286,0.649999999999999999,1.000000000000000000,-0.007500000000000000,-0.005000000000000000,0.000000000000000000
655.276381909547738693,0.651999999999999999,1.000000000000000000,-0.007500000000000000,-0.005000000000000000,0.000000000000000000
657.286432160804020100,0.653999999999999999,1.000000000000000000,-0.007500000000000000,-0.005000000000000000,0.000000000000000000
659.296482412060301507,0.655999999999999999,1.000000000000000000,-0.007500000000000000,-0.005000000000000000,0.000000000000000000
661.306532663316582914,0.657999999999999999,1.000000000000000000,-0.007500000000000000,-0.005000000000000000,0.000000000000000000
663.316582914572864321,0.659999999999999999,1.000000000000000000,-0.007500000000000000,-0.005000000000000000,0.000000000000000000
665.326633165829145728,0.661999999999999999,1.000000000000000000,-0.007500000000000000,-0.005000000000000000,0.000000000000000000
667.336683417085427135,0.663999999999999999,1.000000000000000000,-0.007500000000000000,-0.005000000000000000,0.000000000000000000
669.346733668341708542,0.665999999999999999,1.000000000000000000,-0.007500000000000000,-0.005000000000000000,0.000000000000000000
671.356783919597989949,0.667999999999999999,1.000000000000000000,-0.007500000000000000,-0.005000000000000000,0.000000000000000000
673.366834170854271356,0.669999999999999999,1.000000000000000000,-0.007500000000000000,-0.005000000000000000,0.000000000000000000
675.376884422110552763,0.671999999999999999,1.000000000000000000,-0.007500000000000000,-0.005000000000000000,0.000000000000000000
677.386934673366834170,0.673999999999999999,1.000000000000000000,-0.007500000000000000,-0.005000000000000000,0.000000000000000000
679.396984924623115577,0.675999999999999999,1.000000000000000000,-0.007500000000000000,-0.005000000000000000,0.000000000000000000
681.407035175879396984,0.677999999999999999,1.000000000000000000,-0.007500000000000000,-0.005000000000000000,0.000000000000000000
683.417085427135678391,0.679999999999999999,1.000000000000000000,-0.007500000000000000,-0.005000000000000000,0.000000000000000000
685.427135678391959798,0.681999999999999999,1.000000000000000000,-0.007500000000000000,-0.005000000000000000,0.000000000000000000
687.437185929648241206,0.683999999999999999,1.000000000000000000,-0.007500000000000000,-0.005000000000000000,0.000000000000000000
689.447236180904522613,0.685999999999999999,1.000000000000000000,-0.007500000000000000,-0.005000000000000000,0.000000000000000000
691.457286432160804020,0.687999999999999999,1.000000000000000000,-0.007500000000000000,-0.005000000000000000,0.000000000000000000
693.467336683417085427,0.689999999999999999,1.000000000000000000,-0.007500000000000000,-0.005000000000000000,0.000000000000000000
695.477386934673366834,0.691999999999999999,1.000000000000000000,-0.007500000000000000,-0.005000000000000000,0.000000000000000000
697.487437185929648241,0.693999999999999999,1.000000000000000000,-0.007500000000000000,-0.005000000000000000,0.000000000000000000
699.497487437185929648,0.695999999999999999,1.000000000000000000,-0.007500000000000000,-0.005000000000000000,0.000000000000000000
701.507537688442211055,0.697999999999999999,1.000000000000000000,-0.007500000000000000,-0.005000000000000000,0.000000000000000000
703.517587939698492462,0.699999999999999999,1.000000000000000000,-0.007500000000000000,-0.005000000000000000,0.000000000000000000
705.527638190954773869,0.701999999999999999,1.000000000000000000,-0.007500000000000000,-0.005000000000000000,0.000000000000000000
707.537688442211055276,0.703999999999999999,1.000000000000000000,-0.007500000000000000,-0.005000000000000000,0.000000000000000000
709.547738693467336683,0.705999999999999999,1.000000000000000000,-0.007500000000000000,-0.005000000000000000,0.000000000000000000
711.557788944723618090,0.707999999999999999,1.000000000000000000,-0.007500000000000000,-0.005000000000000000,0.000000000000000000
713.567839195979899497,0.709999999999999999,1.000000000000000000,-0.007500000000000000,-0.005000000000000000,0.000000000000000000
715.577889447236180904,0.711999999999999999,1.000000000000000000,-0.007500000000000000,-0.005000000000000000,0.000000000000000000
717.587939698492462311,0.713999999999999999,1.000000000000000000,-0.007500000000000000,-0.005000000000000000,0.000000000000000000
719.597989949748743718,0.715999999999999999,1.000000000000000000,-0.007500000000000000,-0.005000000000000000,0.000000000000000000
721.608040201005025125,0.717999999999999999,1.000000000000000000,-0.007500000000000000,-0.005000000000000000,0.000000000000000000
723.618090452261306532,0.719999999999999999,1.000000000000000000,-0.007500000000000000,-0.005000000000000000,0.000000000000000000
725.628140703517587939,0.721999999999999999,1.000000000000000000,-0.007500000000000000,-0.005000000000000000,0.000000000000000000
727.638190954773869346,0.723999999999999999,1.000000000000000000,-0.007500000000000000,-0.005000000000000000,0.000000000000000000
729.648241206030150753,0.725999999999999999,1.000000000000000000,-0.007500000000000000,-0.005000000000000000,0.000000000000000000
731.658291457286432160,0.727999999999999999,1.000000000000000000,-0.007500000000000000,-0.005000000000000000,0.000000000000000000
733.668341708542713567,0.729999999999999999,1.000000000000000000,-0.007500000000000000,-0.005000000000000000,0.000000000000000000
735.678391959798994974,0.731999999999999999,1.000000000000000000,-0.007500000000000000,-0.005000000000000000,0.000000000000000000
737.688442211055276381,0.733999999999999999,1.000000000000000000,-0.007500000000000000,-0.005000000000000000,0.000000000000000000
739.698492462311557788,0.735999999999999999,1.000000000000000000,-0.007500000000000000,-0.005000000000000000,0.000000000000000000
741.708542713567839195,0.737999999999999999,1.000000000000000000,-0.007500000000000000,-0.005000000000000000,0.000000000000000000
743.718592964824120603,0.739999999999999999,1.000000000000000000,-0.007500000000000000,-0.005000000000000000,0.000000000000000000
745.728643216080402010,0.741999999999999999,1.000000000000000000,-0.007500000000000000,-0.005000000000000000,0.000000000000000000
747.738693467336683417,0.743999999999999999,1.000000000000000000,-0.007500000000000000,-0.005000000000000000,0.000000000000000000
749.748743718592964824,0.745999999999999999,1.000000000000000000,-0.007500000000000000,-0.005000000000000000,0.000000000000000000
751.758793969849246231,0.747999999999999999,1.000000000000000000,-0.007500000000000000,-0.005000000000000000,0.000000000000000000
753.768844221105527638,0.749999999999999999,1.000000000000000000,-0.007500000000000000,-0.005000000000000000,0.000000000000000000
755.778894472361809045,0.751999999999999999,1.000000000000000000,-0.007500000000000000,-0.005000000000000000,0.000000000000000000
757.788944723618090452,0.753999999999999999,1.000000000000000000,-0.007500000000000000,-0.005000000000000000,0.000000000000000000
759.798994974874371859,0.755999999999999999,1.000000000000000000,-0.007500000000000000,-0.005000000000000000,0.000000000000000000
761.809045226130653266,0.757999999999999999,1.000000000000000000,-0.007500000000000000,-0.005000000000000000,0.000000000000000000
763.819095477386934673,0.759999999999999999,1.000000000000000000,-0.007500000000000000,-0.005000000000000000,0.000000000000000000
765.829145728643216080,0.761999999999999999,1.000000000000000000,-0.007500000000000000,-0.005000000000000000,0.000000000000000000
767.839195979899497487,0.763999999999999999,1.000000000000000000,-0.007500000000000000,-0.005000000000000000,0.000000000000000000
769.849246231155778894,0.765999999999999999,1.000000000000000000,-0.007500000000000000,-0.005000000000000000,0.000000000000000000
771.859296482412060301,0.767999999999999999,1.000000000000000000,-0.007500000000000000,-0.005000000000000000,0.000000000000000000
773.869346733668341708,0.769999999999999999,1.000000000000000000,-0.007500000000000000,-0.005000000000000000,0.000000000000000000
775.879396984924623115,0.771999999999999999,1.000000000000000000,-0.007500000000000000,-0.005000000000000000,0.000000000000000000
777.889447236180904522,0.773999999999999999,1.000000000000000000,-0.007500000000000000,-0.005000000000000000,0.000000000000000000
779.899497487437185929,0.775999999999999999,1.000000000000000000,-0.007500000000000000,-0.005000000000000000,0.000000000000000000
781.909547738693467336,0.777999999999999999,1.000000000000000000,-0.007500000000000000,-0.005000000000000000,0.000000000000000000
783.919597989949748743,0.779999999999999999,1.000000000000000000,-0.007500000000000000,-0.005000000000000000,0.000000000000000000
785.929648241206030150,0.781999999999999999,1.000000000000000000,-0.007500000000000000,-0.005000000000000000,0.000000000000000000
787.939698492462311557,0.783999999999999999,1.000000000000000000,-0.007500000000000000,-0.005000000000000000,0.000000000000000000
789.949748743718592964,0.785999999999999999,1.000000000000000000,-0.007500000000000000,-0.005000000000000000,0.000000000000000000
791.959798994974874371,0.787999999999999999,1.000000000000000000,-0.007500000000000000,-0.005000000000000000,0.000000000000000000
793.969849246231155778,0.789999999999999999,1.000000000000000000,-0.007500000000000000,-0.005000000000000000,0.000000000000000000
795.979899497487437185,0.791999999999999999,1.000000000000000000,-0.007500000000000000,-0.005000000000000000,0.000000000000000000
797.989949748743718592,0.793999999999999999,1.000000000000000000,-0.007500000000000000,-0.005000000000000000,0.000000000000000000
800.000000000000000000,0.796000000000000000,1.000000000000000000,-0.007500000000000000,-0.005000000000000000,0.000000000000000000
802.010050251256281407,0.797999999999999999,1.000000000000000000,-0.007500000000000000,-0.005000000000000000,0.000000000000000000
804.020100502512562814,0.799999999999999999,1.000000000000000000,-0.007500000000000000,-0.005000000000000000,0.000000000000000000
806.030150753768844221,0.801999999999999999,1.000000000000000000,-0.007500000000000000,-0.005000000000000000,0.000000000000000000
808.040201005025125628,0.803999999999999999,1.000000000000000000,-0.007500000000000000,-0.005000000000000000,0.000000000000000000
810.050251256281407035,0.805999999999999999,1.000000000000000000,-0.007500000000000000,-0.005000000000000000,0.000000000000000000
812.060301507537688442,0.807999999999999999,1.000000000000000000,-0.007500000000000000,-0.005000000000000000,0.000000000000000000
814.070351758793969849,0.809999999999999999,1.000000000000000000,-0.007500000000000000,-0.005000000000000000,0.000000000000000000
816.080402010050251256,0.811999999999999999,1.000000000000000000,-0.007500000000000000,-0.005000000000000000,0.000000000000000000
818.090452261306532663,0.813999999999999999,1.000000000000000000,-0.007500000000000000,-0.005000000000000000,0.000000000000000000
820.100502512562814070,0.815999999999999999,1.000000000000000000,-0.007500000000000000,-0.005000000000000000,0.000000000000000000
822.110552763819095477,0.817999999999999999,1.000000000000000000,-0.007500000000000000,-0.005000000000000000,0.000000000000000000
824.120603015075376884,0.819999999999999999,1.000000000000000000,-0.007500000000000000,-0.005000000000000000,0.000000000000000000
826.130653266331658291,0.821999999999999999,1.000000000000000000,-0.007500000000000000,-0.005000000000000000,0.000000000000000000
828.140703517587939698,0.823999999999999999,1.000000000000000000,-0.007500000000000000,-0.005000000000000000,0.000000000000000000
830.150753768844221105,0.825999999999999999,1.000000000000000000,-0.007500000000000000,-0.005000000000000000,0.000000000000000000
832.160804020100502512,0.827999999999999999,1.000000000000000000,-0.007500000000000000,-0.005000000000000000,0.000000000000000000
834.170854271356783919,0.829999999999999999,1.000000000000000000,-0.007500000000000000,-0.005000000000000000,0.000000000000000000
836.180904522613065326,0.831999999999999999,1.000000000000000000,-0.007500000000000000,-0.005000000000000000,0.000000000000000000
838.190954773869346733,0.833999999999999999,1.000000000000000000,-0.007500000000000000,-0.005000000000000000,0.000000000000000000
840.201005025125628140,0.835999999999999999,1.000000000000000000,-0.007500000000000000,-0.005000000000000000,0.000000000000000000
842.211055276381909547,0.837999999999999999,1.000000000000000000,-0.007500000000000000,-0.005000000000000000,0.000000000000000000
844.221105527638190954,0.839999999999999999,1.000000000000000000,-0.007500000000000000,-0.005000000000000000,0.000000000000000000
846.231155778894472361,0.841999999999999999,1.000000000000000000,-0.007500000000000000,-0.005000000000000000,0.000000000000000000
848.241206030150753768,0.843999999999999999,1.000000000000000000,-0.007500000000000000,-0.005000000000000000,0.000000000000000000
850.251256281407035175,0.845999999999999999,1.000000000000000000,-0.007500000000000000,-0.005000000000000000,0.000000000000000000
852.261306532663316582,0.847999999999999999,1.000000000000000000,-0.007500000000000000,-0.005000000000000000,0.000000000000000000
854.271356783919597989,0.849999999999999999,1.000000000000000000,-0.007500000000000000,-0.005000000000000000,0.000000000000000000
856.281407035175879396,0.851999999999999999,1.000000000000000000,-0.007500000000000000,-0.005000000000000000,0.000000000000000000
858.291457286432160804,0.853999999999999999,1.000000000000000000,-0.007500000000000000,-0.005000000000000000,0.000000000000000000
860.301507537688442211,0.855999999999999999,1.000000000000000000,-0.007500000000000000,-0.005000000000000000,0.000000000000000000
862.311557788944723618,0.857999999999999999,1.000000000000000000,-0.007500000000000000,-0.005000000000000000,0.000000000000000000
864.321608040201005025,0.859999999999999999,1.000000000000000000,-0.007500000000000000,-0.005000000000000000,0.000000000000000000
866.331658291457286432,0.861999999999999999,1.000000000000000000,-0.007500000000000000,-0.005000000000000000,0.000000000000000000
868.341708542713567839,0.863999999999999999,1.000000000000000000,-0.007500000000000000,-0.005000000000000000,0.000000000000000000
870.351758793969849246,0.865999999999999999,1.000000000000000000,-0.007500000000000000,-0.005000000000000000,0.000000000000000000
872.361809045226130653,0.867999999999999999,1.000000000000000000,-0.007500000000000000,-0.005000000000000000,0.000000000000000000
874.371859296482412060,0.869999999999999999,1.000000000000000000,-0.007500000000000000,-0.005000000000000000,0.000000000000000000
876.381909547738693467,0.871999999999999999,1.000000000000000000,-0.007500000000000000,-0.005000000000000000,0.000000000000000000
878.391959798994974874,0.873999999999999999,1.000000000000000000,-0.007500000000000000,-0.005000000000000000,0.000000000000000000
880.402010050251256281,0.875999999999999999,1.000000000000000000,-0.007500000000000000,-0.005000000000000000,0.000000000000000000
882.412060301507537688,0.877999999999999999,1.000000000000000000,-0.007500000000000000,-0.005000000000000000,0.000000000000000000
884.422110552763819095,0.879999999999999999,1.000000000000000000,-0.007500000000000000,-0.005000000000000000,0.000000000000000000
886.432160804020100502,0.881999999999999999,1.000000000000000000,-0.007500000000000000,-0.005000000000000000,0.000000000000000000
888.442211055276381909,0.883999999999999999,1.000000000000000000,-0.007500000000000000,-0.005000000000000000,0.000000000000000000
890.452261306532663316,0.885999999999999999,1.000000000000000000,-0.007500000000000000,-0.005000000000000000,0.000000000000000000
892.462311557788944723,0.887999999999999999,1.000000000000000000,-0.007500000000000000,-0.005000000000000000,0.000000000000000000
894.472361809045226130,0.889999999999999999,1.000000000000000000,-0.007500000000000000,-0.005000000000000000,0.000000000000000000
896.482412060301507537,0.891999999999999999,1.000000000000000000,-0.007500000000000000,-0.005000000000000000,0.000000000000000000
898.492462311557788944,0.893999999999999999,1.000000000000000000,-0.007500000000000000,-0.005000000000000000,0.000000000000000000
900.502512562814070351,0.895999999999999999,1.000000000000000000,-0.007500000000000000,-0.005000000000000000,0.000000000000000000
902.512562814070351758,0.897999999999999999,1.000000000000000000,-0.007500000000000000,-0.005000000000000000,0.000000000000000000
904.522613065326633165,0.899999999999999999,1.000000000000000000,-0.007500000000000000,-0.005000000000000000,0.000000000000000000
906.532663316582914572,0.901999999999999999,1.000000000000000000,-0.007500000000000000,-0.005000000000000000,0.000000000000000000
908.542713567839195979,0.903999999999999999,1.000000000000000000,-0.007500000000000000,-0.005000000000000000,0.000000000000000000
910.552763819095477386,0.905999999999999999,1.000000000000000000,-0.007500000000000000,-0.005000000000000000,0.000000000000000000
912.562814070351758793,0.907999999999999999,1.000000000000000000,-0.007500000000000000,-0.005000000000000000,0.000000000000000000
914.572864321608040201,0.909999999999999999,1.000000000000000000,-0.007500000000000000,-0.005000000000000000,0.000000000000000000
916.582914572864321608,0.911999999999999999,1.000000000000000000,-0.007500000000000000,-0.005000000000000000,0.000000000000000000
918.592964824120603015,0.913999999999999999,1.000000000000000000,-0.007500000000000000,-0.005000000000000000,0.000000000000000000
920.603015075376884422,0.915999999999999999,1.000000000000000000,-0.007500000000000000,-0.005000000000000000,0.000000000000000000
922.613065326633165829,0.917999999999999999,1.000000000000000000,-0.007500000000000000,-0.005000000000000000,0.000000000000000000
924.623115577889447236,0.919999999999999999,1.000000000000000000,-0.007500000000000000,-0.005000000000000000,0.000000000000000000
926.633165829145728643,0.921999999999999999,1.000000000000000000,-0.007500000000000000,-0.005000000000000000,0.000000000000000000
928.643216080402010050,0.923999999999999999,1.000000000000000000,-0.007500000000000000,-0.005000000000000000,0.000000000000000000
930.653266331658291457,0.925999999999999999,1.000000000000000000,-0.007500000000000000,-0.005000000000000000,0.000000000000000000
932.663316582914572864,0.927999999999999999,1.000000000000000000,-0.007500000000000000,-0.005000000000000000,0.000000000000000000
934.673366834170854271,0.929999999999999999,1.000000000000000000,-0.007500000000000000,-0.005000000000000000,0.000000000000000000
936.683417085427135678,0.931999999999999999,1.000000000000000000,-0.007500000000000000,-0.005000000000000000,0.000000000000000000
938.693467336683417085,0.933999999999999999,1.000000000000000000,-0.007500000000000000,-0.005000000000000000,0.000000000000000000
940.703517587939698492,0.935999999999999999,1.000000000000000000,-0.007500000000000000,-0.005000000000000000,0.000000000000000000
942.713567839195979899,0.937999999999999999,1.000000000000000000,-0.007500000000000000,-0.005000000000000000,0.000000000000000000
944.723618090452261306,0.939999999999999999,1.000000000000000000,-0.007500000000000000,-0.005000000000000000,0.000000000000000000
946.733668341708542713,0.941999999999999999,1.000000000000000000,-0.007500000000000000,-0.005000000000000000,0.000000000000000000
948.743718592964824120,0.943999999999999999,1.000000000000000000,-0.007500000000000000,-0.005000000000000000,0.000000000000000000
950.753768844221105527,0.945999999999999999,1.000000000000000000,-0.007500000000000000,-0.005000000000000000,0.000000000000000000
952.763819095477386934,0.947999999999999999,1.000000000000000000,-0.007500000000000000,-0.005000000000000000,0.000000000000000000
954.773869346733668341,0.949999999999999999,1.000000000000000000,-0.007500000000000000,-0.005000000000000000,0.000000000000000000
956.783919597989949748,0.951999999999999999,1.000000000000000000,-0.007500000000000000,-0.005000000000000000,0.000000000000000000
958.793969849246231155,0.953999999999999999,1.000000000000000000,-0.007500000000000000,-0.005000000000000000,0.000000000000000000
960.804020100502512562,0.955999999999999999,1.000000000000000000,-0.007500000000000000,-0.005000000000000000,0.000000000000000000
962.814070351758793969,0.957999999999999999,1.000000000000000000,-0.007500000000000000,-0.005000000000000000,0.000000000000000000
964.824120603015075376,0.959999999999999999,1.000000000000000000,-0.007500000000000000,-0.005000000000000000,0.000000000000000000
966.834170854271356783,0.961999999999999999,1.000000000000000000,-0.007500000000000000,-0.005000000000000000,0.000000000000000000
968.844221105527638190,0.963999999999999999,1.000000000000000000,-0.007500000000000000,-0.005000000000000000,0.000000000000000000
970.854271356783919597,0.965999999999999999,1.000000000000000000,-0.007500000000000000,-0.005000000000000000,0.000000000000000000
972.864321608040201005,0.967999999999999999,1.000000000000000000,-0.007500000000000000,-0.005000000000000000,0.000000000000000000
974.874371859296482412,0.969999999999999999,1.000000000000000000,-0.007500000000000000,-0.005000000000000000,0.000000000000000000
976.884422110552763819,0.971999999999999999,1.000000000000000000,-0.007500000000000000,-0.005000000000000000,0.000000000000000000
978.894472361809045226,0.973999999999999999,1.000000000000000000,-0.007500000000000000,-0.005000000000000000,0.000000000000000000
980.904522613065326633,0.975999999999999999,1.000000000000000000,-0.007500000000000000,-0.005000000000000000,0.000000000000000000
982.914572864321608040,0.977999999999999999,1.000000000000000000,-0.007500000000000000,-0.005000000000000000,0.000000000000000000
984.924623115577889447,0.979999999999999999,1.000000000000000000,-0.007500000000000000,-0.005000000000000000,0.000000000000000000
986.934673366834170854,0.981999999999999999,1.000000000000000000,-0.007500000000000000,-0.005000000000000000,0.000000000000000000
988.944723618090452261,0.983999999999999999,1.000000000000000000,-0.007500000000000000,-0.005000000000000000,0.000000000000000000
990.954773869346733668,0.985999999999999999,1.000000000000000000,-0.007500000000000000,-0.005000000000000000,0.000000000000000000
992.964824120603015075,0.987999999999999999,1.000000000000000000,-0.007500000000000000,-0.005000000000000000,0.000000000000000000
994.974874371859296482,0.989999999999999999,1.000000000000000000,-0.007500000000000000,-0.005000000000000000,0.000000000000000000
996.984924623115577889,0.991999999999999999,1.000000000000000000,-0.007500000000000000,-0.005000000000000000,0.000000000000000000
998.994974874371859296,0.993999999999999999,1.000000000000000000,-0.007500000000000000,-0.005000000000000000,0.000000000000000000
1001.005025125628140703,0.995999999999999999,1.000000000000000000,-0.007500000000000000,-0.005000000000000000,0.000000000000000000
1003.015075376884422110,0.997999999999999999,1.000000000000000000,-0.007500000000000000,-0.005000000000000000,0.000000000000000000
1005.025125628140703517,0.999999999999999999,1.000000000000000000,-0.007500000000000000,-0.005000000000000000,0.000000000000000000
1007.035175879396984924,1.001999999999999999,1.000000000000000000,-0.007499999999999999,-0.001421428571428571,1.000000000000000000
1009.045226130653266331,1.003999999999999999,1.000000000000000000,-0.007499999999999999,-0.002211111111111111,1.000000000000000000
1011.055276381909547738,1.005999999999999999,1.000000000000000000,-0.007499999999999999,-0.002713636363636363,1.000000000000000000
1013.065326633165829145,1.007999999999999999,1.000000000000000000,-0.007499999999999999,-0.003061538461538461,1.000000000000000000
1015.075376884422110552,1.009999999999999999,1.000000000000000000,-0.007499999999999999,-0.003316666666666666,1.000000000000000000
1017.085427135678391959,1.011999999999999999,1.000000000000000000,-0.007499999999999999,-0.003511764705882352,1.000000000000000000
1019.095477386934673366,1.013999999999999999,1.000000000000000000,-0.007499999999999999,-0.003665789473684210,1.000000000000000000
1021.105527638190954773,1.015999999999999999,1.000000000000000000,-0.007499999999999999,-0.003790476190476190,1.000000000000000000
1023.115577889447236180,1.017999999999999999,1.000000000000000000,-0.007499999999999999,-0.003893478260869565,1.000000000000000000
1025.125628140703517587,1.019999999999999999,1.000000000000000000,-0.007499999999999999,-0.003980000000000000,1.000000000000000000
1027.135678391959798994,1.021999999999999999,1.000000000000000000,-0.007499999999999999,-0.004053703703703703,1.000000000000000000
1029.145728643216080402,1.023999999999999999,1.000000000000000000,-0.007499999999999999,-0.004117241379310344,1.000000000000000000
1031.155778894472361809,1.025999999999999999,1.000000000000000000,-0.007499999999999999,-0.004172580645161290,1.000000000000000000
1033.165829145728643216,1.027999999999999999,1.000000000000000000,-0.007499999999999999,-0.004221212121212121,1.000000000000000000
1035.175879396984924623,1.029999999999999999,1.000000000000000000,-0.007499999999999999,-0.004264285714285714,1.000000000000000000
1037.185929648241206030,1.031999999999999999,1.000000000000000000,-0.007499999999999999,-0.004302702702702702,1.000000000000000000
1039.195979899497487437,1.033999999999999999,1.000000000000000000,-0.007499999999999999,-0.004337179487179487,1.000000000000000000
1041.206030150753768844,1.035999999999999999,1.000000000000000000,-0.007499999999999999,-0.004368292682926829,1.000000000000000000
1043.216080402010050251,1.037999999999999999,1.000000000000000000,-0.007499999999999999,-0.004396511627906976,1.000000000000000000
1045.226130653266331658,1.039999999999999999,1.000000000000000000,-0.007499999999999999,-0.004422222222222222,1.000000000000000000
1047.236180904522613065,1.041999999999999999,1.000000000000000000,-0.007499999999999999,-0.004445744680851063,1.000000000000000000
1049.246231155778894472,1.043999999999999999,1.000000000000000000,-0.007499999999999999,-0.004467346938775510,1.000000000000000000
1051.256281407035175879,1.045999999999999999,1.000000000000000000,-0.007499999999999999,-0.004487254901960784,1.000000000000000000
1053.266331658291457286,1.047999999999999999,1.000000000000000000,-0.006499999999999999,-0.004505660377358490,1.000000000000000000
1055.276381909547738693,1.049999999999999999,1.000000000000000000,-0.002499999999999999,-0.004522727272727272,1.000000000000000000
1057.286432160804020100,1.051999999999999999,1.000000000000000000,-0.002499999999999999,-0.004517337268032461,0.013615789473684187
1059.296482412060301507,1.053999999999999999,1.000000000000000000,-0.002499999999999999,-0.004320900242619917,0.013660169491525416
1061.306532663316582914,1.055999999999999999,1.000000000000000000,-0.002499999999999999,-0.004125207296849087,0.013701639344262282
1063.316582914572864321,1.057999999999999999,1.000000000000000000,-0.002499999999999999,-0.003930254210986654,0.013740476190476175
1065.326633165829145728,1.059999999999999999,1.000000000000000000,-0.002499999999999999,-0.003736036797146343,0.013776923076923060
1067.336683417085427135,1.061999999999999999,1.000000000000000000,-0.002499999999999999,-0.003542550898989047,0.013811194029850743
1069.346733668341708542,1.063999999999999999,1.000000000000000000,-0.002499999999999999,-0.003349792391426327,0.013843478260869555
1071.356783919597989949,1.065999999999999999,1.000000000000000000,-0.002499999999999999,-0.003157757180327256,0.013873943661971830
1073.366834170854271356,1.067999999999999999,1.000000000000000000,-0.002499999999999999,-0.002966441202228557,0.013902739726027390
1075.376884422110552763,1.069999999999999999,1.000000000000000000,-0.002499999999999999,-0.002775840424047984,0.013929999999999992
1077.386934673366834170,1.071999999999999999,1.000000000000000000,-0.002499999999999998,-0.002585950842800920,0.013955844155844151
1079.396984924623115577,1.073999999999999999,1.000000000000000000,-0.002499999999999999,-0.002396768485320140,0.013980379746835435
1081.407035175879396984,1.075999999999999999,1.000000000000000000,-0.002499999999999999,-0.002208289407978693,0.014003703703703690
1083.417085427135678391,1.077999999999999999,1.000000000000000000,-0.002499999999999999,-0.002020509696415879,0.014025903614457828
1085.427135678391959798,1.079999999999999999,1.000000000000000000,-0.002499999999999999,-0.001833425465266261,0.014047058823529404
1087.437185929648241206,1.081999999999999999,1.000000000000000000,-0.002499999999999999,-0.001647032857891687,0.014067241379310339
1089.447236180904522613,1.083999999999999999,1.000000000000000000,-0.002499999999999999,-0.001461328046116282,0.014086516853932572
1091.457286432160804020,1.085999999999999999,1.000000000000000000,-0.002499999999999999,-0.001276307229964358,0.014104945054945051
1093.467336683417085427,1.087999999999999999,1.000000000000000000,-0.002499999999999999,-0.001091966637401229,0.014122580645161280
1095.477386934673366834,1.089999999999999999,1.000000000000000000,-0.002499999999999999,-0.000908302524076863,0.014139473684210521
1097.487437185929648241,1.091999999999999999,1.000000000000000000,-0.002499999999999998,-0.000725311173072367,0.014155670103092778
1099.497487437185929648,1.093999999999999999,1.000000000000000000,-0.002499999999999999,-0.000542988894649240,0.014171212121212112
1101.507537688442211055,1.095999999999999999,1.000000000000000000,-0.002499999999999999,-0.000361332026001379,0.014186138613861378
1103.517587939698492462,1.097999999999999999,1.000000000000000000,-0.002499999999999999,-0.000180336931009796,0.014200485436893203
1105.527638190954773869,1.099999999999999999,1.000000000000000000,-0.002499999999999999,0.000000000000000000,0.014214285714285705
1107.537688442211055276,1.101999999999999999,1.000000000000000000,-0.002499999999999999,0.000000000000000000,0.014227570093457934
1109.547738693467336683,1.103999999999999999,1.000000000000000000,-0.002499999999999999,0.000000000000000000,0.014240366972477062
1111.557788944723618090,1.105999999999999999,1.000000000000000000,-0.002499999999999999,0.000000000000000000,0.014252702702702698
1113.567839195979899497,1.107999999999999999,1.000000000000000000,-0.002499999999999999,0.000000000000000000,0.014264601769911503
1115.577889447236180904,1.109999999999999999,1.000000000000000000,-0.002499999999999998,0.000000000000000000,0.014276086956521738
1117.587939698492462311,1.111999999999999999,1.000000000000000000,-0.002499999999999999,0.000000000000000000,0.014287179487179482
1119.597989949748743718,1.113999999999999999,1.000000000000000000,-0.002499999999999999,0.000000000000000000,0.014297899159663857
1121.608040201005025125,1.115999999999999999,1.000000000000000000,-0.002499999999999999,0.000000000000000000,0.014308264462809913
1123.618090452261306532,1.117999999999999999,1.000000000000000000,-0.002499999999999999,0.000000000000000000,0.014318292682926820
1125.628140703517587939,1.119999999999999999,1.000000000000000000,-0.002499999999999999,0.000000000000000000,0.014327999999999992
1127.638190954773869346,1.121999999999999999,1.000000000000000000,-0.002499999999999999,0.000000000000000000,0.014337401574803141
1129.648241206030150753,1.123999999999999999,1.000000000000000000,-0.002499999999999999,0.000000000000000000,0.014346511627906974
1131.658291457286432160,1.125999999999999999,1.000000000000000000,-0.002499999999999999,0.000000000000000000,0.014355343511450379
1133.668341708542713567,1.127999999999999999,1.000000000000000000,-0.002499999999999999,0.000000000000000000,0.014363909774436083
1135.678391959798994974,1.129999999999999999,1.000000000000000000,-0.002499999999999999,0.000000000000000000,0.014372222222222218
1137.688442211055276381,1.131999999999999999,1.000000000000000000,-0.002499999999999999,0.000000000000000000,0.014380291970802917
1139.698492462311557788,1.133999999999999999,1.000000000000000000,-0.002499999999999998,0.000000000000000000,0.014388129496402872
1141.708542713567839195,1.135999999999999999,1.000000000000000000,-0.002499999999999999,0.000000000000000000,0.014395744680851061
1143.718592964824120603,1.137999999999999999,1.000000000000000000,-0.002499999999999999,0.000000000000000000,0.014403146853146851
1145.728643216080402010,1.139999999999999999,1.000000000000000000,-0.002499999999999999,0.000000000000000000,0.014410344827586204
1147.738693467336683417,1.141999999999999999,1.000000000000000000,-0.002499999999999999,0.000000000000000000,0.014417346938775506
1149.748743718592964824,1.143999999999999999,1.000000000000000000,-0.000800000000000000,0.000000000000000000,0.014424161073825498
1151.758793969849246231,1.145999999999999999,1.000000000000000000,0.001466666666666666,0.000048713290107833,0.014430794701986753
1153.768844221105527638,1.147999999999999999,1.000000000000000000,0.003733333333333334,0.000122179863815445,0.014437254901960783
1155.778894472361809045,1.149999999999999999,1.000000000000000000,0.005999999999999998,0.000195371669004208,0.014443548387096769
1157.788944723618090452,1.151999999999999999,1.000000000000000000,0.005999999999999999,0.000268290870488323,0.014449681528662417
1159.798994974874371859,1.153999999999999999,1.000000000000000000,0.005999999999999998,0.000340939581221456,0.014455660377358485
1161.809045226130653266,1.155999999999999999,1.000000000000000000,0.005999999999999999,0.000413319865030411,0.014461490683229811
1163.819095477386934673,1.157999999999999999,1.000000000000000000,0.005999999999999999,0.000485433739152548,0.014467177914110422
1165.829145728643216080,1.159999999999999999,1.000000000000000000,0.005999999999999999,0.000557283176593521,0.014472727272727269
1167.839195979899497487,1.161999999999999999,1.000000000000000000,0.005999999999999999,0.000628870108320364,0.014478143712574844
1169.849246231155778894,1.163999999999999999,1.000000000000000000,0.005999999999999999,0.000700196425303483,0.014483431952662716
1171.859296482412060301,1.165999999999999999,1.000000000000000000,0.005999999999999999,0.000771263980419889,0.014488596491228069
1173.869346733668341708,1.167999999999999999,1.000000000000000000,0.005999999999999999,0.000842074590228838,0.014493641618497104
1175.879396984924623115,1.169999999999999999,1.000000000000000000,0.005999999999999999,0.000912630036630037,0.014498571428571424
1177.889447236180904522,1.171999999999999999,1.000000000000000000,0.005999999999999999,0.000982932068413644,0.014503389830508474
1179.899497487437185929,1.173999999999999999,1.000000000000000000,0.005999999999999999,0.001052982402710497,0.014508100558659217
1181.909547738693467336,1.175999999999999999,1.000000000000000000,0.005999999999999998,0.001122782726350209,0.014512707182320441
1183.919597989949748743,1.177999999999999999,1.000000000000000000,0.005999999999999998,0.001192334697134163,0.014517213114754097
1185.929648241206030150,1.179999999999999999,1.000000000000000000,0.005999999999999999,0.001261639945029776,0.014521621621621619
1187.939698492462311557,1.181999999999999999,1.000000000000000000,0.005999999999999998,0.001330700073291892,0.014525935828877001
1189.949748743718592964,1.183999999999999999,1.000000000000000000,0.005999999999999999,0.001399516659516660,0.014530158730158725
1191.959798994974874371,1.185999999999999999,1.000000000000000000,0.005999999999999998,0.001468091256632793,0.014534293193717272
1193.969849246231155778,1.187999999999999999,1.000000000000000000,0.005999999999999999,0.001536425393834720,0.014538341968911911
1195.979899497487437185,1.189999999999999999,1.000000000000000000,0.005999999999999999,0.001604520577461754,0.014542307692307686
1197.989949748743718592,1.191999999999999999,1.000000000000000000,0.005999999999999999,0.001672378291827070,0.014546192893401009
1200.000000000000000000,1.194000000000000000,1.000000000000000000,0.006000000000000000,0.001740000000000000,0.014549999999999994
1202.010050251256281407,1.195999999999999999,1.000000000000000000,0.005999999999999999,0.001807387144544834,0.014553731343283577
1204.020100502512562814,1.197999999999999999,1.000000000000000000,0.005999999999999998,0.001874541148219117,0.014557389162561575
1206.030150753768844221,1.199999999999999999,1.000000000000000000,0.005999999999999999,0.001941463414634146,0.014560975609756091
1208.040201005025125628,1.201999999999999999,1.000000000000000000,0.005999999999999998,0.001941932367149758,0.014564492753623186
1210.050251256281407035,1.203999999999999999,1.000000000000000000,0.005999999999999999,0.001942392344497608,0.014567942583732054
1212.060301507537688442,1.205999999999999999,1.000000000000000000,0.005999999999999999,0.001942843601895735,0.014571327014218007
1214.070351758793969849,1.207999999999999999,1.000000000000000000,0.005999999999999999,0.001943286384976526,0.014574647887323942
1216.080402010050251256,1.209999999999999999,1.000000000000000000,0.005999999999999999,0.001943720930232558,0.014577906976744185
1218.090452261306532663,1.211999999999999999,1.000000000000000000,0.005999999999999999,0.001944147465437788,0.014581105990783406
1220.100502512562814070,1.213999999999999999,1.000000000000000000,0.005999999999999999,0.001944566210045662,0.014584246575342463
1222.110552763819095477,1.215999999999999999,1.000000000000000000,0.005999999999999999,0.001944977375565611,0.014587330316742077
1224.120603015075376884,1.217999999999999999,1.000000000000000000,0.005999999999999999,0.001945381165919283,0.014590358744394614
1226.130653266331658291,1.219999999999999999,1.000000000000000000,0.005999999999999999,0.001945777777777778,0.014593333333333328
1228.140703517587939698,1.221999999999999999,1.000000000000000000,0.005999999999999999,0.001946167400881057,0.014596255506607925
1230.150753768844221105,1.223999999999999999,1.000000000000000000,0.005999999999999998,0.001946550218340611,0.014599126637554580
1232.160804020100502512,1.225999999999999999,1.000000000000000000,0.005999999999999998,0.001946926406926407,0.014601948051948050
1234.170854271356783919,1.227999999999999999,1.000000000000000000,0.005999999999999999,0.001947296137339056,0.014604721030042916
1236.180904522613065326,1.229999999999999999,1.000000000000000000,0.005999999999999998,0.001947659574468085,0.014607446808510636
1238.190954773869346733,1.231999999999999999,1.000000000000000000,0.005999999999999999,0.001948016877637131,0.014610126582278480
1240.201005025125628140,1.233999999999999999,1.000000000000000000,0.005999999999999999,0.001948368200836820,0.014612761506276149
1242.211055276381909547,1.235999999999999999,1.000000000000000000,0.005999999999999999,0.001948713692946058,0.014615352697095435
1244.221105527638190954,1.237999999999999999,1.000000000000000000,0.005999999999999999,0.001949053497942387,0.014617901234567901
1246.231155778894472361,1.239999999999999999,1.000000000000000000,0.005999999999999999,0.001949387755102041,0.014620408163265301
1248.241206030150753768,1.241999999999999999,1.000000000000000000,0.005999999999999999,0.001949716599190283,0.014622874493927122
1250.251256281407035175,1.243999999999999999,1.000000000000000000,0.005999999999999999,0.001950040160642570,0.014625301204819272
1252.261306532663316582,1.245999999999999999,1.000000000000000000,0.005999999999999999,0.001950358565737052,0.014627689243027883
1254.271356783919597989,1.247999999999999999,1.000000000000000000,0.005999999999999999,0.001950671936758893,0.014630039525691696
1256.281407035175879396,1.249999999999999999,1.000000000000000000,0.005999999999999999,0.001950980392156863,0.014632352941176465
1258.291457286432160804,1.251999999999999999,1.000000000000000000,0.005999999999999998,0.001951284046692607,0.014634630350194552
1260.301507537688442211,1.253999999999999999,1.000000000000000000,0.005999999999999999,0.001951583011583012,0.014636872586872582
1262.311557788944723618,1.255999999999999999,1.000000000000000000,0.005999999999999999,0.001951877394636015,0.014639080459770112
1264.321608040201005025,1.257999999999999999,1.000000000000000000,0.005999999999999999,0.001952167300380228,0.014641254752851708
1266.331658291457286432,1.259999999999999999,1.000000000000000000,0.005999999999999999,0.001952452830188679,0.014643396226415090
1268.341708542713567839,1.261999999999999999,1.000000000000000000,0.005999999999999999,0.001952734082397004,0.014645505617977525
1270.351758793969849246,1.263999999999999999,1.000000000000000000,0.005999999999999998,0.001953011152416357,0.014647583643122672
1272.361809045226130653,1.265999999999999999,1.000000000000000000,0.005999999999999999,0.001953284132841328,0.014649630996309961
1274.371859296482412060,1.267999999999999999,1.000000000000000000,0.005999999999999999,0.001953553113553114,0.014651648351648350
1276.381909547738693467,1.269999999999999999,1.000000000000000000,0.005999999999999999,0.001953818181818182,0.014653636363636363
1278.391959798994974874,1.271999999999999999,1.000000000000000000,0.005999999999999999,0.001954079422382671,0.014655595667870035
1280.402010050251256281,1.273999999999999999,1.000000000000000000,0.005999999999999998,0.001954336917562724,0.014657526881720426
1282.412060301507537688,1.275999999999999999,1.000000000000000000,0.005999999999999999,0.001954590747330961,0.014659430604982203
1284.422110552763819095,1.277999999999999999,1.000000000000000000,0.005999999999999998,0.001954840989399293,0.014661307420494697
1286.432160804020100502,1.279999999999999999,1.000000000000000000,0.005999999999999999,0.001955087719298246,0.014663157894736837
1288.442211055276381909,1.281999999999999999,1.000000000000000000,0.005999999999999999,0.001955331010452962,0.014664982578397208
1290.452261306532663316,1.283999999999999999,1.000000000000000000,0.005999999999999998,0.001955570934256055,0.014666782006920413
1292.462311557788944723,1.285999999999999999,1.000000000000000000,0.005999999999999999,0.001955807560137457,0.014668556701030926
1294.472361809045226130,1.287999999999999999,1.000000000000000000,0.005999999999999999,0.001956040955631399,0.014670307167235492
1296.482412060301507537,1.289999999999999999,1.000000000000000000,0.005999999999999999,0.001956271186440678,0.014672033898305080
1298.492462311557788944,1.291999999999999999,1.000000000000000000,0.005999999999999999,0.001956498316498317,0.014673737373737373
1300.502512562814070351,1.293999999999999999,1.000000000000000000,0.005999999999999999,0.001956722408026756,0.014675418060200665
1302.512562814070351758,1.295999999999999999,1.000000000000000000,0.005999999999999999,0.001956943521594684,0.014677076411960131
1304.522613065326633165,1.297999999999999999,1.000000000000000000,0.005999999999999999,0.001957161716171617,0.014678712871287126
1306.532663316582914572,1.299999999999999999,1.000000000000000000,0.005999999999999999,0.001957377049180328,0.014680327868852458
1308.542713567839195979,1.301999999999999999,0.009999999999999996,0.005999999999999999,0.001957589576547231,0.014681921824104231
1310.552763819095477386,1.303999999999999999,0.009999999999999996,0.005999999999999999,0.001957799352750809,0.014683495145631067
1312.562814070351758793,1.305999999999999999,0.009999999999999998,0.005999999999999999,0.001958006430868167,0.014685048231511251
1314.572864321608040201,1.307999999999999999,0.009999999999999997,0.005999999999999999,0.001958210862619808,0.014686581469648559
1316.582914572864321608,1.309999999999999999,0.009999999999999998,0.005999999999999999,0.001958412698412698,0.014688095238095235
1318.592964824120603015,1.311999999999999999,0.009999999999999998,0.005999999999999999,0.001958611987381703,0.014689589905362772
1320.603015075376884422,1.313999999999999999,0.009999999999999999,0.005999999999999998,0.001958808777429467,0.014691065830721002
1322.613065326633165829,1.315999999999999999,0.009999999999999999,0.005999999999999999,0.001959003115264798,0.014692523364485979
1324.623115577889447236,1.317999999999999999,0.009999999999999999,0.005999999999999999,0.001959195046439628,0.014693962848297211
1326.633165829145728643,1.319999999999999999,0.010000000000000000,0.005999999999999999,0.001959384615384615,0.014695384615384614
1328.643216080402010050,1.321999999999999999,0.010000000000000000,0.005999999999999999,0.001959571865443425,0.014696788990825687
1330.653266331658291457,1.323999999999999999,0.010000000000000000,0.005999999999999999,0.001959756838905775,0.014698176291793310
1332.663316582914572864,1.325999999999999999,0.010000000000000000,0.005999999999999999,0.001959939577039275,0.014699546827794558
1334.673366834170854271,1.327999999999999999,0.010000000000000000,0.005999999999999999,0.001960120120120120,0.014700900900900898
1336.683417085427135678,1.329999999999999999,0.010000000000000000,0.005999999999999999,0.001960298507462687,0.014702238805970147
1338.693467336683417085,1.331999999999999999,0.010000000000000000,0.005999999999999998,0.001960474777448071,0.014703560830860533
1340.703517587939698492,1.333999999999999999,0.010000000000000000,0.005999999999999999,0.001960648967551622,0.014704867256637166
1342.713567839195979899,1.335999999999999999,0.010000000000000000,0.005999999999999999,0.001960821114369501,0.014706158357771259
1344.723618090452261306,1.337999999999999999,0.010000000000000000,0.005999999999999998,0.001960991253644315,0.014707434402332358
1346.733668341708542713,1.339999999999999999,0.010000000000000000,0.005999999999999998,0.001961159420289855,0.014708695652173910
1348.743718592964824120,1.341999999999999999,0.010000000000000000,0.005999999999999999,0.001961325648414986,0.014709942363112389
1350.753768844221105527,1.343999999999999999,0.010000000000000000,0.005999999999999999,0.001961489971346705,0.014711174785100283
1352.763819095477386934,1.345999999999999999,0.010000000000000000,0.005999999999999998,0.001961652421652422,0.014712393162393158
1354.773869346733668341,1.347999999999999999,0.010000000000000000,0.005999999999999999,0.001961813031161473,0.014713597733711047
1356.783919597989949748,1.349999999999999999,0.010000000000000000,0.005999999999999999,0.001961971830985915,0.014714788732394364
1358.793969849246231155,1.351999999999999999,0.010000000000000000,0.005999999999999999,0.001962128851540616,0.014381512605042014
1360.804020100502512562,1.353999999999999999,0.010000000000000000,0.005999999999999999,0.001962284122562674,0.014051949860724233
1362.814070351758793969,1.355999999999999999,0.010000000000000000,0.005999999999999999,0.001962437673130194,0.013726038781163431
1364.824120603015075376,1.357999999999999999,0.010000000000000000,0.005999999999999999,0.001962589531680441,0.013403719008264459
1366.834170854271356783,1.359999999999999999,0.010000000000000000,0.005999999999999999,0.001962739726027397,0.013084931506849311
1368.844221105527638190,1.361999999999999999,0.010000000000000000,0.005999999999999999,0.001962888283378747,0.012769618528610352
1370.854271356783919597,1.363999999999999999,0.010000000000000000,0.005999999999999999,0.001963035230352304,0.012457723577235770
1372.864321608040201005,1.365999999999999999,0.010000000000000000,0.005999999999999999,0.001963180592991914,0.012149191374663069
1374.874371859296482412,1.367999999999999999,0.010000000000000000,0.005999999999999999,0.001963324396782842,0.011843967828418228
1376.884422110552763819,1.369999999999999999,0.010000000000000000,0.005999999999999999,0.001963466666666667,0.011780799999999998
1378.894472361809045226,1.371999999999999999,0.010000000000000000,0.005999999999999999,0.001963607427055703,0.011781644562334215
1380.904522613065326633,1.373999999999999999,0.010000000000000000,0.005999999999999999,0.001963746701846966,0.011782480211081791
1382.914572864321608040,1.375999999999999999,0.010000000000000000,0.005999999999999999,0.001963884514435696,0.011783307086614172
1384.924623115577889447,1.377999999999999999,0.010000000000000000,0.005999999999999999,0.001964020887728460,0.011784125326370754
1386.934673366834170854,1.379999999999999999,0.010000000000000000,0.005999999999999999,0.001964155844155844,0.011784935064935062
1388.944723618090452261,1.381999999999999999,0.010000000000000000,0.005999999999999999,0.001969398507279801,0.011785736434108524
1390.954773869346733668,1.383999999999999999,0.010000000000000000,0.005999999999999998,0.002121024479676919,0.011786529562982003
1392.964824120603015075,1.385999999999999999,0.010000000000000000,0.005999999999999999,0.002272209461234519,0.011787314578005114
1394.974874371859296482,1.387999999999999999,0.010000000000000000,0.005999999999999999,0.002422955410053816,0.011788091603053434
1396.984924623115577889,1.389999999999999999,0.010000000000000000,0.005999999999999999,0.002573264271918758,0.011788860759493670
1398.994974874371859296,1.391999999999999999,0.010000000000000000,0.005999999999999998,0.002723137980410864,0.011789622166246850
1401.005025125628140703,1.393999999999999999,0.010000000000000000,0.005999999999999999,0.002872578457022278,0.011790375939849621
1403.015075376884422110,1.395999999999999999,0.010000000000000000,0.005999999999999999,0.003021587611267093,0.011791122194513714
1405.025125628140703517,1.397999999999999999,0.010000000000000000,0.005999999999999999,0.003170167340790983,0.011791861042183620
1407.035175879396984924,1.399999999999999999,0.010000000000000000,0.005999999999999999,0.003318319531479184,0.011792592592592591
1409.045226130653266331,1.401999999999999999,0.009643366619115549,0.005999999999999999,0.003466046057562872,0.011793316953316952
1411.055276381909547738,1.403999999999999999,0.009287749287749287,0.005999999999999999,0.003613348781723967,0.011794034229828848
1413.065326633165829145,1.405999999999999999,0.008933143669985775,0.005999999999999999,0.003760229555198417,0.011794744525547441
1415.075376884422110552,1.407999999999999999,0.008579545454545454,0.005999999999999999,0.003906690217877975,0.011795447941888617
1417.085427135678391959,1.409999999999999999,0.008226950354609929,0.005999999999999999,0.004052732598410527,0.011796144578313252
1419.095477386934673366,1.411999999999999999,0.007875354107648725,0.005999999999999998,0.004198358514298997,0.011796834532374099
1421.105527638190954773,1.413999999999999999,0.007524752475247524,0.005999999999999999,0.004343569771998856,0.011797517899761333
1423.115577889447236180,1.415999999999999999,0.007175141242937853,0.005999999999999999,0.004488368167014276,0.011798194774346791
1425.125628140703517587,1.417999999999999999,0.006826516220028208,0.005999999999999998,0.004632755483992957,0.011798865248226948
1427.135678391959798994,1.419999999999999999,0.006478873239436619,0.005999999999999999,0.004776733496819654,0.011799529411764702
1429.145728643216080402,1.421999999999999999,0.006132208157524613,0.005999999999999998,0.004920303968708439,0.011800187353629975
1431.155778894472361809,1.423999999999999999,0.005786516853932584,0.005999999999999999,0.005063468652293718,0.011800839160839158
1433.165829145728643216,1.425999999999999999,0.005441795231416549,0.005999999999999999,0.005206229289720041,0.011801484918793500
1435.175879396984924623,1.427999999999999999,0.005098039215686274,0.005999999999999999,0.005348587612730718,0.011802124711316394
1437.185929648241206030,1.429999999999999999,0.005000000000000000,0.005999999999999998,0.005490545342755280,0.011802758620689654
1439.195979899497487437,1.431999999999999999,0.005000000000000000,0.005999999999999999,0.005632104190995801,0.011803386727688785
1441.206030150753768844,1.433999999999999999,0.005000000000000000,0.005999999999999999,0.005773265858512105,0.011804009111617309
1443.216080402010050251,1.435999999999999999,0.005000000000000000,0.005999999999999998,0.005914032036305888,0.011804625850340134
1445.226130653266331658,1.437999999999999999,0.005000000000000000,0.005999999999999999,0.006054404405403768,0.011805237020316026
1447.236180904522613065,1.439999999999999999,0.005000000000000000,0.005999999999999999,0.006194384636939297,0.011805842696629212
1449.246231155778894472,1.441999999999999999,0.005000000000000000,0.005999999999999999,0.006333974392233940,0.011806442953020132
1451.256281407035175879,1.443999999999999999,0.005000000000000000,0.005999999999999999,0.006473175322877059,0.011807037861915365
1453.266331658291457286,1.445999999999999999,0.005000000000000000,0.005999999999999998,0.006611989070804909,0.011807627494456761
1455.276381909547738693,1.447999999999999999,0.005000000000000000,0.005999999999999999,0.006750417268378671,0.011808211920529798
1457.286432160804020100,1.449999999999999999,0.005000000000000000,0.005999999999999998,0.006888461538461538,0.011808791208791207
1459.296482412060301507,1.451999999999999999,0.005000000000000000,0.005999999999999999,0.006888796498905908,0.011809365426695841
1461.306532663316582914,1.453999999999999999,0.005000000000000000,0.005999999999999999,0.006889128540305011,0.011809934640522874
1463.316582914572864321,1.455999999999999999,0.005000000000000000,0.005999999999999999,0.006889457700650759,0.011810498915401300
1465.326633165829145728,1.457999999999999999,0.005000000000000000,0.005999999999999998,0.006889784017278618,0.011811058315334772
1467.336683417085427135,1.459999999999999999,0.005000000000000000,0.005999999999999998,0.006890107526881720,0.011811612903225806
1469.346733668341708542,1.461999999999999999,0.005000000000000000,0.005999999999999999,0.006890428265524625,0.011812162740899355
1471.356783919597989949,1.463999999999999999,0.005000000000000000,0.005999999999999999,0.006890746268656716,0.011812707889125798
1473.366834170854271356,1.465999999999999999,0.005000000000000000,0.005999999999999998,0.006891061571125265,0.011813248407643311
1475.376884422110552763,1.467999999999999999,0.005000000000000000,0.005999999999999998,0.006891374207188161,0.011813784355179703
1477.386934673366834170,1.469999999999999999,0.005000000000000000,0.005999999999999999,0.006891684210526316,0.011814315789473683
1479.396984924623115577,1.471999999999999999,0.005000000000000000,0.005999999999999999,0.006891991614255765,0.011814842767295597
1481.407035175879396984,1.473999999999999999,0.005000000000000000,0.005999999999999999,0.006892296450939457,0.011815365344467638
1483.417085427135678391,1.475999999999999999,0.005000000000000000,0.006079999999999999,0.006892598752598753,0.011815883575883573
1485.427135678391959798,1.477999999999999999,0.005000000000000000,0.006239999999999998,0.006892898550724638,0.011816397515527947
1487.437185929648241206,1.479999999999999999,0.005000000000000000,0.006399999999999998,0.006893195876288660,0.011816907216494844
1489.447236180904522613,1.481999999999999999,0.005000000000000000,0.006559999999999998,0.006893490759753593,0.011817412731006159
1491.457286432160804020,1.483999999999999999,0.005000000000000000,0.006719999999999999,0.006893783231083845,0.011817914110429444
1493.467336683417085427,1.485999999999999999,0.005000000000000000,0.006879999999999999,0.006894073319755601,0.011818411405295312
1495.477386934673366834,1.487999999999999999,0.005000000000000000,0.007039999999999999,0.006894361054766734,0.011818904665314400
1497.487437185929648241,1.489999999999999999,0.005000000000000000,0.007199999999999998,0.006894646464646465,0.011819393939393937
1499.497487437185929648,1.491999999999999999,0.005000000000000000,0.007359999999999999,0.006894929577464789,0.011819879275653920
1501.507537688442211055,1.493999999999999999,0.005000000000000000,0.007519999999999999,0.006895210420841683,0.011820360721442885
1503.517587939698492462,1.495999999999999999,0.005000000000000000,0.007679999999999999,0.006895489021956088,0.011820838323353290
1505.527638190954773869,1.497999999999999999,0.005000000000000000,0.007839999999999998,0.006895765407554672,0.011821312127236579
1507.537688442211055276,1.499999999999999999,0.005000000000000000,0.007999999999999998,0.006896039603960396,0.011821782178217818
1509.547738693467336683,1.501999999999999999,0.005000000000000000,0.007999999999999999,0.006896311637080868,0.011822248520710058
1511.557788944723618090,1.503999999999999999,0.005000000000000000,0.007999999999999998,0.006896581532416503,0.011822711198428289
1513.567839195979899497,1.505999999999999999,0.005000000000000000,0.007999999999999999,0.006896849315068493,0.011823170254403129
1515.577889447236180904,1.507999999999999999,0.005000000000000000,0.007999999999999999,0.006897115009746589,0.011823625730994151
1517.587939698492462311,1.509999999999999999,0.005000000000000000,0.007999999999999999,0.006897378640776699,0.011824077669902911
1519.597989949748743718,1.511999999999999999,0.005000000000000000,0.007999999999999999,0.006897640232108317,0.011824526112185686
1521.608040201005025125,1.513999999999999999,0.005000000000000000,0.007999999999999999,0.006897899807321773,0.011824971098265894
1523.618090452261306532,1.515999999999999999,0.005000000000000000,0.007999999999999999,0.006898157389635317,0.011825412667946254
1525.628140703517587939,1.517999999999999999,0.005000000000000000,0.007999999999999998,0.006898413001912046,0.011825850860420649
1527.638190954773869346,1.519999999999999999,0.005000000000000000,0.007999999999999998,0.006898666666666667,0.011826285714285713
1529.648241206030150753,1.521999999999999999,0.005000000000000000,0.007999999999999999,0.006898918406072106,0.011826717267552181
1531.658291457286432160,1.523999999999999999,0.005000000000000000,0.007999999999999999,0.006899168241965974,0.011827145557655953
1533.668341708542713567,1.525999999999999999,0.005000000000000000,0.007999999999999998,0.006899416195856874,0.011827570621468924
1535.678391959798994974,1.527999999999999999,0.005000000000000000,0.007999999999999999,0.006899662288930582,0.011827992495309566
1537.688442211055276381,1.529999999999999999,0.005000000000000000,0.007999999999999999,0.006899906542056075,0.011828411214953271
1539.698492462311557788,1.531999999999999999,0.005000000000000000,0.007999999999999998,0.006900148975791434,0.011828826815642458
1541.708542713567839195,1.533999999999999999,0.005000000000000000,0.007999999999999999,0.006900389610389610,0.011829239332096472
1543.718592964824120603,1.535999999999999999,0.005000000000000000,0.007999999999999998,0.006900628465804067,0.011829648798521254
1545.728643216080402010,1.537999999999999999,0.005000000000000000,0.007999999999999998,0.006900865561694291,0.011830055248618784
1547.738693467336683417,1.539999999999999999,0.005000000000000000,0.007999999999999998,0.006901100917431193,0.011830458715596328
1549.748743718592964824,1.541999999999999999,0.005000000000000000,0.007999999999999999,0.006901334552102377,0.011830859232175500
1551.758793969849246231,1.543999999999999999,0.005000000000000000,0.007999999999999999,0.006901566484517304,0.011831256830601090
1553.768844221105527638,1.545999999999999999,0.005000000000000000,0.007999999999999999,0.006901796733212341,0.011831651542649725
1555.778894472361809045,1.547999999999999999,0.005000000000000000,0.007999999999999999,0.006902025316455696,0.011832043399638334
1557.788944723618090452,1.549999999999999999,0.005000000000000000,0.007999999999999998,0.006902252252252252,0.011832432432432432
1559.798994974874371859,1.551999999999999999,0.005000000000000000,0.007999999999999999,0.006902477558348294,0.011832818671454218
1561.809045226130653266,1.553999999999999999,0.005000000000000000,0.007999999999999999,0.006902701252236136,0.011833202146690517
1563.819095477386934673,1.555999999999999999,0.005000000000000000,0.007999999999999998,0.006902923351158645,0.011833582887700534
1565.829145728643216080,1.557999999999999999,0.005000000000000000,0.007999999999999999,0.006903143872113677,0.011833960923623445
1567.839195979899497487,1.559999999999999999,0.005000000000000000,0.007999999999999999,0.006903362831858407,0.011834336283185840
1569.849246231155778894,1.561999999999999999,0.005000000000000000,0.007999999999999998,0.006903580246913580,0.011834708994708992
1571.859296482412060301,1.563999999999999999,0.005000000000000000,0.007999999999999998,0.006903796133567663,0.011835079086115991
1573.869346733668341708,1.565999999999999999,0.005000000000000000,0.007999999999999998,0.006904010507880911,0.011835446584938703
1575.879396984924623115,1.567999999999999999,0.005000000000000000,0.007999999999999998,0.006904223385689354,0.011835811518324607
1577.889447236180904522,1.569999999999999999,0.005000000000000000,0.007999999999999998,0.006904434782608696,0.011836173913043477
1579.899497487437185929,1.571999999999999999,0.005000000000000000,0.007999999999999998,0.006904644714038128,0.011836533795493932
1581.909547738693467336,1.573999999999999999,0.005000000000000000,0.007999999999999998,0.006904853195164076,0.011836891191709844
1583.919597989949748743,1.575999999999999999,0.005000000000000000,0.007999999999999998,0.006905060240963855,0.011837246127366607
1585.929648241206030150,1.577999999999999999,0.005000000000000000,0.007999999999999999,0.006905265866209262,0.011837598627787306
1587.939698492462311557,1.579999999999999999,0.005000000000000000,0.007999999999999998,0.006905470085470085,0.011837948717948717
1589.949748743718592964,1.581999999999999999,0.005000000000000000,0.007999999999999998,0.006905672913117547,0.011838296422487222
1591.959798994974874371,1.583999999999999999,0.005000000000000000,0.007999999999999999,0.006905874363327674,0.011838641765704583
1593.969849246231155778,1.585999999999999999,0.005000000000000000,0.007999999999999999,0.006906074450084602,0.011838984771573601
1595.979899497487437185,1.587999999999999999,0.005000000000000000,0.007999999999999999,0.006906273187183811,0.011839325463743675
1597.989949748743718592,1.589999999999999999,0.005000000000000000,0.007999999999999998,0.006906470588235294,0.011839663865546218
1600.000000000000000000,1.592000000000000000,0.005000000000000000,0.008000000000000000,0.006906666666666667,0.011840000000000000
1602.010050251256281407,1.593999999999999999,0.005000000000000000,0.007999999999999999,0.006906861435726210,0.011840333889816360
1604.020100502512562814,1.595999999999999999,0.005000000000000000,0.007999999999999998,0.006907054908485857,0.011840665557404326
1606.030150753768844221,1.597999999999999999,0.005000000000000000,0.007999999999999999,0.006907247097844113,0.011840995024875619
1608.040201005025125628,1.599999999999999999,0.005000000000000000,0.007999999999999999,0.006907438016528926,0.011841322314049584
