current CR,before CR,after CR,before minter pegged,after minter pegged,before SPCollateral pegged,after SPCollateral pegged,before SPLeveraged pegged,after SPLeveraged pegged,before leveraged price,after leveraged price
0.002000000000000000,0.002000000000000000,0.002000000000000000,20000.000000000000000000,20000.000000000000000000,4000.000000000000000000,4000.000000000000000000,12000.000000000000000000,12000.000000000000000000,0.000000000000000000,0.000000000000000000
0.004000000000000000,0.004000000000000000,0.004000000000000000,20000.000000000000000000,20000.000000000000000000,4000.000000000000000000,4000.000000000000000000,12000.000000000000000000,12000.000000000000000000,0.000000000000000000,0.000000000000000000
0.006000000000000000,0.006000000000000000,0.006000000000000000,20000.000000000000000000,20000.000000000000000000,4000.000000000000000000,4000.000000000000000000,12000.000000000000000000,12000.000000000000000000,0.000000000000000000,0.000000000000000000
0.008000000000000000,0.008000000000000000,0.008000000000000000,20000.000000000000000000,20000.000000000000000000,4000.000000000000000000,4000.000000000000000000,12000.000000000000000000,12000.000000000000000000,0.000000000000000000,0.000000000000000000
0.010000000000000000,0.010000000000000000,0.010000000000000000,20000.000000000000000000,20000.000000000000000000,4000.000000000000000000,4000.000000000000000000,12000.000000000000000000,12000.000000000000000000,0.000000000000000000,0.000000000000000000
0.012000000000000000,0.012000000000000000,0.012000000000000000,20000.000000000000000000,20000.000000000000000000,4000.000000000000000000,4000.000000000000000000,12000.000000000000000000,12000.000000000000000000,0.000000000000000000,0.000000000000000000
0.014000000000000000,0.014000000000000000,0.014000000000000000,20000.000000000000000000,20000.000000000000000000,4000.000000000000000000,4000.000000000000000000,12000.000000000000000000,12000.000000000000000000,0.000000000000000000,0.000000000000000000
0.016000000000000000,0.016000000000000000,0.016000000000000000,20000.000000000000000000,20000.000000000000000000,4000.000000000000000000,4000.000000000000000000,12000.000000000000000000,12000.000000000000000000,0.000000000000000000,0.000000000000000000
0.018000000000000000,0.018000000000000000,0.018000000000000000,20000.000000000000000000,20000.000000000000000000,4000.000000000000000000,4000.000000000000000000,12000.000000000000000000,12000.000000000000000000,0.000000000000000000,0.000000000000000000
0.020000000000000000,0.020000000000000000,0.020000000000000000,20000.000000000000000000,20000.000000000000000000,4000.000000000000000000,4000.000000000000000000,12000.000000000000000000,12000.000000000000000000,0.000000000000000000,0.000000000000000000
0.022000000000000000,0.022000000000000000,0.022000000000000000,20000.000000000000000000,20000.000000000000000000,4000.000000000000000000,4000.000000000000000000,12000.000000000000000000,12000.000000000000000000,0.000000000000000000,0.000000000000000000
0.024000000000000000,0.024000000000000000,0.024000000000000000,20000.000000000000000000,20000.000000000000000000,4000.000000000000000000,4000.000000000000000000,12000.000000000000000000,12000.000000000000000000,0.000000000000000000,0.000000000000000000
0.026000000000000000,0.026000000000000000,0.026000000000000000,20000.000000000000000000,20000.000000000000000000,4000.000000000000000000,4000.000000000000000000,12000.000000000000000000,12000.000000000000000000,0.000000000000000000,0.000000000000000000
0.028000000000000000,0.028000000000000000,0.028000000000000000,20000.000000000000000000,20000.000000000000000000,4000.000000000000000000,4000.000000000000000000,12000.000000000000000000,12000.000000000000000000,0.000000000000000000,0.000000000000000000
0.030000000000000000,0.030000000000000000,0.030000000000000000,20000.000000000000000000,20000.000000000000000000,4000.000000000000000000,4000.000000000000000000,12000.000000000000000000,12000.000000000000000000,0.000000000000000000,0.000000000000000000
0.032000000000000000,0.032000000000000000,0.032000000000000000,20000.000000000000000000,20000.000000000000000000,4000.000000000000000000,4000.000000000000000000,12000.000000000000000000,12000.000000000000000000,0.000000000000000000,0.000000000000000000
0.034000000000000000,0.034000000000000000,0.034000000000000000,20000.000000000000000000,20000.000000000000000000,4000.000000000000000000,4000.000000000000000000,12000.000000000000000000,12000.000000000000000000,0.000000000000000000,0.000000000000000000
0.036000000000000000,0.036000000000000000,0.036000000000000000,20000.000000000000000000,20000.000000000000000000,4000.000000000000000000,4000.000000000000000000,12000.000000000000000000,12000.000000000000000000,0.000000000000000000,0.000000000000000000
0.038000000000000000,0.038000000000000000,0.038000000000000000,20000.000000000000000000,20000.000000000000000000,4000.000000000000000000,4000.000000000000000000,12000.000000000000000000,12000.000000000000000000,0.000000000000000000,0.000000000000000000
0.040000000000000000,0.040000000000000000,0.040000000000000000,20000.000000000000000000,20000.000000000000000000,4000.000000000000000000,4000.000000000000000000,12000.000000000000000000,12000.000000000000000000,0.000000000000000000,0.000000000000000000
0.042000000000000000,0.042000000000000000,0.042000000000000000,20000.000000000000000000,20000.000000000000000000,4000.000000000000000000,4000.000000000000000000,12000.000000000000000000,12000.000000000000000000,0.000000000000000000,0.000000000000000000
0.044000000000000000,0.044000000000000000,0.044000000000000000,20000.000000000000000000,20000.000000000000000000,4000.000000000000000000,4000.000000000000000000,12000.000000000000000000,12000.000000000000000000,0.000000000000000000,0.000000000000000000
0.046000000000000000,0.046000000000000000,0.046000000000000000,20000.000000000000000000,20000.000000000000000000,4000.000000000000000000,4000.000000000000000000,12000.000000000000000000,12000.000000000000000000,0.000000000000000000,0.000000000000000000
0.048000000000000000,0.048000000000000000,0.048000000000000000,20000.000000000000000000,20000.000000000000000000,4000.000000000000000000,4000.000000000000000000,12000.000000000000000000,12000.000000000000000000,0.000000000000000000,0.000000000000000000
0.050000000000000000,0.050000000000000000,0.050000000000000000,20000.000000000000000000,20000.000000000000000000,4000.000000000000000000,4000.000000000000000000,12000.000000000000000000,12000.000000000000000000,0.000000000000000000,0.000000000000000000
0.052000000000000000,0.052000000000000000,0.052000000000000000,20000.000000000000000000,20000.000000000000000000,4000.000000000000000000,4000.000000000000000000,12000.000000000000000000,12000.000000000000000000,0.000000000000000000,0.000000000000000000
0.054000000000000000,0.054000000000000000,0.054000000000000000,20000.000000000000000000,20000.000000000000000000,4000.000000000000000000,4000.000000000000000000,12000.000000000000000000,12000.000000000000000000,0.000000000000000000,0.000000000000000000
0.056000000000000000,0.056000000000000000,0.056000000000000000,20000.000000000000000000,20000.000000000000000000,4000.000000000000000000,4000.000000000000000000,12000.000000000000000000,12000.000000000000000000,0.000000000000000000,0.000000000000000000
0.058000000000000000,0.058000000000000000,0.058000000000000000,20000.000000000000000000,20000.000000000000000000,4000.000000000000000000,4000.000000000000000000,12000.000000000000000000,12000.000000000000000000,0.000000000000000000,0.000000000000000000
0.060000000000000000,0.060000000000000000,0.060000000000000000,20000.000000000000000000,20000.000000000000000000,4000.000000000000000000,4000.000000000000000000,12000.000000000000000000,12000.000000000000000000,0.000000000000000000,0.000000000000000000
0.062000000000000000,0.062000000000000000,0.062000000000000000,20000.000000000000000000,20000.000000000000000000,4000.000000000000000000,4000.000000000000000000,12000.000000000000000000,12000.000000000000000000,0.000000000000000000,0.000000000000000000
0.064000000000000000,0.064000000000000000,0.064000000000000000,20000.000000000000000000,20000.000000000000000000,4000.000000000000000000,4000.000000000000000000,12000.000000000000000000,12000.000000000000000000,0.000000000000000000,0.000000000000000000
0.066000000000000000,0.066000000000000000,0.066000000000000000,20000.000000000000000000,20000.000000000000000000,4000.000000000000000000,4000.000000000000000000,12000.000000000000000000,12000.000000000000000000,0.000000000000000000,0.000000000000000000
0.068000000000000000,0.068000000000000000,0.068000000000000000,20000.000000000000000000,20000.000000000000000000,4000.000000000000000000,4000.000000000000000000,12000.000000000000000000,12000.000000000000000000,0.000000000000000000,0.000000000000000000
0.070000000000000000,0.070000000000000000,0.070000000000000000,20000.000000000000000000,20000.000000000000000000,4000.000000000000000000,4000.000000000000000000,12000.000000000000000000,12000.000000000000000000,0.000000000000000000,0.000000000000000000
0.072000000000000000,0.072000000000000000,0.072000000000000000,20000.000000000000000000,20000.000000000000000000,4000.000000000000000000,4000.000000000000000000,12000.000000000000000000,12000.000000000000000000,0.000000000000000000,0.000000000000000000
0.074000000000000000,0.074000000000000000,0.074000000000000000,20000.000000000000000000,20000.000000000000000000,4000.000000000000000000,4000.000000000000000000,12000.000000000000000000,12000.000000000000000000,0.000000000000000000,0.000000000000000000
0.076000000000000000,0.076000000000000000,0.076000000000000000,20000.000000000000000000,20000.000000000000000000,4000.000000000000000000,4000.000000000000000000,12000.000000000000000000,12000.000000000000000000,0.000000000000000000,0.000000000000000000
0.078000000000000000,0.078000000000000000,0.078000000000000000,20000.000000000000000000,20000.000000000000000000,4000.000000000000000000,4000.000000000000000000,12000.000000000000000000,12000.000000000000000000,0.000000000000000000,0.000000000000000000
0.080000000000000000,0.080000000000000000,0.080000000000000000,20000.000000000000000000,20000.000000000000000000,4000.000000000000000000,4000.000000000000000000,12000.000000000000000000,12000.000000000000000000,0.000000000000000000,0.000000000000000000
0.082000000000000000,0.082000000000000000,0.082000000000000000,20000.000000000000000000,20000.000000000000000000,4000.000000000000000000,4000.000000000000000000,12000.000000000000000000,12000.000000000000000000,0.000000000000000000,0.000000000000000000
0.084000000000000000,0.084000000000000000,0.084000000000000000,20000.000000000000000000,20000.000000000000000000,4000.000000000000000000,4000.000000000000000000,12000.000000000000000000,12000.000000000000000000,0.000000000000000000,0.000000000000000000
0.086000000000000000,0.086000000000000000,0.086000000000000000,20000.000000000000000000,20000.000000000000000000,4000.000000000000000000,4000.000000000000000000,12000.000000000000000000,12000.000000000000000000,0.000000000000000000,0.000000000000000000
0.088000000000000000,0.088000000000000000,0.088000000000000000,20000.000000000000000000,20000.000000000000000000,4000.000000000000000000,4000.000000000000000000,12000.000000000000000000,12000.000000000000000000,0.000000000000000000,0.000000000000000000
0.090000000000000000,0.090000000000000000,0.090000000000000000,20000.000000000000000000,20000.000000000000000000,4000.000000000000000000,4000.000000000000000000,12000.000000000000000000,12000.000000000000000000,0.000000000000000000,0.000000000000000000
0.092000000000000000,0.092000000000000000,0.092000000000000000,20000.000000000000000000,20000.000000000000000000,4000.000000000000000000,4000.000000000000000000,12000.000000000000000000,12000.000000000000000000,0.000000000000000000,0.000000000000000000
0.094000000000000000,0.094000000000000000,0.094000000000000000,20000.000000000000000000,20000.000000000000000000,4000.000000000000000000,4000.000000000000000000,12000.000000000000000000,12000.000000000000000000,0.000000000000000000,0.000000000000000000
0.096000000000000000,0.096000000000000000,0.096000000000000000,20000.000000000000000000,20000.000000000000000000,4000.000000000000000000,4000.000000000000000000,12000.000000000000000000,12000.000000000000000000,0.000000000000000000,0.000000000000000000
0.098000000000000000,0.098000000000000000,0.098000000000000000,20000.000000000000000000,20000.000000000000000000,4000.000000000000000000,4000.000000000000000000,12000.000000000000000000,12000.000000000000000000,0.000000000000000000,0.000000000000000000
0.100000000000000000,0.100000000000000000,0.100000000000000000,20000.000000000000000000,20000.000000000000000000,4000.000000000000000000,4000.000000000000000000,12000.000000000000000000,12000.000000000000000000,0.000000000000000000,0.000000000000000000
0.102000000000000000,0.102000000000000000,0.102000000000000000,20000.000000000000000000,20000.000000000000000000,4000.000000000000000000,4000.000000000000000000,12000.000000000000000000,12000.000000000000000000,0.000000000000000000,0.000000000000000000
0.104000000000000000,0.104000000000000000,0.104000000000000000,20000.000000000000000000,20000.000000000000000000,4000.000000000000000000,4000.000000000000000000,12000.000000000000000000,12000.000000000000000000,0.000000000000000000,0.000000000000000000
0.106000000000000000,0.106000000000000000,0.106000000000000000,20000.000000000000000000,20000.000000000000000000,4000.000000000000000000,4000.000000000000000000,12000.000000000000000000,12000.000000000000000000,0.000000000000000000,0.000000000000000000
0.108000000000000000,0.108000000000000000,0.108000000000000000,20000.000000000000000000,20000.000000000000000000,4000.000000000000000000,4000.000000000000000000,12000.000000000000000000,12000.000000000000000000,0.000000000000000000,0.000000000000000000
0.110000000000000000,0.110000000000000000,0.110000000000000000,20000.000000000000000000,20000.000000000000000000,4000.000000000000000000,4000.000000000000000000,12000.000000000000000000,12000.000000000000000000,0.000000000000000000,0.000000000000000000
0.112000000000000000,0.112000000000000000,0.112000000000000000,20000.000000000000000000,20000.000000000000000000,4000.000000000000000000,4000.000000000000000000,12000.000000000000000000,12000.000000000000000000,0.000000000000000000,0.000000000000000000
0.114000000000000000,0.114000000000000000,0.114000000000000000,20000.000000000000000000,20000.000000000000000000,4000.000000000000000000,4000.000000000000000000,12000.000000000000000000,12000.000000000000000000,0.000000000000000000,0.000000000000000000
0.116000000000000000,0.116000000000000000,0.116000000000000000,20000.000000000000000000,20000.000000000000000000,4000.000000000000000000,4000.000000000000000000,12000.000000000000000000,12000.000000000000000000,0.000000000000000000,0.000000000000000000
0.118000000000000000,0.118000000000000000,0.118000000000000000,20000.000000000000000000,20000.000000000000000000,4000.000000000000000000,4000.000000000000000000,12000.000000000000000000,12000.000000000000000000,0.000000000000000000,0.000000000000000000
0.120000000000000000,0.120000000000000000,0.120000000000000000,20000.000000000000000000,20000.000000000000000000,4000.000000000000000000,4000.000000000000000000,12000.000000000000000000,12000.000000000000000000,0.000000000000000000,0.000000000000000000
0.122000000000000000,0.122000000000000000,0.122000000000000000,20000.000000000000000000,20000.000000000000000000,4000.000000000000000000,4000.000000000000000000,12000.000000000000000000,12000.000000000000000000,0.000000000000000000,0.000000000000000000
0.124000000000000000,0.124000000000000000,0.124000000000000000,20000.000000000000000000,20000.000000000000000000,4000.000000000000000000,4000.000000000000000000,12000.000000000000000000,12000.000000000000000000,0.000000000000000000,0.000000000000000000
0.126000000000000000,0.126000000000000000,0.126000000000000000,20000.000000000000000000,20000.000000000000000000,4000.000000000000000000,4000.000000000000000000,12000.000000000000000000,12000.000000000000000000,0.000000000000000000,0.000000000000000000
0.128000000000000000,0.128000000000000000,0.128000000000000000,20000.000000000000000000,20000.000000000000000000,4000.000000000000000000,4000.000000000000000000,12000.000000000000000000,12000.000000000000000000,0.000000000000000000,0.000000000000000000
0.130000000000000000,0.130000000000000000,0.130000000000000000,20000.000000000000000000,20000.000000000000000000,4000.000000000000000000,4000.000000000000000000,12000.000000000000000000,12000.000000000000000000,0.000000000000000000,0.000000000000000000
0.132000000000000000,0.132000000000000000,0.132000000000000000,20000.000000000000000000,20000.000000000000000000,4000.000000000000000000,4000.000000000000000000,12000.000000000000000000,12000.000000000000000000,0.000000000000000000,0.000000000000000000
0.134000000000000000,0.134000000000000000,0.134000000000000000,20000.000000000000000000,20000.000000000000000000,4000.000000000000000000,4000.000000000000000000,12000.000000000000000000,12000.000000000000000000,0.000000000000000000,0.000000000000000000
0.136000000000000000,0.136000000000000000,0.136000000000000000,20000.000000000000000000,20000.000000000000000000,4000.000000000000000000,4000.000000000000000000,12000.000000000000000000,12000.000000000000000000,0.000000000000000000,0.000000000000000000
0.138000000000000000,0.138000000000000000,0.138000000000000000,20000.000000000000000000,20000.000000000000000000,4000.000000000000000000,4000.000000000000000000,12000.000000000000000000,12000.000000000000000000,0.000000000000000000,0.000000000000000000
0.140000000000000000,0.140000000000000000,0.140000000000000000,20000.000000000000000000,20000.000000000000000000,4000.000000000000000000,4000.000000000000000000,12000.000000000000000000,12000.000000000000000000,0.000000000000000000,0.000000000000000000
0.142000000000000000,0.142000000000000000,0.142000000000000000,20000.000000000000000000,20000.000000000000000000,4000.000000000000000000,4000.000000000000000000,12000.000000000000000000,12000.000000000000000000,0.000000000000000000,0.000000000000000000
0.144000000000000000,0.144000000000000000,0.144000000000000000,20000.000000000000000000,20000.000000000000000000,4000.000000000000000000,4000.000000000000000000,12000.000000000000000000,12000.000000000000000000,0.000000000000000000,0.000000000000000000
0.146000000000000000,0.146000000000000000,0.146000000000000000,20000.000000000000000000,20000.000000000000000000,4000.000000000000000000,4000.000000000000000000,12000.000000000000000000,12000.000000000000000000,0.000000000000000000,0.000000000000000000
0.148000000000000000,0.148000000000000000,0.148000000000000000,20000.000000000000000000,20000.000000000000000000,4000.000000000000000000,4000.000000000000000000,12000.000000000000000000,12000.000000000000000000,0.000000000000000000,0.000000000000000000
0.150000000000000000,0.150000000000000000,0.150000000000000000,20000.000000000000000000,20000.000000000000000000,4000.000000000000000000,4000.000000000000000000,12000.000000000000000000,12000.000000000000000000,0.000000000000000000,0.000000000000000000
0.152000000000000000,0.152000000000000000,0.152000000000000000,20000.000000000000000000,20000.000000000000000000,4000.000000000000000000,4000.000000000000000000,12000.000000000000000000,12000.000000000000000000,0.000000000000000000,0.000000000000000000
0.154000000000000000,0.154000000000000000,0.154000000000000000,20000.000000000000000000,20000.000000000000000000,4000.000000000000000000,4000.000000000000000000,12000.000000000000000000,12000.000000000000000000,0.000000000000000000,0.000000000000000000
0.156000000000000000,0.156000000000000000,0.156000000000000000,20000.000000000000000000,20000.000000000000000000,4000.000000000000000000,4000.000000000000000000,12000.000000000000000000,12000.000000000000000000,0.000000000000000000,0.000000000000000000
0.158000000000000000,0.158000000000000000,0.158000000000000000,20000.000000000000000000,20000.000000000000000000,4000.000000000000000000,4000.000000000000000000,12000.000000000000000000,12000.000000000000000000,0.000000000000000000,0.000000000000000000
0.160000000000000000,0.160000000000000000,0.160000000000000000,20000.000000000000000000,20000.000000000000000000,4000.000000000000000000,4000.000000000000000000,12000.000000000000000000,12000.000000000000000000,0.000000000000000000,0.000000000000000000
0.162000000000000000,0.162000000000000000,0.162000000000000000,20000.000000000000000000,20000.000000000000000000,4000.000000000000000000,4000.000000000000000000,12000.000000000000000000,12000.000000000000000000,0.000000000000000000,0.000000000000000000
0.164000000000000000,0.164000000000000000,0.164000000000000000,20000.000000000000000000,20000.000000000000000000,4000.000000000000000000,4000.000000000000000000,12000.000000000000000000,12000.000000000000000000,0.000000000000000000,0.000000000000000000
0.166000000000000000,0.166000000000000000,0.166000000000000000,20000.000000000000000000,20000.000000000000000000,4000.000000000000000000,4000.000000000000000000,12000.000000000000000000,12000.000000000000000000,0.000000000000000000,0.000000000000000000
0.168000000000000000,0.168000000000000000,0.168000000000000000,20000.000000000000000000,20000.000000000000000000,4000.000000000000000000,4000.000000000000000000,12000.000000000000000000,12000.000000000000000000,0.000000000000000000,0.000000000000000000
0.170000000000000000,0.170000000000000000,0.170000000000000000,20000.000000000000000000,20000.000000000000000000,4000.000000000000000000,4000.000000000000000000,12000.000000000000000000,12000.000000000000000000,0.000000000000000000,0.000000000000000000
0.172000000000000000,0.172000000000000000,0.172000000000000000,20000.000000000000000000,20000.000000000000000000,4000.000000000000000000,4000.000000000000000000,12000.000000000000000000,12000.000000000000000000,0.000000000000000000,0.000000000000000000
0.174000000000000000,0.174000000000000000,0.174000000000000000,20000.000000000000000000,20000.000000000000000000,4000.000000000000000000,4000.000000000000000000,12000.000000000000000000,12000.000000000000000000,0.000000000000000000,0.000000000000000000
0.176000000000000000,0.176000000000000000,0.176000000000000000,20000.000000000000000000,20000.000000000000000000,4000.000000000000000000,4000.000000000000000000,12000.000000000000000000,12000.000000000000000000,0.000000000000000000,0.000000000000000000
0.178000000000000000,0.178000000000000000,0.178000000000000000,20000.000000000000000000,20000.000000000000000000,4000.000000000000000000,4000.000000000000000000,12000.000000000000000000,12000.000000000000000000,0.000000000000000000,0.000000000000000000
0.180000000000000000,0.180000000000000000,0.180000000000000000,20000.000000000000000000,20000.000000000000000000,4000.000000000000000000,4000.000000000000000000,12000.000000000000000000,12000.000000000000000000,0.000000000000000000,0.000000000000000000
0.182000000000000000,0.182000000000000000,0.182000000000000000,20000.000000000000000000,20000.000000000000000000,4000.000000000000000000,4000.000000000000000000,12000.000000000000000000,12000.000000000000000000,0.000000000000000000,0.000000000000000000
0.184000000000000000,0.184000000000000000,0.184000000000000000,20000.000000000000000000,20000.000000000000000000,4000.000000000000000000,4000.000000000000000000,12000.000000000000000000,12000.000000000000000000,0.000000000000000000,0.000000000000000000
0.186000000000000000,0.186000000000000000,0.186000000000000000,20000.000000000000000000,20000.000000000000000000,4000.000000000000000000,4000.000000000000000000,12000.000000000000000000,12000.000000000000000000,0.000000000000000000,0.000000000000000000
0.188000000000000000,0.188000000000000000,0.188000000000000000,20000.000000000000000000,20000.000000000000000000,4000.000000000000000000,4000.000000000000000000,12000.000000000000000000,12000.000000000000000000,0.000000000000000000,0.000000000000000000
0.190000000000000000,0.190000000000000000,0.190000000000000000,20000.000000000000000000,20000.000000000000000000,4000.000000000000000000,4000.000000000000000000,12000.000000000000000000,12000.000000000000000000,0.000000000000000000,0.000000000000000000
0.192000000000000000,0.192000000000000000,0.192000000000000000,20000.000000000000000000,20000.000000000000000000,4000.000000000000000000,4000.000000000000000000,12000.000000000000000000,12000.000000000000000000,0.000000000000000000,0.000000000000000000
0.194000000000000000,0.194000000000000000,0.194000000000000000,20000.000000000000000000,20000.000000000000000000,4000.000000000000000000,4000.000000000000000000,12000.000000000000000000,12000.000000000000000000,0.000000000000000000,0.000000000000000000
0.196000000000000000,0.196000000000000000,0.196000000000000000,20000.000000000000000000,20000.000000000000000000,4000.000000000000000000,4000.000000000000000000,12000.000000000000000000,12000.000000000000000000,0.000000000000000000,0.000000000000000000
0.198000000000000000,0.198000000000000000,0.198000000000000000,20000.000000000000000000,20000.000000000000000000,4000.000000000000000000,4000.000000000000000000,12000.000000000000000000,12000.000000000000000000,0.000000000000000000,0.000000000000000000
0.200000000000000000,0.200000000000000000,0.200000000000000000,20000.000000000000000000,20000.000000000000000000,4000.000000000000000000,4000.000000000000000000,12000.000000000000000000,12000.000000000000000000,0.000000000000000000,0.000000000000000000
0.202000000000000000,0.202000000000000000,0.202000000000000000,20000.000000000000000000,20000.000000000000000000,4000.000000000000000000,4000.000000000000000000,12000.000000000000000000,12000.000000000000000000,0.000000000000000000,0.000000000000000000
0.204000000000000000,0.204000000000000000,0.204000000000000000,20000.000000000000000000,20000.000000000000000000,4000.000000000000000000,4000.000000000000000000,12000.000000000000000000,12000.000000000000000000,0.000000000000000000,0.000000000000000000
0.206000000000000000,0.206000000000000000,0.206000000000000000,20000.000000000000000000,20000.000000000000000000,4000.000000000000000000,4000.000000000000000000,12000.000000000000000000,12000.000000000000000000,0.000000000000000000,0.000000000000000000
0.208000000000000000,0.208000000000000000,0.208000000000000000,20000.000000000000000000,20000.000000000000000000,4000.000000000000000000,4000.000000000000000000,12000.000000000000000000,12000.000000000000000000,0.000000000000000000,0.000000000000000000
0.210000000000000000,0.210000000000000000,0.210000000000000000,20000.000000000000000000,20000.000000000000000000,4000.000000000000000000,4000.000000000000000000,12000.000000000000000000,12000.000000000000000000,0.000000000000000000,0.000000000000000000
0.212000000000000000,0.212000000000000000,0.212000000000000000,20000.000000000000000000,20000.000000000000000000,4000.000000000000000000,4000.000000000000000000,12000.000000000000000000,12000.000000000000000000,0.000000000000000000,0.000000000000000000
0.214000000000000000,0.214000000000000000,0.214000000000000000,20000.000000000000000000,20000.000000000000000000,4000.000000000000000000,4000.000000000000000000,12000.000000000000000000,12000.000000000000000000,0.000000000000000000,0.000000000000000000
0.216000000000000000,0.216000000000000000,0.216000000000000000,20000.000000000000000000,20000.000000000000000000,4000.000000000000000000,4000.000000000000000000,12000.000000000000000000,12000.000000000000000000,0.000000000000000000,0.000000000000000000
0.218000000000000000,0.218000000000000000,0.218000000000000000,20000.000000000000000000,20000.000000000000000000,4000.000000000000000000,4000.000000000000000000,12000.000000000000000000,12000.000000000000000000,0.000000000000000000,0.000000000000000000
0.220000000000000000,0.220000000000000000,0.220000000000000000,20000.000000000000000000,20000.000000000000000000,4000.000000000000000000,4000.000000000000000000,12000.000000000000000000,12000.000000000000000000,0.000000000000000000,0.000000000000000000
0.222000000000000000,0.222000000000000000,0.222000000000000000,20000.000000000000000000,20000.000000000000000000,4000.000000000000000000,4000.000000000000000000,12000.000000000000000000,12000.000000000000000000,0.000000000000000000,0.000000000000000000
0.224000000000000000,0.224000000000000000,0.224000000000000000,20000.000000000000000000,20000.000000000000000000,4000.000000000000000000,4000.000000000000000000,12000.000000000000000000,12000.000000000000000000,0.000000000000000000,0.000000000000000000
0.226000000000000000,0.226000000000000000,0.226000000000000000,20000.000000000000000000,20000.000000000000000000,4000.000000000000000000,4000.000000000000000000,12000.000000000000000000,12000.000000000000000000,0.000000000000000000,0.000000000000000000
0.228000000000000000,0.228000000000000000,0.228000000000000000,20000.000000000000000000,20000.000000000000000000,4000.000000000000000000,4000.000000000000000000,12000.000000000000000000,12000.000000000000000000,0.000000000000000000,0.000000000000000000
0.230000000000000000,0.230000000000000000,0.230000000000000000,20000.000000000000000000,20000.000000000000000000,4000.000000000000000000,4000.000000000000000000,12000.000000000000000000,12000.000000000000000000,0.000000000000000000,0.000000000000000000
0.232000000000000000,0.232000000000000000,0.232000000000000000,20000.000000000000000000,20000.000000000000000000,4000.000000000000000000,4000.000000000000000000,12000.000000000000000000,12000.000000000000000000,0.000000000000000000,0.000000000000000000
0.234000000000000000,0.234000000000000000,0.234000000000000000,20000.000000000000000000,20000.000000000000000000,4000.000000000000000000,4000.000000000000000000,12000.000000000000000000,12000.000000000000000000,0.000000000000000000,0.000000000000000000
0.236000000000000000,0.236000000000000000,0.236000000000000000,20000.000000000000000000,20000.000000000000000000,4000.000000000000000000,4000.000000000000000000,12000.000000000000000000,12000.000000000000000000,0.000000000000000000,0.000000000000000000
0.238000000000000000,0.238000000000000000,0.238000000000000000,20000.000000000000000000,20000.000000000000000000,4000.000000000000000000,4000.000000000000000000,12000.000000000000000000,12000.000000000000000000,0.000000000000000000,0.000000000000000000
0.240000000000000000,0.240000000000000000,0.240000000000000000,20000.000000000000000000,20000.000000000000000000,4000.000000000000000000,4000.000000000000000000,12000.000000000000000000,12000.000000000000000000,0.000000000000000000,0.000000000000000000
0.242000000000000000,0.242000000000000000,0.242000000000000000,20000.000000000000000000,20000.000000000000000000,4000.000000000000000000,4000.000000000000000000,12000.000000000000000000,12000.000000000000000000,0.000000000000000000,0.000000000000000000
0.244000000000000000,0.244000000000000000,0.244000000000000000,20000.000000000000000000,20000.000000000000000000,4000.000000000000000000,4000.000000000000000000,12000.000000000000000000,12000.000000000000000000,0.000000000000000000,0.000000000000000000
0.246000000000000000,0.246000000000000000,0.246000000000000000,20000.000000000000000000,20000.000000000000000000,4000.000000000000000000,4000.000000000000000000,12000.000000000000000000,12000.000000000000000000,0.000000000000000000,0.000000000000000000
0.248000000000000000,0.248000000000000000,0.248000000000000000,20000.000000000000000000,20000.000000000000000000,4000.000000000000000000,4000.000000000000000000,12000.000000000000000000,12000.000000000000000000,0.000000000000000000,0.000000000000000000
0.250000000000000000,0.250000000000000000,0.250000000000000000,20000.000000000000000000,20000.000000000000000000,4000.000000000000000000,4000.000000000000000000,12000.000000000000000000,12000.000000000000000000,0.000000000000000000,0.000000000000000000
0.252000000000000000,0.252000000000000000,0.252000000000000000,20000.000000000000000000,20000.000000000000000000,4000.000000000000000000,4000.000000000000000000,12000.000000000000000000,12000.000000000000000000,0.000000000000000000,0.000000000000000000
0.254000000000000000,0.254000000000000000,0.254000000000000000,20000.000000000000000000,20000.000000000000000000,4000.000000000000000000,4000.000000000000000000,12000.000000000000000000,12000.000000000000000000,0.000000000000000000,0.000000000000000000
0.256000000000000000,0.256000000000000000,0.256000000000000000,20000.000000000000000000,20000.000000000000000000,4000.000000000000000000,4000.000000000000000000,12000.000000000000000000,12000.000000000000000000,0.000000000000000000,0.000000000000000000
0.258000000000000000,0.258000000000000000,0.258000000000000000,20000.000000000000000000,20000.000000000000000000,4000.000000000000000000,4000.000000000000000000,12000.000000000000000000,12000.000000000000000000,0.000000000000000000,0.000000000000000000
0.260000000000000000,0.260000000000000000,0.260000000000000000,20000.000000000000000000,20000.000000000000000000,4000.000000000000000000,4000.000000000000000000,12000.000000000000000000,12000.000000000000000000,0.000000000000000000,0.000000000000000000
0.262000000000000000,0.262000000000000000,0.262000000000000000,20000.000000000000000000,20000.000000000000000000,4000.000000000000000000,4000.000000000000000000,12000.000000000000000000,12000.000000000000000000,0.000000000000000000,0.000000000000000000
0.264000000000000000,0.264000000000000000,0.264000000000000000,20000.000000000000000000,20000.000000000000000000,4000.000000000000000000,4000.000000000000000000,12000.000000000000000000,12000.000000000000000000,0.000000000000000000,0.000000000000000000
0.266000000000000000,0.266000000000000000,0.266000000000000000,20000.000000000000000000,20000.000000000000000000,4000.000000000000000000,4000.000000000000000000,12000.000000000000000000,12000.000000000000000000,0.000000000000000000,0.000000000000000000
0.268000000000000000,0.268000000000000000,0.268000000000000000,20000.000000000000000000,20000.000000000000000000,4000.000000000000000000,4000.000000000000000000,12000.000000000000000000,12000.000000000000000000,0.000000000000000000,0.000000000000000000
0.270000000000000000,0.270000000000000000,0.270000000000000000,20000.000000000000000000,20000.000000000000000000,4000.000000000000000000,4000.000000000000000000,12000.000000000000000000,12000.000000000000000000,0.000000000000000000,0.000000000000000000
0.272000000000000000,0.272000000000000000,0.272000000000000000,20000.000000000000000000,20000.000000000000000000,4000.000000000000000000,4000.000000000000000000,12000.000000000000000000,12000.000000000000000000,0.000000000000000000,0.000000000000000000
0.274000000000000000,0.274000000000000000,0.274000000000000000,20000.000000000000000000,20000.000000000000000000,4000.000000000000000000,4000.000000000000000000,12000.000000000000000000,12000.000000000000000000,0.000000000000000000,0.000000000000000000
0.276000000000000000,0.276000000000000000,0.276000000000000000,20000.000000000000000000,20000.000000000000000000,4000.000000000000000000,4000.000000000000000000,12000.000000000000000000,12000.000000000000000000,0.000000000000000000,0.000000000000000000
0.278000000000000000,0.278000000000000000,0.278000000000000000,20000.000000000000000000,20000.000000000000000000,4000.000000000000000000,4000.000000000000000000,12000.000000000000000000,12000.000000000000000000,0.000000000000000000,0.000000000000000000
0.280000000000000000,0.280000000000000000,0.280000000000000000,20000.000000000000000000,20000.000000000000000000,4000.000000000000000000,4000.000000000000000000,12000.000000000000000000,12000.000000000000000000,0.000000000000000000,0.000000000000000000
0.282000000000000000,0.282000000000000000,0.282000000000000000,20000.000000000000000000,20000.000000000000000000,4000.000000000000000000,4000.000000000000000000,12000.000000000000000000,12000.000000000000000000,0.000000000000000000,0.000000000000000000
0.284000000000000000,0.284000000000000000,0.284000000000000000,20000.000000000000000000,20000.000000000000000000,4000.000000000000000000,4000.000000000000000000,12000.000000000000000000,12000.000000000000000000,0.000000000000000000,0.000000000000000000
0.286000000000000000,0.286000000000000000,0.286000000000000000,20000.000000000000000000,20000.000000000000000000,4000.000000000000000000,4000.000000000000000000,12000.000000000000000000,12000.000000000000000000,0.000000000000000000,0.000000000000000000
0.288000000000000000,0.288000000000000000,0.288000000000000000,20000.000000000000000000,20000.000000000000000000,4000.000000000000000000,4000.000000000000000000,12000.000000000000000000,12000.000000000000000000,0.000000000000000000,0.000000000000000000
0.290000000000000000,0.290000000000000000,0.290000000000000000,20000.000000000000000000,20000.000000000000000000,4000.000000000000000000,4000.000000000000000000,12000.000000000000000000,12000.000000000000000000,0.000000000000000000,0.000000000000000000
0.292000000000000000,0.292000000000000000,0.292000000000000000,20000.000000000000000000,20000.000000000000000000,4000.000000000000000000,4000.000000000000000000,12000.000000000000000000,12000.000000000000000000,0.000000000000000000,0.000000000000000000
0.294000000000000000,0.294000000000000000,0.294000000000000000,20000.000000000000000000,20000.000000000000000000,4000.000000000000000000,4000.000000000000000000,12000.000000000000000000,12000.000000000000000000,0.000000000000000000,0.000000000000000000
0.296000000000000000,0.296000000000000000,0.296000000000000000,20000.000000000000000000,20000.000000000000000000,4000.000000000000000000,4000.000000000000000000,12000.000000000000000000,12000.000000000000000000,0.000000000000000000,0.000000000000000000
0.298000000000000000,0.298000000000000000,0.298000000000000000,20000.000000000000000000,20000.000000000000000000,4000.000000000000000000,4000.000000000000000000,12000.000000000000000000,12000.000000000000000000,0.000000000000000000,0.000000000000000000
0.300000000000000000,0.300000000000000000,0.300000000000000000,20000.000000000000000000,20000.000000000000000000,4000.000000000000000000,4000.000000000000000000,12000.000000000000000000,12000.000000000000000000,0.000000000000000000,0.000000000000000000
0.302000000000000000,0.302000000000000000,0.302000000000000000,20000.000000000000000000,20000.000000000000000000,4000.000000000000000000,4000.000000000000000000,12000.000000000000000000,12000.000000000000000000,0.000000000000000000,0.000000000000000000
0.304000000000000000,0.304000000000000000,0.304000000000000000,20000.000000000000000000,20000.000000000000000000,4000.000000000000000000,4000.000000000000000000,12000.000000000000000000,12000.000000000000000000,0.000000000000000000,0.000000000000000000
0.306000000000000000,0.306000000000000000,0.306000000000000000,20000.000000000000000000,20000.000000000000000000,4000.000000000000000000,4000.000000000000000000,12000.000000000000000000,12000.000000000000000000,0.000000000000000000,0.000000000000000000
0.308000000000000000,0.308000000000000000,0.308000000000000000,20000.000000000000000000,20000.000000000000000000,4000.000000000000000000,4000.000000000000000000,12000.000000000000000000,12000.000000000000000000,0.000000000000000000,0.000000000000000000
0.310000000000000000,0.310000000000000000,0.310000000000000000,20000.000000000000000000,20000.000000000000000000,4000.000000000000000000,4000.000000000000000000,12000.000000000000000000,12000.000000000000000000,0.000000000000000000,0.000000000000000000
0.312000000000000000,0.312000000000000000,0.312000000000000000,20000.000000000000000000,20000.000000000000000000,4000.000000000000000000,4000.000000000000000000,12000.000000000000000000,12000.000000000000000000,0.000000000000000000,0.000000000000000000
0.314000000000000000,0.314000000000000000,0.314000000000000000,20000.000000000000000000,20000.000000000000000000,4000.000000000000000000,4000.000000000000000000,12000.000000000000000000,12000.000000000000000000,0.000000000000000000,0.000000000000000000
0.316000000000000000,0.316000000000000000,0.316000000000000000,20000.000000000000000000,20000.000000000000000000,4000.000000000000000000,4000.000000000000000000,12000.000000000000000000,12000.000000000000000000,0.000000000000000000,0.000000000000000000
0.318000000000000000,0.318000000000000000,0.318000000000000000,20000.000000000000000000,20000.000000000000000000,4000.000000000000000000,4000.000000000000000000,12000.000000000000000000,12000.000000000000000000,0.000000000000000000,0.000000000000000000
0.320000000000000000,0.320000000000000000,0.320000000000000000,20000.000000000000000000,20000.000000000000000000,4000.000000000000000000,4000.000000000000000000,12000.000000000000000000,12000.000000000000000000,0.000000000000000000,0.000000000000000000
0.322000000000000000,0.322000000000000000,0.322000000000000000,20000.000000000000000000,20000.000000000000000000,4000.000000000000000000,4000.000000000000000000,12000.000000000000000000,12000.000000000000000000,0.000000000000000000,0.000000000000000000
0.324000000000000000,0.324000000000000000,0.324000000000000000,20000.000000000000000000,20000.000000000000000000,4000.000000000000000000,4000.000000000000000000,12000.000000000000000000,12000.000000000000000000,0.000000000000000000,0.000000000000000000
0.326000000000000000,0.326000000000000000,0.326000000000000000,20000.000000000000000000,20000.000000000000000000,4000.000000000000000000,4000.000000000000000000,12000.000000000000000000,12000.000000000000000000,0.000000000000000000,0.000000000000000000
0.328000000000000000,0.328000000000000000,0.328000000000000000,20000.000000000000000000,20000.000000000000000000,4000.000000000000000000,4000.000000000000000000,12000.000000000000000000,12000.000000000000000000,0.000000000000000000,0.000000000000000000
0.330000000000000000,0.330000000000000000,0.330000000000000000,20000.000000000000000000,20000.000000000000000000,4000.000000000000000000,4000.000000000000000000,12000.000000000000000000,12000.000000000000000000,0.000000000000000000,0.000000000000000000
0.332000000000000000,0.332000000000000000,0.332000000000000000,20000.000000000000000000,20000.000000000000000000,4000.000000000000000000,4000.000000000000000000,12000.000000000000000000,12000.000000000000000000,0.000000000000000000,0.000000000000000000
0.334000000000000000,0.334000000000000000,0.334000000000000000,20000.000000000000000000,20000.000000000000000000,4000.000000000000000000,4000.000000000000000000,12000.000000000000000000,12000.000000000000000000,0.000000000000000000,0.000000000000000000
0.336000000000000000,0.336000000000000000,0.336000000000000000,20000.000000000000000000,20000.000000000000000000,4000.000000000000000000,4000.000000000000000000,12000.000000000000000000,12000.000000000000000000,0.000000000000000000,0.000000000000000000
0.338000000000000000,0.338000000000000000,0.338000000000000000,20000.000000000000000000,20000.000000000000000000,4000.000000000000000000,4000.000000000000000000,12000.000000000000000000,12000.000000000000000000,0.000000000000000000,0.000000000000000000
0.340000000000000000,0.340000000000000000,0.340000000000000000,20000.000000000000000000,20000.000000000000000000,4000.000000000000000000,4000.000000000000000000,12000.000000000000000000,12000.000000000000000000,0.000000000000000000,0.000000000000000000
0.342000000000000000,0.342000000000000000,0.342000000000000000,20000.000000000000000000,20000.000000000000000000,4000.000000000000000000,4000.000000000000000000,12000.000000000000000000,12000.000000000000000000,0.000000000000000000,0.000000000000000000
0.344000000000000000,0.344000000000000000,0.344000000000000000,20000.000000000000000000,20000.000000000000000000,4000.000000000000000000,4000.000000000000000000,12000.000000000000000000,12000.000000000000000000,0.000000000000000000,0.000000000000000000
0.346000000000000000,0.346000000000000000,0.346000000000000000,20000.000000000000000000,20000.000000000000000000,4000.000000000000000000,4000.000000000000000000,12000.000000000000000000,12000.000000000000000000,0.000000000000000000,0.000000000000000000
0.348000000000000000,0.348000000000000000,0.348000000000000000,20000.000000000000000000,20000.000000000000000000,4000.000000000000000000,4000.000000000000000000,12000.000000000000000000,12000.000000000000000000,0.000000000000000000,0.000000000000000000
0.350000000000000000,0.350000000000000000,0.350000000000000000,20000.000000000000000000,20000.000000000000000000,4000.000000000000000000,4000.000000000000000000,12000.000000000000000000,12000.000000000000000000,0.000000000000000000,0.000000000000000000
0.352000000000000000,0.352000000000000000,0.352000000000000000,20000.000000000000000000,20000.000000000000000000,4000.000000000000000000,4000.000000000000000000,12000.000000000000000000,12000.000000000000000000,0.000000000000000000,0.000000000000000000
0.354000000000000000,0.354000000000000000,0.354000000000000000,20000.000000000000000000,20000.000000000000000000,4000.000000000000000000,4000.000000000000000000,12000.000000000000000000,12000.000000000000000000,0.000000000000000000,0.000000000000000000
0.356000000000000000,0.356000000000000000,0.356000000000000000,20000.000000000000000000,20000.000000000000000000,4000.000000000000000000,4000.000000000000000000,12000.000000000000000000,12000.000000000000000000,0.000000000000000000,0.000000000000000000
0.358000000000000000,0.358000000000000000,0.358000000000000000,20000.000000000000000000,20000.000000000000000000,4000.000000000000000000,4000.000000000000000000,12000.000000000000000000,12000.000000000000000000,0.000000000000000000,0.000000000000000000
0.360000000000000000,0.360000000000000000,0.360000000000000000,20000.000000000000000000,20000.000000000000000000,4000.000000000000000000,4000.000000000000000000,12000.000000000000000000,12000.000000000000000000,0.000000000000000000,0.000000000000000000
0.362000000000000000,0.362000000000000000,0.362000000000000000,20000.000000000000000000,20000.000000000000000000,4000.000000000000000000,4000.000000000000000000,12000.000000000000000000,12000.000000000000000000,0.000000000000000000,0.000000000000000000
0.364000000000000000,0.364000000000000000,0.364000000000000000,20000.000000000000000000,20000.000000000000000000,4000.000000000000000000,4000.000000000000000000,12000.000000000000000000,12000.000000000000000000,0.000000000000000000,0.000000000000000000
0.366000000000000000,0.366000000000000000,0.366000000000000000,20000.000000000000000000,20000.000000000000000000,4000.000000000000000000,4000.000000000000000000,12000.000000000000000000,12000.000000000000000000,0.000000000000000000,0.000000000000000000
0.368000000000000000,0.368000000000000000,0.368000000000000000,20000.000000000000000000,20000.000000000000000000,4000.000000000000000000,4000.000000000000000000,12000.000000000000000000,12000.000000000000000000,0.000000000000000000,0.000000000000000000
0.370000000000000000,0.370000000000000000,0.370000000000000000,20000.000000000000000000,20000.000000000000000000,4000.000000000000000000,4000.000000000000000000,12000.000000000000000000,12000.000000000000000000,0.000000000000000000,0.000000000000000000
0.372000000000000000,0.372000000000000000,0.372000000000000000,20000.000000000000000000,20000.000000000000000000,4000.000000000000000000,4000.000000000000000000,12000.000000000000000000,12000.000000000000000000,0.000000000000000000,0.000000000000000000
0.374000000000000000,0.374000000000000000,0.374000000000000000,20000.000000000000000000,20000.000000000000000000,4000.000000000000000000,4000.000000000000000000,12000.000000000000000000,12000.000000000000000000,0.000000000000000000,0.000000000000000000
0.376000000000000000,0.376000000000000000,0.376000000000000000,20000.000000000000000000,20000.000000000000000000,4000.000000000000000000,4000.000000000000000000,12000.000000000000000000,12000.000000000000000000,0.000000000000000000,0.000000000000000000
0.378000000000000000,0.378000000000000000,0.378000000000000000,20000.000000000000000000,20000.000000000000000000,4000.000000000000000000,4000.000000000000000000,12000.000000000000000000,12000.000000000000000000,0.000000000000000000,0.000000000000000000
0.380000000000000000,0.380000000000000000,0.380000000000000000,20000.000000000000000000,20000.000000000000000000,4000.000000000000000000,4000.000000000000000000,12000.000000000000000000,12000.000000000000000000,0.000000000000000000,0.000000000000000000
0.382000000000000000,0.382000000000000000,0.382000000000000000,20000.000000000000000000,20000.000000000000000000,4000.000000000000000000,4000.000000000000000000,12000.000000000000000000,12000.000000000000000000,0.000000000000000000,0.000000000000000000
0.384000000000000000,0.384000000000000000,0.384000000000000000,20000.000000000000000000,20000.000000000000000000,4000.000000000000000000,4000.000000000000000000,12000.000000000000000000,12000.000000000000000000,0.000000000000000000,0.000000000000000000
0.386000000000000000,0.386000000000000000,0.386000000000000000,20000.000000000000000000,20000.000000000000000000,4000.000000000000000000,4000.000000000000000000,12000.000000000000000000,12000.000000000000000000,0.000000000000000000,0.000000000000000000
0.388000000000000000,0.388000000000000000,0.388000000000000000,20000.000000000000000000,20000.000000000000000000,4000.000000000000000000,4000.000000000000000000,12000.000000000000000000,12000.000000000000000000,0.000000000000000000,0.000000000000000000
0.390000000000000000,0.390000000000000000,0.390000000000000000,20000.000000000000000000,20000.000000000000000000,4000.000000000000000000,4000.000000000000000000,12000.000000000000000000,12000.000000000000000000,0.000000000000000000,0.000000000000000000
0.392000000000000000,0.392000000000000000,0.392000000000000000,20000.000000000000000000,20000.000000000000000000,4000.000000000000000000,4000.000000000000000000,12000.000000000000000000,12000.000000000000000000,0.000000000000000000,0.000000000000000000
0.394000000000000000,0.394000000000000000,0.394000000000000000,20000.000000000000000000,20000.000000000000000000,4000.000000000000000000,4000.000000000000000000,12000.000000000000000000,12000.000000000000000000,0.000000000000000000,0.000000000000000000
0.396000000000000000,0.396000000000000000,0.396000000000000000,20000.000000000000000000,20000.000000000000000000,4000.000000000000000000,4000.000000000000000000,12000.000000000000000000,12000.000000000000000000,0.000000000000000000,0.000000000000000000
0.398000000000000000,0.398000000000000000,0.398000000000000000,20000.000000000000000000,20000.000000000000000000,4000.000000000000000000,4000.000000000000000000,12000.000000000000000000,12000.000000000000000000,0.000000000000000000,0.000000000000000000
0.400000000000000000,0.400000000000000000,0.400000000000000000,20000.000000000000000000,20000.000000000000000000,4000.000000000000000000,4000.000000000000000000,12000.000000000000000000,12000.000000000000000000,0.000000000000000000,0.000000000000000000
0.402000000000000000,0.402000000000000000,0.402000000000000000,20000.000000000000000000,20000.000000000000000000,4000.000000000000000000,4000.000000000000000000,12000.000000000000000000,12000.000000000000000000,0.000000000000000000,0.000000000000000000
0.404000000000000000,0.404000000000000000,0.404000000000000000,20000.000000000000000000,20000.000000000000000000,4000.000000000000000000,4000.000000000000000000,12000.000000000000000000,12000.000000000000000000,0.000000000000000000,0.000000000000000000
0.406000000000000000,0.406000000000000000,0.406000000000000000,20000.000000000000000000,20000.000000000000000000,4000.000000000000000000,4000.000000000000000000,12000.000000000000000000,12000.000000000000000000,0.000000000000000000,0.000000000000000000
0.408000000000000000,0.408000000000000000,0.408000000000000000,20000.000000000000000000,20000.000000000000000000,4000.000000000000000000,4000.000000000000000000,12000.000000000000000000,12000.000000000000000000,0.000000000000000000,0.000000000000000000
0.410000000000000000,0.410000000000000000,0.410000000000000000,20000.000000000000000000,20000.000000000000000000,4000.000000000000000000,4000.000000000000000000,12000.000000000000000000,12000.000000000000000000,0.000000000000000000,0.000000000000000000
0.412000000000000000,0.412000000000000000,0.412000000000000000,20000.000000000000000000,20000.000000000000000000,4000.000000000000000000,4000.000000000000000000,12000.000000000000000000,12000.000000000000000000,0.000000000000000000,0.000000000000000000
0.414000000000000000,0.414000000000000000,0.414000000000000000,20000.000000000000000000,20000.000000000000000000,4000.000000000000000000,4000.000000000000000000,12000.000000000000000000,12000.000000000000000000,0.000000000000000000,0.000000000000000000
0.416000000000000000,0.416000000000000000,0.416000000000000000,20000.000000000000000000,20000.000000000000000000,4000.000000000000000000,4000.000000000000000000,12000.000000000000000000,12000.000000000000000000,0.000000000000000000,0.000000000000000000
0.418000000000000000,0.418000000000000000,0.418000000000000000,20000.000000000000000000,20000.000000000000000000,4000.000000000000000000,4000.000000000000000000,12000.000000000000000000,12000.000000000000000000,0.000000000000000000,0.000000000000000000
0.420000000000000000,0.420000000000000000,0.420000000000000000,20000.000000000000000000,20000.000000000000000000,4000.000000000000000000,4000.000000000000000000,12000.000000000000000000,12000.000000000000000000,0.000000000000000000,0.000000000000000000
0.422000000000000000,0.422000000000000000,0.422000000000000000,20000.000000000000000000,20000.000000000000000000,4000.000000000000000000,4000.000000000000000000,12000.000000000000000000,12000.000000000000000000,0.000000000000000000,0.000000000000000000
0.424000000000000000,0.424000000000000000,0.424000000000000000,20000.000000000000000000,20000.000000000000000000,4000.000000000000000000,4000.000000000000000000,12000.000000000000000000,12000.000000000000000000,0.000000000000000000,0.000000000000000000
0.426000000000000000,0.426000000000000000,0.426000000000000000,20000.000000000000000000,20000.000000000000000000,4000.000000000000000000,4000.000000000000000000,12000.000000000000000000,12000.000000000000000000,0.000000000000000000,0.000000000000000000
0.428000000000000000,0.428000000000000000,0.428000000000000000,20000.000000000000000000,20000.000000000000000000,4000.000000000000000000,4000.000000000000000000,12000.000000000000000000,12000.000000000000000000,0.000000000000000000,0.000000000000000000
0.430000000000000000,0.430000000000000000,0.430000000000000000,20000.000000000000000000,20000.000000000000000000,4000.000000000000000000,4000.000000000000000000,12000.000000000000000000,12000.000000000000000000,0.000000000000000000,0.000000000000000000
0.432000000000000000,0.432000000000000000,0.432000000000000000,20000.000000000000000000,20000.000000000000000000,4000.000000000000000000,4000.000000000000000000,12000.000000000000000000,12000.000000000000000000,0.000000000000000000,0.000000000000000000
0.434000000000000000,0.434000000000000000,0.434000000000000000,20000.000000000000000000,20000.000000000000000000,4000.000000000000000000,4000.000000000000000000,12000.000000000000000000,12000.000000000000000000,0.000000000000000000,0.000000000000000000
0.436000000000000000,0.436000000000000000,0.436000000000000000,20000.000000000000000000,20000.000000000000000000,4000.000000000000000000,4000.000000000000000000,12000.000000000000000000,12000.000000000000000000,0.000000000000000000,0.000000000000000000
0.438000000000000000,0.438000000000000000,0.438000000000000000,20000.000000000000000000,20000.000000000000000000,4000.000000000000000000,4000.000000000000000000,12000.000000000000000000,12000.000000000000000000,0.000000000000000000,0.000000000000000000
0.440000000000000000,0.440000000000000000,0.440000000000000000,20000.000000000000000000,20000.000000000000000000,4000.000000000000000000,4000.000000000000000000,12000.000000000000000000,12000.000000000000000000,0.000000000000000000,0.000000000000000000
0.442000000000000000,0.442000000000000000,0.442000000000000000,20000.000000000000000000,20000.000000000000000000,4000.000000000000000000,4000.000000000000000000,12000.000000000000000000,12000.000000000000000000,0.000000000000000000,0.000000000000000000
0.444000000000000000,0.444000000000000000,0.444000000000000000,20000.000000000000000000,20000.000000000000000000,4000.000000000000000000,4000.000000000000000000,12000.000000000000000000,12000.000000000000000000,0.000000000000000000,0.000000000000000000
0.446000000000000000,0.446000000000000000,0.446000000000000000,20000.000000000000000000,20000.000000000000000000,4000.000000000000000000,4000.000000000000000000,12000.000000000000000000,12000.000000000000000000,0.000000000000000000,0.000000000000000000
0.448000000000000000,0.448000000000000000,0.448000000000000000,20000.000000000000000000,20000.000000000000000000,4000.000000000000000000,4000.000000000000000000,12000.000000000000000000,12000.000000000000000000,0.000000000000000000,0.000000000000000000
0.450000000000000000,0.450000000000000000,0.450000000000000000,20000.000000000000000000,20000.000000000000000000,4000.000000000000000000,4000.000000000000000000,12000.000000000000000000,12000.000000000000000000,0.000000000000000000,0.000000000000000000
0.452000000000000000,0.452000000000000000,0.452000000000000000,20000.000000000000000000,20000.000000000000000000,4000.000000000000000000,4000.000000000000000000,12000.000000000000000000,12000.000000000000000000,0.000000000000000000,0.000000000000000000
0.454000000000000000,0.454000000000000000,0.454000000000000000,20000.000000000000000000,20000.000000000000000000,4000.000000000000000000,4000.000000000000000000,12000.000000000000000000,12000.000000000000000000,0.000000000000000000,0.000000000000000000
0.456000000000000000,0.456000000000000000,0.456000000000000000,20000.000000000000000000,20000.000000000000000000,4000.000000000000000000,4000.000000000000000000,12000.000000000000000000,12000.000000000000000000,0.000000000000000000,0.000000000000000000
0.458000000000000000,0.458000000000000000,0.458000000000000000,20000.000000000000000000,20000.000000000000000000,4000.000000000000000000,4000.000000000000000000,12000.000000000000000000,12000.000000000000000000,0.000000000000000000,0.000000000000000000
0.460000000000000000,0.460000000000000000,0.460000000000000000,20000.000000000000000000,20000.000000000000000000,4000.000000000000000000,4000.000000000000000000,12000.000000000000000000,12000.000000000000000000,0.000000000000000000,0.000000000000000000
0.462000000000000000,0.462000000000000000,0.462000000000000000,20000.000000000000000000,20000.000000000000000000,4000.000000000000000000,4000.000000000000000000,12000.000000000000000000,12000.000000000000000000,0.000000000000000000,0.000000000000000000
0.464000000000000000,0.464000000000000000,0.464000000000000000,20000.000000000000000000,20000.000000000000000000,4000.000000000000000000,4000.000000000000000000,12000.000000000000000000,12000.000000000000000000,0.000000000000000000,0.000000000000000000
0.466000000000000000,0.466000000000000000,0.466000000000000000,20000.000000000000000000,20000.000000000000000000,4000.000000000000000000,4000.000000000000000000,12000.000000000000000000,12000.000000000000000000,0.000000000000000000,0.000000000000000000
0.468000000000000000,0.468000000000000000,0.468000000000000000,20000.000000000000000000,20000.000000000000000000,4000.000000000000000000,4000.000000000000000000,12000.000000000000000000,12000.000000000000000000,0.000000000000000000,0.000000000000000000
0.470000000000000000,0.470000000000000000,0.470000000000000000,20000.000000000000000000,20000.000000000000000000,4000.000000000000000000,4000.000000000000000000,12000.000000000000000000,12000.000000000000000000,0.000000000000000000,0.000000000000000000
0.472000000000000000,0.472000000000000000,0.472000000000000000,20000.000000000000000000,20000.000000000000000000,4000.000000000000000000,4000.000000000000000000,12000.000000000000000000,12000.000000000000000000,0.000000000000000000,0.000000000000000000
0.474000000000000000,0.474000000000000000,0.474000000000000000,20000.000000000000000000,20000.000000000000000000,4000.000000000000000000,4000.000000000000000000,12000.000000000000000000,12000.000000000000000000,0.000000000000000000,0.000000000000000000
0.476000000000000000,0.476000000000000000,0.476000000000000000,20000.000000000000000000,20000.000000000000000000,4000.000000000000000000,4000.000000000000000000,12000.000000000000000000,12000.000000000000000000,0.000000000000000000,0.000000000000000000
0.478000000000000000,0.478000000000000000,0.478000000000000000,20000.000000000000000000,20000.000000000000000000,4000.000000000000000000,4000.000000000000000000,12000.000000000000000000,12000.000000000000000000,0.000000000000000000,0.000000000000000000
0.480000000000000000,0.480000000000000000,0.480000000000000000,20000.000000000000000000,20000.000000000000000000,4000.000000000000000000,4000.000000000000000000,12000.000000000000000000,12000.000000000000000000,0.000000000000000000,0.000000000000000000
0.482000000000000000,0.482000000000000000,0.482000000000000000,20000.000000000000000000,20000.000000000000000000,4000.000000000000000000,4000.000000000000000000,12000.000000000000000000,12000.000000000000000000,0.000000000000000000,0.000000000000000000
0.484000000000000000,0.484000000000000000,0.484000000000000000,20000.000000000000000000,20000.000000000000000000,4000.000000000000000000,4000.000000000000000000,12000.000000000000000000,12000.000000000000000000,0.000000000000000000,0.000000000000000000
0.486000000000000000,0.486000000000000000,0.486000000000000000,20000.000000000000000000,20000.000000000000000000,4000.000000000000000000,4000.000000000000000000,12000.000000000000000000,12000.000000000000000000,0.000000000000000000,0.000000000000000000
0.488000000000000000,0.488000000000000000,0.488000000000000000,20000.000000000000000000,20000.000000000000000000,4000.000000000000000000,4000.000000000000000000,12000.000000000000000000,12000.000000000000000000,0.000000000000000000,0.000000000000000000
0.490000000000000000,0.490000000000000000,0.490000000000000000,20000.000000000000000000,20000.000000000000000000,4000.000000000000000000,4000.000000000000000000,12000.000000000000000000,12000.000000000000000000,0.000000000000000000,0.000000000000000000
0.492000000000000000,0.492000000000000000,0.492000000000000000,20000.000000000000000000,20000.000000000000000000,4000.000000000000000000,4000.000000000000000000,12000.000000000000000000,12000.000000000000000000,0.000000000000000000,0.000000000000000000
0.494000000000000000,0.494000000000000000,0.494000000000000000,20000.000000000000000000,20000.000000000000000000,4000.000000000000000000,4000.000000000000000000,12000.000000000000000000,12000.000000000000000000,0.000000000000000000,0.000000000000000000
0.496000000000000000,0.496000000000000000,0.496000000000000000,20000.000000000000000000,20000.000000000000000000,4000.000000000000000000,4000.000000000000000000,12000.000000000000000000,12000.000000000000000000,0.000000000000000000,0.000000000000000000
0.498000000000000000,0.498000000000000000,0.498000000000000000,20000.000000000000000000,20000.000000000000000000,4000.000000000000000000,4000.000000000000000000,12000.000000000000000000,12000.000000000000000000,0.000000000000000000,0.000000000000000000
0.500000000000000000,0.500000000000000000,0.500000000000000000,20000.000000000000000000,20000.000000000000000000,4000.000000000000000000,4000.000000000000000000,12000.000000000000000000,12000.000000000000000000,0.000000000000000000,0.000000000000000000
0.502000000000000000,0.502000000000000000,0.502000000000000000,20000.000000000000000000,20000.000000000000000000,4000.000000000000000000,4000.000000000000000000,12000.000000000000000000,12000.000000000000000000,0.000000000000000000,0.000000000000000000
0.504000000000000000,0.504000000000000000,0.504000000000000000,20000.000000000000000000,20000.000000000000000000,4000.000000000000000000,4000.000000000000000000,12000.000000000000000000,12000.000000000000000000,0.000000000000000000,0.000000000000000000
0.506000000000000000,0.506000000000000000,0.506000000000000000,20000.000000000000000000,20000.000000000000000000,4000.000000000000000000,4000.000000000000000000,12000.000000000000000000,12000.000000000000000000,0.000000000000000000,0.000000000000000000
0.508000000000000000,0.508000000000000000,0.508000000000000000,20000.000000000000000000,20000.000000000000000000,4000.000000000000000000,4000.000000000000000000,12000.000000000000000000,12000.000000000000000000,0.000000000000000000,0.000000000000000000
0.510000000000000000,0.510000000000000000,0.510000000000000000,20000.000000000000000000,20000.000000000000000000,4000.000000000000000000,4000.000000000000000000,12000.000000000000000000,12000.000000000000000000,0.000000000000000000,0.000000000000000000
0.512000000000000000,0.512000000000000000,0.512000000000000000,20000.000000000000000000,20000.000000000000000000,4000.000000000000000000,4000.000000000000000000,12000.000000000000000000,12000.000000000000000000,0.000000000000000000,0.000000000000000000
0.514000000000000000,0.514000000000000000,0.514000000000000000,20000.000000000000000000,20000.000000000000000000,4000.000000000000000000,4000.000000000000000000,12000.000000000000000000,12000.000000000000000000,0.000000000000000000,0.000000000000000000
0.516000000000000000,0.516000000000000000,0.516000000000000000,20000.000000000000000000,20000.000000000000000000,4000.000000000000000000,4000.000000000000000000,12000.000000000000000000,12000.000000000000000000,0.000000000000000000,0.000000000000000000
0.518000000000000000,0.518000000000000000,0.518000000000000000,20000.000000000000000000,20000.000000000000000000,4000.000000000000000000,4000.000000000000000000,12000.000000000000000000,12000.000000000000000000,0.000000000000000000,0.000000000000000000
0.520000000000000000,0.520000000000000000,0.520000000000000000,20000.000000000000000000,20000.000000000000000000,4000.000000000000000000,4000.000000000000000000,12000.000000000000000000,12000.000000000000000000,0.000000000000000000,0.000000000000000000
0.522000000000000000,0.522000000000000000,0.522000000000000000,20000.000000000000000000,20000.000000000000000000,4000.000000000000000000,4000.000000000000000000,12000.000000000000000000,12000.000000000000000000,0.000000000000000000,0.000000000000000000
0.524000000000000000,0.524000000000000000,0.524000000000000000,20000.000000000000000000,20000.000000000000000000,4000.000000000000000000,4000.000000000000000000,12000.000000000000000000,12000.000000000000000000,0.000000000000000000,0.000000000000000000
0.526000000000000000,0.526000000000000000,0.526000000000000000,20000.000000000000000000,20000.000000000000000000,4000.000000000000000000,4000.000000000000000000,12000.000000000000000000,12000.000000000000000000,0.000000000000000000,0.000000000000000000
0.528000000000000000,0.528000000000000000,0.528000000000000000,20000.000000000000000000,20000.000000000000000000,4000.000000000000000000,4000.000000000000000000,12000.000000000000000000,12000.000000000000000000,0.000000000000000000,0.000000000000000000
0.530000000000000000,0.530000000000000000,0.530000000000000000,20000.000000000000000000,20000.000000000000000000,4000.000000000000000000,4000.000000000000000000,12000.000000000000000000,12000.000000000000000000,0.000000000000000000,0.000000000000000000
0.532000000000000000,0.532000000000000000,0.532000000000000000,20000.000000000000000000,20000.000000000000000000,4000.000000000000000000,4000.000000000000000000,12000.000000000000000000,12000.000000000000000000,0.000000000000000000,0.000000000000000000
0.534000000000000000,0.534000000000000000,0.534000000000000000,20000.000000000000000000,20000.000000000000000000,4000.000000000000000000,4000.000000000000000000,12000.000000000000000000,12000.000000000000000000,0.000000000000000000,0.000000000000000000
0.536000000000000000,0.536000000000000000,0.536000000000000000,20000.000000000000000000,20000.000000000000000000,4000.000000000000000000,4000.000000000000000000,12000.000000000000000000,12000.000000000000000000,0.000000000000000000,0.000000000000000000
0.538000000000000000,0.538000000000000000,0.538000000000000000,20000.000000000000000000,20000.000000000000000000,4000.000000000000000000,4000.000000000000000000,12000.000000000000000000,12000.000000000000000000,0.000000000000000000,0.000000000000000000
0.540000000000000000,0.540000000000000000,0.540000000000000000,20000.000000000000000000,20000.000000000000000000,4000.000000000000000000,4000.000000000000000000,12000.000000000000000000,12000.000000000000000000,0.000000000000000000,0.000000000000000000
0.542000000000000000,0.542000000000000000,0.542000000000000000,20000.000000000000000000,20000.000000000000000000,4000.000000000000000000,4000.000000000000000000,12000.000000000000000000,12000.000000000000000000,0.000000000000000000,0.000000000000000000
0.544000000000000000,0.544000000000000000,0.544000000000000000,20000.000000000000000000,20000.000000000000000000,4000.000000000000000000,4000.000000000000000000,12000.000000000000000000,12000.000000000000000000,0.000000000000000000,0.000000000000000000
0.546000000000000000,0.546000000000000000,0.546000000000000000,20000.000000000000000000,20000.000000000000000000,4000.000000000000000000,4000.000000000000000000,12000.000000000000000000,12000.000000000000000000,0.000000000000000000,0.000000000000000000
0.548000000000000000,0.548000000000000000,0.548000000000000000,20000.000000000000000000,20000.000000000000000000,4000.000000000000000000,4000.000000000000000000,12000.000000000000000000,12000.000000000000000000,0.000000000000000000,0.000000000000000000
0.550000000000000000,0.550000000000000000,0.550000000000000000,20000.000000000000000000,20000.000000000000000000,4000.000000000000000000,4000.000000000000000000,12000.000000000000000000,12000.000000000000000000,0.000000000000000000,0.000000000000000000
0.552000000000000000,0.552000000000000000,0.552000000000000000,20000.000000000000000000,20000.000000000000000000,4000.000000000000000000,4000.000000000000000000,12000.000000000000000000,12000.000000000000000000,0.000000000000000000,0.000000000000000000
0.554000000000000000,0.554000000000000000,0.554000000000000000,20000.000000000000000000,20000.000000000000000000,4000.000000000000000000,4000.000000000000000000,12000.000000000000000000,12000.000000000000000000,0.000000000000000000,0.000000000000000000
0.556000000000000000,0.556000000000000000,0.556000000000000000,20000.000000000000000000,20000.000000000000000000,4000.000000000000000000,4000.000000000000000000,12000.000000000000000000,12000.000000000000000000,0.000000000000000000,0.000000000000000000
0.558000000000000000,0.558000000000000000,0.558000000000000000,20000.000000000000000000,20000.000000000000000000,4000.000000000000000000,4000.000000000000000000,12000.000000000000000000,12000.000000000000000000,0.000000000000000000,0.000000000000000000
0.560000000000000000,0.560000000000000000,0.560000000000000000,20000.000000000000000000,20000.000000000000000000,4000.000000000000000000,4000.000000000000000000,12000.000000000000000000,12000.000000000000000000,0.000000000000000000,0.000000000000000000
0.562000000000000000,0.562000000000000000,0.562000000000000000,20000.000000000000000000,20000.000000000000000000,4000.000000000000000000,4000.000000000000000000,12000.000000000000000000,12000.000000000000000000,0.000000000000000000,0.000000000000000000
0.564000000000000000,0.564000000000000000,0.564000000000000000,20000.000000000000000000,20000.000000000000000000,4000.000000000000000000,4000.000000000000000000,12000.000000000000000000,12000.000000000000000000,0.000000000000000000,0.000000000000000000
0.566000000000000000,0.566000000000000000,0.566000000000000000,20000.000000000000000000,20000.000000000000000000,4000.000000000000000000,4000.000000000000000000,12000.000000000000000000,12000.000000000000000000,0.000000000000000000,0.000000000000000000
0.568000000000000000,0.568000000000000000,0.568000000000000000,20000.000000000000000000,20000.000000000000000000,4000.000000000000000000,4000.000000000000000000,12000.000000000000000000,12000.000000000000000000,0.000000000000000000,0.000000000000000000
0.570000000000000000,0.570000000000000000,0.570000000000000000,20000.000000000000000000,20000.000000000000000000,4000.000000000000000000,4000.000000000000000000,12000.000000000000000000,12000.000000000000000000,0.000000000000000000,0.000000000000000000
0.572000000000000000,0.572000000000000000,0.572000000000000000,20000.000000000000000000,20000.000000000000000000,4000.000000000000000000,4000.000000000000000000,12000.000000000000000000,12000.000000000000000000,0.000000000000000000,0.000000000000000000
0.574000000000000000,0.574000000000000000,0.574000000000000000,20000.000000000000000000,20000.000000000000000000,4000.000000000000000000,4000.000000000000000000,12000.000000000000000000,12000.000000000000000000,0.000000000000000000,0.000000000000000000
0.576000000000000000,0.576000000000000000,0.576000000000000000,20000.000000000000000000,20000.000000000000000000,4000.000000000000000000,4000.000000000000000000,12000.000000000000000000,12000.000000000000000000,0.000000000000000000,0.000000000000000000
0.578000000000000000,0.578000000000000000,0.578000000000000000,20000.000000000000000000,20000.000000000000000000,4000.000000000000000000,4000.000000000000000000,12000.000000000000000000,12000.000000000000000000,0.000000000000000000,0.000000000000000000
0.580000000000000000,0.580000000000000000,0.580000000000000000,20000.000000000000000000,20000.000000000000000000,4000.000000000000000000,4000.000000000000000000,12000.000000000000000000,12000.000000000000000000,0.000000000000000000,0.000000000000000000
0.582000000000000000,0.582000000000000000,0.582000000000000000,20000.000000000000000000,20000.000000000000000000,4000.000000000000000000,4000.000000000000000000,12000.000000000000000000,12000.000000000000000000,0.000000000000000000,0.000000000000000000
0.584000000000000000,0.584000000000000000,0.584000000000000000,20000.000000000000000000,20000.000000000000000000,4000.000000000000000000,4000.000000000000000000,12000.000000000000000000,12000.000000000000000000,0.000000000000000000,0.000000000000000000
0.586000000000000000,0.586000000000000000,0.586000000000000000,20000.000000000000000000,20000.000000000000000000,4000.000000000000000000,4000.000000000000000000,12000.000000000000000000,12000.000000000000000000,0.000000000000000000,0.000000000000000000
0.588000000000000000,0.588000000000000000,0.588000000000000000,20000.000000000000000000,20000.000000000000000000,4000.000000000000000000,4000.000000000000000000,12000.000000000000000000,12000.000000000000000000,0.000000000000000000,0.000000000000000000
0.590000000000000000,0.590000000000000000,0.590000000000000000,20000.000000000000000000,20000.000000000000000000,4000.000000000000000000,4000.000000000000000000,12000.000000000000000000,12000.000000000000000000,0.000000000000000000,0.000000000000000000
0.592000000000000000,0.592000000000000000,0.592000000000000000,20000.000000000000000000,20000.000000000000000000,4000.000000000000000000,4000.000000000000000000,12000.000000000000000000,12000.000000000000000000,0.000000000000000000,0.000000000000000000
0.594000000000000000,0.594000000000000000,0.594000000000000000,20000.000000000000000000,20000.000000000000000000,4000.000000000000000000,4000.000000000000000000,12000.000000000000000000,12000.000000000000000000,0.000000000000000000,0.000000000000000000
0.596000000000000000,0.596000000000000000,0.596000000000000000,20000.000000000000000000,20000.000000000000000000,4000.000000000000000000,4000.000000000000000000,12000.000000000000000000,12000.000000000000000000,0.000000000000000000,0.000000000000000000
0.598000000000000000,0.598000000000000000,0.598000000000000000,20000.000000000000000000,20000.000000000000000000,4000.000000000000000000,4000.000000000000000000,12000.000000000000000000,12000.000000000000000000,0.000000000000000000,0.000000000000000000
0.600000000000000000,0.600000000000000000,0.600000000000000000,20000.000000000000000000,20000.000000000000000000,4000.000000000000000000,4000.000000000000000000,12000.000000000000000000,12000.000000000000000000,0.000000000000000000,0.000000000000000000
0.602000000000000000,0.602000000000000000,0.602000000000000000,20000.000000000000000000,20000.000000000000000000,4000.000000000000000000,4000.000000000000000000,12000.000000000000000000,12000.000000000000000000,0.000000000000000000,0.000000000000000000
0.604000000000000000,0.604000000000000000,0.604000000000000000,20000.000000000000000000,20000.000000000000000000,4000.000000000000000000,4000.000000000000000000,12000.000000000000000000,12000.000000000000000000,0.000000000000000000,0.000000000000000000
0.606000000000000000,0.606000000000000000,0.606000000000000000,20000.000000000000000000,20000.000000000000000000,4000.000000000000000000,4000.000000000000000000,12000.000000000000000000,12000.000000000000000000,0.000000000000000000,0.000000000000000000
0.608000000000000000,0.608000000000000000,0.608000000000000000,20000.000000000000000000,20000.000000000000000000,4000.000000000000000000,4000.000000000000000000,12000.000000000000000000,12000.000000000000000000,0.000000000000000000,0.000000000000000000
0.610000000000000000,0.610000000000000000,0.610000000000000000,20000.000000000000000000,20000.000000000000000000,4000.000000000000000000,4000.000000000000000000,12000.000000000000000000,12000.000000000000000000,0.000000000000000000,0.000000000000000000
0.612000000000000000,0.612000000000000000,0.612000000000000000,20000.000000000000000000,20000.000000000000000000,4000.000000000000000000,4000.000000000000000000,12000.000000000000000000,12000.000000000000000000,0.000000000000000000,0.000000000000000000
0.614000000000000000,0.614000000000000000,0.614000000000000000,20000.000000000000000000,20000.000000000000000000,4000.000000000000000000,4000.000000000000000000,12000.000000000000000000,12000.000000000000000000,0.000000000000000000,0.000000000000000000
0.616000000000000000,0.616000000000000000,0.616000000000000000,20000.000000000000000000,20000.000000000000000000,4000.000000000000000000,4000.000000000000000000,12000.000000000000000000,12000.000000000000000000,0.000000000000000000,0.000000000000000000
0.618000000000000000,0.618000000000000000,0.618000000000000000,20000.000000000000000000,20000.000000000000000000,4000.000000000000000000,4000.000000000000000000,12000.000000000000000000,12000.000000000000000000,0.000000000000000000,0.000000000000000000
0.620000000000000000,0.620000000000000000,0.620000000000000000,20000.000000000000000000,20000.000000000000000000,4000.000000000000000000,4000.000000000000000000,12000.000000000000000000,12000.000000000000000000,0.000000000000000000,0.000000000000000000
0.622000000000000000,0.622000000000000000,0.622000000000000000,20000.000000000000000000,20000.000000000000000000,4000.000000000000000000,4000.000000000000000000,12000.000000000000000000,12000.000000000000000000,0.000000000000000000,0.000000000000000000
0.624000000000000000,0.624000000000000000,0.624000000000000000,20000.000000000000000000,20000.000000000000000000,4000.000000000000000000,4000.000000000000000000,12000.000000000000000000,12000.000000000000000000,0.000000000000000000,0.000000000000000000
0.626000000000000000,0.626000000000000000,0.626000000000000000,20000.000000000000000000,20000.000000000000000000,4000.000000000000000000,4000.000000000000000000,12000.000000000000000000,12000.000000000000000000,0.000000000000000000,0.000000000000000000
0.628000000000000000,0.628000000000000000,0.628000000000000000,20000.000000000000000000,20000.000000000000000000,4000.000000000000000000,4000.000000000000000000,12000.000000000000000000,12000.000000000000000000,0.000000000000000000,0.000000000000000000
0.630000000000000000,0.630000000000000000,0.630000000000000000,20000.000000000000000000,20000.000000000000000000,4000.000000000000000000,4000.000000000000000000,12000.000000000000000000,12000.000000000000000000,0.000000000000000000,0.000000000000000000
0.632000000000000000,0.632000000000000000,0.632000000000000000,20000.000000000000000000,20000.000000000000000000,4000.000000000000000000,4000.000000000000000000,12000.000000000000000000,12000.000000000000000000,0.000000000000000000,0.000000000000000000
0.634000000000000000,0.634000000000000000,0.634000000000000000,20000.000000000000000000,20000.000000000000000000,4000.000000000000000000,4000.000000000000000000,12000.000000000000000000,12000.000000000000000000,0.000000000000000000,0.000000000000000000
0.636000000000000000,0.636000000000000000,0.636000000000000000,20000.000000000000000000,20000.000000000000000000,4000.000000000000000000,4000.000000000000000000,12000.000000000000000000,12000.000000000000000000,0.000000000000000000,0.000000000000000000
0.638000000000000000,0.638000000000000000,0.638000000000000000,20000.000000000000000000,20000.000000000000000000,4000.000000000000000000,4000.000000000000000000,12000.000000000000000000,12000.000000000000000000,0.000000000000000000,0.000000000000000000
0.640000000000000000,0.640000000000000000,0.640000000000000000,20000.000000000000000000,20000.000000000000000000,4000.000000000000000000,4000.000000000000000000,12000.000000000000000000,12000.000000000000000000,0.000000000000000000,0.000000000000000000
0.642000000000000000,0.642000000000000000,0.642000000000000000,20000.000000000000000000,20000.000000000000000000,4000.000000000000000000,4000.000000000000000000,12000.000000000000000000,12000.000000000000000000,0.000000000000000000,0.000000000000000000
0.644000000000000000,0.644000000000000000,0.644000000000000000,20000.000000000000000000,20000.000000000000000000,4000.000000000000000000,4000.000000000000000000,12000.000000000000000000,12000.000000000000000000,0.000000000000000000,0.000000000000000000
0.646000000000000000,0.646000000000000000,0.646000000000000000,20000.000000000000000000,20000.000000000000000000,4000.000000000000000000,4000.000000000000000000,12000.000000000000000000,12000.000000000000000000,0.000000000000000000,0.000000000000000000
0.648000000000000000,0.648000000000000000,0.648000000000000000,20000.000000000000000000,20000.000000000000000000,4000.000000000000000000,4000.000000000000000000,12000.000000000000000000,12000.000000000000000000,0.000000000000000000,0.000000000000000000
0.650000000000000000,0.650000000000000000,0.650000000000000000,20000.000000000000000000,20000.000000000000000000,4000.000000000000000000,4000.000000000000000000,12000.000000000000000000,12000.000000000000000000,0.000000000000000000,0.000000000000000000
0.652000000000000000,0.652000000000000000,0.652000000000000000,20000.000000000000000000,20000.000000000000000000,4000.000000000000000000,4000.000000000000000000,12000.000000000000000000,12000.000000000000000000,0.000000000000000000,0.000000000000000000
0.654000000000000000,0.654000000000000000,0.654000000000000000,20000.000000000000000000,20000.000000000000000000,4000.000000000000000000,4000.000000000000000000,12000.000000000000000000,12000.000000000000000000,0.000000000000000000,0.000000000000000000
0.656000000000000000,0.656000000000000000,0.656000000000000000,20000.000000000000000000,20000.000000000000000000,4000.000000000000000000,4000.000000000000000000,12000.000000000000000000,12000.000000000000000000,0.000000000000000000,0.000000000000000000
0.658000000000000000,0.658000000000000000,0.658000000000000000,20000.000000000000000000,20000.000000000000000000,4000.000000000000000000,4000.000000000000000000,12000.000000000000000000,12000.000000000000000000,0.000000000000000000,0.000000000000000000
0.660000000000000000,0.660000000000000000,0.660000000000000000,20000.000000000000000000,20000.000000000000000000,4000.000000000000000000,4000.000000000000000000,12000.000000000000000000,12000.000000000000000000,0.000000000000000000,0.000000000000000000
0.662000000000000000,0.662000000000000000,0.662000000000000000,20000.000000000000000000,20000.000000000000000000,4000.000000000000000000,4000.000000000000000000,12000.000000000000000000,12000.000000000000000000,0.000000000000000000,0.000000000000000000
0.664000000000000000,0.664000000000000000,0.664000000000000000,20000.000000000000000000,20000.000000000000000000,4000.000000000000000000,4000.000000000000000000,12000.000000000000000000,12000.000000000000000000,0.000000000000000000,0.000000000000000000
0.666000000000000000,0.666000000000000000,0.666000000000000000,20000.000000000000000000,20000.000000000000000000,4000.000000000000000000,4000.000000000000000000,12000.000000000000000000,12000.000000000000000000,0.000000000000000000,0.000000000000000000
0.668000000000000000,0.668000000000000000,0.668000000000000000,20000.000000000000000000,20000.000000000000000000,4000.000000000000000000,4000.000000000000000000,12000.000000000000000000,12000.000000000000000000,0.000000000000000000,0.000000000000000000
0.670000000000000000,0.670000000000000000,0.670000000000000000,20000.000000000000000000,20000.000000000000000000,4000.000000000000000000,4000.000000000000000000,12000.000000000000000000,12000.000000000000000000,0.000000000000000000,0.000000000000000000
0.672000000000000000,0.672000000000000000,0.672000000000000000,20000.000000000000000000,20000.000000000000000000,4000.000000000000000000,4000.000000000000000000,12000.000000000000000000,12000.000000000000000000,0.000000000000000000,0.000000000000000000
0.674000000000000000,0.674000000000000000,0.674000000000000000,20000.000000000000000000,20000.000000000000000000,4000.000000000000000000,4000.000000000000000000,12000.000000000000000000,12000.000000000000000000,0.000000000000000000,0.000000000000000000
0.676000000000000000,0.676000000000000000,0.676000000000000000,20000.000000000000000000,20000.000000000000000000,4000.000000000000000000,4000.000000000000000000,12000.000000000000000000,12000.000000000000000000,0.000000000000000000,0.000000000000000000
0.678000000000000000,0.678000000000000000,0.678000000000000000,20000.000000000000000000,20000.000000000000000000,4000.000000000000000000,4000.000000000000000000,12000.000000000000000000,12000.000000000000000000,0.000000000000000000,0.000000000000000000
0.680000000000000000,0.680000000000000000,0.680000000000000000,20000.000000000000000000,20000.000000000000000000,4000.000000000000000000,4000.000000000000000000,12000.000000000000000000,12000.000000000000000000,0.000000000000000000,0.000000000000000000
0.682000000000000000,0.682000000000000000,0.682000000000000000,20000.000000000000000000,20000.000000000000000000,4000.000000000000000000,4000.000000000000000000,12000.000000000000000000,12000.000000000000000000,0.000000000000000000,0.000000000000000000
0.684000000000000000,0.684000000000000000,0.684000000000000000,20000.000000000000000000,20000.000000000000000000,4000.000000000000000000,4000.000000000000000000,12000.000000000000000000,12000.000000000000000000,0.000000000000000000,0.000000000000000000
0.686000000000000000,0.686000000000000000,0.686000000000000000,20000.000000000000000000,20000.000000000000000000,4000.000000000000000000,4000.000000000000000000,12000.000000000000000000,12000.000000000000000000,0.000000000000000000,0.000000000000000000
0.688000000000000000,0.688000000000000000,0.688000000000000000,20000.000000000000000000,20000.000000000000000000,4000.000000000000000000,4000.000000000000000000,12000.000000000000000000,12000.000000000000000000,0.000000000000000000,0.000000000000000000
0.690000000000000000,0.690000000000000000,0.690000000000000000,20000.000000000000000000,20000.000000000000000000,4000.000000000000000000,4000.000000000000000000,12000.000000000000000000,12000.000000000000000000,0.000000000000000000,0.000000000000000000
0.692000000000000000,0.692000000000000000,0.692000000000000000,20000.000000000000000000,20000.000000000000000000,4000.000000000000000000,4000.000000000000000000,12000.000000000000000000,12000.000000000000000000,0.000000000000000000,0.000000000000000000
0.694000000000000000,0.694000000000000000,0.694000000000000000,20000.000000000000000000,20000.000000000000000000,4000.000000000000000000,4000.000000000000000000,12000.000000000000000000,12000.000000000000000000,0.000000000000000000,0.000000000000000000
0.696000000000000000,0.696000000000000000,0.696000000000000000,20000.000000000000000000,20000.000000000000000000,4000.000000000000000000,4000.000000000000000000,12000.000000000000000000,12000.000000000000000000,0.000000000000000000,0.000000000000000000
0.698000000000000000,0.698000000000000000,0.698000000000000000,20000.000000000000000000,20000.000000000000000000,4000.000000000000000000,4000.000000000000000000,12000.000000000000000000,12000.000000000000000000,0.000000000000000000,0.000000000000000000
0.700000000000000000,0.700000000000000000,0.700000000000000000,20000.000000000000000000,20000.000000000000000000,4000.000000000000000000,4000.000000000000000000,12000.000000000000000000,12000.000000000000000000,0.000000000000000000,0.000000000000000000
0.702000000000000000,0.702000000000000000,0.702000000000000000,20000.000000000000000000,20000.000000000000000000,4000.000000000000000000,4000.000000000000000000,12000.000000000000000000,12000.000000000000000000,0.000000000000000000,0.000000000000000000
0.704000000000000000,0.704000000000000000,0.704000000000000000,20000.000000000000000000,20000.000000000000000000,4000.000000000000000000,4000.000000000000000000,12000.000000000000000000,12000.000000000000000000,0.000000000000000000,0.000000000000000000
0.706000000000000000,0.706000000000000000,0.706000000000000000,20000.000000000000000000,20000.000000000000000000,4000.000000000000000000,4000.000000000000000000,12000.000000000000000000,12000.000000000000000000,0.000000000000000000,0.000000000000000000
0.708000000000000000,0.708000000000000000,0.708000000000000000,20000.000000000000000000,20000.000000000000000000,4000.000000000000000000,4000.000000000000000000,12000.000000000000000000,12000.000000000000000000,0.000000000000000000,0.000000000000000000
0.710000000000000000,0.710000000000000000,0.710000000000000000,20000.000000000000000000,20000.000000000000000000,4000.000000000000000000,4000.000000000000000000,12000.000000000000000000,12000.000000000000000000,0.000000000000000000,0.000000000000000000
0.712000000000000000,0.712000000000000000,0.712000000000000000,20000.000000000000000000,20000.000000000000000000,4000.000000000000000000,4000.000000000000000000,12000.000000000000000000,12000.000000000000000000,0.000000000000000000,0.000000000000000000
0.714000000000000000,0.714000000000000000,0.714000000000000000,20000.000000000000000000,20000.000000000000000000,4000.000000000000000000,4000.000000000000000000,12000.000000000000000000,12000.000000000000000000,0.000000000000000000,0.000000000000000000
0.716000000000000000,0.716000000000000000,0.716000000000000000,20000.000000000000000000,20000.000000000000000000,4000.000000000000000000,4000.000000000000000000,12000.000000000000000000,12000.000000000000000000,0.000000000000000000,0.000000000000000000
0.718000000000000000,0.718000000000000000,0.718000000000000000,20000.000000000000000000,20000.000000000000000000,4000.000000000000000000,4000.000000000000000000,12000.000000000000000000,12000.000000000000000000,0.000000000000000000,0.000000000000000000
0.720000000000000000,0.720000000000000000,0.720000000000000000,20000.000000000000000000,20000.000000000000000000,4000.000000000000000000,4000.000000000000000000,12000.000000000000000000,12000.000000000000000000,0.000000000000000000,0.000000000000000000
0.722000000000000000,0.722000000000000000,0.722000000000000000,20000.000000000000000000,20000.000000000000000000,4000.000000000000000000,4000.000000000000000000,12000.000000000000000000,12000.000000000000000000,0.000000000000000000,0.000000000000000000
0.724000000000000000,0.724000000000000000,0.724000000000000000,20000.000000000000000000,20000.000000000000000000,4000.000000000000000000,4000.000000000000000000,12000.000000000000000000,12000.000000000000000000,0.000000000000000000,0.000000000000000000
0.726000000000000000,0.726000000000000000,0.726000000000000000,20000.000000000000000000,20000.000000000000000000,4000.000000000000000000,4000.000000000000000000,12000.000000000000000000,12000.000000000000000000,0.000000000000000000,0.000000000000000000
0.728000000000000000,0.728000000000000000,0.728000000000000000,20000.000000000000000000,20000.000000000000000000,4000.000000000000000000,4000.000000000000000000,12000.000000000000000000,12000.000000000000000000,0.000000000000000000,0.000000000000000000
0.730000000000000000,0.730000000000000000,0.730000000000000000,20000.000000000000000000,20000.000000000000000000,4000.000000000000000000,4000.000000000000000000,12000.000000000000000000,12000.000000000000000000,0.000000000000000000,0.000000000000000000
0.732000000000000000,0.732000000000000000,0.732000000000000000,20000.000000000000000000,20000.000000000000000000,4000.000000000000000000,4000.000000000000000000,12000.000000000000000000,12000.000000000000000000,0.000000000000000000,0.000000000000000000
0.734000000000000000,0.734000000000000000,0.734000000000000000,20000.000000000000000000,20000.000000000000000000,4000.000000000000000000,4000.000000000000000000,12000.000000000000000000,12000.000000000000000000,0.000000000000000000,0.000000000000000000
0.736000000000000000,0.736000000000000000,0.736000000000000000,20000.000000000000000000,20000.000000000000000000,4000.000000000000000000,4000.000000000000000000,12000.000000000000000000,12000.000000000000000000,0.000000000000000000,0.000000000000000000
0.738000000000000000,0.738000000000000000,0.738000000000000000,20000.000000000000000000,20000.000000000000000000,4000.000000000000000000,4000.000000000000000000,12000.000000000000000000,12000.000000000000000000,0.000000000000000000,0.000000000000000000
0.740000000000000000,0.740000000000000000,0.740000000000000000,20000.000000000000000000,20000.000000000000000000,4000.000000000000000000,4000.000000000000000000,12000.000000000000000000,12000.000000000000000000,0.000000000000000000,0.000000000000000000
0.742000000000000000,0.742000000000000000,0.742000000000000000,20000.000000000000000000,20000.000000000000000000,4000.000000000000000000,4000.000000000000000000,12000.000000000000000000,12000.000000000000000000,0.000000000000000000,0.000000000000000000
0.744000000000000000,0.744000000000000000,0.744000000000000000,20000.000000000000000000,20000.000000000000000000,4000.000000000000000000,4000.000000000000000000,12000.000000000000000000,12000.000000000000000000,0.000000000000000000,0.000000000000000000
0.746000000000000000,0.746000000000000000,0.746000000000000000,20000.000000000000000000,20000.000000000000000000,4000.000000000000000000,4000.000000000000000000,12000.000000000000000000,12000.000000000000000000,0.000000000000000000,0.000000000000000000
0.748000000000000000,0.748000000000000000,0.748000000000000000,20000.000000000000000000,20000.000000000000000000,4000.000000000000000000,4000.000000000000000000,12000.000000000000000000,12000.000000000000000000,0.000000000000000000,0.000000000000000000
0.750000000000000000,0.750000000000000000,0.750000000000000000,20000.000000000000000000,20000.000000000000000000,4000.000000000000000000,4000.000000000000000000,12000.000000000000000000,12000.000000000000000000,0.000000000000000000,0.000000000000000000
0.752000000000000000,0.752000000000000000,0.752000000000000000,20000.000000000000000000,20000.000000000000000000,4000.000000000000000000,4000.000000000000000000,12000.000000000000000000,12000.000000000000000000,0.000000000000000000,0.000000000000000000
0.754000000000000000,0.754000000000000000,0.754000000000000000,20000.000000000000000000,20000.000000000000000000,4000.000000000000000000,4000.000000000000000000,12000.000000000000000000,12000.000000000000000000,0.000000000000000000,0.000000000000000000
0.756000000000000000,0.756000000000000000,0.756000000000000000,20000.000000000000000000,20000.000000000000000000,4000.000000000000000000,4000.000000000000000000,12000.000000000000000000,12000.000000000000000000,0.000000000000000000,0.000000000000000000
0.758000000000000000,0.758000000000000000,0.758000000000000000,20000.000000000000000000,20000.000000000000000000,4000.000000000000000000,4000.000000000000000000,12000.000000000000000000,12000.000000000000000000,0.000000000000000000,0.000000000000000000
0.760000000000000000,0.760000000000000000,0.760000000000000000,20000.000000000000000000,20000.000000000000000000,4000.000000000000000000,4000.000000000000000000,12000.000000000000000000,12000.000000000000000000,0.000000000000000000,0.000000000000000000
0.762000000000000000,0.762000000000000000,0.762000000000000000,20000.000000000000000000,20000.000000000000000000,4000.000000000000000000,4000.000000000000000000,12000.000000000000000000,12000.000000000000000000,0.000000000000000000,0.000000000000000000
0.764000000000000000,0.764000000000000000,0.764000000000000000,20000.000000000000000000,20000.000000000000000000,4000.000000000000000000,4000.000000000000000000,12000.000000000000000000,12000.000000000000000000,0.000000000000000000,0.000000000000000000
0.766000000000000000,0.766000000000000000,0.766000000000000000,20000.000000000000000000,20000.000000000000000000,4000.000000000000000000,4000.000000000000000000,12000.000000000000000000,12000.000000000000000000,0.000000000000000000,0.000000000000000000
0.768000000000000000,0.768000000000000000,0.768000000000000000,20000.000000000000000000,20000.000000000000000000,4000.000000000000000000,4000.000000000000000000,12000.000000000000000000,12000.000000000000000000,0.000000000000000000,0.000000000000000000
0.770000000000000000,0.770000000000000000,0.770000000000000000,20000.000000000000000000,20000.000000000000000000,4000.000000000000000000,4000.000000000000000000,12000.000000000000000000,12000.000000000000000000,0.000000000000000000,0.000000000000000000
0.772000000000000000,0.772000000000000000,0.772000000000000000,20000.000000000000000000,20000.000000000000000000,4000.000000000000000000,4000.000000000000000000,12000.000000000000000000,12000.000000000000000000,0.000000000000000000,0.000000000000000000
0.774000000000000000,0.774000000000000000,0.774000000000000000,20000.000000000000000000,20000.000000000000000000,4000.000000000000000000,4000.000000000000000000,12000.000000000000000000,12000.000000000000000000,0.000000000000000000,0.000000000000000000
0.776000000000000000,0.776000000000000000,0.776000000000000000,20000.000000000000000000,20000.000000000000000000,4000.000000000000000000,4000.000000000000000000,12000.000000000000000000,12000.000000000000000000,0.000000000000000000,0.000000000000000000
0.778000000000000000,0.778000000000000000,0.778000000000000000,20000.000000000000000000,20000.000000000000000000,4000.000000000000000000,4000.000000000000000000,12000.000000000000000000,12000.000000000000000000,0.000000000000000000,0.000000000000000000
0.780000000000000000,0.780000000000000000,0.780000000000000000,20000.000000000000000000,20000.000000000000000000,4000.000000000000000000,4000.000000000000000000,12000.000000000000000000,12000.000000000000000000,0.000000000000000000,0.000000000000000000
0.782000000000000000,0.782000000000000000,0.782000000000000000,20000.000000000000000000,20000.000000000000000000,4000.000000000000000000,4000.000000000000000000,12000.000000000000000000,12000.000000000000000000,0.000000000000000000,0.000000000000000000
0.784000000000000000,0.784000000000000000,0.784000000000000000,20000.000000000000000000,20000.000000000000000000,4000.000000000000000000,4000.000000000000000000,12000.000000000000000000,12000.000000000000000000,0.000000000000000000,0.000000000000000000
0.786000000000000000,0.786000000000000000,0.786000000000000000,20000.000000000000000000,20000.000000000000000000,4000.000000000000000000,4000.000000000000000000,12000.000000000000000000,12000.000000000000000000,0.000000000000000000,0.000000000000000000
0.788000000000000000,0.788000000000000000,0.788000000000000000,20000.000000000000000000,20000.000000000000000000,4000.000000000000000000,4000.000000000000000000,12000.000000000000000000,12000.000000000000000000,0.000000000000000000,0.000000000000000000
0.790000000000000000,0.790000000000000000,0.790000000000000000,20000.000000000000000000,20000.000000000000000000,4000.000000000000000000,4000.000000000000000000,12000.000000000000000000,12000.000000000000000000,0.000000000000000000,0.000000000000000000
0.792000000000000000,0.792000000000000000,0.792000000000000000,20000.000000000000000000,20000.000000000000000000,4000.000000000000000000,4000.000000000000000000,12000.000000000000000000,12000.000000000000000000,0.000000000000000000,0.000000000000000000
0.794000000000000000,0.794000000000000000,0.794000000000000000,20000.000000000000000000,20000.000000000000000000,4000.000000000000000000,4000.000000000000000000,12000.000000000000000000,12000.000000000000000000,0.000000000000000000,0.000000000000000000
0.796000000000000000,0.796000000000000000,0.796000000000000000,20000.000000000000000000,20000.000000000000000000,4000.000000000000000000,4000.000000000000000000,12000.000000000000000000,12000.000000000000000000,0.000000000000000000,0.000000000000000000
0.798000000000000000,0.798000000000000000,0.798000000000000000,20000.000000000000000000,20000.000000000000000000,4000.000000000000000000,4000.000000000000000000,12000.000000000000000000,12000.000000000000000000,0.000000000000000000,0.000000000000000000
0.800000000000000000,0.800000000000000000,0.800000000000000000,20000.000000000000000000,20000.000000000000000000,4000.000000000000000000,4000.000000000000000000,12000.000000000000000000,12000.000000000000000000,0.000000000000000000,0.000000000000000000
0.802000000000000000,0.802000000000000000,0.802000000000000000,20000.000000000000000000,20000.000000000000000000,4000.000000000000000000,4000.000000000000000000,12000.000000000000000000,12000.000000000000000000,0.000000000000000000,0.000000000000000000
0.804000000000000000,0.804000000000000000,0.804000000000000000,20000.000000000000000000,20000.000000000000000000,4000.000000000000000000,4000.000000000000000000,12000.000000000000000000,12000.000000000000000000,0.000000000000000000,0.000000000000000000
0.806000000000000000,0.806000000000000000,0.806000000000000000,20000.000000000000000000,20000.000000000000000000,4000.000000000000000000,4000.000000000000000000,12000.000000000000000000,12000.000000000000000000,0.000000000000000000,0.000000000000000000
0.808000000000000000,0.808000000000000000,0.808000000000000000,20000.000000000000000000,20000.000000000000000000,4000.000000000000000000,4000.000000000000000000,12000.000000000000000000,12000.000000000000000000,0.000000000000000000,0.000000000000000000
0.810000000000000000,0.810000000000000000,0.810000000000000000,20000.000000000000000000,20000.000000000000000000,4000.000000000000000000,4000.000000000000000000,12000.000000000000000000,12000.000000000000000000,0.000000000000000000,0.000000000000000000
0.812000000000000000,0.812000000000000000,0.812000000000000000,20000.000000000000000000,20000.000000000000000000,4000.000000000000000000,4000.000000000000000000,12000.000000000000000000,12000.000000000000000000,0.000000000000000000,0.000000000000000000
0.814000000000000000,0.814000000000000000,0.814000000000000000,20000.000000000000000000,20000.000000000000000000,4000.000000000000000000,4000.000000000000000000,12000.000000000000000000,12000.000000000000000000,0.000000000000000000,0.000000000000000000
0.816000000000000000,0.816000000000000000,0.816000000000000000,20000.000000000000000000,20000.000000000000000000,4000.000000000000000000,4000.000000000000000000,12000.000000000000000000,12000.000000000000000000,0.000000000000000000,0.000000000000000000
0.818000000000000000,0.818000000000000000,0.818000000000000000,20000.000000000000000000,20000.000000000000000000,4000.000000000000000000,4000.000000000000000000,12000.000000000000000000,12000.000000000000000000,0.000000000000000000,0.000000000000000000
0.820000000000000000,0.820000000000000000,0.820000000000000000,20000.000000000000000000,20000.000000000000000000,4000.000000000000000000,4000.000000000000000000,12000.000000000000000000,12000.000000000000000000,0.000000000000000000,0.000000000000000000
0.822000000000000000,0.822000000000000000,0.822000000000000000,20000.000000000000000000,20000.000000000000000000,4000.000000000000000000,4000.000000000000000000,12000.000000000000000000,12000.000000000000000000,0.000000000000000000,0.000000000000000000
0.824000000000000000,0.824000000000000000,0.824000000000000000,20000.000000000000000000,20000.000000000000000000,4000.000000000000000000,4000.000000000000000000,12000.000000000000000000,12000.000000000000000000,0.000000000000000000,0.000000000000000000
0.826000000000000000,0.826000000000000000,0.826000000000000000,20000.000000000000000000,20000.000000000000000000,4000.000000000000000000,4000.000000000000000000,12000.000000000000000000,12000.000000000000000000,0.000000000000000000,0.000000000000000000
0.828000000000000000,0.828000000000000000,0.828000000000000000,20000.000000000000000000,20000.000000000000000000,4000.000000000000000000,4000.000000000000000000,12000.000000000000000000,12000.000000000000000000,0.000000000000000000,0.000000000000000000
0.830000000000000000,0.830000000000000000,0.830000000000000000,20000.000000000000000000,20000.000000000000000000,4000.000000000000000000,4000.000000000000000000,12000.000000000000000000,12000.000000000000000000,0.000000000000000000,0.000000000000000000
0.832000000000000000,0.832000000000000000,0.832000000000000000,20000.000000000000000000,20000.000000000000000000,4000.000000000000000000,4000.000000000000000000,12000.000000000000000000,12000.000000000000000000,0.000000000000000000,0.000000000000000000
0.834000000000000000,0.834000000000000000,0.834000000000000000,20000.000000000000000000,20000.000000000000000000,4000.000000000000000000,4000.000000000000000000,12000.000000000000000000,12000.000000000000000000,0.000000000000000000,0.000000000000000000
0.836000000000000000,0.836000000000000000,0.836000000000000000,20000.000000000000000000,20000.000000000000000000,4000.000000000000000000,4000.000000000000000000,12000.000000000000000000,12000.000000000000000000,0.000000000000000000,0.000000000000000000
0.838000000000000000,0.838000000000000000,0.838000000000000000,20000.000000000000000000,20000.000000000000000000,4000.000000000000000000,4000.000000000000000000,12000.000000000000000000,12000.000000000000000000,0.000000000000000000,0.000000000000000000
0.840000000000000000,0.840000000000000000,0.840000000000000000,20000.000000000000000000,20000.000000000000000000,4000.000000000000000000,4000.000000000000000000,12000.000000000000000000,12000.000000000000000000,0.000000000000000000,0.000000000000000000
0.842000000000000000,0.842000000000000000,0.842000000000000000,20000.000000000000000000,20000.000000000000000000,4000.000000000000000000,4000.000000000000000000,12000.000000000000000000,12000.000000000000000000,0.000000000000000000,0.000000000000000000
0.844000000000000000,0.844000000000000000,0.844000000000000000,20000.000000000000000000,20000.000000000000000000,4000.000000000000000000,4000.000000000000000000,12000.000000000000000000,12000.000000000000000000,0.000000000000000000,0.000000000000000000
0.846000000000000000,0.846000000000000000,0.846000000000000000,20000.000000000000000000,20000.000000000000000000,4000.000000000000000000,4000.000000000000000000,12000.000000000000000000,12000.000000000000000000,0.000000000000000000,0.000000000000000000
0.848000000000000000,0.848000000000000000,0.848000000000000000,20000.000000000000000000,20000.000000000000000000,4000.000000000000000000,4000.000000000000000000,12000.000000000000000000,12000.000000000000000000,0.000000000000000000,0.000000000000000000
0.850000000000000000,0.850000000000000000,0.850000000000000000,20000.000000000000000000,20000.000000000000000000,4000.000000000000000000,4000.000000000000000000,12000.000000000000000000,12000.000000000000000000,0.000000000000000000,0.000000000000000000
0.852000000000000000,0.852000000000000000,0.852000000000000000,20000.000000000000000000,20000.000000000000000000,4000.000000000000000000,4000.000000000000000000,12000.000000000000000000,12000.000000000000000000,0.000000000000000000,0.000000000000000000
0.854000000000000000,0.854000000000000000,0.854000000000000000,20000.000000000000000000,20000.000000000000000000,4000.000000000000000000,4000.000000000000000000,12000.000000000000000000,12000.000000000000000000,0.000000000000000000,0.000000000000000000
0.856000000000000000,0.856000000000000000,0.856000000000000000,20000.000000000000000000,20000.000000000000000000,4000.000000000000000000,4000.000000000000000000,12000.000000000000000000,12000.000000000000000000,0.000000000000000000,0.000000000000000000
0.858000000000000000,0.858000000000000000,0.858000000000000000,20000.000000000000000000,20000.000000000000000000,4000.000000000000000000,4000.000000000000000000,12000.000000000000000000,12000.000000000000000000,0.000000000000000000,0.000000000000000000
0.860000000000000000,0.860000000000000000,0.860000000000000000,20000.000000000000000000,20000.000000000000000000,4000.000000000000000000,4000.000000000000000000,12000.000000000000000000,12000.000000000000000000,0.000000000000000000,0.000000000000000000
0.862000000000000000,0.862000000000000000,0.862000000000000000,20000.000000000000000000,20000.000000000000000000,4000.000000000000000000,4000.000000000000000000,12000.000000000000000000,12000.000000000000000000,0.000000000000000000,0.000000000000000000
0.864000000000000000,0.864000000000000000,0.864000000000000000,20000.000000000000000000,20000.000000000000000000,4000.000000000000000000,4000.000000000000000000,12000.000000000000000000,12000.000000000000000000,0.000000000000000000,0.000000000000000000
0.866000000000000000,0.866000000000000000,0.866000000000000000,20000.000000000000000000,20000.000000000000000000,4000.000000000000000000,4000.000000000000000000,12000.000000000000000000,12000.000000000000000000,0.000000000000000000,0.000000000000000000
0.868000000000000000,0.868000000000000000,0.868000000000000000,20000.000000000000000000,20000.000000000000000000,4000.000000000000000000,4000.000000000000000000,12000.000000000000000000,12000.000000000000000000,0.000000000000000000,0.000000000000000000
0.870000000000000000,0.870000000000000000,0.870000000000000000,20000.000000000000000000,20000.000000000000000000,4000.000000000000000000,4000.000000000000000000,12000.000000000000000000,12000.000000000000000000,0.000000000000000000,0.000000000000000000
0.872000000000000000,0.872000000000000000,0.872000000000000000,20000.000000000000000000,20000.000000000000000000,4000.000000000000000000,4000.000000000000000000,12000.000000000000000000,12000.000000000000000000,0.000000000000000000,0.000000000000000000
0.874000000000000000,0.874000000000000000,0.874000000000000000,20000.000000000000000000,20000.000000000000000000,4000.000000000000000000,4000.000000000000000000,12000.000000000000000000,12000.000000000000000000,0.000000000000000000,0.000000000000000000
0.876000000000000000,0.876000000000000000,0.876000000000000000,20000.000000000000000000,20000.000000000000000000,4000.000000000000000000,4000.000000000000000000,12000.000000000000000000,12000.000000000000000000,0.000000000000000000,0.000000000000000000
0.878000000000000000,0.878000000000000000,0.878000000000000000,20000.000000000000000000,20000.000000000000000000,4000.000000000000000000,4000.000000000000000000,12000.000000000000000000,12000.000000000000000000,0.000000000000000000,0.000000000000000000
0.880000000000000000,0.880000000000000000,0.880000000000000000,20000.000000000000000000,20000.000000000000000000,4000.000000000000000000,4000.000000000000000000,12000.000000000000000000,12000.000000000000000000,0.000000000000000000,0.000000000000000000
0.882000000000000000,0.882000000000000000,0.882000000000000000,20000.000000000000000000,20000.000000000000000000,4000.000000000000000000,4000.000000000000000000,12000.000000000000000000,12000.000000000000000000,0.000000000000000000,0.000000000000000000
0.884000000000000000,0.884000000000000000,0.884000000000000000,20000.000000000000000000,20000.000000000000000000,4000.000000000000000000,4000.000000000000000000,12000.000000000000000000,12000.000000000000000000,0.000000000000000000,0.000000000000000000
0.886000000000000000,0.886000000000000000,0.886000000000000000,20000.000000000000000000,20000.000000000000000000,4000.000000000000000000,4000.000000000000000000,12000.000000000000000000,12000.000000000000000000,0.000000000000000000,0.000000000000000000
0.888000000000000000,0.888000000000000000,0.888000000000000000,20000.000000000000000000,20000.000000000000000000,4000.000000000000000000,4000.000000000000000000,12000.000000000000000000,12000.000000000000000000,0.000000000000000000,0.000000000000000000
0.890000000000000000,0.890000000000000000,0.890000000000000000,20000.000000000000000000,20000.000000000000000000,4000.000000000000000000,4000.000000000000000000,12000.000000000000000000,12000.000000000000000000,0.000000000000000000,0.000000000000000000
0.892000000000000000,0.892000000000000000,0.892000000000000000,20000.000000000000000000,20000.000000000000000000,4000.000000000000000000,4000.000000000000000000,12000.000000000000000000,12000.000000000000000000,0.000000000000000000,0.000000000000000000
0.894000000000000000,0.894000000000000000,0.894000000000000000,20000.000000000000000000,20000.000000000000000000,4000.000000000000000000,4000.000000000000000000,12000.000000000000000000,12000.000000000000000000,0.000000000000000000,0.000000000000000000
0.896000000000000000,0.896000000000000000,0.896000000000000000,20000.000000000000000000,20000.000000000000000000,4000.000000000000000000,4000.000000000000000000,12000.000000000000000000,12000.000000000000000000,0.000000000000000000,0.000000000000000000
0.898000000000000000,0.898000000000000000,0.898000000000000000,20000.000000000000000000,20000.000000000000000000,4000.000000000000000000,4000.000000000000000000,12000.000000000000000000,12000.000000000000000000,0.000000000000000000,0.000000000000000000
0.900000000000000000,0.900000000000000000,0.900000000000000000,20000.000000000000000000,20000.000000000000000000,4000.000000000000000000,4000.000000000000000000,12000.000000000000000000,12000.000000000000000000,0.000000000000000000,0.000000000000000000
0.902000000000000000,0.902000000000000000,0.902000000000000000,20000.000000000000000000,20000.000000000000000000,4000.000000000000000000,4000.000000000000000000,12000.000000000000000000,12000.000000000000000000,0.000000000000000000,0.000000000000000000
0.904000000000000000,0.904000000000000000,0.904000000000000000,20000.000000000000000000,20000.000000000000000000,4000.000000000000000000,4000.000000000000000000,12000.000000000000000000,12000.000000000000000000,0.000000000000000000,0.000000000000000000
0.906000000000000000,0.906000000000000000,0.906000000000000000,20000.000000000000000000,20000.000000000000000000,4000.000000000000000000,4000.000000000000000000,12000.000000000000000000,12000.000000000000000000,0.000000000000000000,0.000000000000000000
0.908000000000000000,0.908000000000000000,0.908000000000000000,20000.000000000000000000,20000.000000000000000000,4000.000000000000000000,4000.000000000000000000,12000.000000000000000000,12000.000000000000000000,0.000000000000000000,0.000000000000000000
0.910000000000000000,0.910000000000000000,0.910000000000000000,20000.000000000000000000,20000.000000000000000000,4000.000000000000000000,4000.000000000000000000,12000.000000000000000000,12000.000000000000000000,0.000000000000000000,0.000000000000000000
0.912000000000000000,0.912000000000000000,0.912000000000000000,20000.000000000000000000,20000.000000000000000000,4000.000000000000000000,4000.000000000000000000,12000.000000000000000000,12000.000000000000000000,0.000000000000000000,0.000000000000000000
0.914000000000000000,0.914000000000000000,0.914000000000000000,20000.000000000000000000,20000.000000000000000000,4000.000000000000000000,4000.000000000000000000,12000.000000000000000000,12000.000000000000000000,0.000000000000000000,0.000000000000000000
0.916000000000000000,0.916000000000000000,0.916000000000000000,20000.000000000000000000,20000.000000000000000000,4000.000000000000000000,4000.000000000000000000,12000.000000000000000000,12000.000000000000000000,0.000000000000000000,0.000000000000000000
0.918000000000000000,0.918000000000000000,0.918000000000000000,20000.000000000000000000,20000.000000000000000000,4000.000000000000000000,4000.000000000000000000,12000.000000000000000000,12000.000000000000000000,0.000000000000000000,0.000000000000000000
0.920000000000000000,0.920000000000000000,0.920000000000000000,20000.000000000000000000,20000.000000000000000000,4000.000000000000000000,4000.000000000000000000,12000.000000000000000000,12000.000000000000000000,0.000000000000000000,0.000000000000000000
0.922000000000000000,0.922000000000000000,0.922000000000000000,20000.000000000000000000,20000.000000000000000000,4000.000000000000000000,4000.000000000000000000,12000.000000000000000000,12000.000000000000000000,0.000000000000000000,0.000000000000000000
0.924000000000000000,0.924000000000000000,0.924000000000000000,20000.000000000000000000,20000.000000000000000000,4000.000000000000000000,4000.000000000000000000,12000.000000000000000000,12000.000000000000000000,0.000000000000000000,0.000000000000000000
0.926000000000000000,0.926000000000000000,0.926000000000000000,20000.000000000000000000,20000.000000000000000000,4000.000000000000000000,4000.000000000000000000,12000.000000000000000000,12000.000000000000000000,0.000000000000000000,0.000000000000000000
0.928000000000000000,0.928000000000000000,0.928000000000000000,20000.000000000000000000,20000.000000000000000000,4000.000000000000000000,4000.000000000000000000,12000.000000000000000000,12000.000000000000000000,0.000000000000000000,0.000000000000000000
0.930000000000000000,0.930000000000000000,0.930000000000000000,20000.000000000000000000,20000.000000000000000000,4000.000000000000000000,4000.000000000000000000,12000.000000000000000000,12000.000000000000000000,0.000000000000000000,0.000000000000000000
0.932000000000000000,0.932000000000000000,0.932000000000000000,20000.000000000000000000,20000.000000000000000000,4000.000000000000000000,4000.000000000000000000,12000.000000000000000000,12000.000000000000000000,0.000000000000000000,0.000000000000000000
0.934000000000000000,0.934000000000000000,0.934000000000000000,20000.000000000000000000,20000.000000000000000000,4000.000000000000000000,4000.000000000000000000,12000.000000000000000000,12000.000000000000000000,0.000000000000000000,0.000000000000000000
0.936000000000000000,0.936000000000000000,0.936000000000000000,20000.000000000000000000,20000.000000000000000000,4000.000000000000000000,4000.000000000000000000,12000.000000000000000000,12000.000000000000000000,0.000000000000000000,0.000000000000000000
0.938000000000000000,0.938000000000000000,0.938000000000000000,20000.000000000000000000,20000.000000000000000000,4000.000000000000000000,4000.000000000000000000,12000.000000000000000000,12000.000000000000000000,0.000000000000000000,0.000000000000000000
0.940000000000000000,0.940000000000000000,0.940000000000000000,20000.000000000000000000,20000.000000000000000000,4000.000000000000000000,4000.000000000000000000,12000.000000000000000000,12000.000000000000000000,0.000000000000000000,0.000000000000000000
0.942000000000000000,0.942000000000000000,0.942000000000000000,20000.000000000000000000,20000.000000000000000000,4000.000000000000000000,4000.000000000000000000,12000.000000000000000000,12000.000000000000000000,0.000000000000000000,0.000000000000000000
0.944000000000000000,0.944000000000000000,0.944000000000000000,20000.000000000000000000,20000.000000000000000000,4000.000000000000000000,4000.000000000000000000,12000.000000000000000000,12000.000000000000000000,0.000000000000000000,0.000000000000000000
0.946000000000000000,0.946000000000000000,0.946000000000000000,20000.000000000000000000,20000.000000000000000000,4000.000000000000000000,4000.000000000000000000,12000.000000000000000000,12000.000000000000000000,0.000000000000000000,0.000000000000000000
0.948000000000000000,0.948000000000000000,0.948000000000000000,20000.000000000000000000,20000.000000000000000000,4000.000000000000000000,4000.000000000000000000,12000.000000000000000000,12000.000000000000000000,0.000000000000000000,0.000000000000000000
0.950000000000000000,0.950000000000000000,0.950000000000000000,20000.000000000000000000,20000.000000000000000000,4000.000000000000000000,4000.000000000000000000,12000.000000000000000000,12000.000000000000000000,0.000000000000000000,0.000000000000000000
0.952000000000000000,0.952000000000000000,0.952000000000000000,20000.000000000000000000,20000.000000000000000000,4000.000000000000000000,4000.000000000000000000,12000.000000000000000000,12000.000000000000000000,0.000000000000000000,0.000000000000000000
0.954000000000000000,0.954000000000000000,0.954000000000000000,20000.000000000000000000,20000.000000000000000000,4000.000000000000000000,4000.000000000000000000,12000.000000000000000000,12000.000000000000000000,0.000000000000000000,0.000000000000000000
0.956000000000000000,0.956000000000000000,0.956000000000000000,20000.000000000000000000,20000.000000000000000000,4000.000000000000000000,4000.000000000000000000,12000.000000000000000000,12000.000000000000000000,0.000000000000000000,0.000000000000000000
0.958000000000000000,0.958000000000000000,0.958000000000000000,20000.000000000000000000,20000.000000000000000000,4000.000000000000000000,4000.000000000000000000,12000.000000000000000000,12000.000000000000000000,0.000000000000000000,0.000000000000000000
0.960000000000000000,0.960000000000000000,0.960000000000000000,20000.000000000000000000,20000.000000000000000000,4000.000000000000000000,4000.000000000000000000,12000.000000000000000000,12000.000000000000000000,0.000000000000000000,0.000000000000000000
0.962000000000000000,0.962000000000000000,0.962000000000000000,20000.000000000000000000,20000.000000000000000000,4000.000000000000000000,4000.000000000000000000,12000.000000000000000000,12000.000000000000000000,0.000000000000000000,0.000000000000000000
0.964000000000000000,0.964000000000000000,0.964000000000000000,20000.000000000000000000,20000.000000000000000000,4000.000000000000000000,4000.000000000000000000,12000.000000000000000000,12000.000000000000000000,0.000000000000000000,0.000000000000000000
0.966000000000000000,0.966000000000000000,0.966000000000000000,20000.000000000000000000,20000.000000000000000000,4000.000000000000000000,4000.000000000000000000,12000.000000000000000000,12000.000000000000000000,0.000000000000000000,0.000000000000000000
0.968000000000000000,0.968000000000000000,0.968000000000000000,20000.000000000000000000,20000.000000000000000000,4000.000000000000000000,4000.000000000000000000,12000.000000000000000000,12000.000000000000000000,0.000000000000000000,0.000000000000000000
0.970000000000000000,0.970000000000000000,0.970000000000000000,20000.000000000000000000,20000.000000000000000000,4000.000000000000000000,4000.000000000000000000,12000.000000000000000000,12000.000000000000000000,0.000000000000000000,0.000000000000000000
0.972000000000000000,0.972000000000000000,0.972000000000000000,20000.000000000000000000,20000.000000000000000000,4000.000000000000000000,4000.000000000000000000,12000.000000000000000000,12000.000000000000000000,0.000000000000000000,0.000000000000000000
0.974000000000000000,0.974000000000000000,0.974000000000000000,20000.000000000000000000,20000.000000000000000000,4000.000000000000000000,4000.000000000000000000,12000.000000000000000000,12000.000000000000000000,0.000000000000000000,0.000000000000000000
0.976000000000000000,0.976000000000000000,0.976000000000000000,20000.000000000000000000,20000.000000000000000000,4000.000000000000000000,4000.000000000000000000,12000.000000000000000000,12000.000000000000000000,0.000000000000000000,0.000000000000000000
0.978000000000000000,0.978000000000000000,0.978000000000000000,20000.000000000000000000,20000.000000000000000000,4000.000000000000000000,4000.000000000000000000,12000.000000000000000000,12000.000000000000000000,0.000000000000000000,0.000000000000000000
0.980000000000000000,0.980000000000000000,0.980000000000000000,20000.000000000000000000,20000.000000000000000000,4000.000000000000000000,4000.000000000000000000,12000.000000000000000000,12000.000000000000000000,0.000000000000000000,0.000000000000000000
0.982000000000000000,0.982000000000000000,0.982000000000000000,20000.000000000000000000,20000.000000000000000000,4000.000000000000000000,4000.000000000000000000,12000.000000000000000000,12000.000000000000000000,0.000000000000000000,0.000000000000000000
0.984000000000000000,0.984000000000000000,0.984000000000000000,20000.000000000000000000,20000.000000000000000000,4000.000000000000000000,4000.000000000000000000,12000.000000000000000000,12000.000000000000000000,0.000000000000000000,0.000000000000000000
0.986000000000000000,0.986000000000000000,0.986000000000000000,20000.000000000000000000,20000.000000000000000000,4000.000000000000000000,4000.000000000000000000,12000.000000000000000000,12000.000000000000000000,0.000000000000000000,0.000000000000000000
0.988000000000000000,0.988000000000000000,0.988000000000000000,20000.000000000000000000,20000.000000000000000000,4000.000000000000000000,4000.000000000000000000,12000.000000000000000000,12000.000000000000000000,0.000000000000000000,0.000000000000000000
0.990000000000000000,0.990000000000000000,0.990000000000000000,20000.000000000000000000,20000.000000000000000000,4000.000000000000000000,4000.000000000000000000,12000.000000000000000000,12000.000000000000000000,0.000000000000000000,0.000000000000000000
0.992000000000000000,0.992000000000000000,0.992000000000000000,20000.000000000000000000,20000.000000000000000000,4000.000000000000000000,4000.000000000000000000,12000.000000000000000000,12000.000000000000000000,0.000000000000000000,0.000000000000000000
0.994000000000000000,0.994000000000000000,0.994000000000000000,20000.000000000000000000,20000.000000000000000000,4000.000000000000000000,4000.000000000000000000,12000.000000000000000000,12000.000000000000000000,0.000000000000000000,0.000000000000000000
0.996000000000000000,0.996000000000000000,0.996000000000000000,20000.000000000000000000,20000.000000000000000000,4000.000000000000000000,4000.000000000000000000,12000.000000000000000000,12000.000000000000000000,0.000000000000000000,0.000000000000000000
0.998000000000000000,0.998000000000000000,0.998000000000000000,20000.000000000000000000,20000.000000000000000000,4000.000000000000000000,4000.000000000000000000,12000.000000000000000000,12000.000000000000000000,0.000000000000000000,0.000000000000000000
1.000000000000000000,1.000000000000000000,1.000000000000000000,20000.000000000000000000,20000.000000000000000000,4000.000000000000000000,4000.000000000000000000,12000.000000000000000000,12000.000000000000000000,0.000000000000000000,0.000000000000000000
1.002000000000000000,1.002000000000000000,1.009995002498750624,20000.000000000000000000,4002.000000000000000000,4000.000000000000000000,1.000000000000000000,12000.000000000000000000,1.000000000000000000,0.002000000000000000,0.002000000000000000
1.004000000000000000,1.004000000000000000,1.019990004997501249,20000.000000000000000000,4002.000000000000000000,4000.000000000000000000,1.000000000000000000,12000.000000000000000000,1.000000000000000000,0.004000000000000000,0.004000000000000000
1.006000000000000000,1.006000000000000000,1.029985007496251874,20000.000000000000000000,4002.000000000000000000,4000.000000000000000000,1.000000000000000000,12000.000000000000000000,1.000000000000000000,0.006000000000000000,0.006000000000000000
1.008000000000000000,1.008000000000000000,1.039980009995002498,20000.000000000000000000,4002.000000000000000000,4000.000000000000000000,1.000000000000000000,12000.000000000000000000,1.000000000000000000,0.008000000000000000,0.008000000000000000
1.010000000000000000,1.010000000000000000,1.049975012493753123,20000.000000000000000000,4002.000000000000000000,4000.000000000000000000,1.000000000000000000,12000.000000000000000000,1.000000000000000000,0.010000000000000000,0.010000000000000000
1.012000000000000000,1.012000000000000000,1.164667666166916539,20000.000000000000000000,4002.000000000000000000,4000.000000000000000000,1.000000000000000000,12000.000000000000000000,1.000000000000000000,0.012000000000000000,0.012000000000000000
1.014000000000000000,1.014000000000000000,1.300000000000000000,20000.000000000000000000,4066.666666666666658837,4000.000000000000000000,16.666666666666666553,12000.000000000000000000,49.999999999999992284,0.014000000000000000,0.014000000000000000
1.016000000000000000,1.016000000000000000,1.300000000000000000,20000.000000000000000000,4647.619047619047612164,4000.000000000000000000,161.904761904761905174,12000.000000000000000000,485.714285714285706990,0.016000000000000000,0.016000000000000000
1.018000000000000000,1.018000000000000000,1.300000000000000000,20000.000000000000000000,5228.571428571428565636,4000.000000000000000000,307.142857142857143831,12000.000000000000000000,921.428571428571421805,0.018000000000000000,0.018000000000000000
1.020000000000000000,1.020000000000000000,1.300000000000000000,20000.000000000000000000,5809.523809523809518134,4000.000000000000000000,452.380952380952382244,12000.000000000000000000,1357.142857142857135890,0.020000000000000000,0.020000000000000000
1.022000000000000000,1.022000000000000000,1.300000000000000000,20000.000000000000000000,6390.476190476190471681,4000.000000000000000000,597.619047619047620920,12000.000000000000000000,1792.857142857142850761,0.022000000000000000,0.022000000000000000
1.024000000000000000,1.024000000000000000,1.300000000000000000,20000.000000000000000000,6971.428571428571424340,4000.000000000000000000,742.857142857142859373,12000.000000000000000000,2228.571428571428564967,0.024000000000000000,0.024000000000000000
1.026000000000000000,1.026000000000000000,1.300000000000000000,20000.000000000000000000,7552.380952380952377650,4000.000000000000000000,888.095238095238097990,12000.000000000000000000,2664.285714285714279660,0.026000000000000000,0.026000000000000000
1.028000000000000000,1.028000000000000000,1.300000000000000000,20000.000000000000000000,8133.333333333333331045,4000.000000000000000000,1033.333333333333336627,12000.000000000000000000,3099.999999999999994418,0.028000000000000000,0.028000000000000000
1.030000000000000000,1.030000000000000000,1.300000000000000000,20000.000000000000000000,8714.285714285714284192,4000.000000000000000000,1178.571428571428575203,12000.000000000000000000,3535.714285714285708989,0.030000000000000000,0.030000000000000000
1.032000000000000000,1.032000000000000000,1.300000000000000000,20000.000000000000000000,9295.238095238095237530,4000.000000000000000000,1323.809523809523813826,12000.000000000000000000,3971.428571428571423704,0.032000000000000000,0.032000000000000000
1.034000000000000000,1.034000000000000000,1.300000000000000000,20000.000000000000000000,9876.190476190476190601,4000.000000000000000000,1469.047619047619052383,12000.000000000000000000,4407.142857142857138218,0.034000000000000000,0.034000000000000000
1.036000000000000000,1.036000000000000000,1.300000000000000000,20000.000000000000000000,10457.142857142857144163,4000.000000000000000000,1614.285714285714291062,12000.000000000000000000,4842.857142857142853101,0.036000000000000000,0.036000000000000000
1.038000000000000000,1.038000000000000000,1.300000000000000000,20000.000000000000000000,11038.095238095238097085,4000.000000000000000000,1759.523809523809529582,12000.000000000000000000,5278.571428571428567503,0.038000000000000000,0.038000000000000000
1.040000000000000000,1.040000000000000000,1.300000000000000000,20000.000000000000000000,11619.047619047619049623,4000.000000000000000000,1904.761904761904768005,12000.000000000000000000,5714.285714285714281618,0.040000000000000000,0.040000000000000000
1.042000000000000000,1.042000000000000000,1.300000000000000000,20000.000000000000000000,12200.000000000000003235,4000.000000000000000000,2050.000000000000006697,12000.000000000000000000,6149.999999999999996538,0.042000000000000000,0.042000000000000000
1.044000000000000000,1.044000000000000000,1.300000000000000000,20000.000000000000000000,12780.952380952380956434,4000.000000000000000000,2195.238095238095245285,12000.000000000000000000,6585.714285714285711149,0.044000000000000000,0.044000000000000000
1.046000000000000000,1.046000000000000000,1.300000000000000000,20000.000000000000000000,13361.904761904761909897,4000.000000000000000000,2340.476190476190483940,12000.000000000000000000,7021.428571428571425957,0.046000000000000000,0.046000000000000000
1.048000000000000000,1.048000000000000000,1.300000000000000000,20000.000000000000000000,13942.857142857142862545,4000.000000000000000000,2485.714285714285722391,12000.000000000000000000,7457.142857142857140154,0.048000000000000000,0.048000000000000000
1.050000000000000000,1.050000000000000000,1.300000000000000000,20000.000000000000000000,14523.809523809523816338,4000.000000000000000000,2630.952380952380961128,12000.000000000000000000,7892.857142857142855210,0.050000000000000000,0.050000000000000000
1.052000000000000000,1.052000000000000000,1.300000000000000000,20000.000000000000000000,15104.761904761904769410,4000.000000000000000000,2776.190476190476199685,12000.000000000000000000,8328.571428571428569725,0.052000000000000000,0.052000000000000000
1.054000000000000000,1.054000000000000000,1.300000000000000000,20000.000000000000000000,15314.285714285714292671,4000.000000000000000000,2828.571428571428580549,12000.000000000000000000,8485.714285714285712122,0.054000000000000000,0.054000000000000000
1.056000000000000000,1.056000000000000000,1.300000000000000000,20000.000000000000000000,15352.380952380952387850,4000.000000000000000000,2838.095238095238104281,12000.000000000000000000,8514.285714285714283569,0.056000000000000000,0.056000000000000000
1.058000000000000000,1.058000000000000000,1.300000000000000000,20000.000000000000000000,15390.476190476190483028,4000.000000000000000000,2847.619047619047628014,12000.000000000000000000,8542.857142857142855014,0.058000000000000000,0.058000000000000000
1.060000000000000000,1.060000000000000000,1.300000000000000000,20000.000000000000000000,15428.571428571428578207,4000.000000000000000000,2857.142857142857151747,12000.000000000000000000,8571.428571428571426460,0.060000000000000000,0.060000000000000000
1.062000000000000000,1.062000000000000000,1.300000000000000000,20000.000000000000000000,15466.666666666666673387,4000.000000000000000000,2866.666666666666675480,12000.000000000000000000,8599.999999999999997907,0.062000000000000000,0.062000000000000000
1.064000000000000000,1.064000000000000000,1.300000000000000000,20000.000000000000000000,15504.761904761904768566,4000.000000000000000000,2876.190476190476199213,12000.000000000000000000,8628.571428571428569353,0.064000000000000000,0.064000000000000000
1.066000000000000000,1.066000000000000000,1.300000000000000000,20000.000000000000000000,15542.857142857142863746,4000.000000000000000000,2885.714285714285722946,12000.000000000000000000,8657.142857142857140800,0.066000000000000000,0.066000000000000000
1.068000000000000000,1.068000000000000000,1.300000000000000000,20000.000000000000000000,15580.952380952380958924,4000.000000000000000000,2895.238095238095246679,12000.000000000000000000,8685.714285714285712245,0.068000000000000000,0.068000000000000000
1.070000000000000000,1.070000000000000000,1.300000000000000000,20000.000000000000000000,15619.047619047619054102,4000.000000000000000000,2904.761904761904770411,12000.000000000000000000,8714.285714285714283691,0.070000000000000000,0.070000000000000000
1.072000000000000000,1.072000000000000000,1.300000000000000000,20000.000000000000000000,15657.142857142857149282,4000.000000000000000000,2914.285714285714294144,12000.000000000000000000,8742.857142857142855138,0.072000000000000000,0.072000000000000000
1.074000000000000000,1.074000000000000000,1.300000000000000000,20000.000000000000000000,15695.238095238095244461,4000.000000000000000000,2923.809523809523817877,12000.000000000000000000,8771.428571428571426584,0.074000000000000000,0.074000000000000000
1.076000000000000000,1.076000000000000000,1.300000000000000000,20000.000000000000000000,15733.333333333333339639,4000.000000000000000000,2933.333333333333341610,12000.000000000000000000,8799.999999999999998029,0.076000000000000000,0.076000000000000000
1.078000000000000000,1.078000000000000000,1.300000000000000000,20000.000000000000000000,15771.428571428571434819,4000.000000000000000000,2942.857142857142865343,12000.000000000000000000,8828.571428571428569476,0.078000000000000000,0.078000000000000000
1.080000000000000000,1.080000000000000000,1.300000000000000000,20000.000000000000000000,15809.523809523809529998,4000.000000000000000000,2952.380952380952389076,12000.000000000000000000,8857.142857142857140922,0.080000000000000000,0.080000000000000000
1.082000000000000000,1.082000000000000000,1.300000000000000000,20000.000000000000000000,15847.619047619047625178,4000.000000000000000000,2961.904761904761912809,12000.000000000000000000,8885.714285714285712369,0.082000000000000000,0.082000000000000000
1.084000000000000000,1.084000000000000000,1.300000000000000000,20000.000000000000000000,15885.714285714285720355,4000.000000000000000000,2971.428571428571436541,12000.000000000000000000,8914.285714285714283814,0.084000000000000000,0.084000000000000000
1.086000000000000000,1.086000000000000000,1.300000000000000000,20000.000000000000000000,15923.809523809523815534,4000.000000000000000000,2980.952380952380960274,12000.000000000000000000,8942.857142857142855260,0.086000000000000000,0.086000000000000000
1.088000000000000000,1.088000000000000000,1.300000000000000000,20000.000000000000000000,15961.904761904761910714,4000.000000000000000000,2990.476190476190484007,12000.000000000000000000,8971.428571428571426707,0.088000000000000000,0.088000000000000000
1.090000000000000000,1.090000000000000000,1.300000000000000000,20000.000000000000000000,16000.000000000000005893,4000.000000000000000000,3000.000000000000007740,12000.000000000000000000,8999.999999999999998153,0.090000000000000000,0.090000000000000000
1.092000000000000000,1.092000000000000000,1.300000000000000000,20000.000000000000000000,16038.095238095238101073,4000.000000000000000000,3009.523809523809531473,12000.000000000000000000,9028.571428571428569600,0.092000000000000000,0.092000000000000000
1.094000000000000000,1.094000000000000000,1.300000000000000000,20000.000000000000000000,16076.190476190476196251,4000.000000000000000000,3019.047619047619055206,12000.000000000000000000,9057.142857142857141045,0.094000000000000000,0.094000000000000000
1.096000000000000000,1.096000000000000000,1.300000000000000000,20000.000000000000000000,16114.285714285714291430,4000.000000000000000000,3028.571428571428578939,12000.000000000000000000,9085.714285714285712491,0.096000000000000000,0.096000000000000000
1.098000000000000000,1.098000000000000000,1.300000000000000000,20000.000000000000000000,16152.380952380952386609,4000.000000000000000000,3038.095238095238102671,12000.000000000000000000,9114.285714285714283938,0.098000000000000000,0.098000000000000000
1.100000000000000000,1.100000000000000000,1.300000000000000000,20000.000000000000000000,16190.476190476190481788,4000.000000000000000000,3047.619047619047626404,12000.000000000000000000,9142.857142857142855384,0.100000000000000000,0.100000000000000000
1.102000000000000000,1.102000000000000000,1.300000000000000000,20000.000000000000000000,16228.571428571428576966,4000.000000000000000000,3057.142857142857150137,12000.000000000000000000,9171.428571428571426829,0.102000000000000000,0.102000000000000000
1.104000000000000000,1.104000000000000000,1.300000000000000000,20000.000000000000000000,16266.666666666666672146,4000.000000000000000000,3066.666666666666673870,12000.000000000000000000,9199.999999999999998276,0.104000000000000000,0.104000000000000000
1.106000000000000000,1.106000000000000000,1.300000000000000000,20000.000000000000000000,16304.761904761904767325,4000.000000000000000000,3076.190476190476197603,12000.000000000000000000,9228.571428571428569722,0.106000000000000000,0.106000000000000000
1.108000000000000000,1.108000000000000000,1.300000000000000000,20000.000000000000000000,16342.857142857142862505,4000.000000000000000000,3085.714285714285721336,12000.000000000000000000,9257.142857142857141169,0.108000000000000000,0.108000000000000000
1.110000000000000000,1.110000000000000000,1.300000000000000000,20000.000000000000000000,16380.952380952380957683,4000.000000000000000000,3095.238095238095245069,12000.000000000000000000,9285.714285714285712614,0.110000000000000000,0.110000000000000000
1.112000000000000000,1.112000000000000000,1.300000000000000000,20000.000000000000000000,16419.047619047619052861,4000.000000000000000000,3104.761904761904768801,12000.000000000000000000,9314.285714285714284060,0.112000000000000000,0.112000000000000000
1.114000000000000000,1.114000000000000000,1.300000000000000000,20000.000000000000000000,16457.142857142857148041,4000.000000000000000000,3114.285714285714292534,12000.000000000000000000,9342.857142857142855507,0.114000000000000000,0.114000000000000000
1.116000000000000000,1.116000000000000000,1.300000000000000000,20000.000000000000000000,16495.238095238095243220,4000.000000000000000000,3123.809523809523816267,12000.000000000000000000,9371.428571428571426953,0.116000000000000000,0.116000000000000000
1.118000000000000000,1.118000000000000000,1.300000000000000000,20000.000000000000000000,16533.333333333333338400,4000.000000000000000000,3133.333333333333340000,12000.000000000000000000,9399.999999999999998400,0.118000000000000000,0.118000000000000000
1.120000000000000000,1.120000000000000000,1.300000000000000000,20000.000000000000000000,16571.428571428571433578,4000.000000000000000000,3142.857142857142863733,12000.000000000000000000,9428.571428571428569845,0.120000000000000000,0.120000000000000000
1.122000000000000000,1.122000000000000000,1.300000000000000000,20000.000000000000000000,16609.523809523809528757,4000.000000000000000000,3152.380952380952387466,12000.000000000000000000,9457.142857142857141291,0.122000000000000000,0.122000000000000000
1.124000000000000000,1.124000000000000000,1.300000000000000000,20000.000000000000000000,16647.619047619047623937,4000.000000000000000000,3161.904761904761911199,12000.000000000000000000,9485.714285714285712738,0.124000000000000000,0.124000000000000000
1.126000000000000000,1.126000000000000000,1.300000000000000000,20000.000000000000000000,16685.714285714285719115,4000.000000000000000000,3171.428571428571434931,12000.000000000000000000,9514.285714285714284184,0.126000000000000000,0.126000000000000000
1.128000000000000000,1.128000000000000000,1.300000000000000000,20000.000000000000000000,16723.809523809523814293,4000.000000000000000000,3180.952380952380958664,12000.000000000000000000,9542.857142857142855629,0.128000000000000000,0.128000000000000000
1.130000000000000000,1.130000000000000000,1.300000000000000000,20000.000000000000000000,16761.904761904761909473,4000.000000000000000000,3190.476190476190482397,12000.000000000000000000,9571.428571428571427076,0.130000000000000000,0.130000000000000000
1.132000000000000000,1.132000000000000000,1.300000000000000000,20000.000000000000000000,16800.000000000000004652,4000.000000000000000000,3200.000000000000006130,12000.000000000000000000,9599.999999999999998522,0.132000000000000000,0.132000000000000000
1.134000000000000000,1.134000000000000000,1.300000000000000000,20000.000000000000000000,16838.095238095238099832,4000.000000000000000000,3209.523809523809529863,12000.000000000000000000,9628.571428571428569969,0.134000000000000000,0.134000000000000000
1.136000000000000000,1.136000000000000000,1.300000000000000000,20000.000000000000000000,16876.190476190476195010,4000.000000000000000000,3219.047619047619053596,12000.000000000000000000,9657.142857142857141414,0.136000000000000000,0.136000000000000000
1.138000000000000000,1.138000000000000000,1.300000000000000000,20000.000000000000000000,16914.285714285714290189,4000.000000000000000000,3228.571428571428577329,12000.000000000000000000,9685.714285714285712860,0.138000000000000000,0.138000000000000000
1.140000000000000000,1.140000000000000000,1.300000000000000000,20000.000000000000000000,16952.380952380952385368,4000.000000000000000000,3238.095238095238101061,12000.000000000000000000,9714.285714285714284307,0.140000000000000000,0.140000000000000000
1.142000000000000000,1.142000000000000000,1.300000000000000000,20000.000000000000000000,16990.476190476190480547,4000.000000000000000000,3247.619047619047624794,12000.000000000000000000,9742.857142857142855753,0.142000000000000000,0.142000000000000000
1.144000000000000000,1.144000000000000000,1.300000000000000000,20000.000000000000000000,17028.571428571428575727,4000.000000000000000000,3257.142857142857148527,12000.000000000000000000,9771.428571428571427200,0.144000000000000000,0.144000000000000000
1.146000000000000000,1.146000000000000000,1.300000000000000000,20000.000000000000000000,17066.666666666666670905,4000.000000000000000000,3266.666666666666672260,12000.000000000000000000,9799.999999999999998645,0.146000000000000000,0.146000000000000000
1.148000000000000000,1.148000000000000000,1.300000000000000000,20000.000000000000000000,17104.761904761904766084,4000.000000000000000000,3276.190476190476195993,12000.000000000000000000,9828.571428571428570091,0.148000000000000000,0.148000000000000000
1.150000000000000000,1.150000000000000000,1.300000000000000000,20000.000000000000000000,17142.857142857142861264,4000.000000000000000000,3285.714285714285719726,12000.000000000000000000,9857.142857142857141538,0.150000000000000000,0.150000000000000000
1.152000000000000000,1.152000000000000000,1.300000000000000000,20000.000000000000000000,17180.952380952380956443,4000.000000000000000000,3295.238095238095243459,12000.000000000000000000,9885.714285714285712984,0.152000000000000000,0.152000000000000000
1.154000000000000000,1.154000000000000000,1.300000000000000000,20000.000000000000000000,17219.047619047619051620,4000.000000000000000000,3304.761904761904767191,12000.000000000000000000,9914.285714285714284429,0.154000000000000000,0.154000000000000000
1.156000000000000000,1.156000000000000000,1.300000000000000000,20000.000000000000000000,17257.142857142857146800,4000.000000000000000000,3314.285714285714290924,12000.000000000000000000,9942.857142857142855876,0.156000000000000000,0.156000000000000000
1.158000000000000000,1.158000000000000000,1.300000000000000000,20000.000000000000000000,17295.238095238095241979,4000.000000000000000000,3323.809523809523814657,12000.000000000000000000,9971.428571428571427322,0.158000000000000000,0.158000000000000000
1.160000000000000000,1.160000000000000000,1.300000000000000000,20000.000000000000000000,17333.333333333333337159,4000.000000000000000000,3333.333333333333338390,12000.000000000000000000,9999.999999999999998769,0.160000000000000000,0.160000000000000000
1.162000000000000000,1.162000000000000000,1.300000000000000000,20000.000000000000000000,17371.428571428571432337,4000.000000000000000000,3342.857142857142862123,12000.000000000000000000,10028.571428571428570214,0.162000000000000000,0.162000000000000000
1.164000000000000000,1.164000000000000000,1.300000000000000000,20000.000000000000000000,17409.523809523809527516,4000.000000000000000000,3352.380952380952385856,12000.000000000000000000,10057.142857142857141660,0.164000000000000000,0.164000000000000000
1.166000000000000000,1.166000000000000000,1.300000000000000000,20000.000000000000000000,17447.619047619047622696,4000.000000000000000000,3361.904761904761909589,12000.000000000000000000,10085.714285714285713107,0.166000000000000000,0.166000000000000000
1.168000000000000000,1.168000000000000000,1.300000000000000000,20000.000000000000000000,17485.714285714285717874,4000.000000000000000000,3371.428571428571433321,12000.000000000000000000,10114.285714285714284553,0.168000000000000000,0.168000000000000000
1.170000000000000000,1.170000000000000000,1.300000000000000000,20000.000000000000000000,17523.809523809523813054,4000.000000000000000000,3380.952380952380957054,12000.000000000000000000,10142.857142857142856000,0.170000000000000000,0.170000000000000000
1.172000000000000000,1.172000000000000000,1.300000000000000000,20000.000000000000000000,17561.904761904761908232,4000.000000000000000000,3390.476190476190480787,12000.000000000000000000,10171.428571428571427445,0.172000000000000000,0.172000000000000000
1.174000000000000000,1.174000000000000000,1.300000000000000000,20000.000000000000000000,17600.000000000000003411,4000.000000000000000000,3400.000000000000004520,12000.000000000000000000,10199.999999999999998891,0.174000000000000000,0.174000000000000000
1.176000000000000000,1.176000000000000000,1.300000000000000000,20000.000000000000000000,17638.095238095238098591,4000.000000000000000000,3409.523809523809528253,12000.000000000000000000,10228.571428571428570338,0.176000000000000000,0.176000000000000000
1.178000000000000000,1.178000000000000000,1.300000000000000000,20000.000000000000000000,17676.190476190476193770,4000.000000000000000000,3419.047619047619051986,12000.000000000000000000,10257.142857142857141784,0.178000000000000000,0.178000000000000000
1.180000000000000000,1.180000000000000000,1.300000000000000000,20000.000000000000000000,17714.285714285714288948,4000.000000000000000000,3428.571428571428575719,12000.000000000000000000,10285.714285714285713229,0.180000000000000000,0.180000000000000000
1.182000000000000000,1.182000000000000000,1.300000000000000000,20000.000000000000000000,17752.380952380952384127,4000.000000000000000000,3438.095238095238099451,12000.000000000000000000,10314.285714285714284676,0.182000000000000000,0.182000000000000000
1.184000000000000000,1.184000000000000000,1.300000000000000000,20000.000000000000000000,17790.476190476190479306,4000.000000000000000000,3447.619047619047623184,12000.000000000000000000,10342.857142857142856122,0.184000000000000000,0.184000000000000000
1.186000000000000000,1.186000000000000000,1.300000000000000000,20000.000000000000000000,17828.571428571428574486,4000.000000000000000000,3457.142857142857146917,12000.000000000000000000,10371.428571428571427569,0.186000000000000000,0.186000000000000000
1.188000000000000000,1.188000000000000000,1.300000000000000000,20000.000000000000000000,17866.666666666666669664,4000.000000000000000000,3466.666666666666670650,12000.000000000000000000,10399.999999999999999014,0.188000000000000000,0.188000000000000000
1.190000000000000000,1.190000000000000000,1.300000000000000000,20000.000000000000000000,17904.761904761904764843,4000.000000000000000000,3476.190476190476194383,12000.000000000000000000,10428.571428571428570460,0.190000000000000000,0.190000000000000000
1.192000000000000000,1.192000000000000000,1.300000000000000000,20000.000000000000000000,17942.857142857142860023,4000.000000000000000000,3485.714285714285718116,12000.000000000000000000,10457.142857142857141907,0.192000000000000000,0.192000000000000000
1.194000000000000000,1.194000000000000000,1.300000000000000000,20000.000000000000000000,17980.952380952380955202,4000.000000000000000000,3495.238095238095241849,12000.000000000000000000,10485.714285714285713353,0.194000000000000000,0.194000000000000000
1.196000000000000000,1.196000000000000000,1.300000000000000000,20000.000000000000000000,18019.047619047619050381,4000.000000000000000000,3504.761904761904765581,12000.000000000000000000,10514.285714285714284800,0.196000000000000000,0.196000000000000000
1.198000000000000000,1.198000000000000000,1.300000000000000000,20000.000000000000000000,18057.142857142857145559,4000.000000000000000000,3514.285714285714289314,12000.000000000000000000,10542.857142857142856245,0.198000000000000000,0.198000000000000000
1.200000000000000000,1.200000000000000000,1.300000000000000000,20000.000000000000000000,18095.238095238095240738,4000.000000000000000000,3523.809523809523813047,12000.000000000000000000,10571.428571428571427691,0.200000000000000000,0.200000000000000000
1.202000000000000000,1.202000000000000000,1.300000000000000000,20000.000000000000000000,18133.333333333333335918,4000.000000000000000000,3533.333333333333336780,12000.000000000000000000,10599.999999999999999138,0.202000000000000000,0.202000000000000000
1.204000000000000000,1.204000000000000000,1.300000000000000000,20000.000000000000000000,18171.428571428571431097,4000.000000000000000000,3542.857142857142860513,12000.000000000000000000,10628.571428571428570584,0.204000000000000000,0.204000000000000000
1.206000000000000000,1.206000000000000000,1.300000000000000000,20000.000000000000000000,18209.523809523809526275,4000.000000000000000000,3552.380952380952384246,12000.000000000000000000,10657.142857142857142029,0.206000000000000000,0.206000000000000000
1.208000000000000000,1.208000000000000000,1.300000000000000000,20000.000000000000000000,18247.619047619047621455,4000.000000000000000000,3561.904761904761907979,12000.000000000000000000,10685.714285714285713476,0.208000000000000000,0.208000000000000000
1.210000000000000000,1.210000000000000000,1.300000000000000000,20000.000000000000000000,18285.714285714285716633,4000.000000000000000000,3571.428571428571431711,12000.000000000000000000,10714.285714285714284922,0.210000000000000000,0.210000000000000000
1.212000000000000000,1.212000000000000000,1.300000000000000000,20000.000000000000000000,18323.809523809523811813,4000.000000000000000000,3580.952380952380955444,12000.000000000000000000,10742.857142857142856369,0.212000000000000000,0.212000000000000000
1.214000000000000000,1.214000000000000000,1.300000000000000000,20000.000000000000000000,18361.904761904761906991,4000.000000000000000000,3590.476190476190479177,12000.000000000000000000,10771.428571428571427814,0.214000000000000000,0.214000000000000000
1.216000000000000000,1.216000000000000000,1.300000000000000000,20000.000000000000000000,18400.000000000000002170,4000.000000000000000000,3600.000000000000002910,12000.000000000000000000,10799.999999999999999260,0.216000000000000000,0.216000000000000000
1.218000000000000000,1.218000000000000000,1.300000000000000000,20000.000000000000000000,18438.095238095238097350,4000.000000000000000000,3609.523809523809526643,12000.000000000000000000,10828.571428571428570707,0.218000000000000000,0.218000000000000000
1.220000000000000000,1.220000000000000000,1.300000000000000000,20000.000000000000000000,18476.190476190476192529,4000.000000000000000000,3619.047619047619050376,12000.000000000000000000,10857.142857142857142153,0.220000000000000000,0.220000000000000000
1.222000000000000000,1.222000000000000000,1.300000000000000000,20000.000000000000000000,18514.285714285714287709,4000.000000000000000000,3628.571428571428574109,12000.000000000000000000,10885.714285714285713600,0.222000000000000000,0.222000000000000000
1.224000000000000000,1.224000000000000000,1.300000000000000000,20000.000000000000000000,18552.380952380952382886,4000.000000000000000000,3638.095238095238097841,12000.000000000000000000,10914.285714285714285045,0.224000000000000000,0.224000000000000000
1.226000000000000000,1.226000000000000000,1.300000000000000000,20000.000000000000000000,18590.476190476190478065,4000.000000000000000000,3647.619047619047621574,12000.000000000000000000,10942.857142857142856491,0.226000000000000000,0.226000000000000000
1.228000000000000000,1.228000000000000000,1.300000000000000000,20000.000000000000000000,18628.571428571428573245,4000.000000000000000000,3657.142857142857145307,12000.000000000000000000,10971.428571428571427938,0.228000000000000000,0.228000000000000000
1.230000000000000000,1.230000000000000000,1.300000000000000000,20000.000000000000000000,18666.666666666666668424,4000.000000000000000000,3666.666666666666669040,12000.000000000000000000,10999.999999999999999384,0.230000000000000000,0.230000000000000000
1.232000000000000000,1.232000000000000000,1.300000000000000000,20000.000000000000000000,18704.761904761904763602,4000.000000000000000000,3676.190476190476192773,12000.000000000000000000,11028.571428571428570829,0.232000000000000000,0.232000000000000000
1.234000000000000000,1.234000000000000000,1.300000000000000000,20000.000000000000000000,18742.857142857142858782,4000.000000000000000000,3685.714285714285716506,12000.000000000000000000,11057.142857142857142276,0.234000000000000000,0.234000000000000000
1.236000000000000000,1.236000000000000000,1.300000000000000000,20000.000000000000000000,18780.952380952380953961,4000.000000000000000000,3695.238095238095240239,12000.000000000000000000,11085.714285714285713722,0.236000000000000000,0.236000000000000000
1.238000000000000000,1.238000000000000000,1.300000000000000000,20000.000000000000000000,18819.047619047619049140,4000.000000000000000000,3704.761904761904763971,12000.000000000000000000,11114.285714285714285169,0.238000000000000000,0.238000000000000000
1.240000000000000000,1.240000000000000000,1.300000000000000000,20000.000000000000000000,18857.142857142857144318,4000.000000000000000000,3714.285714285714287704,12000.000000000000000000,11142.857142857142856614,0.240000000000000000,0.240000000000000000
1.242000000000000000,1.242000000000000000,1.300000000000000000,20000.000000000000000000,18895.238095238095239497,4000.000000000000000000,3723.809523809523811437,12000.000000000000000000,11171.428571428571428060,0.242000000000000000,0.242000000000000000
1.244000000000000000,1.244000000000000000,1.300000000000000000,20000.000000000000000000,18933.333333333333334677,4000.000000000000000000,3733.333333333333335170,12000.000000000000000000,11199.999999999999999507,0.244000000000000000,0.244000000000000000
1.246000000000000000,1.246000000000000000,1.300000000000000000,20000.000000000000000000,18971.428571428571429856,4000.000000000000000000,3742.857142857142858903,12000.000000000000000000,11228.571428571428570953,0.246000000000000000,0.246000000000000000
1.248000000000000000,1.248000000000000000,1.300000000000000000,20000.000000000000000000,19009.523809523809525036,4000.000000000000000000,3752.380952380952382636,12000.000000000000000000,11257.142857142857142400,0.248000000000000000,0.248000000000000000
1.250000000000000000,1.250000000000000000,1.300000000000000000,20000.000000000000000000,19047.619047619047620214,4000.000000000000000000,3761.904761904761906369,12000.000000000000000000,11285.714285714285713845,0.250000000000000000,0.250000000000000000
1.252000000000000000,1.252000000000000000,1.300000000000000000,20000.000000000000000000,19085.714285714285715392,4000.000000000000000000,3771.428571428571430101,12000.000000000000000000,11314.285714285714285291,0.252000000000000000,0.252000000000000000
1.254000000000000000,1.254000000000000000,1.300000000000000000,20000.000000000000000000,19123.809523809523810572,4000.000000000000000000,3780.952380952380953834,12000.000000000000000000,11342.857142857142856738,0.254000000000000000,0.254000000000000000
1.256000000000000000,1.256000000000000000,1.300000000000000000,20000.000000000000000000,19161.904761904761905751,4000.000000000000000000,3790.476190476190477567,12000.000000000000000000,11371.428571428571428184,0.256000000000000000,0.256000000000000000
1.258000000000000000,1.258000000000000000,1.300000000000000000,20000.000000000000000000,19200.000000000000000929,4000.000000000000000000,3800.000000000000001300,12000.000000000000000000,11399.999999999999999629,0.258000000000000000,0.258000000000000000
1.260000000000000000,1.260000000000000000,1.300000000000000000,20000.000000000000000000,19238.095238095238096109,4000.000000000000000000,3809.523809523809525033,12000.000000000000000000,11428.571428571428571076,0.260000000000000000,0.260000000000000000
1.262000000000000000,1.262000000000000000,1.300000000000000000,20000.000000000000000000,19276.190476190476191288,4000.000000000000000000,3819.047619047619048766,12000.000000000000000000,11457.142857142857142522,0.262000000000000000,0.262000000000000000
1.264000000000000000,1.264000000000000000,1.300000000000000000,20000.000000000000000000,19314.285714285714286468,4000.000000000000000000,3828.571428571428572499,12000.000000000000000000,11485.714285714285713969,0.264000000000000000,0.264000000000000000
1.266000000000000000,1.266000000000000000,1.300000000000000000,20000.000000000000000000,19352.380952380952381645,4000.000000000000000000,3838.095238095238096231,12000.000000000000000000,11514.285714285714285414,0.266000000000000000,0.266000000000000000
1.268000000000000000,1.268000000000000000,1.300000000000000000,20000.000000000000000000,19390.476190476190476824,4000.000000000000000000,3847.619047619047619964,12000.000000000000000000,11542.857142857142856860,0.268000000000000000,0.268000000000000000
1.270000000000000000,1.270000000000000000,1.300000000000000000,20000.000000000000000000,19428.571428571428572004,4000.000000000000000000,3857.142857142857143697,12000.000000000000000000,11571.428571428571428307,0.270000000000000000,0.270000000000000000
1.272000000000000000,1.272000000000000000,1.300000000000000000,20000.000000000000000000,19466.666666666666667183,4000.000000000000000000,3866.666666666666667430,12000.000000000000000000,11599.999999999999999753,0.272000000000000000,0.272000000000000000
1.274000000000000000,1.274000000000000000,1.300000000000000000,20000.000000000000000000,19504.761904761904762363,4000.000000000000000000,3876.190476190476191163,12000.000000000000000000,11628.571428571428571200,0.274000000000000000,0.274000000000000000
1.276000000000000000,1.276000000000000000,1.300000000000000000,20000.000000000000000000,19542.857142857142857541,4000.000000000000000000,3885.714285714285714896,12000.000000000000000000,11657.142857142857142645,0.276000000000000000,0.276000000000000000
1.278000000000000000,1.278000000000000000,1.300000000000000000,20000.000000000000000000,19580.952380952380952720,4000.000000000000000000,3895.238095238095238629,12000.000000000000000000,11685.714285714285714091,0.278000000000000000,0.278000000000000000
1.280000000000000000,1.280000000000000000,1.300000000000000000,20000.000000000000000000,19619.047619047619047899,4000.000000000000000000,3904.761904761904762361,12000.000000000000000000,11714.285714285714285538,0.280000000000000000,0.280000000000000000
1.282000000000000000,1.282000000000000000,1.300000000000000000,20000.000000000000000000,19657.142857142857143078,4000.000000000000000000,3914.285714285714286094,12000.000000000000000000,11742.857142857142856984,0.282000000000000000,0.282000000000000000
1.284000000000000000,1.284000000000000000,1.300000000000000000,20000.000000000000000000,19695.238095238095238256,4000.000000000000000000,3923.809523809523809827,12000.000000000000000000,11771.428571428571428429,0.284000000000000000,0.284000000000000000
1.286000000000000000,1.286000000000000000,1.300000000000000000,20000.000000000000000000,19733.333333333333333436,4000.000000000000000000,3933.333333333333333560,12000.000000000000000000,11799.999999999999999876,0.286000000000000000,0.286000000000000000
1.288000000000000000,1.288000000000000000,1.300000000000000000,20000.000000000000000000,19771.428571428571428615,4000.000000000000000000,3942.857142857142857293,12000.000000000000000000,11828.571428571428571322,0.288000000000000000,0.288000000000000000
1.290000000000000000,1.290000000000000000,1.300000000000000000,20000.000000000000000000,19809.523809523809523795,4000.000000000000000000,3952.380952380952381026,12000.000000000000000000,11857.142857142857142769,0.290000000000000000,0.290000000000000000
1.292000000000000000,1.292000000000000000,1.300000000000000000,20000.000000000000000000,19847.619047619047618973,4000.000000000000000000,3961.904761904761904759,12000.000000000000000000,11885.714285714285714214,0.292000000000000000,0.292000000000000000
1.294000000000000000,1.294000000000000000,1.300000000000000000,20000.000000000000000000,19885.714285714285714459,4000.000000000000000000,3971.428571428571428891,12000.000000000000000000,11914.285714285714285568,0.294000000000000000,0.294000000000000000
1.296000000000000000,1.296000000000000000,1.300000000000000000,20000.000000000000000000,19923.809523809523809536,4000.000000000000000000,3980.952380952380952491,12000.000000000000000000,11942.857142857142857045,0.296000000000000000,0.296000000000000000
1.298000000000000000,1.298000000000000000,1.300000000000000000,20000.000000000000000000,19961.904761904761904716,4000.000000000000000000,3990.476190476190476224,12000.000000000000000000,11971.428571428571428492,0.298000000000000000,0.298000000000000000
1.300000000000000000,1.300000000000000000,1.300000000000000000,20000.000000000000000000,20000.000000000000000000,4000.000000000000000000,4000.000000000000000000,12000.000000000000000000,12000.000000000000000000,0.300000000000000000,0.300000000000000000
1.302000000000000000,1.302000000000000000,1.302000000000000000,20000.000000000000000000,20000.000000000000000000,4000.000000000000000000,4000.000000000000000000,12000.000000000000000000,12000.000000000000000000,0.302000000000000000,0.302000000000000000
1.304000000000000000,1.304000000000000000,1.304000000000000000,20000.000000000000000000,20000.000000000000000000,4000.000000000000000000,4000.000000000000000000,12000.000000000000000000,12000.000000000000000000,0.304000000000000000,0.304000000000000000
1.306000000000000000,1.306000000000000000,1.306000000000000000,20000.000000000000000000,20000.000000000000000000,4000.000000000000000000,4000.000000000000000000,12000.000000000000000000,12000.000000000000000000,0.306000000000000000,0.306000000000000000
1.308000000000000000,1.308000000000000000,1.308000000000000000,20000.000000000000000000,20000.000000000000000000,4000.000000000000000000,4000.000000000000000000,12000.000000000000000000,12000.000000000000000000,0.308000000000000000,0.308000000000000000
1.310000000000000000,1.310000000000000000,1.310000000000000000,20000.000000000000000000,20000.000000000000000000,4000.000000000000000000,4000.000000000000000000,12000.000000000000000000,12000.000000000000000000,0.310000000000000000,0.310000000000000000
1.312000000000000000,1.312000000000000000,1.312000000000000000,20000.000000000000000000,20000.000000000000000000,4000.000000000000000000,4000.000000000000000000,12000.000000000000000000,12000.000000000000000000,0.312000000000000000,0.312000000000000000
1.314000000000000000,1.314000000000000000,1.314000000000000000,20000.000000000000000000,20000.000000000000000000,4000.000000000000000000,4000.000000000000000000,12000.000000000000000000,12000.000000000000000000,0.314000000000000000,0.314000000000000000
1.316000000000000000,1.316000000000000000,1.316000000000000000,20000.000000000000000000,20000.000000000000000000,4000.000000000000000000,4000.000000000000000000,12000.000000000000000000,12000.000000000000000000,0.316000000000000000,0.316000000000000000
1.318000000000000000,1.318000000000000000,1.318000000000000000,20000.000000000000000000,20000.000000000000000000,4000.000000000000000000,4000.000000000000000000,12000.000000000000000000,12000.000000000000000000,0.318000000000000000,0.318000000000000000
1.320000000000000000,1.320000000000000000,1.320000000000000000,20000.000000000000000000,20000.000000000000000000,4000.000000000000000000,4000.000000000000000000,12000.000000000000000000,12000.000000000000000000,0.320000000000000000,0.320000000000000000
1.322000000000000000,1.322000000000000000,1.322000000000000000,20000.000000000000000000,20000.000000000000000000,4000.000000000000000000,4000.000000000000000000,12000.000000000000000000,12000.000000000000000000,0.322000000000000000,0.322000000000000000
1.324000000000000000,1.324000000000000000,1.324000000000000000,20000.000000000000000000,20000.000000000000000000,4000.000000000000000000,4000.000000000000000000,12000.000000000000000000,12000.000000000000000000,0.324000000000000000,0.324000000000000000
1.326000000000000000,1.326000000000000000,1.326000000000000000,20000.000000000000000000,20000.000000000000000000,4000.000000000000000000,4000.000000000000000000,12000.000000000000000000,12000.000000000000000000,0.326000000000000000,0.326000000000000000
1.328000000000000000,1.328000000000000000,1.328000000000000000,20000.000000000000000000,20000.000000000000000000,4000.000000000000000000,4000.000000000000000000,12000.000000000000000000,12000.000000000000000000,0.328000000000000000,0.328000000000000000
1.330000000000000000,1.330000000000000000,1.330000000000000000,20000.000000000000000000,20000.000000000000000000,4000.000000000000000000,4000.000000000000000000,12000.000000000000000000,12000.000000000000000000,0.330000000000000000,0.330000000000000000
1.332000000000000000,1.332000000000000000,1.332000000000000000,20000.000000000000000000,20000.000000000000000000,4000.000000000000000000,4000.000000000000000000,12000.000000000000000000,12000.000000000000000000,0.332000000000000000,0.332000000000000000
1.334000000000000000,1.334000000000000000,1.334000000000000000,20000.000000000000000000,20000.000000000000000000,4000.000000000000000000,4000.000000000000000000,12000.000000000000000000,12000.000000000000000000,0.334000000000000000,0.334000000000000000
1.336000000000000000,1.336000000000000000,1.336000000000000000,20000.000000000000000000,20000.000000000000000000,4000.000000000000000000,4000.000000000000000000,12000.000000000000000000,12000.000000000000000000,0.336000000000000000,0.336000000000000000
1.338000000000000000,1.338000000000000000,1.338000000000000000,20000.000000000000000000,20000.000000000000000000,4000.000000000000000000,4000.000000000000000000,12000.000000000000000000,12000.000000000000000000,0.338000000000000000,0.338000000000000000
1.340000000000000000,1.340000000000000000,1.340000000000000000,20000.000000000000000000,20000.000000000000000000,4000.000000000000000000,4000.000000000000000000,12000.000000000000000000,12000.000000000000000000,0.340000000000000000,0.340000000000000000
1.342000000000000000,1.342000000000000000,1.342000000000000000,20000.000000000000000000,20000.000000000000000000,4000.000000000000000000,4000.000000000000000000,12000.000000000000000000,12000.000000000000000000,0.342000000000000000,0.342000000000000000
1.344000000000000000,1.344000000000000000,1.344000000000000000,20000.000000000000000000,20000.000000000000000000,4000.000000000000000000,4000.000000000000000000,12000.000000000000000000,12000.000000000000000000,0.344000000000000000,0.344000000000000000
1.346000000000000000,1.346000000000000000,1.346000000000000000,20000.000000000000000000,20000.000000000000000000,4000.000000000000000000,4000.000000000000000000,12000.000000000000000000,12000.000000000000000000,0.346000000000000000,0.346000000000000000
1.348000000000000000,1.348000000000000000,1.348000000000000000,20000.000000000000000000,20000.000000000000000000,4000.000000000000000000,4000.000000000000000000,12000.000000000000000000,12000.000000000000000000,0.348000000000000000,0.348000000000000000
1.350000000000000000,1.350000000000000000,1.350000000000000000,20000.000000000000000000,20000.000000000000000000,4000.000000000000000000,4000.000000000000000000,12000.000000000000000000,12000.000000000000000000,0.350000000000000000,0.350000000000000000
1.352000000000000000,1.352000000000000000,1.352000000000000000,20000.000000000000000000,20000.000000000000000000,4000.000000000000000000,4000.000000000000000000,12000.000000000000000000,12000.000000000000000000,0.352000000000000000,0.352000000000000000
1.354000000000000000,1.354000000000000000,1.354000000000000000,20000.000000000000000000,20000.000000000000000000,4000.000000000000000000,4000.000000000000000000,12000.000000000000000000,12000.000000000000000000,0.354000000000000000,0.354000000000000000
1.356000000000000000,1.356000000000000000,1.356000000000000000,20000.000000000000000000,20000.000000000000000000,4000.000000000000000000,4000.000000000000000000,12000.000000000000000000,12000.000000000000000000,0.356000000000000000,0.356000000000000000
1.358000000000000000,1.358000000000000000,1.358000000000000000,20000.000000000000000000,20000.000000000000000000,4000.000000000000000000,4000.000000000000000000,12000.000000000000000000,12000.000000000000000000,0.358000000000000000,0.358000000000000000
1.360000000000000000,1.360000000000000000,1.360000000000000000,20000.000000000000000000,20000.000000000000000000,4000.000000000000000000,4000.000000000000000000,12000.000000000000000000,12000.000000000000000000,0.360000000000000000,0.360000000000000000
1.362000000000000000,1.362000000000000000,1.362000000000000000,20000.000000000000000000,20000.000000000000000000,4000.000000000000000000,4000.000000000000000000,12000.000000000000000000,12000.000000000000000000,0.362000000000000000,0.362000000000000000
1.364000000000000000,1.364000000000000000,1.364000000000000000,20000.000000000000000000,20000.000000000000000000,4000.000000000000000000,4000.000000000000000000,12000.000000000000000000,12000.000000000000000000,0.364000000000000000,0.364000000000000000
1.366000000000000000,1.366000000000000000,1.366000000000000000,20000.000000000000000000,20000.000000000000000000,4000.000000000000000000,4000.000000000000000000,12000.000000000000000000,12000.000000000000000000,0.366000000000000000,0.366000000000000000
1.368000000000000000,1.368000000000000000,1.368000000000000000,20000.000000000000000000,20000.000000000000000000,4000.000000000000000000,4000.000000000000000000,12000.000000000000000000,12000.000000000000000000,0.368000000000000000,0.368000000000000000
1.370000000000000000,1.370000000000000000,1.370000000000000000,20000.000000000000000000,20000.000000000000000000,4000.000000000000000000,4000.000000000000000000,12000.000000000000000000,12000.000000000000000000,0.370000000000000000,0.370000000000000000
1.372000000000000000,1.372000000000000000,1.372000000000000000,20000.000000000000000000,20000.000000000000000000,4000.000000000000000000,4000.000000000000000000,12000.000000000000000000,12000.000000000000000000,0.372000000000000000,0.372000000000000000
1.374000000000000000,1.374000000000000000,1.374000000000000000,20000.000000000000000000,20000.000000000000000000,4000.000000000000000000,4000.000000000000000000,12000.000000000000000000,12000.000000000000000000,0.374000000000000000,0.374000000000000000
1.376000000000000000,1.376000000000000000,1.376000000000000000,20000.000000000000000000,20000.000000000000000000,4000.000000000000000000,4000.000000000000000000,12000.000000000000000000,12000.000000000000000000,0.376000000000000000,0.376000000000000000
1.378000000000000000,1.378000000000000000,1.378000000000000000,20000.000000000000000000,20000.000000000000000000,4000.000000000000000000,4000.000000000000000000,12000.000000000000000000,12000.000000000000000000,0.378000000000000000,0.378000000000000000
1.380000000000000000,1.380000000000000000,1.380000000000000000,20000.000000000000000000,20000.000000000000000000,4000.000000000000000000,4000.000000000000000000,12000.000000000000000000,12000.000000000000000000,0.380000000000000000,0.380000000000000000
1.382000000000000000,1.382000000000000000,1.382000000000000000,20000.000000000000000000,20000.000000000000000000,4000.000000000000000000,4000.000000000000000000,12000.000000000000000000,12000.000000000000000000,0.382000000000000000,0.382000000000000000
1.384000000000000000,1.384000000000000000,1.384000000000000000,20000.000000000000000000,20000.000000000000000000,4000.000000000000000000,4000.000000000000000000,12000.000000000000000000,12000.000000000000000000,0.384000000000000000,0.384000000000000000
1.386000000000000000,1.386000000000000000,1.386000000000000000,20000.000000000000000000,20000.000000000000000000,4000.000000000000000000,4000.000000000000000000,12000.000000000000000000,12000.000000000000000000,0.386000000000000000,0.386000000000000000
1.388000000000000000,1.388000000000000000,1.388000000000000000,20000.000000000000000000,20000.000000000000000000,4000.000000000000000000,4000.000000000000000000,12000.000000000000000000,12000.000000000000000000,0.388000000000000000,0.388000000000000000
1.390000000000000000,1.390000000000000000,1.390000000000000000,20000.000000000000000000,20000.000000000000000000,4000.000000000000000000,4000.000000000000000000,12000.000000000000000000,12000.000000000000000000,0.390000000000000000,0.390000000000000000
1.392000000000000000,1.392000000000000000,1.392000000000000000,20000.000000000000000000,20000.000000000000000000,4000.000000000000000000,4000.000000000000000000,12000.000000000000000000,12000.000000000000000000,0.392000000000000000,0.392000000000000000
1.394000000000000000,1.394000000000000000,1.394000000000000000,20000.000000000000000000,20000.000000000000000000,4000.000000000000000000,4000.000000000000000000,12000.000000000000000000,12000.000000000000000000,0.394000000000000000,0.394000000000000000
1.396000000000000000,1.396000000000000000,1.396000000000000000,20000.000000000000000000,20000.000000000000000000,4000.000000000000000000,4000.000000000000000000,12000.000000000000000000,12000.000000000000000000,0.396000000000000000,0.396000000000000000
1.398000000000000000,1.398000000000000000,1.398000000000000000,20000.000000000000000000,20000.000000000000000000,4000.000000000000000000,4000.000000000000000000,12000.000000000000000000,12000.000000000000000000,0.398000000000000000,0.398000000000000000
1.400000000000000000,1.400000000000000000,1.400000000000000000,20000.000000000000000000,20000.000000000000000000,4000.000000000000000000,4000.000000000000000000,12000.000000000000000000,12000.000000000000000000,0.400000000000000000,0.400000000000000000
1.402000000000000000,1.402000000000000000,1.402000000000000000,20000.000000000000000000,20000.000000000000000000,4000.000000000000000000,4000.000000000000000000,12000.000000000000000000,12000.000000000000000000,0.402000000000000000,0.402000000000000000
1.404000000000000000,1.404000000000000000,1.404000000000000000,20000.000000000000000000,20000.000000000000000000,4000.000000000000000000,4000.000000000000000000,12000.000000000000000000,12000.000000000000000000,0.404000000000000000,0.404000000000000000
1.406000000000000000,1.406000000000000000,1.406000000000000000,20000.000000000000000000,20000.000000000000000000,4000.000000000000000000,4000.000000000000000000,12000.000000000000000000,12000.000000000000000000,0.406000000000000000,0.406000000000000000
1.408000000000000000,1.408000000000000000,1.408000000000000000,20000.000000000000000000,20000.000000000000000000,4000.000000000000000000,4000.000000000000000000,12000.000000000000000000,12000.000000000000000000,0.408000000000000000,0.408000000000000000
1.410000000000000000,1.410000000000000000,1.410000000000000000,20000.000000000000000000,20000.000000000000000000,4000.000000000000000000,4000.000000000000000000,12000.000000000000000000,12000.000000000000000000,0.410000000000000000,0.410000000000000000
1.412000000000000000,1.412000000000000000,1.412000000000000000,20000.000000000000000000,20000.000000000000000000,4000.000000000000000000,4000.000000000000000000,12000.000000000000000000,12000.000000000000000000,0.412000000000000000,0.412000000000000000
1.414000000000000000,1.414000000000000000,1.414000000000000000,20000.000000000000000000,20000.000000000000000000,4000.000000000000000000,4000.000000000000000000,12000.000000000000000000,12000.000000000000000000,0.414000000000000000,0.414000000000000000
1.416000000000000000,1.416000000000000000,1.416000000000000000,20000.000000000000000000,20000.000000000000000000,4000.000000000000000000,4000.000000000000000000,12000.000000000000000000,12000.000000000000000000,0.416000000000000000,0.416000000000000000
1.418000000000000000,1.418000000000000000,1.418000000000000000,20000.000000000000000000,20000.000000000000000000,4000.000000000000000000,4000.000000000000000000,12000.000000000000000000,12000.000000000000000000,0.418000000000000000,0.418000000000000000
1.420000000000000000,1.420000000000000000,1.420000000000000000,20000.000000000000000000,20000.000000000000000000,4000.000000000000000000,4000.000000000000000000,12000.000000000000000000,12000.000000000000000000,0.420000000000000000,0.420000000000000000
1.422000000000000000,1.422000000000000000,1.422000000000000000,20000.000000000000000000,20000.000000000000000000,4000.000000000000000000,4000.000000000000000000,12000.000000000000000000,12000.000000000000000000,0.422000000000000000,0.422000000000000000
1.424000000000000000,1.424000000000000000,1.424000000000000000,20000.000000000000000000,20000.000000000000000000,4000.000000000000000000,4000.000000000000000000,12000.000000000000000000,12000.000000000000000000,0.424000000000000000,0.424000000000000000
1.426000000000000000,1.426000000000000000,1.426000000000000000,20000.000000000000000000,20000.000000000000000000,4000.000000000000000000,4000.000000000000000000,12000.000000000000000000,12000.000000000000000000,0.426000000000000000,0.426000000000000000
1.428000000000000000,1.428000000000000000,1.428000000000000000,20000.000000000000000000,20000.000000000000000000,4000.000000000000000000,4000.000000000000000000,12000.000000000000000000,12000.000000000000000000,0.428000000000000000,0.428000000000000000
1.430000000000000000,1.430000000000000000,1.430000000000000000,20000.000000000000000000,20000.000000000000000000,4000.000000000000000000,4000.000000000000000000,12000.000000000000000000,12000.000000000000000000,0.430000000000000000,0.430000000000000000
1.432000000000000000,1.432000000000000000,1.432000000000000000,20000.000000000000000000,20000.000000000000000000,4000.000000000000000000,4000.000000000000000000,12000.000000000000000000,12000.000000000000000000,0.432000000000000000,0.432000000000000000
1.434000000000000000,1.434000000000000000,1.434000000000000000,20000.000000000000000000,20000.000000000000000000,4000.000000000000000000,4000.000000000000000000,12000.000000000000000000,12000.000000000000000000,0.434000000000000000,0.434000000000000000
1.436000000000000000,1.436000000000000000,1.436000000000000000,20000.000000000000000000,20000.000000000000000000,4000.000000000000000000,4000.000000000000000000,12000.000000000000000000,12000.000000000000000000,0.436000000000000000,0.436000000000000000
1.438000000000000000,1.438000000000000000,1.438000000000000000,20000.000000000000000000,20000.000000000000000000,4000.000000000000000000,4000.000000000000000000,12000.000000000000000000,12000.000000000000000000,0.438000000000000000,0.438000000000000000
1.440000000000000000,1.440000000000000000,1.440000000000000000,20000.000000000000000000,20000.000000000000000000,4000.000000000000000000,4000.000000000000000000,12000.000000000000000000,12000.000000000000000000,0.440000000000000000,0.440000000000000000
1.442000000000000000,1.442000000000000000,1.442000000000000000,20000.000000000000000000,20000.000000000000000000,4000.000000000000000000,4000.000000000000000000,12000.000000000000000000,12000.000000000000000000,0.442000000000000000,0.442000000000000000
1.444000000000000000,1.444000000000000000,1.444000000000000000,20000.000000000000000000,20000.000000000000000000,4000.000000000000000000,4000.000000000000000000,12000.000000000000000000,12000.000000000000000000,0.444000000000000000,0.444000000000000000
1.446000000000000000,1.446000000000000000,1.446000000000000000,20000.000000000000000000,20000.000000000000000000,4000.000000000000000000,4000.000000000000000000,12000.000000000000000000,12000.000000000000000000,0.446000000000000000,0.446000000000000000
1.448000000000000000,1.448000000000000000,1.448000000000000000,20000.000000000000000000,20000.000000000000000000,4000.000000000000000000,4000.000000000000000000,12000.000000000000000000,12000.000000000000000000,0.448000000000000000,0.448000000000000000
1.450000000000000000,1.450000000000000000,1.450000000000000000,20000.000000000000000000,20000.000000000000000000,4000.000000000000000000,4000.000000000000000000,12000.000000000000000000,12000.000000000000000000,0.450000000000000000,0.450000000000000000
1.452000000000000000,1.452000000000000000,1.452000000000000000,20000.000000000000000000,20000.000000000000000000,4000.000000000000000000,4000.000000000000000000,12000.000000000000000000,12000.000000000000000000,0.452000000000000000,0.452000000000000000
1.454000000000000000,1.454000000000000000,1.454000000000000000,20000.000000000000000000,20000.000000000000000000,4000.000000000000000000,4000.000000000000000000,12000.000000000000000000,12000.000000000000000000,0.454000000000000000,0.454000000000000000
1.456000000000000000,1.456000000000000000,1.456000000000000000,20000.000000000000000000,20000.000000000000000000,4000.000000000000000000,4000.000000000000000000,12000.000000000000000000,12000.000000000000000000,0.456000000000000000,0.456000000000000000
1.458000000000000000,1.458000000000000000,1.458000000000000000,20000.000000000000000000,20000.000000000000000000,4000.000000000000000000,4000.000000000000000000,12000.000000000000000000,12000.000000000000000000,0.458000000000000000,0.458000000000000000
1.460000000000000000,1.460000000000000000,1.460000000000000000,20000.000000000000000000,20000.000000000000000000,4000.000000000000000000,4000.000000000000000000,12000.000000000000000000,12000.000000000000000000,0.460000000000000000,0.460000000000000000
1.462000000000000000,1.462000000000000000,1.462000000000000000,20000.000000000000000000,20000.000000000000000000,4000.000000000000000000,4000.000000000000000000,12000.000000000000000000,12000.000000000000000000,0.462000000000000000,0.462000000000000000
1.464000000000000000,1.464000000000000000,1.464000000000000000,20000.000000000000000000,20000.000000000000000000,4000.000000000000000000,4000.000000000000000000,12000.000000000000000000,12000.000000000000000000,0.464000000000000000,0.464000000000000000
1.466000000000000000,1.466000000000000000,1.466000000000000000,20000.000000000000000000,20000.000000000000000000,4000.000000000000000000,4000.000000000000000000,12000.000000000000000000,12000.000000000000000000,0.466000000000000000,0.466000000000000000
1.468000000000000000,1.468000000000000000,1.468000000000000000,20000.000000000000000000,20000.000000000000000000,4000.000000000000000000,4000.000000000000000000,12000.000000000000000000,12000.000000000000000000,0.468000000000000000,0.468000000000000000
1.470000000000000000,1.470000000000000000,1.470000000000000000,20000.000000000000000000,20000.000000000000000000,4000.000000000000000000,4000.000000000000000000,12000.000000000000000000,12000.000000000000000000,0.470000000000000000,0.470000000000000000
1.472000000000000000,1.472000000000000000,1.472000000000000000,20000.000000000000000000,20000.000000000000000000,4000.000000000000000000,4000.000000000000000000,12000.000000000000000000,12000.000000000000000000,0.472000000000000000,0.472000000000000000
1.474000000000000000,1.474000000000000000,1.474000000000000000,20000.000000000000000000,20000.000000000000000000,4000.000000000000000000,4000.000000000000000000,12000.000000000000000000,12000.000000000000000000,0.474000000000000000,0.474000000000000000
1.476000000000000000,1.476000000000000000,1.476000000000000000,20000.000000000000000000,20000.000000000000000000,4000.000000000000000000,4000.000000000000000000,12000.000000000000000000,12000.000000000000000000,0.476000000000000000,0.476000000000000000
1.478000000000000000,1.478000000000000000,1.478000000000000000,20000.000000000000000000,20000.000000000000000000,4000.000000000000000000,4000.000000000000000000,12000.000000000000000000,12000.000000000000000000,0.478000000000000000,0.478000000000000000
1.480000000000000000,1.480000000000000000,1.480000000000000000,20000.000000000000000000,20000.000000000000000000,4000.000000000000000000,4000.000000000000000000,12000.000000000000000000,12000.000000000000000000,0.480000000000000000,0.480000000000000000
1.482000000000000000,1.482000000000000000,1.482000000000000000,20000.000000000000000000,20000.000000000000000000,4000.000000000000000000,4000.000000000000000000,12000.000000000000000000,12000.000000000000000000,0.482000000000000000,0.482000000000000000
1.484000000000000000,1.484000000000000000,1.484000000000000000,20000.000000000000000000,20000.000000000000000000,4000.000000000000000000,4000.000000000000000000,12000.000000000000000000,12000.000000000000000000,0.484000000000000000,0.484000000000000000
1.486000000000000000,1.486000000000000000,1.486000000000000000,20000.000000000000000000,20000.000000000000000000,4000.000000000000000000,4000.000000000000000000,12000.000000000000000000,12000.000000000000000000,0.486000000000000000,0.486000000000000000
1.488000000000000000,1.488000000000000000,1.488000000000000000,20000.000000000000000000,20000.000000000000000000,4000.000000000000000000,4000.000000000000000000,12000.000000000000000000,12000.000000000000000000,0.488000000000000000,0.488000000000000000
1.490000000000000000,1.490000000000000000,1.490000000000000000,20000.000000000000000000,20000.000000000000000000,4000.000000000000000000,4000.000000000000000000,12000.000000000000000000,12000.000000000000000000,0.490000000000000000,0.490000000000000000
1.492000000000000000,1.492000000000000000,1.492000000000000000,20000.000000000000000000,20000.000000000000000000,4000.000000000000000000,4000.000000000000000000,12000.000000000000000000,12000.000000000000000000,0.492000000000000000,0.492000000000000000
1.494000000000000000,1.494000000000000000,1.494000000000000000,20000.000000000000000000,20000.000000000000000000,4000.000000000000000000,4000.000000000000000000,12000.000000000000000000,12000.000000000000000000,0.494000000000000000,0.494000000000000000
1.496000000000000000,1.496000000000000000,1.496000000000000000,20000.000000000000000000,20000.000000000000000000,4000.000000000000000000,4000.000000000000000000,12000.000000000000000000,12000.000000000000000000,0.496000000000000000,0.496000000000000000
1.498000000000000000,1.498000000000000000,1.498000000000000000,20000.000000000000000000,20000.000000000000000000,4000.000000000000000000,4000.000000000000000000,12000.000000000000000000,12000.000000000000000000,0.498000000000000000,0.498000000000000000
1.500000000000000000,1.500000000000000000,1.500000000000000000,20000.000000000000000000,20000.000000000000000000,4000.000000000000000000,4000.000000000000000000,12000.000000000000000000,12000.000000000000000000,0.500000000000000000,0.500000000000000000
1.502000000000000000,1.502000000000000000,1.502000000000000000,20000.000000000000000000,20000.000000000000000000,4000.000000000000000000,4000.000000000000000000,12000.000000000000000000,12000.000000000000000000,0.502000000000000000,0.502000000000000000
1.504000000000000000,1.504000000000000000,1.504000000000000000,20000.000000000000000000,20000.000000000000000000,4000.000000000000000000,4000.000000000000000000,12000.000000000000000000,12000.000000000000000000,0.504000000000000000,0.504000000000000000
1.506000000000000000,1.506000000000000000,1.506000000000000000,20000.000000000000000000,20000.000000000000000000,4000.000000000000000000,4000.000000000000000000,12000.000000000000000000,12000.000000000000000000,0.506000000000000000,0.506000000000000000
1.508000000000000000,1.508000000000000000,1.508000000000000000,20000.000000000000000000,20000.000000000000000000,4000.000000000000000000,4000.000000000000000000,12000.000000000000000000,12000.000000000000000000,0.508000000000000000,0.508000000000000000
1.510000000000000000,1.510000000000000000,1.510000000000000000,20000.000000000000000000,20000.000000000000000000,4000.000000000000000000,4000.000000000000000000,12000.000000000000000000,12000.000000000000000000,0.510000000000000000,0.510000000000000000
1.512000000000000000,1.512000000000000000,1.512000000000000000,20000.000000000000000000,20000.000000000000000000,4000.000000000000000000,4000.000000000000000000,12000.000000000000000000,12000.000000000000000000,0.512000000000000000,0.512000000000000000
1.514000000000000000,1.514000000000000000,1.514000000000000000,20000.000000000000000000,20000.000000000000000000,4000.000000000000000000,4000.000000000000000000,12000.000000000000000000,12000.000000000000000000,0.514000000000000000,0.514000000000000000
1.516000000000000000,1.516000000000000000,1.516000000000000000,20000.000000000000000000,20000.000000000000000000,4000.000000000000000000,4000.000000000000000000,12000.000000000000000000,12000.000000000000000000,0.516000000000000000,0.516000000000000000
1.518000000000000000,1.518000000000000000,1.518000000000000000,20000.000000000000000000,20000.000000000000000000,4000.000000000000000000,4000.000000000000000000,12000.000000000000000000,12000.000000000000000000,0.518000000000000000,0.518000000000000000
1.520000000000000000,1.520000000000000000,1.520000000000000000,20000.000000000000000000,20000.000000000000000000,4000.000000000000000000,4000.000000000000000000,12000.000000000000000000,12000.000000000000000000,0.520000000000000000,0.520000000000000000
1.522000000000000000,1.522000000000000000,1.522000000000000000,20000.000000000000000000,20000.000000000000000000,4000.000000000000000000,4000.000000000000000000,12000.000000000000000000,12000.000000000000000000,0.522000000000000000,0.522000000000000000
1.524000000000000000,1.524000000000000000,1.524000000000000000,20000.000000000000000000,20000.000000000000000000,4000.000000000000000000,4000.000000000000000000,12000.000000000000000000,12000.000000000000000000,0.524000000000000000,0.524000000000000000
1.526000000000000000,1.526000000000000000,1.526000000000000000,20000.000000000000000000,20000.000000000000000000,4000.000000000000000000,4000.000000000000000000,12000.000000000000000000,12000.000000000000000000,0.526000000000000000,0.526000000000000000
1.528000000000000000,1.528000000000000000,1.528000000000000000,20000.000000000000000000,20000.000000000000000000,4000.000000000000000000,4000.000000000000000000,12000.000000000000000000,12000.000000000000000000,0.528000000000000000,0.528000000000000000
1.530000000000000000,1.530000000000000000,1.530000000000000000,20000.000000000000000000,20000.000000000000000000,4000.000000000000000000,4000.000000000000000000,12000.000000000000000000,12000.000000000000000000,0.530000000000000000,0.530000000000000000
1.532000000000000000,1.532000000000000000,1.532000000000000000,20000.000000000000000000,20000.000000000000000000,4000.000000000000000000,4000.000000000000000000,12000.000000000000000000,12000.000000000000000000,0.532000000000000000,0.532000000000000000
1.534000000000000000,1.534000000000000000,1.534000000000000000,20000.000000000000000000,20000.000000000000000000,4000.000000000000000000,4000.000000000000000000,12000.000000000000000000,12000.000000000000000000,0.534000000000000000,0.534000000000000000
1.536000000000000000,1.536000000000000000,1.536000000000000000,20000.000000000000000000,20000.000000000000000000,4000.000000000000000000,4000.000000000000000000,12000.000000000000000000,12000.000000000000000000,0.536000000000000000,0.536000000000000000
1.538000000000000000,1.538000000000000000,1.538000000000000000,20000.000000000000000000,20000.000000000000000000,4000.000000000000000000,4000.000000000000000000,12000.000000000000000000,12000.000000000000000000,0.538000000000000000,0.538000000000000000
1.540000000000000000,1.540000000000000000,1.540000000000000000,20000.000000000000000000,20000.000000000000000000,4000.000000000000000000,4000.000000000000000000,12000.000000000000000000,12000.000000000000000000,0.540000000000000000,0.540000000000000000
1.542000000000000000,1.542000000000000000,1.542000000000000000,20000.000000000000000000,20000.000000000000000000,4000.000000000000000000,4000.000000000000000000,12000.000000000000000000,12000.000000000000000000,0.542000000000000000,0.542000000000000000
1.544000000000000000,1.544000000000000000,1.544000000000000000,20000.000000000000000000,20000.000000000000000000,4000.000000000000000000,4000.000000000000000000,12000.000000000000000000,12000.000000000000000000,0.544000000000000000,0.544000000000000000
1.546000000000000000,1.546000000000000000,1.546000000000000000,20000.000000000000000000,20000.000000000000000000,4000.000000000000000000,4000.000000000000000000,12000.000000000000000000,12000.000000000000000000,0.546000000000000000,0.546000000000000000
1.548000000000000000,1.548000000000000000,1.548000000000000000,20000.000000000000000000,20000.000000000000000000,4000.000000000000000000,4000.000000000000000000,12000.000000000000000000,12000.000000000000000000,0.548000000000000000,0.548000000000000000
1.550000000000000000,1.550000000000000000,1.550000000000000000,20000.000000000000000000,20000.000000000000000000,4000.000000000000000000,4000.000000000000000000,12000.000000000000000000,12000.000000000000000000,0.550000000000000000,0.550000000000000000
1.552000000000000000,1.552000000000000000,1.552000000000000000,20000.000000000000000000,20000.000000000000000000,4000.000000000000000000,4000.000000000000000000,12000.000000000000000000,12000.000000000000000000,0.552000000000000000,0.552000000000000000
1.554000000000000000,1.554000000000000000,1.554000000000000000,20000.000000000000000000,20000.000000000000000000,4000.000000000000000000,4000.000000000000000000,12000.000000000000000000,12000.000000000000000000,0.554000000000000000,0.554000000000000000
1.556000000000000000,1.556000000000000000,1.556000000000000000,20000.000000000000000000,20000.000000000000000000,4000.000000000000000000,4000.000000000000000000,12000.000000000000000000,12000.000000000000000000,0.556000000000000000,0.556000000000000000
1.558000000000000000,1.558000000000000000,1.558000000000000000,20000.000000000000000000,20000.000000000000000000,4000.000000000000000000,4000.000000000000000000,12000.000000000000000000,12000.000000000000000000,0.558000000000000000,0.558000000000000000
1.560000000000000000,1.560000000000000000,1.560000000000000000,20000.000000000000000000,20000.000000000000000000,4000.000000000000000000,4000.000000000000000000,12000.000000000000000000,12000.000000000000000000,0.560000000000000000,0.560000000000000000
1.562000000000000000,1.562000000000000000,1.562000000000000000,20000.000000000000000000,20000.000000000000000000,4000.000000000000000000,4000.000000000000000000,12000.000000000000000000,12000.000000000000000000,0.562000000000000000,0.562000000000000000
1.564000000000000000,1.564000000000000000,1.564000000000000000,20000.000000000000000000,20000.000000000000000000,4000.000000000000000000,4000.000000000000000000,12000.000000000000000000,12000.000000000000000000,0.564000000000000000,0.564000000000000000
1.566000000000000000,1.566000000000000000,1.566000000000000000,20000.000000000000000000,20000.000000000000000000,4000.000000000000000000,4000.000000000000000000,12000.000000000000000000,12000.000000000000000000,0.566000000000000000,0.566000000000000000
1.568000000000000000,1.568000000000000000,1.568000000000000000,20000.000000000000000000,20000.000000000000000000,4000.000000000000000000,4000.000000000000000000,12000.000000000000000000,12000.000000000000000000,0.568000000000000000,0.568000000000000000
1.570000000000000000,1.570000000000000000,1.570000000000000000,20000.000000000000000000,20000.000000000000000000,4000.000000000000000000,4000.000000000000000000,12000.000000000000000000,12000.000000000000000000,0.570000000000000000,0.570000000000000000
1.572000000000000000,1.572000000000000000,1.572000000000000000,20000.000000000000000000,20000.000000000000000000,4000.000000000000000000,4000.000000000000000000,12000.000000000000000000,12000.000000000000000000,0.572000000000000000,0.572000000000000000
1.574000000000000000,1.574000000000000000,1.574000000000000000,20000.000000000000000000,20000.000000000000000000,4000.000000000000000000,4000.000000000000000000,12000.000000000000000000,12000.000000000000000000,0.574000000000000000,0.574000000000000000
1.576000000000000000,1.576000000000000000,1.576000000000000000,20000.000000000000000000,20000.000000000000000000,4000.000000000000000000,4000.000000000000000000,12000.000000000000000000,12000.000000000000000000,0.576000000000000000,0.576000000000000000
1.578000000000000000,1.578000000000000000,1.578000000000000000,20000.000000000000000000,20000.000000000000000000,4000.000000000000000000,4000.000000000000000000,12000.000000000000000000,12000.000000000000000000,0.578000000000000000,0.578000000000000000
1.580000000000000000,1.580000000000000000,1.580000000000000000,20000.000000000000000000,20000.000000000000000000,4000.000000000000000000,4000.000000000000000000,12000.000000000000000000,12000.000000000000000000,0.580000000000000000,0.580000000000000000
1.582000000000000000,1.582000000000000000,1.582000000000000000,20000.000000000000000000,20000.000000000000000000,4000.000000000000000000,4000.000000000000000000,12000.000000000000000000,12000.000000000000000000,0.582000000000000000,0.582000000000000000
1.584000000000000000,1.584000000000000000,1.584000000000000000,20000.000000000000000000,20000.000000000000000000,4000.000000000000000000,4000.000000000000000000,12000.000000000000000000,12000.000000000000000000,0.584000000000000000,0.584000000000000000
1.586000000000000000,1.586000000000000000,1.586000000000000000,20000.000000000000000000,20000.000000000000000000,4000.000000000000000000,4000.000000000000000000,12000.000000000000000000,12000.000000000000000000,0.586000000000000000,0.586000000000000000
1.588000000000000000,1.588000000000000000,1.588000000000000000,20000.000000000000000000,20000.000000000000000000,4000.000000000000000000,4000.000000000000000000,12000.000000000000000000,12000.000000000000000000,0.588000000000000000,0.588000000000000000
1.590000000000000000,1.590000000000000000,1.590000000000000000,20000.000000000000000000,20000.000000000000000000,4000.000000000000000000,4000.000000000000000000,12000.000000000000000000,12000.000000000000000000,0.590000000000000000,0.590000000000000000
1.592000000000000000,1.592000000000000000,1.592000000000000000,20000.000000000000000000,20000.000000000000000000,4000.000000000000000000,4000.000000000000000000,12000.000000000000000000,12000.000000000000000000,0.592000000000000000,0.592000000000000000
1.594000000000000000,1.594000000000000000,1.594000000000000000,20000.000000000000000000,20000.000000000000000000,4000.000000000000000000,4000.000000000000000000,12000.000000000000000000,12000.000000000000000000,0.594000000000000000,0.594000000000000000
1.596000000000000000,1.596000000000000000,1.596000000000000000,20000.000000000000000000,20000.000000000000000000,4000.000000000000000000,4000.000000000000000000,12000.000000000000000000,12000.000000000000000000,0.596000000000000000,0.596000000000000000
1.598000000000000000,1.598000000000000000,1.598000000000000000,20000.000000000000000000,20000.000000000000000000,4000.000000000000000000,4000.000000000000000000,12000.000000000000000000,12000.000000000000000000,0.598000000000000000,0.598000000000000000
1.600000000000000000,1.600000000000000000,1.600000000000000000,20000.000000000000000000,20000.000000000000000000,4000.000000000000000000,4000.000000000000000000,12000.000000000000000000,12000.000000000000000000,0.600000000000000000,0.600000000000000000
