collateral ratio before,collateral ratio after liquidate to collateral,collateral ratio after liquidate to leveraged,collateral ratio after liquidate to both,pegged before,pegged after liquidate to collateral,pegged after liquidate to leveraged,pegged after liquidate to both,leveraged token price before,leveraged token price after liquidate to collateral,leveraged token price after liquidate to leveraged,leveraged token price after liquidate to both
0.002000000000000000,0.002026661111574035,0.003333055578701774,0.006077451274362818,20000.000000000000000000,12001.000000000000000000,12001.000000000000000000,4002.000000000000000000,0.000040000000000000,0.000024321960000000,0.000001941978536282,0.000001180818107007
0.004000000000000000,0.004053322223148070,0.006666111157403549,0.012154902548725637,20000.000000000000000000,12001.000000000000000000,12001.000000000000000000,4002.000000000000000000,0.000080000000000000,0.000048643920000000,0.000003883957072564,0.000002361636214015
0.006000000000000000,0.006079983334722106,0.009999166736105324,0.018232353823088455,20000.000000000000000000,12001.000000000000000000,12001.000000000000000000,4002.000000000000000000,0.000120000000000000,0.000072965880000000,0.000005825935608846,0.000003542454321023
0.008000000000000000,0.008106644446296141,0.013332222314807099,0.024309805097451274,20000.000000000000000000,12001.000000000000000000,12001.000000000000000000,4002.000000000000000000,0.000160000000000000,0.000097287840000000,0.000007767914145128,0.000004723272428031
0.010000000000000000,0.010133305557870177,0.016665277893508874,0.030387256371814092,20000.000000000000000000,12001.000000000000000000,12001.000000000000000000,4002.000000000000000000,0.000200000000000000,0.000121609800000000,0.000009709892681411,0.000005904090535039
0.012000000000000000,0.012159966669444212,0.019998333472210649,0.036464707646176911,20000.000000000000000000,12001.000000000000000000,12001.000000000000000000,4002.000000000000000000,0.000240000000000000,0.000145931760000000,0.000011651871217693,0.000007084908642047
0.014000000000000000,0.014186627781018248,0.023331389050912423,0.042542158920539730,20000.000000000000000000,12001.000000000000000000,12001.000000000000000000,4002.000000000000000000,0.000280000000000000,0.000170253720000000,0.000013593849753975,0.000008265726749055
0.016000000000000000,0.016213288892592283,0.026664444629614198,0.048619610194902548,20000.000000000000000000,12001.000000000000000000,12001.000000000000000000,4002.000000000000000000,0.000320000000000000,0.000194575680000000,0.000015535828290257,0.000009446544856062
0.018000000000000000,0.018239950004166319,0.029997500208315973,0.054697061469265367,20000.000000000000000000,12001.000000000000000000,12001.000000000000000000,4002.000000000000000000,0.000360000000000000,0.000218897640000000,0.000017477806826540,0.000010627362963070
0.020000000000000000,0.020266611115740354,0.033330555787017748,0.060774512743628185,20000.000000000000000000,12001.000000000000000000,12001.000000000000000000,4002.000000000000000000,0.000400000000000000,0.000243219600000000,0.000019419785362822,0.000011808181070078
0.022000000000000000,0.022293272227314390,0.036663611365719523,0.066851964017991004,20000.000000000000000000,12001.000000000000000000,12001.000000000000000000,4002.000000000000000000,0.000440000000000000,0.000267541560000000,0.000021361763899104,0.000012988999177086
0.024000000000000000,0.024319933338888425,0.039996666944421298,0.072929415292353823,20000.000000000000000000,12001.000000000000000000,12001.000000000000000000,4002.000000000000000000,0.000480000000000000,0.000291863520000000,0.000023303742435386,0.000014169817284094
0.026000000000000000,0.026346594450462461,0.043329722523123073,0.079006866566716641,20000.000000000000000000,12001.000000000000000000,12001.000000000000000000,4002.000000000000000000,0.000520000000000000,0.000316185480000000,0.000025245720971668,0.000015350635391102
0.028000000000000000,0.028373255562036496,0.046662778101824847,0.085084317841079460,20000.000000000000000000,12001.000000000000000000,12001.000000000000000000,4002.000000000000000000,0.000560000000000000,0.000340507440000000,0.000027187699507951,0.000016531453498110
0.030000000000000000,0.030399916673610532,0.049995833680526622,0.091161769115442278,20000.000000000000000000,12001.000000000000000000,12001.000000000000000000,4002.000000000000000000,0.000600000000000000,0.000364829400000000,0.000029129678044233,0.000017712271605118
0.032000000000000000,0.032426577785184567,0.053328889259228397,0.097239220389805097,20000.000000000000000000,12001.000000000000000000,12001.000000000000000000,4002.000000000000000000,0.000640000000000000,0.000389151360000000,0.000031071656580515,0.000018893089712125
0.034000000000000000,0.034453238896758603,0.056661944837930172,0.103316671664167916,20000.000000000000000000,12001.000000000000000000,12001.000000000000000000,4002.000000000000000000,0.000680000000000000,0.000413473320000000,0.000033013635116797,0.000020073907819133
0.036000000000000000,0.036479900008332638,0.059995000416631947,0.109394122938530734,20000.000000000000000000,12001.000000000000000000,12001.000000000000000000,4002.000000000000000000,0.000720000000000000,0.000437795280000000,0.000034955613653080,0.000021254725926141
0.038000000000000000,0.038506561119906674,0.063328055995333722,0.115471574212893553,20000.000000000000000000,12001.000000000000000000,12001.000000000000000000,4002.000000000000000000,0.000760000000000000,0.000462117240000000,0.000036897592189362,0.000022435544033149
0.040000000000000000,0.040533222231480709,0.066661111574035497,0.121549025487256371,20000.000000000000000000,12001.000000000000000000,12001.000000000000000000,4002.000000000000000000,0.000800000000000000,0.000486439200000000,0.000038839570725644,0.000023616362140157
0.042000000000000000,0.042559883343054745,0.069994167152737271,0.127626476761619190,20000.000000000000000000,12001.000000000000000000,12001.000000000000000000,4002.000000000000000000,0.000840000000000000,0.000510761160000000,0.000040781549261926,0.000024797180247165
0.044000000000000000,0.044586544454628780,0.073327222731439046,0.133703928035982008,20000.000000000000000000,12001.000000000000000000,12001.000000000000000000,4002.000000000000000000,0.000880000000000000,0.000535083120000000,0.000042723527798209,0.000025977998354173
0.046000000000000000,0.046613205566202816,0.076660278310140821,0.139781379310344827,20000.000000000000000000,12001.000000000000000000,12001.000000000000000000,4002.000000000000000000,0.000920000000000000,0.000559405080000000,0.000044665506334491,0.000027158816461181
0.048000000000000000,0.048639866677776851,0.079993333888842596,0.145858830584707646,20000.000000000000000000,12001.000000000000000000,12001.000000000000000000,4002.000000000000000000,0.000960000000000000,0.000583727040000000,0.000046607484870773,0.000028339634568188
0.050000000000000000,0.050666527789350887,0.083326389467544371,0.151936281859070464,20000.000000000000000000,12001.000000000000000000,12001.000000000000000000,4002.000000000000000000,0.001000000000000000,0.000608049000000000,0.000048549463407055,0.000029520452675196
0.052000000000000000,0.052693188900924922,0.086659445046246146,0.158013733133433283,20000.000000000000000000,12001.000000000000000000,12001.000000000000000000,4002.000000000000000000,0.001040000000000000,0.000632370960000000,0.000050491441943337,0.000030701270782204
0.054000000000000000,0.054719850012498958,0.089992500624947921,0.164091184407796101,20000.000000000000000000,12001.000000000000000000,12001.000000000000000000,4002.000000000000000000,0.001080000000000000,0.000656692920000000,0.000052433420479620,0.000031882088889212
0.056000000000000000,0.056746511124072993,0.093325556203649695,0.170168635682158920,20000.000000000000000000,12001.000000000000000000,12001.000000000000000000,4002.000000000000000000,0.001120000000000000,0.000681014880000000,0.000054375399015902,0.000033062906996220
0.058000000000000000,0.058773172235647029,0.096658611782351470,0.176246086956521739,20000.000000000000000000,12001.000000000000000000,12001.000000000000000000,4002.000000000000000000,0.001160000000000000,0.000705336840000000,0.000056317377552184,0.000034243725103228
0.060000000000000000,0.060799833347221064,0.099991667361053245,0.182323538230884557,20000.000000000000000000,12001.000000000000000000,12001.000000000000000000,4002.000000000000000000,0.001200000000000000,0.000729658800000000,0.000058259356088466,0.000035424543210236
0.062000000000000000,0.062826494458795100,0.103324722939755020,0.188400989505247376,20000.000000000000000000,12001.000000000000000000,12001.000000000000000000,4002.000000000000000000,0.001240000000000000,0.000753980760000000,0.000060201334624749,0.000036605361317244
0.064000000000000000,0.064853155570369135,0.106657778518456795,0.194478440779610194,20000.000000000000000000,12001.000000000000000000,12001.000000000000000000,4002.000000000000000000,0.001280000000000000,0.000778302720000000,0.000062143313161031,0.000037786179424251
0.066000000000000000,0.066879816681943171,0.109990834097158570,0.200555892053973013,20000.000000000000000000,12001.000000000000000000,12001.000000000000000000,4002.000000000000000000,0.001320000000000000,0.000802624680000000,0.000064085291697313,0.000038966997531259
0.068000000000000000,0.068906477793517206,0.113323889675860344,0.206633343328335832,20000.000000000000000000,12001.000000000000000000,12001.000000000000000000,4002.000000000000000000,0.001360000000000000,0.000826946640000000,0.000066027270233595,0.000040147815638267
0.070000000000000000,0.070933138905091242,0.116656945254562119,0.212710794602698650,20000.000000000000000000,12001.000000000000000000,12001.000000000000000000,4002.000000000000000000,0.001400000000000000,0.000851268600000000,0.000067969248769877,0.000041328633745275
0.072000000000000000,0.072959800016665277,0.119990000833263894,0.218788245877061469,20000.000000000000000000,12001.000000000000000000,12001.000000000000000000,4002.000000000000000000,0.001440000000000000,0.000875590560000000,0.000069911227306160,0.000042509451852283
0.074000000000000000,0.074986461128239313,0.123323056411965669,0.224865697151424287,20000.000000000000000000,12001.000000000000000000,12001.000000000000000000,4002.000000000000000000,0.001480000000000000,0.000899912520000000,0.000071853205842442,0.000043690269959291
0.076000000000000000,0.077013122239813348,0.126656111990667444,0.230943148425787106,20000.000000000000000000,12001.000000000000000000,12001.000000000000000000,4002.000000000000000000,0.001520000000000000,0.000924234480000000,0.000073795184378724,0.000044871088066299
0.078000000000000000,0.079039783351387384,0.129989167569369219,0.237020599700149925,20000.000000000000000000,12001.000000000000000000,12001.000000000000000000,4002.000000000000000000,0.001560000000000000,0.000948556440000000,0.000075737162915006,0.000046051906173307
0.080000000000000000,0.081066444462961419,0.133322223148070994,0.243098050974512743,20000.000000000000000000,12001.000000000000000000,12001.000000000000000000,4002.000000000000000000,0.001600000000000000,0.000972878400000000,0.000077679141451289,0.000047232724280314
0.082000000000000000,0.083093105574535455,0.136655278726772768,0.249175502248875562,20000.000000000000000000,12001.000000000000000000,12001.000000000000000000,4002.000000000000000000,0.001640000000000000,0.000997200360000000,0.000079621119987571,0.000048413542387322
0.084000000000000000,0.085119766686109490,0.139988334305474543,0.255252953523238380,20000.000000000000000000,12001.000000000000000000,12001.000000000000000000,4002.000000000000000000,0.001680000000000000,0.001021522320000000,0.000081563098523853,0.000049594360494330
0.086000000000000000,0.087146427797683526,0.143321389884176318,0.261330404797601199,20000.000000000000000000,12001.000000000000000000,12001.000000000000000000,4002.000000000000000000,0.001720000000000000,0.001045844280000000,0.000083505077060135,0.000050775178601338
0.088000000000000000,0.089173088909257561,0.146654445462878093,0.267407856071964017,20000.000000000000000000,12001.000000000000000000,12001.000000000000000000,4002.000000000000000000,0.001760000000000000,0.001070166240000000,0.000085447055596418,0.000051955996708346
0.090000000000000000,0.091199750020831597,0.149987501041579868,0.273485307346326836,20000.000000000000000000,12001.000000000000000000,12001.000000000000000000,4002.000000000000000000,0.001800000000000000,0.001094488200000000,0.000087389034132700,0.000053136814815354
0.092000000000000000,0.093226411132405632,0.153320556620281643,0.279562758620689655,20000.000000000000000000,12001.000000000000000000,12001.000000000000000000,4002.000000000000000000,0.001840000000000000,0.001118810160000000,0.000089331012668982,0.000054317632922362
0.094000000000000000,0.095253072243979668,0.156653612198983418,0.285640209895052473,20000.000000000000000000,12001.000000000000000000,12001.000000000000000000,4002.000000000000000000,0.001880000000000000,0.001143132120000000,0.000091272991205264,0.000055498451029369
0.096000000000000000,0.097279733355553703,0.159986667777685192,0.291717661169415292,20000.000000000000000000,12001.000000000000000000,12001.000000000000000000,4002.000000000000000000,0.001920000000000000,0.001167454080000000,0.000093214969741546,0.000056679269136377
0.098000000000000000,0.099306394467127739,0.163319723356386967,0.297795112443778110,20000.000000000000000000,12001.000000000000000000,12001.000000000000000000,4002.000000000000000000,0.001960000000000000,0.001191776040000000,0.000095156948277829,0.000057860087243385
0.100000000000000000,0.101333055578701774,0.166652778935088742,0.303872563718140929,20000.000000000000000000,12001.000000000000000000,12001.000000000000000000,4002.000000000000000000,0.002000000000000000,0.001216098000000000,0.000097098926814111,0.000059040905350393
0.102000000000000000,0.103359716690275810,0.169985834513790517,0.309950014992503748,20000.000000000000000000,12001.000000000000000000,12001.000000000000000000,4002.000000000000000000,0.002040000000000000,0.001240419960000000,0.000099040905350393,0.000060221723457401
0.104000000000000000,0.105386377801849845,0.173318890092492292,0.316027466266866566,20000.000000000000000000,12001.000000000000000000,12001.000000000000000000,4002.000000000000000000,0.002080000000000000,0.001264741920000000,0.000100982883886675,0.000061402541564409
0.106000000000000000,0.107413038913423881,0.176651945671194067,0.322104917541229385,20000.000000000000000000,12001.000000000000000000,12001.000000000000000000,4002.000000000000000000,0.002120000000000000,0.001289063880000000,0.000102924862422958,0.000062583359671417
0.108000000000000000,0.109439700024997916,0.179985001249895842,0.328182368815592203,20000.000000000000000000,12001.000000000000000000,12001.000000000000000000,4002.000000000000000000,0.002160000000000000,0.001313385840000000,0.000104866840959240,0.000063764177778425
0.110000000000000000,0.111466361136571952,0.183318056828597616,0.334259820089955022,20000.000000000000000000,12001.000000000000000000,12001.000000000000000000,4002.000000000000000000,0.002200000000000000,0.001337707800000000,0.000106808819495522,0.000064944995885432
0.112000000000000000,0.113493022248145987,0.186651112407299391,0.340337271364317841,20000.000000000000000000,12001.000000000000000000,12001.000000000000000000,4002.000000000000000000,0.002240000000000000,0.001362029760000000,0.000108750798031804,0.000066125813992440
0.114000000000000000,0.115519683359720023,0.189984167986001166,0.346414722638680659,20000.000000000000000000,12001.000000000000000000,12001.000000000000000000,4002.000000000000000000,0.002280000000000000,0.001386351720000000,0.000110692776568086,0.000067306632099448
0.116000000000000000,0.117546344471294058,0.193317223564702941,0.352492173913043478,20000.000000000000000000,12001.000000000000000000,12001.000000000000000000,4002.000000000000000000,0.002320000000000000,0.001410673680000000,0.000112634755104369,0.000068487450206456
0.118000000000000000,0.119573005582868094,0.196650279143404716,0.358569625187406296,20000.000000000000000000,12001.000000000000000000,12001.000000000000000000,4002.000000000000000000,0.002360000000000000,0.001434995640000000,0.000114576733640651,0.000069668268313464
0.120000000000000000,0.121599666694442129,0.199983334722106491,0.364647076461769115,20000.000000000000000000,12001.000000000000000000,12001.000000000000000000,4002.000000000000000000,0.002400000000000000,0.001459317600000000,0.000116518712176933,0.000070849086420472
0.122000000000000000,0.123626327806016165,0.203316390300808265,0.370724527736131934,20000.000000000000000000,12001.000000000000000000,12001.000000000000000000,4002.000000000000000000,0.002440000000000000,0.001483639560000000,0.000118460690713215,0.000072029904527480
0.124000000000000000,0.125652988917590200,0.206649445879510040,0.376801979010494752,20000.000000000000000000,12001.000000000000000000,12001.000000000000000000,4002.000000000000000000,0.002480000000000000,0.001507961520000000,0.000120402669249498,0.000073210722634488
0.126000000000000000,0.127679650029164236,0.209982501458211815,0.382879430284857571,20000.000000000000000000,12001.000000000000000000,12001.000000000000000000,4002.000000000000000000,0.002520000000000000,0.001532283480000000,0.000122344647785780,0.000074391540741495
0.128000000000000000,0.129706311140738271,0.213315557036913590,0.388956881559220389,20000.000000000000000000,12001.000000000000000000,12001.000000000000000000,4002.000000000000000000,0.002560000000000000,0.001556605440000000,0.000124286626322062,0.000075572358848503
0.130000000000000000,0.131732972252312307,0.216648612615615365,0.395034332833583208,20000.000000000000000000,12001.000000000000000000,12001.000000000000000000,4002.000000000000000000,0.002600000000000000,0.001580927400000000,0.000126228604858344,0.000076753176955511
0.132000000000000000,0.133759633363886342,0.219981668194317140,0.401111784107946026,20000.000000000000000000,12001.000000000000000000,12001.000000000000000000,4002.000000000000000000,0.002640000000000000,0.001605249360000000,0.000128170583394627,0.000077933995062519
0.134000000000000000,0.135786294475460378,0.223314723773018915,0.407189235382308845,20000.000000000000000000,12001.000000000000000000,12001.000000000000000000,4002.000000000000000000,0.002680000000000000,0.001629571320000000,0.000130112561930909,0.000079114813169527
0.136000000000000000,0.137812955587034413,0.226647779351720689,0.413266686656671664,20000.000000000000000000,12001.000000000000000000,12001.000000000000000000,4002.000000000000000000,0.002720000000000000,0.001653893280000000,0.000132054540467191,0.000080295631276535
0.138000000000000000,0.139839616698608449,0.229980834930422464,0.419344137931034482,20000.000000000000000000,12001.000000000000000000,12001.000000000000000000,4002.000000000000000000,0.002760000000000000,0.001678215240000000,0.000133996519003473,0.000081476449383543
0.140000000000000000,0.141866277810182484,0.233313890509124239,0.425421589205397301,20000.000000000000000000,12001.000000000000000000,12001.000000000000000000,4002.000000000000000000,0.002800000000000000,0.001702537200000000,0.000135938497539755,0.000082657267490551
0.142000000000000000,0.143892938921756520,0.236646946087826014,0.431499040479760119,20000.000000000000000000,12001.000000000000000000,12001.000000000000000000,4002.000000000000000000,0.002840000000000000,0.001726859160000000,0.000137880476076038,0.000083838085597558
0.144000000000000000,0.145919600033330555,0.239980001666527789,0.437576491754122938,20000.000000000000000000,12001.000000000000000000,12001.000000000000000000,4002.000000000000000000,0.002880000000000000,0.001751181120000000,0.000139822454612320,0.000085018903704566
0.146000000000000000,0.147946261144904591,0.243313057245229564,0.443653943028485757,20000.000000000000000000,12001.000000000000000000,12001.000000000000000000,4002.000000000000000000,0.002920000000000000,0.001775503080000000,0.000141764433148602,0.000086199721811574
0.148000000000000000,0.149972922256478626,0.246646112823931339,0.449731394302848575,20000.000000000000000000,12001.000000000000000000,12001.000000000000000000,4002.000000000000000000,0.002960000000000000,0.001799825040000000,0.000143706411684884,0.000087380539918582
0.150000000000000000,0.151999583368052662,0.249979168402633113,0.455808845577211394,20000.000000000000000000,12001.000000000000000000,12001.000000000000000000,4002.000000000000000000,0.003000000000000000,0.001824147000000000,0.000145648390221167,0.000088561358025590
0.152000000000000000,0.154026244479626697,0.253312223981334888,0.461886296851574212,20000.000000000000000000,12001.000000000000000000,12001.000000000000000000,4002.000000000000000000,0.003040000000000000,0.001848468960000000,0.000147590368757449,0.000089742176132598
0.154000000000000000,0.156052905591200733,0.256645279560036663,0.467963748125937031,20000.000000000000000000,12001.000000000000000000,12001.000000000000000000,4002.000000000000000000,0.003080000000000000,0.001872790920000000,0.000149532347293731,0.000090922994239606
0.156000000000000000,0.158079566702774768,0.259978335138738438,0.474041199400299850,20000.000000000000000000,12001.000000000000000000,12001.000000000000000000,4002.000000000000000000,0.003120000000000000,0.001897112880000000,0.000151474325830013,0.000092103812346614
0.158000000000000000,0.160106227814348804,0.263311390717440213,0.480118650674662668,20000.000000000000000000,12001.000000000000000000,12001.000000000000000000,4002.000000000000000000,0.003160000000000000,0.001921434840000000,0.000153416304366295,0.000093284630453621
0.160000000000000000,0.162132888925922839,0.266644446296141988,0.486196101949025487,20000.000000000000000000,12001.000000000000000000,12001.000000000000000000,4002.000000000000000000,0.003200000000000000,0.001945756800000000,0.000155358282902578,0.000094465448560629
0.162000000000000000,0.164159550037496875,0.269977501874843763,0.492273553223388305,20000.000000000000000000,12001.000000000000000000,12001.000000000000000000,4002.000000000000000000,0.003240000000000000,0.001970078760000000,0.000157300261438860,0.000095646266667637
0.164000000000000000,0.166186211149070910,0.273310557453545537,0.498351004497751124,20000.000000000000000000,12001.000000000000000000,12001.000000000000000000,4002.000000000000000000,0.003280000000000000,0.001994400720000000,0.000159242239975142,0.000096827084774645
0.166000000000000000,0.168212872260644946,0.276643613032247312,0.504428455772113943,20000.000000000000000000,12001.000000000000000000,12001.000000000000000000,4002.000000000000000000,0.003320000000000000,0.002018722680000000,0.000161184218511424,0.000098007902881653
0.168000000000000000,0.170239533372218981,0.279976668610949087,0.510505907046476761,20000.000000000000000000,12001.000000000000000000,12001.000000000000000000,4002.000000000000000000,0.003360000000000000,0.002043044640000000,0.000163126197047707,0.000099188720988661
0.170000000000000000,0.172266194483793017,0.283309724189650862,0.516583358320839580,20000.000000000000000000,12001.000000000000000000,12001.000000000000000000,4002.000000000000000000,0.003400000000000000,0.002067366600000000,0.000165068175583989,0.000100369539095669
0.172000000000000000,0.174292855595367052,0.286642779768352637,0.522660809595202398,20000.000000000000000000,12001.000000000000000000,12001.000000000000000000,4002.000000000000000000,0.003440000000000000,0.002091688560000000,0.000167010154120271,0.000101550357202677
0.174000000000000000,0.176319516706941088,0.289975835347054412,0.528738260869565217,20000.000000000000000000,12001.000000000000000000,12001.000000000000000000,4002.000000000000000000,0.003480000000000000,0.002116010520000000,0.000168952132656553,0.000102731175309684
0.176000000000000000,0.178346177818515123,0.293308890925756186,0.534815712143928035,20000.000000000000000000,12001.000000000000000000,12001.000000000000000000,4002.000000000000000000,0.003520000000000000,0.002140332480000000,0.000170894111192836,0.000103911993416692
0.178000000000000000,0.180372838930089159,0.296641946504457961,0.540893163418290854,20000.000000000000000000,12001.000000000000000000,12001.000000000000000000,4002.000000000000000000,0.003560000000000000,0.002164654440000000,0.000172836089729118,0.000105092811523700
0.180000000000000000,0.182399500041663194,0.299975002083159736,0.546970614692653673,20000.000000000000000000,12001.000000000000000000,12001.000000000000000000,4002.000000000000000000,0.003600000000000000,0.002188976400000000,0.000174778068265400,0.000106273629630708
0.182000000000000000,0.184426161153237230,0.303308057661861511,0.553048065967016491,20000.000000000000000000,12001.000000000000000000,12001.000000000000000000,4002.000000000000000000,0.003640000000000000,0.002213298360000000,0.000176720046801682,0.000107454447737716
0.184000000000000000,0.186452822264811265,0.306641113240563286,0.559125517241379310,20000.000000000000000000,12001.000000000000000000,12001.000000000000000000,4002.000000000000000000,0.003680000000000000,0.002237620320000000,0.000178662025337964,0.000108635265844724
0.186000000000000000,0.188479483376385301,0.309974168819265061,0.565202968515742128,20000.000000000000000000,12001.000000000000000000,12001.000000000000000000,4002.000000000000000000,0.003720000000000000,0.002261942280000000,0.000180604003874247,0.000109816083951732
0.188000000000000000,0.190506144487959336,0.313307224397966836,0.571280419790104947,20000.000000000000000000,12001.000000000000000000,12001.000000000000000000,4002.000000000000000000,0.003760000000000000,0.002286264240000000,0.000182545982410529,0.000110996902058739
0.190000000000000000,0.192532805599533372,0.316640279976668610,0.577357871064467766,20000.000000000000000000,12001.000000000000000000,12001.000000000000000000,4002.000000000000000000,0.003800000000000000,0.002310586200000000,0.000184487960946811,0.000112177720165747
0.192000000000000000,0.194559466711107407,0.319973335555370385,0.583435322338830584,20000.000000000000000000,12001.000000000000000000,12001.000000000000000000,4002.000000000000000000,0.003840000000000000,0.002334908160000000,0.000186429939483093,0.000113358538272755
0.194000000000000000,0.196586127822681443,0.323306391134072160,0.589512773613193403,20000.000000000000000000,12001.000000000000000000,12001.000000000000000000,4002.000000000000000000,0.003880000000000000,0.002359230120000000,0.000188371918019376,0.000114539356379763
0.196000000000000000,0.198612788934255478,0.326639446712773935,0.595590224887556221,20000.000000000000000000,12001.000000000000000000,12001.000000000000000000,4002.000000000000000000,0.003920000000000000,0.002383552080000000,0.000190313896555658,0.000115720174486771
0.198000000000000000,0.200639450045829514,0.329972502291475710,0.601667676161919040,20000.000000000000000000,12001.000000000000000000,12001.000000000000000000,4002.000000000000000000,0.003960000000000000,0.002407874040000000,0.000192255875091940,0.000116900992593779
0.200000000000000000,0.202666111157403549,0.333305557870177485,0.607745127436281859,20000.000000000000000000,12001.000000000000000000,12001.000000000000000000,4002.000000000000000000,0.004000000000000000,0.002432196000000000,0.000194197853628222,0.000118081810700787
0.202000000000000000,0.204692772268977585,0.336638613448879260,0.613822578710644677,20000.000000000000000000,12001.000000000000000000,12001.000000000000000000,4002.000000000000000000,0.004040000000000000,0.002456517960000000,0.000196139832164505,0.000119262628807795
0.204000000000000000,0.206719433380551620,0.339971669027581034,0.619900029985007496,20000.000000000000000000,12001.000000000000000000,12001.000000000000000000,4002.000000000000000000,0.004080000000000000,0.002480839920000000,0.000198081810700787,0.000120443446914802
0.206000000000000000,0.208746094492125656,0.343304724606282809,0.625977481259370314,20000.000000000000000000,12001.000000000000000000,12001.000000000000000000,4002.000000000000000000,0.004120000000000000,0.002505161880000000,0.000200023789237069,0.000121624265021810
0.208000000000000000,0.210772755603699691,0.346637780184984584,0.632054932533733133,20000.000000000000000000,12001.000000000000000000,12001.000000000000000000,4002.000000000000000000,0.004160000000000000,0.002529483840000000,0.000201965767773351,0.000122805083128818
0.210000000000000000,0.212799416715273727,0.349970835763686359,0.638132383808095952,20000.000000000000000000,12001.000000000000000000,12001.000000000000000000,4002.000000000000000000,0.004200000000000000,0.002553805800000000,0.000203907746309633,0.000123985901235826
0.212000000000000000,0.214826077826847762,0.353303891342388134,0.644209835082458770,20000.000000000000000000,12001.000000000000000000,12001.000000000000000000,4002.000000000000000000,0.004240000000000000,0.002578127760000000,0.000205849724845916,0.000125166719342834
0.214000000000000000,0.216852738938421798,0.356636946921089909,0.650287286356821589,20000.000000000000000000,12001.000000000000000000,12001.000000000000000000,4002.000000000000000000,0.004280000000000000,0.002602449720000000,0.000207791703382198,0.000126347537449842
0.216000000000000000,0.218879400049995833,0.359970002499791684,0.656364737631184407,20000.000000000000000000,12001.000000000000000000,12001.000000000000000000,4002.000000000000000000,0.004320000000000000,0.002626771680000000,0.000209733681918480,0.000127528355556850
0.218000000000000000,0.220906061161569869,0.363303058078493458,0.662442188905547226,20000.000000000000000000,12001.000000000000000000,12001.000000000000000000,4002.000000000000000000,0.004360000000000000,0.002651093640000000,0.000211675660454762,0.000128709173663858
0.220000000000000000,0.222932722273143904,0.366636113657195233,0.668519640179910044,20000.000000000000000000,12001.000000000000000000,12001.000000000000000000,4002.000000000000000000,0.004400000000000000,0.002675415600000000,0.000213617638991045,0.000129889991770865
0.222000000000000000,0.224959383384717940,0.369969169235897008,0.674597091454272863,20000.000000000000000000,12001.000000000000000000,12001.000000000000000000,4002.000000000000000000,0.004440000000000000,0.002699737560000000,0.000215559617527327,0.000131070809877873
0.224000000000000000,0.226986044496291975,0.373302224814598783,0.680674542728635682,20000.000000000000000000,12001.000000000000000000,12001.000000000000000000,4002.000000000000000000,0.004480000000000000,0.002724059520000000,0.000217501596063609,0.000132251627984881
0.226000000000000000,0.229012705607866011,0.376635280393300558,0.686751994002998500,20000.000000000000000000,12001.000000000000000000,12001.000000000000000000,4002.000000000000000000,0.004520000000000000,0.002748381480000000,0.000219443574599891,0.000133432446091889
0.228000000000000000,0.231039366719440046,0.379968335972002333,0.692829445277361319,20000.000000000000000000,12001.000000000000000000,12001.000000000000000000,4002.000000000000000000,0.004560000000000000,0.002772703440000000,0.000221385553136173,0.000134613264198897
0.230000000000000000,0.233066027831014082,0.383301391550704107,0.698906896551724137,20000.000000000000000000,12001.000000000000000000,12001.000000000000000000,4002.000000000000000000,0.004600000000000000,0.002797025400000000,0.000223327531672456,0.000135794082305905
0.232000000000000000,0.235092688942588117,0.386634447129405882,0.704984347826086956,20000.000000000000000000,12001.000000000000000000,12001.000000000000000000,4002.000000000000000000,0.004640000000000000,0.002821347360000000,0.000225269510208738,0.000136974900412913
0.234000000000000000,0.237119350054162153,0.389967502708107657,0.711061799100449775,20000.000000000000000000,12001.000000000000000000,12001.000000000000000000,4002.000000000000000000,0.004680000000000000,0.002845669320000000,0.000227211488745020,0.000138155718519921
0.236000000000000000,0.239146011165736188,0.393300558286809432,0.717139250374812593,20000.000000000000000000,12001.000000000000000000,12001.000000000000000000,4002.000000000000000000,0.004720000000000000,0.002869991280000000,0.000229153467281302,0.000139336536626928
0.238000000000000000,0.241172672277310224,0.396633613865511207,0.723216701649175412,20000.000000000000000000,12001.000000000000000000,12001.000000000000000000,4002.000000000000000000,0.004760000000000000,0.002894313240000000,0.000231095445817585,0.000140517354733936
0.240000000000000000,0.243199333388884259,0.399966669444212982,0.729294152923538230,20000.000000000000000000,12001.000000000000000000,12001.000000000000000000,4002.000000000000000000,0.004800000000000000,0.002918635200000000,0.000233037424353867,0.000141698172840944
0.242000000000000000,0.245225994500458295,0.403299725022914757,0.735371604197901049,20000.000000000000000000,12001.000000000000000000,12001.000000000000000000,4002.000000000000000000,0.004840000000000000,0.002942957160000000,0.000234979402890149,0.000142878990947952
0.244000000000000000,0.247252655612032330,0.406632780601616531,0.741449055472263868,20000.000000000000000000,12001.000000000000000000,12001.000000000000000000,4002.000000000000000000,0.004880000000000000,0.002967279120000000,0.000236921381426431,0.000144059809054960
0.246000000000000000,0.249279316723606366,0.409965836180318306,0.747526506746626686,20000.000000000000000000,12001.000000000000000000,12001.000000000000000000,4002.000000000000000000,0.004920000000000000,0.002991601080000000,0.000238863359962714,0.000145240627161968
0.248000000000000000,0.251305977835180401,0.413298891759020081,0.753603958020989505,20000.000000000000000000,12001.000000000000000000,12001.000000000000000000,4002.000000000000000000,0.004960000000000000,0.003015923040000000,0.000240805338498996,0.000146421445268976
0.250000000000000000,0.253332638946754437,0.416631947337721856,0.759681409295352323,20000.000000000000000000,12001.000000000000000000,12001.000000000000000000,4002.000000000000000000,0.005000000000000000,0.003040245000000000,0.000242747317035278,0.000147602263375984
0.252000000000000000,0.255359300058328472,0.419965002916423631,0.765758860569715142,20000.000000000000000000,12001.000000000000000000,12001.000000000000000000,4002.000000000000000000,0.005040000000000000,0.003064566960000000,0.000244689295571560,0.000148783081482991
0.254000000000000000,0.257385961169902508,0.423298058495125406,0.771836311844077961,20000.000000000000000000,12001.000000000000000000,12001.000000000000000000,4002.000000000000000000,0.005080000000000000,0.003088888920000000,0.000246631274107842,0.000149963899589999
0.256000000000000000,0.259412622281476543,0.426631114073827181,0.777913763118440779,20000.000000000000000000,12001.000000000000000000,12001.000000000000000000,4002.000000000000000000,0.005120000000000000,0.003113210880000000,0.000248573252644125,0.000151144717697007
0.258000000000000000,0.261439283393050579,0.429964169652528955,0.783991214392803598,20000.000000000000000000,12001.000000000000000000,12001.000000000000000000,4002.000000000000000000,0.005160000000000000,0.003137532840000000,0.000250515231180407,0.000152325535804015
0.260000000000000000,0.263465944504624614,0.433297225231230730,0.790068665667166416,20000.000000000000000000,12001.000000000000000000,12001.000000000000000000,4002.000000000000000000,0.005200000000000000,0.003161854800000000,0.000252457209716689,0.000153506353911023
0.262000000000000000,0.265492605616198650,0.436630280809932505,0.796146116941529235,20000.000000000000000000,12001.000000000000000000,12001.000000000000000000,4002.000000000000000000,0.005240000000000000,0.003186176760000000,0.000254399188252971,0.000154687172018031
0.264000000000000000,0.267519266727772685,0.439963336388634280,0.802223568215892053,20000.000000000000000000,12001.000000000000000000,12001.000000000000000000,4002.000000000000000000,0.005280000000000000,0.003210498720000000,0.000256341166789254,0.000155867990125039
0.266000000000000000,0.269545927839346721,0.443296391967336055,0.808301019490254872,20000.000000000000000000,12001.000000000000000000,12001.000000000000000000,4002.000000000000000000,0.005320000000000000,0.003234820680000000,0.000258283145325536,0.000157048808232047
0.268000000000000000,0.271572588950920756,0.446629447546037830,0.814378470764617691,20000.000000000000000000,12001.000000000000000000,12001.000000000000000000,4002.000000000000000000,0.005360000000000000,0.003259142640000000,0.000260225123861818,0.000158229626339054
0.270000000000000000,0.273599250062494792,0.449962503124739605,0.820455922038980509,20000.000000000000000000,12001.000000000000000000,12001.000000000000000000,4002.000000000000000000,0.005400000000000000,0.003283464600000000,0.000262167102398100,0.000159410444446062
0.272000000000000000,0.275625911174068827,0.453295558703441379,0.826533373313343328,20000.000000000000000000,12001.000000000000000000,12001.000000000000000000,4002.000000000000000000,0.005440000000000000,0.003307786560000000,0.000264109080934382,0.000160591262553070
0.274000000000000000,0.277652572285642863,0.456628614282143154,0.832610824587706146,20000.000000000000000000,12001.000000000000000000,12001.000000000000000000,4002.000000000000000000,0.005480000000000000,0.003332108520000000,0.000266051059470665,0.000161772080660078
0.276000000000000000,0.279679233397216898,0.459961669860844929,0.838688275862068965,20000.000000000000000000,12001.000000000000000000,12001.000000000000000000,4002.000000000000000000,0.005520000000000000,0.003356430480000000,0.000267993038006947,0.000162952898767086
0.278000000000000000,0.281705894508790934,0.463294725439546704,0.844765727136431784,20000.000000000000000000,12001.000000000000000000,12001.000000000000000000,4002.000000000000000000,0.005560000000000000,0.003380752440000000,0.000269935016543229,0.000164133716874094
0.280000000000000000,0.283732555620364969,0.466627781018248479,0.850843178410794602,20000.000000000000000000,12001.000000000000000000,12001.000000000000000000,4002.000000000000000000,0.005600000000000000,0.003405074400000000,0.000271876995079511,0.000165314534981102
0.282000000000000000,0.285759216731939005,0.469960836596950254,0.856920629685157421,20000.000000000000000000,12001.000000000000000000,12001.000000000000000000,4002.000000000000000000,0.005640000000000000,0.003429396360000000,0.000273818973615794,0.000166495353088109
0.284000000000000000,0.287785877843513040,0.473293892175652028,0.862998080959520239,20000.000000000000000000,12001.000000000000000000,12001.000000000000000000,4002.000000000000000000,0.005680000000000000,0.003453718320000000,0.000275760952152076,0.000167676171195117
0.286000000000000000,0.289812538955087076,0.476626947754353803,0.869075532233883058,20000.000000000000000000,12001.000000000000000000,12001.000000000000000000,4002.000000000000000000,0.005720000000000000,0.003478040280000000,0.000277702930688358,0.000168856989302125
0.288000000000000000,0.291839200066661111,0.479960003333055578,0.875152983508245877,20000.000000000000000000,12001.000000000000000000,12001.000000000000000000,4002.000000000000000000,0.005760000000000000,0.003502362240000000,0.000279644909224640,0.000170037807409133
0.290000000000000000,0.293865861178235147,0.483293058911757353,0.881230434782608695,20000.000000000000000000,12001.000000000000000000,12001.000000000000000000,4002.000000000000000000,0.005800000000000000,0.003526684200000000,0.000281586887760923,0.000171218625516141
0.292000000000000000,0.295892522289809182,0.486626114490459128,0.887307886056971514,20000.000000000000000000,12001.000000000000000000,12001.000000000000000000,4002.000000000000000000,0.005840000000000000,0.003551006160000000,0.000283528866297205,0.000172399443623149
0.294000000000000000,0.297919183401383218,0.489959170069160903,0.893385337331334332,20000.000000000000000000,12001.000000000000000000,12001.000000000000000000,4002.000000000000000000,0.005880000000000000,0.003575328120000000,0.000285470844833487,0.000173580261730157
0.296000000000000000,0.299945844512957253,0.493292225647862678,0.899462788605697151,20000.000000000000000000,12001.000000000000000000,12001.000000000000000000,4002.000000000000000000,0.005920000000000000,0.003599650080000000,0.000287412823369769,0.000174761079837165
0.298000000000000000,0.301972505624531289,0.496625281226564452,0.905540239880059970,20000.000000000000000000,12001.000000000000000000,12001.000000000000000000,4002.000000000000000000,0.005960000000000000,0.003623972040000000,0.000289354801906051,0.000175941897944172
0.300000000000000000,0.303999166736105324,0.499958336805266227,0.911617691154422788,20000.000000000000000000,12001.000000000000000000,12001.000000000000000000,4002.000000000000000000,0.006000000000000000,0.003648294000000000,0.000291296780442334,0.000177122716051180
0.302000000000000000,0.306025827847679360,0.503291392383968002,0.917695142428785607,20000.000000000000000000,12001.000000000000000000,12001.000000000000000000,4002.000000000000000000,0.006040000000000000,0.003672615960000000,0.000293238758978616,0.000178303534158188
0.304000000000000000,0.308052488959253395,0.506624447962669777,0.923772593703148425,20000.000000000000000000,12001.000000000000000000,12001.000000000000000000,4002.000000000000000000,0.006080000000000000,0.003696937920000000,0.000295180737514898,0.000179484352265196
0.306000000000000000,0.310079150070827431,0.509957503541371552,0.929850044977511244,20000.000000000000000000,12001.000000000000000000,12001.000000000000000000,4002.000000000000000000,0.006120000000000000,0.003721259880000000,0.000297122716051180,0.000180665170372204
0.308000000000000000,0.312105811182401466,0.513290559120073327,0.935927496251874062,20000.000000000000000000,12001.000000000000000000,12001.000000000000000000,4002.000000000000000000,0.006160000000000000,0.003745581840000000,0.000299064694587463,0.000181845988479212
0.310000000000000000,0.314132472293975502,0.516623614698775102,0.942004947526236881,20000.000000000000000000,12001.000000000000000000,12001.000000000000000000,4002.000000000000000000,0.006200000000000000,0.003769903800000000,0.000301006673123745,0.000183026806586220
0.312000000000000000,0.316159133405549537,0.519956670277476876,0.948082398800599700,20000.000000000000000000,12001.000000000000000000,12001.000000000000000000,4002.000000000000000000,0.006240000000000000,0.003794225760000000,0.000302948651660027,0.000184207624693228
0.314000000000000000,0.318185794517123573,0.523289725856178651,0.954159850074962518,20000.000000000000000000,12001.000000000000000000,12001.000000000000000000,4002.000000000000000000,0.006280000000000000,0.003818547720000000,0.000304890630196309,0.000185388442800235
0.316000000000000000,0.320212455628697608,0.526622781434880426,0.960237301349325337,20000.000000000000000000,12001.000000000000000000,12001.000000000000000000,4002.000000000000000000,0.006320000000000000,0.003842869680000000,0.000306832608732591,0.000186569260907243
0.318000000000000000,0.322239116740271644,0.529955837013582201,0.966314752623688155,20000.000000000000000000,12001.000000000000000000,12001.000000000000000000,4002.000000000000000000,0.006360000000000000,0.003867191640000000,0.000308774587268874,0.000187750079014251
0.320000000000000000,0.324265777851845679,0.533288892592283976,0.972392203898050974,20000.000000000000000000,12001.000000000000000000,12001.000000000000000000,4002.000000000000000000,0.006400000000000000,0.003891513600000000,0.000310716565805156,0.000188930897121259
0.322000000000000000,0.326292438963419715,0.536621948170985751,0.978469655172413793,20000.000000000000000000,12001.000000000000000000,12001.000000000000000000,4002.000000000000000000,0.006440000000000000,0.003915835560000000,0.000312658544341438,0.000190111715228267
0.324000000000000000,0.328319100074993750,0.539955003749687526,0.984547106446776611,20000.000000000000000000,12001.000000000000000000,12001.000000000000000000,4002.000000000000000000,0.006480000000000000,0.003940157520000000,0.000314600522877720,0.000191292533335275
0.326000000000000000,0.330345761186567786,0.543288059328389300,0.990624557721139430,20000.000000000000000000,12001.000000000000000000,12001.000000000000000000,4002.000000000000000000,0.006520000000000000,0.003964479480000000,0.000316542501414003,0.000192473351442283
0.328000000000000000,0.332372422298141821,0.546621114907091075,0.996702008995502248,20000.000000000000000000,12001.000000000000000000,12001.000000000000000000,4002.000000000000000000,0.006560000000000000,0.003988801440000000,0.000318484479950285,0.000193654169549291
0.330000000000000000,0.334399083409715857,0.549954170485792850,1.002779460269865067,20000.000000000000000000,12001.000000000000000000,12001.000000000000000000,4002.000000000000000000,0.006600000000000000,0.004013123400000000,0.000320426458486567,0.000194834987656298
0.332000000000000000,0.336425744521289892,0.553287226064494625,1.008856911544227886,20000.000000000000000000,12001.000000000000000000,12001.000000000000000000,4002.000000000000000000,0.006640000000000000,0.004037445360000000,0.000322368437022849,0.000196015805763306
0.334000000000000000,0.338452405632863928,0.556620281643196400,1.014934362818590704,20000.000000000000000000,12001.000000000000000000,12001.000000000000000000,4002.000000000000000000,0.006680000000000000,0.004061767320000000,0.000324310415559132,0.000199305569795349
0.336000000000000000,0.340479066744437963,0.559953337221898175,1.021011814092953523,20000.000000000000000000,12001.000000000000000000,12001.000000000000000000,4002.000000000000000000,0.006720000000000000,0.004086089280000000,0.000326252394095414,0.000220786696017467
0.338000000000000000,0.342505727856011999,0.563286392800599950,1.027089265367316341,20000.000000000000000000,12001.000000000000000000,12001.000000000000000000,4002.000000000000000000,0.006760000000000000,0.004110411240000000,0.000328194372631696,0.000263805886222898
0.340000000000000000,0.344532388967586034,0.566619448379301724,1.033166716641679160,20000.000000000000000000,12001.000000000000000000,12001.000000000000000000,4002.000000000000000000,0.006800000000000000,0.004134733200000000,0.000330136351167978,0.000322206281815070
0.342000000000000000,0.346559050079160069,0.569952503958003499,1.039244167916041979,20000.000000000000000000,12001.000000000000000000,12001.000000000000000000,4002.000000000000000000,0.006840000000000000,0.004159055160000000,0.000332078329704260,0.000381247187165463
0.344000000000000000,0.348585711190734105,0.573285559536705274,1.045321619190404797,20000.000000000000000000,12001.000000000000000000,12001.000000000000000000,4002.000000000000000000,0.006880000000000000,0.004183377120000000,0.000334020308240543,0.000440288092515857
0.346000000000000000,0.350612372302308140,0.576618615115407049,1.051399070464767616,20000.000000000000000000,12001.000000000000000000,12001.000000000000000000,4002.000000000000000000,0.006920000000000000,0.004207699080000000,0.000335962286776825,0.000499328997866251
0.348000000000000000,0.352639033413882176,0.579951670694108824,1.057476521739130434,20000.000000000000000000,12001.000000000000000000,12001.000000000000000000,4002.000000000000000000,0.006960000000000000,0.004232021040000000,0.000337904265313107,0.000558369903216644
0.350000000000000000,0.354665694525456211,0.583284726272810599,1.063553973013493253,20000.000000000000000000,12001.000000000000000000,12001.000000000000000000,4002.000000000000000000,0.007000000000000000,0.004256343000000000,0.000339846243849389,0.000617410808567038
0.352000000000000000,0.356692355637030247,0.586617781851512373,1.069631424287856071,20000.000000000000000000,12001.000000000000000000,12001.000000000000000000,4002.000000000000000000,0.007040000000000000,0.004280664960000000,0.000341788222385672,0.000676451713917431
0.354000000000000000,0.358719016748604282,0.589950837430214148,1.075708875562218890,20000.000000000000000000,12001.000000000000000000,12001.000000000000000000,4002.000000000000000000,0.007080000000000000,0.004304986920000000,0.000343730200921954,0.000735492619267825
0.356000000000000000,0.360745677860178318,0.593283893008915923,1.081786326836581709,20000.000000000000000000,12001.000000000000000000,12001.000000000000000000,4002.000000000000000000,0.007120000000000000,0.004329308880000000,0.000345672179458236,0.000794533524618219
0.358000000000000000,0.362772338971752353,0.596616948587617698,1.087863778110944527,20000.000000000000000000,12001.000000000000000000,12001.000000000000000000,4002.000000000000000000,0.007160000000000000,0.004353630840000000,0.000347614157994518,0.000853574429968612
0.360000000000000000,0.364799000083326389,0.599950004166319473,1.093941229385307346,20000.000000000000000000,12001.000000000000000000,12001.000000000000000000,4002.000000000000000000,0.007200000000000000,0.004377952800000000,0.000349556136530800,0.000912615335319006
0.362000000000000000,0.366825661194900424,0.603283059745021248,1.100018680659670164,20000.000000000000000000,12001.000000000000000000,12001.000000000000000000,4002.000000000000000000,0.007240000000000000,0.004402274760000000,0.000351498115067083,0.000971656240669400
0.364000000000000000,0.368852322306474460,0.606616115323723023,1.106096131934032983,20000.000000000000000000,12001.000000000000000000,12001.000000000000000000,4002.000000000000000000,0.007280000000000000,0.004426596720000000,0.000353440093603365,0.001030697146019793
0.366000000000000000,0.370878983418048495,0.609949170902424797,1.112173583208395802,20000.000000000000000000,12001.000000000000000000,12001.000000000000000000,4002.000000000000000000,0.007320000000000000,0.004450918680000000,0.000355382072139647,0.001089738051370187
0.368000000000000000,0.372905644529622531,0.613282226481126572,1.118251034482758620,20000.000000000000000000,12001.000000000000000000,12001.000000000000000000,4002.000000000000000000,0.007360000000000000,0.004475240640000000,0.000357324050675929,0.001148778956720580
0.370000000000000000,0.374932305641196566,0.616615282059828347,1.124328485757121439,20000.000000000000000000,12001.000000000000000000,12001.000000000000000000,4002.000000000000000000,0.007400000000000000,0.004499562600000000,0.000359266029212212,0.001207819862070974
0.372000000000000000,0.376958966752770602,0.619948337638530122,1.130405937031484257,20000.000000000000000000,12001.000000000000000000,12001.000000000000000000,4002.000000000000000000,0.007440000000000000,0.004523884560000000,0.000361208007748494,0.001266860767421368
0.374000000000000000,0.378985627864344637,0.623281393217231897,1.136483388305847076,20000.000000000000000000,12001.000000000000000000,12001.000000000000000000,4002.000000000000000000,0.007480000000000000,0.004548206520000000,0.000363149986284776,0.001325901672771761
0.376000000000000000,0.381012288975918673,0.626614448795933672,1.142560839580209895,20000.000000000000000000,12001.000000000000000000,12001.000000000000000000,4002.000000000000000000,0.007520000000000000,0.004572528480000000,0.000365091964821058,0.001384942578122155
0.378000000000000000,0.383038950087492708,0.629947504374635447,1.148638290854572713,20000.000000000000000000,12001.000000000000000000,12001.000000000000000000,4002.000000000000000000,0.007560000000000000,0.004596850440000000,0.000367033943357341,0.001443983483472548
0.380000000000000000,0.385065611199066744,0.633280559953337221,1.154715742128935532,20000.000000000000000000,12001.000000000000000000,12001.000000000000000000,4002.000000000000000000,0.007600000000000000,0.004621172400000000,0.000368975921893623,0.001503024388822942
0.382000000000000000,0.387092272310640779,0.636613615532038996,1.160793193403298350,20000.000000000000000000,12001.000000000000000000,12001.000000000000000000,4002.000000000000000000,0.007640000000000000,0.004645494360000000,0.000370917900429905,0.001562065294173336
0.384000000000000000,0.389118933422214815,0.639946671110740771,1.166870644677661169,20000.000000000000000000,12001.000000000000000000,12001.000000000000000000,4002.000000000000000000,0.007680000000000000,0.004669816320000000,0.000372859878966187,0.001621106199523729
0.386000000000000000,0.391145594533788850,0.643279726689442546,1.172948095952023988,20000.000000000000000000,12001.000000000000000000,12001.000000000000000000,4002.000000000000000000,0.007720000000000000,0.004694138280000000,0.000374801857502469,0.001680147104874123
0.388000000000000000,0.393172255645362886,0.646612782268144321,1.179025547226386806,20000.000000000000000000,12001.000000000000000000,12001.000000000000000000,4002.000000000000000000,0.007760000000000000,0.004718460240000000,0.000376743836038752,0.001739188010224516
0.390000000000000000,0.395198916756936921,0.649945837846846096,1.185102998500749625,20000.000000000000000000,12001.000000000000000000,12001.000000000000000000,4002.000000000000000000,0.007800000000000000,0.004742782200000000,0.000378685814575034,0.001798228915574910
0.392000000000000000,0.397225577868510957,0.653278893425547871,1.191180449775112443,20000.000000000000000000,12001.000000000000000000,12001.000000000000000000,4002.000000000000000000,0.007840000000000000,0.004767104160000000,0.000380627793111316,0.001857269820925304
0.394000000000000000,0.399252238980084992,0.656611949004249645,1.197257901049475262,20000.000000000000000000,12001.000000000000000000,12001.000000000000000000,4002.000000000000000000,0.007880000000000000,0.004791426120000000,0.000382569771647598,0.001916310726275697
0.396000000000000000,0.401278900091659028,0.659945004582951420,1.203335352323838080,20000.000000000000000000,12001.000000000000000000,12001.000000000000000000,4002.000000000000000000,0.007920000000000000,0.004815748080000000,0.000384511750183881,0.001975351631626091
0.398000000000000000,0.403305561203233063,0.663278060161653195,1.209412803598200899,20000.000000000000000000,12001.000000000000000000,12001.000000000000000000,4002.000000000000000000,0.007960000000000000,0.004840070040000000,0.000386453728720163,0.002034392536976485
0.400000000000000000,0.405332222314807099,0.666611115740354970,1.215490254872563718,20000.000000000000000000,12001.000000000000000000,12001.000000000000000000,4002.000000000000000000,0.008000000000000000,0.004864392000000000,0.000388395707256445,0.002093433442326878
0.402000000000000000,0.407358883426381134,0.669944171319056745,1.221567706146926536,20000.000000000000000000,12001.000000000000000000,12001.000000000000000000,4002.000000000000000000,0.008040000000000000,0.004888713960000000,0.000390337685792727,0.002152474347677272
0.404000000000000000,0.409385544537955170,0.673277226897758520,1.227645157421289355,20000.000000000000000000,12001.000000000000000000,12001.000000000000000000,4002.000000000000000000,0.008080000000000000,0.004913035920000000,0.000392279664329010,0.002211515253027665
0.406000000000000000,0.411412205649529205,0.676610282476460294,1.233722608695652173,20000.000000000000000000,12001.000000000000000000,12001.000000000000000000,4002.000000000000000000,0.008120000000000000,0.004937357880000000,0.000394221642865292,0.002270556158378059
0.408000000000000000,0.413438866761103241,0.679943338055162069,1.239800059970014992,20000.000000000000000000,12001.000000000000000000,12001.000000000000000000,4002.000000000000000000,0.008160000000000000,0.004961679840000000,0.000396163621401574,0.002329597063728453
0.410000000000000000,0.415465527872677276,0.683276393633863844,1.245877511244377811,20000.000000000000000000,12001.000000000000000000,12001.000000000000000000,4002.000000000000000000,0.008200000000000000,0.004986001800000000,0.000398105599937856,0.002388637969078846
0.412000000000000000,0.417492188984251312,0.686609449212565619,1.251954962518740629,20000.000000000000000000,12001.000000000000000000,12001.000000000000000000,4002.000000000000000000,0.008240000000000000,0.005010323760000000,0.000400047578474138,0.002447678874429240
0.414000000000000000,0.419518850095825347,0.689942504791267394,1.258032413793103448,20000.000000000000000000,12001.000000000000000000,12001.000000000000000000,4002.000000000000000000,0.008280000000000000,0.005034645720000000,0.000401989557010421,0.002506719779779633
0.416000000000000000,0.421545511207399383,0.693275560369969169,1.264109865067466266,20000.000000000000000000,12001.000000000000000000,12001.000000000000000000,4002.000000000000000000,0.008320000000000000,0.005058967680000000,0.000403931535546703,0.002565760685130027
0.418000000000000000,0.423572172318973418,0.696608615948670944,1.270187316341829085,20000.000000000000000000,12001.000000000000000000,12001.000000000000000000,4002.000000000000000000,0.008360000000000000,0.005083289640000000,0.000405873514082985,0.002624801590480421
0.420000000000000000,0.425598833430547454,0.699941671527372718,1.276264767616191904,20000.000000000000000000,12001.000000000000000000,12001.000000000000000000,4002.000000000000000000,0.008400000000000000,0.005107611600000000,0.000407815492619267,0.002683842495830814
0.422000000000000000,0.427625494542121489,0.703274727106074493,1.282342218890554722,20000.000000000000000000,12001.000000000000000000,12001.000000000000000000,4002.000000000000000000,0.008440000000000000,0.005131933560000000,0.000409757471155550,0.002742883401181208
0.424000000000000000,0.429652155653695525,0.706607782684776268,1.288419670164917541,20000.000000000000000000,12001.000000000000000000,12001.000000000000000000,4002.000000000000000000,0.008480000000000000,0.005156255520000000,0.000411699449691832,0.002801924306531602
0.426000000000000000,0.431678816765269560,0.709940838263478043,1.294497121439280359,20000.000000000000000000,12001.000000000000000000,12001.000000000000000000,4002.000000000000000000,0.008520000000000000,0.005180577480000000,0.000413641428228114,0.002860965211881995
0.428000000000000000,0.433705477876843596,0.713273893842179818,1.300574572713643178,20000.000000000000000000,12001.000000000000000000,12001.000000000000000000,4002.000000000000000000,0.008560000000000000,0.005204899440000000,0.000415583406764396,0.002920006117232389
0.430000000000000000,0.435732138988417631,0.716606949420881593,1.306652023988005997,20000.000000000000000000,12001.000000000000000000,12001.000000000000000000,4002.000000000000000000,0.008600000000000000,0.005229221400000000,0.000417525385300678,0.002979047022582782
0.432000000000000000,0.437758800099991667,0.719940004999583368,1.312729475262368815,20000.000000000000000000,12001.000000000000000000,12001.000000000000000000,4002.000000000000000000,0.008640000000000000,0.005253543360000000,0.000419467363836961,0.003038087927933176
0.434000000000000000,0.439785461211565702,0.723273060578285142,1.317320000000000000,20000.000000000000000000,12001.000000000000000000,12001.000000000000000000,4007.386888273314868430,0.008680000000000000,0.005277865320000000,0.000421409342373243,0.003087822421524663
0.436000000000000000,0.441812122323139738,0.726606116156986917,1.317280000000000000,20000.000000000000000000,12001.000000000000000000,12001.000000000000000000,4029.574861367837341907,0.008720000000000000,0.005302187280000000,0.000423351320909525,0.003108631011235955
0.438000000000000000,0.443838783434713773,0.729939171735688692,1.317240000000000000,20000.000000000000000000,12001.000000000000000000,12001.000000000000000000,4051.803885291396859015,0.008760000000000000,0.005326509240000000,0.000425293299445807,0.003129529729729729
0.440000000000000000,0.445865444546287809,0.733272227314390467,1.317200000000000000,20000.000000000000000000,12001.000000000000000000,12001.000000000000000000,4074.074074074074075076,0.008800000000000000,0.005350831200000000,0.000427235277982090,0.003150519187358916
0.442000000000000000,0.447892105657861844,0.736605282893092242,1.317159999999999999,20000.000000000000000000,12001.000000000000000000,12001.000000000000000000,4096.385542168674702400,0.008840000000000000,0.005375153160000000,0.000429177256518372,0.003171599999999999
0.444000000000000000,0.449918766769435880,0.739938338471794017,1.317119999999999999,20000.000000000000000000,12001.000000000000000000,12001.000000000000000000,4118.738404452690172614,0.008880000000000000,0.005399475120000000,0.000431119235054654,0.003192772789115646
0.446000000000000000,0.451945427881009915,0.743271394050495792,1.317080000000000000,20000.000000000000000000,12001.000000000000000000,12001.000000000000000000,4141.132776230269268799,0.008920000000000000,0.005423797080000000,0.000433061213590936,0.003214038181818181
0.448000000000000000,0.453972088992583951,0.746604449629197566,1.317040000000000000,20000.000000000000000000,12001.000000000000000000,12001.000000000000000000,4163.568773234200746338,0.008960000000000000,0.005448119040000000,0.000435003192127219,0.003235396810933940
0.450000000000000000,0.455998750104157986,0.749937505207899341,1.316999999999999999,20000.000000000000000000,12001.000000000000000000,12001.000000000000000000,4186.046511627906980769,0.009000000000000000,0.005472441000000000,0.000436945170663501,0.003256849315068493
0.452000000000000000,0.458025411215732022,0.753270560786601116,1.316959999999999999,20000.000000000000000000,12001.000000000000000000,12001.000000000000000000,4208.566108007448791384,0.009040000000000000,0.005496762960000000,0.000438887149199783,0.003278396338672768
0.454000000000000000,0.460052072327306057,0.756603616365302891,1.316920000000000000,20000.000000000000000000,12001.000000000000000000,12001.000000000000000000,4231.127679403541473815,0.009080000000000000,0.005521084920000000,0.000440829127736065,0.003300038532110091
0.456000000000000000,0.462078733438880093,0.759936671944004666,1.316879999999999999,20000.000000000000000000,12001.000000000000000000,12001.000000000000000000,4253.731343283582094892,0.009120000000000000,0.005545406880000000,0.000442771106272347,0.003321776551724137
0.458000000000000000,0.464105394550454128,0.763269727522706441,1.316840000000000000,20000.000000000000000000,12001.000000000000000000,12001.000000000000000000,4276.377217553688145107,0.009160000000000000,0.005569728840000000,0.000444713084808630,0.003343611059907834
0.460000000000000000,0.466132055662028164,0.766602783101408215,1.316800000000000000,20000.000000000000000000,12001.000000000000000000,12001.000000000000000000,4299.065420560747666460,0.009200000000000000,0.005594050800000000,0.000446655063344912,0.003365542725173210
0.462000000000000000,0.468158716773602199,0.769935838680109990,1.316760000000000000,20000.000000000000000000,12001.000000000000000000,12001.000000000000000000,4321.796071094480826184,0.009240000000000000,0.005618372760000000,0.000448597041881194,0.003387572222222222
0.464000000000000000,0.470185377885176235,0.773268894258811765,1.316720000000000000,20000.000000000000000000,12001.000000000000000000,12001.000000000000000000,4344.569288389513110645,0.009280000000000000,0.005642694720000000,0.000450539020417476,0.003409700232018561
0.466000000000000000,0.472212038996750270,0.776601949837513540,1.316679999999999999,20000.000000000000000000,12001.000000000000000000,12001.000000000000000000,4367.385192127460174307,0.009320000000000000,0.005667016680000000,0.000452480998953759,0.003431927441860465
0.468000000000000000,0.474238700108324306,0.779935005416215315,1.316639999999999999,20000.000000000000000000,12001.000000000000000000,12001.000000000000000000,4390.243902439024392000,0.009360000000000000,0.005691338640000000,0.000454422977490041,0.003454254545454545
0.470000000000000000,0.476265361219898341,0.783268060994917090,1.316599999999999999,20000.000000000000000000,12001.000000000000000000,12001.000000000000000000,4413.145539906103292461,0.009400000000000000,0.005715660600000000,0.000456364956026323,0.003476682242990654
0.472000000000000000,0.478292022331472377,0.786601116573618865,1.316559999999999999,20000.000000000000000000,12001.000000000000000000,12001.000000000000000000,4436.090225563909779076,0.009440000000000000,0.005739982560000000,0.000458306934562605,0.003499211241217798
0.474000000000000000,0.480318683443046412,0.789934172152320639,1.316520000000000000,20000.000000000000000000,12001.000000000000000000,12001.000000000000000000,4459.078080903104424830,0.009480000000000000,0.005764304520000000,0.000460248913098887,0.003521842253521126
0.476000000000000000,0.482345344554620448,0.793267227731022414,1.316480000000000000,20000.000000000000000000,12001.000000000000000000,12001.000000000000000000,4482.109227871939740676,0.009520000000000000,0.005788626480000000,0.000462190891635170,0.003544576000000000
0.478000000000000000,0.484372005666194483,0.796600283309724189,1.316439999999999999,20000.000000000000000000,12001.000000000000000000,12001.000000000000000000,4505.183788878416590307,0.009560000000000000,0.005812948440000000,0.000464132870171452,0.003567413207547169
0.480000000000000000,0.486398666777768519,0.799933338888425964,1.316400000000000000,20000.000000000000000000,12001.000000000000000000,12001.000000000000000000,4528.301886792452831999,0.009600000000000000,0.005837270400000000,0.000466074848707734,0.003590354609929078
0.482000000000000000,0.488425327889342554,0.803266394467127739,1.316359999999999999,20000.000000000000000000,12001.000000000000000000,12001.000000000000000000,4551.463644948064216799,0.009640000000000000,0.005861592360000000,0.000468016827244016,0.003613400947867298
0.484000000000000000,0.490451989000916590,0.806599450045829514,1.316320000000000000,20000.000000000000000000,12001.000000000000000000,12001.000000000000000000,4574.669187145557660430,0.009680000000000000,0.005885914320000000,0.000469958805780299,0.003636552969121140
0.486000000000000000,0.492478650112490625,0.809932505624531289,1.316279999999999999,20000.000000000000000000,12001.000000000000000000,12001.000000000000000000,4597.918637653736993076,0.009720000000000000,0.005910236280000000,0.000471900784316581,0.003659811428571428
0.488000000000000000,0.494505311224064661,0.813265561203233063,1.316239999999999999,20000.000000000000000000,12001.000000000000000000,12001.000000000000000000,4621.212121212121217353,0.009760000000000000,0.005934558240000000,0.000473842762852863,0.003683177088305489
0.490000000000000000,0.496531972335638696,0.816598616781934838,1.316200000000000000,20000.000000000000000000,12001.000000000000000000,12001.000000000000000000,4644.549763033175356307,0.009800000000000000,0.005958880200000000,0.000475784741389145,0.003706650717703349
0.492000000000000000,0.498558633447212732,0.819931672360636613,1.316160000000000000,20000.000000000000000000,12001.000000000000000000,12001.000000000000000000,4667.931688804554079753,0.009840000000000000,0.005983202160000000,0.000477726719925428,0.003730233093525179
0.494000000000000000,0.500585294558786767,0.823264727939338388,1.316120000000000000,20000.000000000000000000,12001.000000000000000000,12001.000000000000000000,4691.358024691358027600,0.009880000000000000,0.006007524120000000,0.000479668698461710,0.003753925000000000
0.496000000000000000,0.502611955670360803,0.826597783518040163,1.316080000000000000,20000.000000000000000000,12001.000000000000000000,12001.000000000000000000,4714.828897338403049107,0.009920000000000000,0.006031846080000000,0.000481610676997992,0.003777727228915662
0.498000000000000000,0.504638616781934838,0.829930839096741938,1.316039999999999999,20000.000000000000000000,12001.000000000000000000,12001.000000000000000000,4738.344433872502382768,0.009960000000000000,0.006056168040000000,0.000483552655534274,0.003801640579710144
0.500000000000000000,0.506665277893508874,0.833263894675443713,1.315999999999999999,20000.000000000000000000,12001.000000000000000000,12001.000000000000000000,4761.904761904761907692,0.010000000000000000,0.006080490000000000,0.000485494634070556,0.003825665859564164
0.502000000000000000,0.508691939005082909,0.836596950254145487,1.315960000000000000,20000.000000000000000000,12001.000000000000000000,12001.000000000000000000,4785.510009532888468061,0.010040000000000000,0.006104811960000000,0.000487436612606839,0.003849803883495145
0.504000000000000000,0.510718600116656945,0.839930005832847262,1.315920000000000000,20000.000000000000000000,12001.000000000000000000,12001.000000000000000000,4809.160305343511456122,0.010080000000000000,0.006129133920000000,0.000489378591143121,0.003874055474452554
0.506000000000000000,0.512745261228230980,0.843263061411549037,1.315880000000000000,20000.000000000000000000,12001.000000000000000000,12001.000000000000000000,4832.855778414517671568,0.010120000000000000,0.006153455880000000,0.000491320569679403,0.003898421463414634
0.508000000000000000,0.514771922339805016,0.846596116990250812,1.315840000000000000,20000.000000000000000000,12001.000000000000000000,12001.000000000000000000,4856.596558317399621968,0.010160000000000000,0.006177777840000000,0.000493262548215685,0.003922902689486552
0.510000000000000000,0.516798583451379051,0.849929172568952587,1.315800000000000000,20000.000000000000000000,12001.000000000000000000,12001.000000000000000000,4880.382775119617227846,0.010200000000000000,0.006202099800000000,0.000495204526751968,0.003947500000000000
0.512000000000000000,0.518825244562953087,0.853262228147654362,1.315759999999999999,20000.000000000000000000,12001.000000000000000000,12001.000000000000000000,4904.214559386973183999,0.010240000000000000,0.006226421760000000,0.000497146505288250,0.003972214250614250
0.514000000000000000,0.520851905674527122,0.856595283726356136,1.315720000000000000,20000.000000000000000000,12001.000000000000000000,12001.000000000000000000,4928.092042186001918030,0.010280000000000000,0.006250743720000000,0.000499088483824532,0.003997046305418719
0.516000000000000000,0.522878566786101158,0.859928339305057911,1.315679999999999999,20000.000000000000000000,12001.000000000000000000,12001.000000000000000000,4952.015355086372368615,0.010320000000000000,0.006275065680000000,0.000501030462360814,0.004021997037037037
0.518000000000000000,0.524905227897675193,0.863261394883759686,1.315640000000000000,20000.000000000000000000,12001.000000000000000000,12001.000000000000000000,4975.984630163304515907,0.010360000000000000,0.006299387640000000,0.000502972440897096,0.004047067326732673
0.520000000000000000,0.526931889009249229,0.866594450462461461,1.315600000000000000,20000.000000000000000000,12001.000000000000000000,12001.000000000000000000,5000.000000000000000000,0.010400000000000000,0.006323709600000000,0.000504914419433379,0.004072258064516129
0.522000000000000000,0.528958550120823264,0.869927506041163236,1.315560000000000000,20000.000000000000000000,12001.000000000000000000,12001.000000000000000000,5024.061597690086625414,0.010440000000000000,0.006348031560000000,0.000506856397969661,0.004097570149253731
0.524000000000000000,0.530985211232397300,0.873260561619865011,1.315520000000000000,20000.000000000000000000,12001.000000000000000000,12001.000000000000000000,5048.169556840077073045,0.010480000000000000,0.006372353520000000,0.000508798376505943,0.004123004488778054
0.526000000000000000,0.533011872343971335,0.876593617198566786,1.315480000000000000,20000.000000000000000000,12001.000000000000000000,12001.000000000000000000,5072.324011571841857261,0.010520000000000000,0.006396675480000000,0.000510740355042225,0.004148562000000000
0.528000000000000000,0.535038533455545371,0.879926672777268560,1.315440000000000000,20000.000000000000000000,12001.000000000000000000,12001.000000000000000000,5096.525096525096532184,0.010560000000000000,0.006420997440000000,0.000512682333578508,0.004174243609022556
0.530000000000000000,0.537065194567119406,0.883259728355970335,1.315399999999999999,20000.000000000000000000,12001.000000000000000000,12001.000000000000000000,5120.772946859903385384,0.010600000000000000,0.006445319400000000,0.000514624312114790,0.004200050251256281
0.532000000000000000,0.539091855678693442,0.886592783934672110,1.315360000000000000,20000.000000000000000000,12001.000000000000000000,12001.000000000000000000,5145.067698259187624799,0.010640000000000000,0.006469641360000000,0.000516566290651072,0.004225982871536523
0.534000000000000000,0.541118516790267477,0.889925839513373885,1.315320000000000000,20000.000000000000000000,12001.000000000000000000,12001.000000000000000000,5169.409486931268152861,0.010680000000000000,0.006493963320000000,0.000518508269187354,0.004252042424242424
0.536000000000000000,0.543145177901841513,0.893258895092075660,1.315279999999999999,20000.000000000000000000,12001.000000000000000000,12001.000000000000000000,5193.798449612403104738,0.010720000000000000,0.006518285280000000,0.000520450247723637,0.004278229873417721
0.538000000000000000,0.545171839013415548,0.896591950670777435,1.315240000000000000,20000.000000000000000000,12001.000000000000000000,12001.000000000000000000,5218.234723569350148491,0.010760000000000000,0.006542607240000000,0.000522392226259919,0.004304546192893401
0.540000000000000000,0.547198500124989584,0.899925006249479210,1.315200000000000000,20000.000000000000000000,12001.000000000000000000,12001.000000000000000000,5242.718446601941750153,0.010800000000000000,0.006566929200000000,0.000524334204796201,0.004330992366412213
0.542000000000000000,0.549225161236563619,0.903258061828180984,1.315159999999999999,20000.000000000000000000,12001.000000000000000000,12001.000000000000000000,5267.249757045675418645,0.010840000000000000,0.006591251160000000,0.000526276183332483,0.004357569387755102
0.544000000000000000,0.551251822348137655,0.906591117406882759,1.315120000000000000,20000.000000000000000000,12001.000000000000000000,12001.000000000000000000,5291.828793774319069046,0.010880000000000000,0.006615573120000000,0.000528218161868765,0.004384278260869565
0.546000000000000000,0.553278483459711690,0.909924172985584534,1.315080000000000000,20000.000000000000000000,12001.000000000000000000,12001.000000000000000000,5316.455696202531652800,0.010920000000000000,0.006639895080000000,0.000530160140405048,0.004411120000000000
0.548000000000000000,0.555305144571285726,0.913257228564286309,1.315040000000000000,20000.000000000000000000,12001.000000000000000000,12001.000000000000000000,5341.130604288499028430,0.010960000000000000,0.006664217040000000,0.000532102118941330,0.004438095629820051
0.550000000000000000,0.557331805682859761,0.916590284142988084,1.314999999999999999,20000.000000000000000000,12001.000000000000000000,12001.000000000000000000,5365.853658536585373076,0.011000000000000000,0.006688539000000000,0.000534044097477612,0.004465206185567010
0.552000000000000000,0.559358466794433797,0.919923339721689859,1.314960000000000000,20000.000000000000000000,12001.000000000000000000,12001.000000000000000000,5390.624999999999999999,0.011040000000000000,0.006712860960000000,0.000535986076013894,0.004492452713178294
0.554000000000000000,0.561385127906007832,0.923256395300391634,1.314919999999999999,20000.000000000000000000,12001.000000000000000000,12001.000000000000000000,5415.444770283479969230,0.011080000000000000,0.006737182920000000,0.000537928054550177,0.004519836269430051
0.556000000000000000,0.563411789017581868,0.926589450879093408,1.314880000000000000,20000.000000000000000000,12001.000000000000000000,12001.000000000000000000,5440.313111545988262953,0.011120000000000000,0.006761504880000000,0.000539870033086459,0.004547357922077922
0.558000000000000000,0.565438450129155903,0.929922506457795183,1.314839999999999999,20000.000000000000000000,12001.000000000000000000,12001.000000000000000000,5465.230166503428017814,0.011160000000000000,0.006785826840000000,0.000541812011622741,0.004575018750000000
0.560000000000000000,0.567465111240729939,0.933255562036496958,1.314800000000000000,20000.000000000000000000,12001.000000000000000000,12001.000000000000000000,5490.196078431372551384,0.011200000000000000,0.006810148800000000,0.000543753990159023,0.004602819843342036
0.562000000000000000,0.569491772352303974,0.936588617615198733,1.314759999999999999,20000.000000000000000000,12001.000000000000000000,12001.000000000000000000,5515.210991167811584307,0.011240000000000000,0.006834470760000000,0.000545695968695305,0.004630762303664921
0.564000000000000000,0.571518433463878010,0.939921673193900508,1.314720000000000000,20000.000000000000000000,12001.000000000000000000,12001.000000000000000000,5540.275049115913556860,0.011280000000000000,0.006858792720000000,0.000547637947231588,0.004658847244094488
0.566000000000000000,0.573545094575452045,0.943254728772602283,1.314680000000000000,20000.000000000000000000,12001.000000000000000000,12001.000000000000000000,5565.388397246804333753,0.011320000000000000,0.006883114680000000,0.000549579925767870,0.004687075789473684
0.568000000000000000,0.575571755687026081,0.946587784351304057,1.314639999999999999,20000.000000000000000000,12001.000000000000000000,12001.000000000000000000,5590.551181102362212430,0.011360000000000000,0.006907436640000000,0.000551521904304152,0.004715449076517150
0.570000000000000000,0.577598416798600116,0.949920839930005832,1.314600000000000000,20000.000000000000000000,12001.000000000000000000,12001.000000000000000000,5615.763546798029557384,0.011400000000000000,0.006931758600000000,0.000553463882840434,0.004743968253968253
0.572000000000000000,0.579625077910174152,0.953253895508707607,1.314560000000000000,20000.000000000000000000,12001.000000000000000000,12001.000000000000000000,5641.025641025641028800,0.011440000000000000,0.006956080560000000,0.000555405861376717,0.004772634482758620
0.574000000000000000,0.581651739021748187,0.956586951087409382,1.314520000000000000,20000.000000000000000000,12001.000000000000000000,12001.000000000000000000,5666.337611056268511722,0.011480000000000000,0.006980402520000000,0.000557347839912999,0.004801448936170212
0.576000000000000000,0.583678400133322223,0.959920006666111157,1.314479999999999999,20000.000000000000000000,12001.000000000000000000,12001.000000000000000000,5691.699604743083011938,0.011520000000000000,0.007004724480000000,0.000559289818449281,0.004830412800000000
0.578000000000000000,0.585705061244896258,0.963253062244812932,1.314440000000000000,20000.000000000000000000,12001.000000000000000000,12001.000000000000000000,5717.111770524233433969,0.011560000000000000,0.007029046440000000,0.000561231796985563,0.004859527272727272
0.580000000000000000,0.587731722356470294,0.966586117823514707,1.314399999999999999,20000.000000000000000000,12001.000000000000000000,12001.000000000000000000,5742.574257425742579999,0.011600000000000000,0.007053368400000000,0.000563173775521846,0.004888793565683646
0.582000000000000000,0.589758383468044329,0.969919173402216481,1.314360000000000000,20000.000000000000000000,12001.000000000000000000,12001.000000000000000000,5768.087215064420222953,0.011640000000000000,0.007077690360000000,0.000565115754058128,0.004918212903225806
0.584000000000000000,0.591785044579618365,0.973252228980918256,1.314320000000000000,20000.000000000000000000,12001.000000000000000000,12001.000000000000000000,5793.650793650793657353,0.011680000000000000,0.007102012320000000,0.000567057732594410,0.004947786522911051
0.586000000000000000,0.593811705691192400,0.976585284559620031,1.314279999999999999,20000.000000000000000000,12001.000000000000000000,12001.000000000000000000,5819.265143992055617322,0.011720000000000000,0.007126334280000000,0.000568999711130692,0.004977515675675675
0.588000000000000000,0.595838366802766436,0.979918340138321806,1.314240000000000000,20000.000000000000000000,12001.000000000000000000,12001.000000000000000000,5844.930417495029825353,0.011760000000000000,0.007150656240000000,0.000570941689666974,0.005007401626016260
0.590000000000000000,0.597865027914340471,0.983251395717023581,1.314200000000000000,20000.000000000000000000,12001.000000000000000000,12001.000000000000000000,5870.646766169154231384,0.011800000000000000,0.007174978200000000,0.000572883668203257,0.005037445652173913
0.592000000000000000,0.599891689025914507,0.986584451295725356,1.314160000000000000,20000.000000000000000000,12001.000000000000000000,12001.000000000000000000,5896.414342629482073599,0.011840000000000000,0.007199300160000000,0.000574825646739539,0.005067649046321525
0.594000000000000000,0.601918350137488542,0.989917506874427131,1.314119999999999999,20000.000000000000000000,12001.000000000000000000,12001.000000000000000000,5922.233300099700902492,0.011880000000000000,0.007223622120000000,0.000576767625275821,0.005098013114754098
0.596000000000000000,0.603945011249062578,0.993250562453128905,1.314080000000000000,20000.000000000000000000,12001.000000000000000000,12001.000000000000000000,5948.103792415169665107,0.011920000000000000,0.007247944080000000,0.000578709603812103,0.005128539178082191
0.598000000000000000,0.605971672360636613,0.996583618031830680,1.314040000000000000,20000.000000000000000000,12001.000000000000000000,12001.000000000000000000,5974.025974025974029200,0.011960000000000000,0.007272266040000000,0.000580651582348386,0.005159228571428571
0.600000000000000000,0.607998333472210649,0.999916673610532455,1.314000000000000000,20000.000000000000000000,12001.000000000000000000,12001.000000000000000000,5999.999999999999999999,0.012000000000000000,0.007296588000000000,0.000582593560884668,0.005190082644628099
0.602000000000000000,0.610024994583784684,1.003249729189234230,1.313960000000000000,20000.000000000000000000,12001.000000000000000000,12001.000000000000000000,6026.026026026026029261,0.012040000000000000,0.007320909960000000,0.000584535539420950,0.005221102762430939
0.604000000000000000,0.612051655695358720,1.006582784767936005,1.313920000000000000,20000.000000000000000000,12001.000000000000000000,12001.000000000000000000,6052.104208416833670276,0.012080000000000000,0.007345231920000000,0.000586477517957232,0.005252290304709141
0.606000000000000000,0.614078316806932755,1.009915840346637780,1.313879999999999999,20000.000000000000000000,12001.000000000000000000,12001.000000000000000000,6078.234704112337017784,0.012120000000000000,0.007369553880000000,0.000588419496493515,0.005283646666666666
0.608000000000000000,0.616104977918506791,1.013248895925339555,1.313840000000000000,20000.000000000000000000,12001.000000000000000000,12001.000000000000000000,6104.417670682730932184,0.012160000000000000,0.007393875840000000,0.000591242807383696,0.005315173259052924
0.610000000000000000,0.618131639030080826,1.016581951504041329,1.313799999999999999,20000.000000000000000000,12001.000000000000000000,12001.000000000000000000,6130.653266331658298153,0.012200000000000000,0.007418197800000000,0.000608749579642950,0.005346871508379888
0.612000000000000000,0.620158300141654862,1.019915007082743104,1.313759999999999999,20000.000000000000000000,12001.000000000000000000,12001.000000000000000000,6156.941649899396383384,0.012240000000000000,0.007442519760000000,0.000645682609987420,0.005378742857142857
0.614000000000000000,0.622184961253228897,1.023248062661444879,1.313720000000000000,20000.000000000000000000,12001.000000000000000000,12001.000000000000000000,6183.282980866062437753,0.012280000000000000,0.007466841720000000,0.000702041898417106,0.005410788764044943
0.616000000000000000,0.624211622364802933,1.026581118240146654,1.313680000000000000,20000.000000000000000000,12001.000000000000000000,12001.000000000000000000,6209.677419354838712122,0.012320000000000000,0.007491163680000000,0.000777827444932009,0.005443010704225352
0.618000000000000000,0.626238283476376968,1.029914173818848429,1.313640000000000000,20000.000000000000000000,12001.000000000000000000,12001.000000000000000000,6236.125126135216954338,0.012360000000000000,0.007515485640000000,0.000871462868156649,0.005475410169491525
0.620000000000000000,0.628264944587951004,1.033247229397550204,1.313600000000000000,20000.000000000000000000,12001.000000000000000000,12001.000000000000000000,6262.626262626262629538,0.012400000000000000,0.007539807600000000,0.000968561794970761,0.005507988668555240
0.622000000000000000,0.630291605699525039,1.036580284976251979,1.313559999999999999,20000.000000000000000000,12001.000000000000000000,12001.000000000000000000,6289.180990899898895476,0.012440000000000000,0.007564129560000000,0.001065660721784872,0.005540747727272727
0.624000000000000000,0.632318266811099075,1.039913340554953753,1.313520000000000000,20000.000000000000000000,12001.000000000000000000,12001.000000000000000000,6315.789473684210534400,0.012480000000000000,0.007588451520000000,0.001162759648598983,0.005573688888888888
0.626000000000000000,0.634344927922673110,1.043246396133655528,1.313479999999999999,20000.000000000000000000,12001.000000000000000000,12001.000000000000000000,6342.451874366767987691,0.012520000000000000,0.007612773480000000,0.001259858575413095,0.005606813714285714
0.628000000000000000,0.636371589034247146,1.046579451712357303,1.313439999999999999,20000.000000000000000000,12001.000000000000000000,12001.000000000000000000,6369.168356997971611507,0.012560000000000000,0.007637095440000000,0.001356957502227206,0.005640123782234957
0.630000000000000000,0.638398250145821181,1.049912507291059078,1.313400000000000000,20000.000000000000000000,12001.000000000000000000,12001.000000000000000000,6395.939086294416252461,0.012600000000000000,0.007661417400000000,0.001454056429041318,0.005673620689655172
0.632000000000000000,0.640424911257395217,1.053245562869760853,1.313360000000000000,20000.000000000000000000,12001.000000000000000000,12001.000000000000000000,6422.764227642276426953,0.012640000000000000,0.007685739360000000,0.001551155355855429,0.005707306051873198
0.634000000000000000,0.642451572368969252,1.056578618448462628,1.313319999999999999,20000.000000000000000000,12001.000000000000000000,12001.000000000000000000,6449.643947100712109260,0.012680000000000000,0.007710061320000000,0.001648254282669540,0.005741181502890173
0.636000000000000000,0.644478233480543288,1.059911674027164402,1.313280000000000000,20000.000000000000000000,12001.000000000000000000,12001.000000000000000000,6476.578411405295316738,0.012720000000000000,0.007734383280000000,0.001745353209483652,0.005775248695652173
0.638000000000000000,0.646504894592117323,1.063244729605866177,1.313239999999999999,20000.000000000000000000,12001.000000000000000000,12001.000000000000000000,6503.567787971457702061,0.012760000000000000,0.007758705240000000,0.001842452136297763,0.005809509302325581
0.640000000000000000,0.648531555703691359,1.066577785184567952,1.313199999999999999,20000.000000000000000000,12001.000000000000000000,12001.000000000000000000,6530.612244897959187692,0.012800000000000000,0.007783027200000000,0.001939551063111874,0.005843965014577259
0.642000000000000000,0.650558216815265394,1.069910840763269727,1.313160000000000000,20000.000000000000000000,12001.000000000000000000,12001.000000000000000000,6557.711950970377942430,0.012840000000000000,0.007807349160000000,0.002036649989925986,0.005878617543859649
0.644000000000000000,0.652584877926839430,1.073243896341971502,1.313120000000000000,20000.000000000000000000,12001.000000000000000000,12001.000000000000000000,6584.867075664621677661,0.012880000000000000,0.007831671120000000,0.002133748916740097,0.005913468621700879
0.646000000000000000,0.654611539038413465,1.076576951920673277,1.313079999999999999,20000.000000000000000000,12001.000000000000000000,12001.000000000000000000,6612.077789150460595230,0.012920000000000000,0.007855993080000000,0.002230847843554209,0.005948519999999999
0.648000000000000000,0.656638200149987501,1.079910007499375052,1.313039999999999999,20000.000000000000000000,12001.000000000000000000,12001.000000000000000000,6639.344262295081975384,0.012960000000000000,0.007880315040000000,0.002327946770368320,0.005983773451327433
0.650000000000000000,0.658664861261561536,1.083243063078076826,1.313000000000000000,20000.000000000000000000,12001.000000000000000000,12001.000000000000000000,6666.666666666666670000,0.013000000000000000,0.007904637000000000,0.002425045697182431,0.006019230769230769
0.652000000000000000,0.660691522373135572,1.086576118656778601,1.312960000000000000,20000.000000000000000000,12001.000000000000000000,12001.000000000000000000,6694.045174537987679753,0.013040000000000000,0.007928958960000000,0.002522144623996543,0.006054893768545994
0.654000000000000000,0.662718183484709607,1.089909174235480376,1.312920000000000000,20000.000000000000000000,12001.000000000000000000,12001.000000000000000000,6721.479958890030834368,0.013080000000000000,0.007953280920000000,0.002619243550810654,0.006090764285714285
0.656000000000000000,0.664744844596283643,1.093242229814182151,1.312880000000000000,20000.000000000000000000,12001.000000000000000000,12001.000000000000000000,6748.971193415637865107,0.013120000000000000,0.007977602880000000,0.002716342477624766,0.006126844179104477
0.658000000000000000,0.666771505707857678,1.096575285392883926,1.312839999999999999,20000.000000000000000000,12001.000000000000000000,12001.000000000000000000,6776.519052523171990769,0.013160000000000000,0.008001924840000000,0.002813441404438877,0.006163135329341317
0.660000000000000000,0.668798166819431714,1.099908340971585701,1.312799999999999999,20000.000000000000000000,12001.000000000000000000,12001.000000000000000000,6804.123711340206189230,0.013200000000000000,0.008026246800000000,0.002910540331252988,0.006199639639639639
0.662000000000000000,0.670824827931005749,1.103241396550287476,1.312760000000000000,20000.000000000000000000,12001.000000000000000000,12001.000000000000000000,6831.785345717234266676,0.013240000000000000,0.008050568760000000,0.003007639258067100,0.006236359036144578
0.664000000000000000,0.672851489042579785,1.106574452128989250,1.312720000000000000,20000.000000000000000000,12001.000000000000000000,12001.000000000000000000,6859.504132231404959015,0.013280000000000000,0.008074890720000000,0.003104738184881211,0.006273295468277945
0.666000000000000000,0.674878150154153820,1.109907507707691025,1.312680000000000000,20000.000000000000000000,12001.000000000000000000,12001.000000000000000000,6887.280248190279220707,0.013320000000000000,0.008099212680000000,0.003201837111695322,0.006310450909090909
0.668000000000000000,0.676904811265727856,1.113240563286392800,1.312639999999999999,20000.000000000000000000,12001.000000000000000000,12001.000000000000000000,6915.113871635610774768,0.013360000000000000,0.008123534640000000,0.003298936038509434,0.006347827355623100
0.670000000000000000,0.678931472377301891,1.116573618865094575,1.312600000000000000,20000.000000000000000000,12001.000000000000000000,12001.000000000000000000,6943.005181347150264461,0.013400000000000000,0.008147856600000000,0.003396034965323545,0.006385426829268292
0.672000000000000000,0.680958133488875927,1.119906674443796350,1.312560000000000000,20000.000000000000000000,12001.000000000000000000,12001.000000000000000000,6970.954356846473031876,0.013440000000000000,0.008172178560000000,0.003493133892137657,0.006423251376146788
0.674000000000000000,0.682984794600449962,1.123239730022498125,1.312520000000000000,20000.000000000000000000,12001.000000000000000000,12001.000000000000000000,6998.961578400830743169,0.013480000000000000,0.008196500520000000,0.003590232818951768,0.006461303067484662
0.676000000000000000,0.685011455712023998,1.126572785601199900,1.312480000000000000,20000.000000000000000000,12001.000000000000000000,12001.000000000000000000,7027.027027027027030400,0.013520000000000000,0.008220822480000000,0.003687331745765879,0.006499584000000000
0.678000000000000000,0.687038116823598033,1.129905841179901674,1.312439999999999999,20000.000000000000000000,12001.000000000000000000,12001.000000000000000000,7055.150884495317383537,0.013560000000000000,0.008245144440000000,0.003784430672579991,0.006538096296296296
0.680000000000000000,0.689064777935172068,1.133238896758603449,1.312400000000000000,20000.000000000000000000,12001.000000000000000000,12001.000000000000000000,7083.333333333333340307,0.013600000000000000,0.008269466400000000,0.003881529599394102,0.006576842105263157
0.682000000000000000,0.691091439046746104,1.136571952337305224,1.312359999999999999,20000.000000000000000000,12001.000000000000000000,12001.000000000000000000,7111.574556830031292399,0.013640000000000000,0.008293788360000000,0.003978628526208214,0.006615823602484472
0.684000000000000000,0.693118100158320139,1.139905007916006999,1.312319999999999999,20000.000000000000000000,12001.000000000000000000,12001.000000000000000000,7139.874739039665978461,0.013680000000000000,0.008318110320000000,0.004075727453022325,0.006655042990654205
0.686000000000000000,0.695144761269894175,1.143238063494708774,1.312280000000000000,20000.000000000000000000,12001.000000000000000000,12001.000000000000000000,7168.234064785788933291,0.013720000000000000,0.008342432280000000,0.004172826379836436,0.006694502500000000
0.688000000000000000,0.697171422381468210,1.146571119073410549,1.312239999999999999,20000.000000000000000000,12001.000000000000000000,12001.000000000000000000,7196.652719665271975384,0.013760000000000000,0.008366754240000000,0.004269925306650548,0.006734204388714733
0.690000000000000000,0.699198083493042246,1.149904174652112323,1.312200000000000000,20000.000000000000000000,12001.000000000000000000,12001.000000000000000000,7225.130890052356025999,0.013800000000000000,0.008391076200000000,0.004367024233464659,0.006774150943396226
0.692000000000000000,0.701224744604616281,1.153237230230814098,1.312159999999999999,20000.000000000000000000,12001.000000000000000000,12001.000000000000000000,7253.668763102725375692,0.013840000000000000,0.008415398160000000,0.004464123160278771,0.006814344479495268
0.694000000000000000,0.703251405716190317,1.156570285809515873,1.312120000000000000,20000.000000000000000000,12001.000000000000000000,12001.000000000000000000,7282.266526757607556399,0.013880000000000000,0.008439720120000000,0.004561222087092882,0.006854787341772151
0.696000000000000000,0.705278066827764352,1.159903341388217648,1.312080000000000000,20000.000000000000000000,12001.000000000000000000,12001.000000000000000000,7310.924369747899159753,0.013920000000000000,0.008464042080000000,0.004658321013906993,0.006895481904761904
0.698000000000000000,0.707304727939338388,1.163236396966919423,1.312039999999999999,20000.000000000000000000,12001.000000000000000000,12001.000000000000000000,7339.642481598317571076,0.013960000000000000,0.008488364040000000,0.004755419940721105,0.006936430573248407
0.700000000000000000,0.709331389050912423,1.166569452545621198,1.312000000000000000,20000.000000000000000000,12001.000000000000000000,12001.000000000000000000,7368.421052631578950769,0.014000000000000000,0.008512686000000000,0.004852518867535216,0.006977635782747603
0.702000000000000000,0.711358050162486459,1.169902508124322973,1.311960000000000000,20000.000000000000000000,12001.000000000000000000,12001.000000000000000000,7397.260273972602745200,0.014040000000000000,0.008537007960000000,0.004949617794349327,0.007019100000000000
0.704000000000000000,0.713384711274060494,1.173235563703024747,1.311920000000000000,20000.000000000000000000,12001.000000000000000000,12001.000000000000000000,7426.160337552742622522,0.014080000000000000,0.008561329920000000,0.005046716721163439,0.007060825723472668
0.706000000000000000,0.715411372385634530,1.176568619281726522,1.311880000000000000,20000.000000000000000000,12001.000000000000000000,12001.000000000000000000,7455.121436114044353138,0.014120000000000000,0.008585651880000000,0.005143815647977550,0.007102815483870967
0.708000000000000000,0.717438033497208565,1.179901674860428297,1.311840000000000000,20000.000000000000000000,12001.000000000000000000,12001.000000000000000000,7484.143763213530662092,0.014160000000000000,0.008609973840000000,0.005240914574791662,0.007145071844660194
0.710000000000000000,0.719464694608782601,1.183234730439130072,1.311800000000000000,20000.000000000000000000,12001.000000000000000000,12001.000000000000000000,7513.227513227513230923,0.014200000000000000,0.008634295800000000,0.005338013501605773,0.007187597402597402
0.712000000000000000,0.721491355720356636,1.186567786017831847,1.311759999999999999,20000.000000000000000000,12001.000000000000000000,12001.000000000000000000,7542.372881355932213414,0.014240000000000000,0.008658617760000000,0.005435112428419884,0.007230394788273615
0.714000000000000000,0.723518016831930672,1.189900841596533622,1.311720000000000000,20000.000000000000000000,12001.000000000000000000,12001.000000000000000000,7571.580063626723228214,0.014280000000000000,0.008682939720000000,0.005532211355233996,0.007273466666666666
0.716000000000000000,0.725544677943504707,1.193233897175235397,1.311680000000000000,20000.000000000000000000,12001.000000000000000000,12001.000000000000000000,7600.849256900212315815,0.014320000000000000,0.008707261680000000,0.005629310282048107,0.007316815737704918
0.718000000000000000,0.727571339055078743,1.196566952753937171,1.311639999999999999,20000.000000000000000000,12001.000000000000000000,12001.000000000000000000,7630.180658873538791692,0.014360000000000000,0.008731583640000000,0.005726409208862219,0.007360444736842105
0.720000000000000000,0.729598000166652778,1.199900008332638946,1.311599999999999999,20000.000000000000000000,12001.000000000000000000,12001.000000000000000000,7659.574468085106387691,0.014400000000000000,0.008755905600000000,0.005823508135676330,0.007404356435643564
0.722000000000000000,0.731624661278226814,1.203233063911340721,1.311560000000000000,20000.000000000000000000,12001.000000000000000000,12001.000000000000000000,7689.030883919062834799,0.014440000000000000,0.008780227560000000,0.005920607062490441,0.007448553642384105
0.724000000000000000,0.733651322389800849,1.206566119490042496,1.311519999999999999,20000.000000000000000000,12001.000000000000000000,12001.000000000000000000,7718.550106609808107261,0.014480000000000000,0.008804549520000000,0.006017705989304553,0.007493039202657807
0.726000000000000000,0.735677983501374885,1.209899175068744271,1.311479999999999999,20000.000000000000000000,12001.000000000000000000,12001.000000000000000000,7748.132337246531493661,0.014520000000000000,0.008828871480000000,0.006114804916118664,0.007537815999999999
0.728000000000000000,0.737704644612948920,1.213232230647446046,1.311439999999999999,20000.000000000000000000,12001.000000000000000000,12001.000000000000000000,7777.777777777777784000,0.014560000000000000,0.008853193440000000,0.006211903842932775,0.007582886956521739
0.730000000000000000,0.739731305724522956,1.216565286226147821,1.311399999999999999,20000.000000000000000000,12001.000000000000000000,12001.000000000000000000,7807.486631016042786153,0.014600000000000000,0.008877515400000000,0.006309002769746887,0.007628255033557046
0.732000000000000000,0.741757966836096991,1.219898341804849595,1.311359999999999999,20000.000000000000000000,12001.000000000000000000,12001.000000000000000000,7837.259100642398296245,0.014640000000000000,0.008901837360000000,0.006406101696560998,0.007673923232323232
0.734000000000000000,0.743784627947671027,1.223231397383551370,1.311320000000000000,20000.000000000000000000,12001.000000000000000000,12001.000000000000000000,7867.095391211146838676,0.014680000000000000,0.008926159320000000,0.006503200623375110,0.007719894594594594
0.736000000000000000,0.745811289059245062,1.226564452962253145,1.311280000000000000,20000.000000000000000000,12001.000000000000000000,12001.000000000000000000,7896.995708154506438399,0.014720000000000000,0.008950481280000000,0.006600299550189221,0.007766172203389830
0.738000000000000000,0.747837950170819098,1.229897508540954920,1.311240000000000000,20000.000000000000000000,12001.000000000000000000,12001.000000000000000000,7926.960257787325463168,0.014760000000000000,0.008974803240000000,0.006697398477003332,0.007812759183673469
0.740000000000000000,0.749864611282393133,1.233230564119656695,1.311200000000000000,20000.000000000000000000,12001.000000000000000000,12001.000000000000000000,7956.989247311827957845,0.014800000000000000,0.008999125200000000,0.006794497403817444,0.007859658703071672
0.742000000000000000,0.751891272393967169,1.236563619698358470,1.311160000000000000,20000.000000000000000000,12001.000000000000000000,12001.000000000000000000,7987.082884822389670215,0.014840000000000000,0.009023447160000000,0.006891596330631555,0.007906873972602739
0.744000000000000000,0.753917933505541204,1.239896675277060244,1.311120000000000000,20000.000000000000000000,12001.000000000000000000,12001.000000000000000000,8017.241379310344831138,0.014880000000000000,0.009047769120000000,0.006988695257445667,0.007954408247422680
0.746000000000000000,0.755944594617115240,1.243229730855762019,1.311079999999999999,20000.000000000000000000,12001.000000000000000000,12001.000000000000000000,8047.464940668824174307,0.014920000000000000,0.009072091080000000,0.007085794184259778,0.008002264827586206
0.748000000000000000,0.757971255728689275,1.246562786434463794,1.311039999999999999,20000.000000000000000000,12001.000000000000000000,12001.000000000000000000,8077.753779697624192922,0.014960000000000000,0.009096413040000000,0.007182893111073889,0.008050447058823529
0.750000000000000000,0.759997916840263311,1.249895842013165569,1.311000000000000000,20000.000000000000000000,12001.000000000000000000,12001.000000000000000000,8108.108108108108111538,0.015000000000000000,0.009120735000000000,0.007279992037888001,0.008098958333333333
0.752000000000000000,0.762024577951837346,1.253228897591867344,1.310960000000000000,20000.000000000000000000,12001.000000000000000000,12001.000000000000000000,8138.528138528138537353,0.015040000000000000,0.009145056960000000,0.007377090964702112,0.008147802090592334
0.754000000000000000,0.764051239063411382,1.256561953170569119,1.310920000000000000,20000.000000000000000000,12001.000000000000000000,12001.000000000000000000,8169.014084507042261200,0.015080000000000000,0.009169378920000000,0.007474189891516224,0.008196981818181818
0.756000000000000000,0.766077900174985417,1.259895008749270894,1.310879999999999999,20000.000000000000000000,12001.000000000000000000,12001.000000000000000000,8199.566160520607382460,0.015120000000000000,0.009193700880000000,0.007571288818330335,0.008246501052631578
0.758000000000000000,0.768104561286559453,1.263228064327972668,1.310840000000000000,20000.000000000000000000,12001.000000000000000000,12001.000000000000000000,8230.184581976112932184,0.015160000000000000,0.009218022840000000,0.007668387745144446,0.008296363380281690
0.760000000000000000,0.770131222398133488,1.266561119906674443,1.310799999999999999,20000.000000000000000000,12001.000000000000000000,12001.000000000000000000,8260.869565217391308922,0.015200000000000000,0.009242344800000000,0.007765486671958558,0.008346572438162544
0.762000000000000000,0.772157883509707524,1.269894175485376218,1.310760000000000000,20000.000000000000000000,12001.000000000000000000,12001.000000000000000000,8291.621327529923833107,0.015240000000000000,0.009266666760000000,0.007862585598772669,0.008397131914893617
0.764000000000000000,0.774184544621281559,1.273227231064077993,1.310719999999999999,20000.000000000000000000,12001.000000000000000000,12001.000000000000000000,8322.440087145969505107,0.015280000000000000,0.009290988720000000,0.007959684525586780,0.008448045551601423
0.766000000000000000,0.776211205732855595,1.276560286642779768,1.310679999999999999,20000.000000000000000000,12001.000000000000000000,12001.000000000000000000,8353.326063249727380153,0.015320000000000000,0.009315310680000000,0.008056783452400892,0.008499317142857142
0.768000000000000000,0.778237866844429630,1.279893342221481543,1.310640000000000000,20000.000000000000000000,12001.000000000000000000,12001.000000000000000000,8384.279475982532753722,0.015360000000000000,0.009339632640000000,0.008153882379215003,0.008550950537634408
0.770000000000000000,0.780264527956003666,1.283226397800183318,1.310600000000000000,20000.000000000000000000,12001.000000000000000000,12001.000000000000000000,8415.300546448087434153,0.015400000000000000,0.009363954600000000,0.008250981306029115,0.008602949640287769
0.772000000000000000,0.782291189067577701,1.286559453378885092,1.310559999999999999,20000.000000000000000000,12001.000000000000000000,12001.000000000000000000,8446.389496717724298091,0.015440000000000000,0.009388276560000000,0.008348080232843226,0.008655318411552346
0.774000000000000000,0.784317850179151737,1.289892508957586867,1.310520000000000000,20000.000000000000000000,12001.000000000000000000,12001.000000000000000000,8477.546549835706467507,0.015480000000000000,0.009412598520000000,0.008445179159657337,0.008708060869565217
0.776000000000000000,0.786344511290725772,1.293225564536288642,1.310479999999999999,20000.000000000000000000,12001.000000000000000000,12001.000000000000000000,8508.771929824561414399,0.015520000000000000,0.009436920480000000,0.008542278086471449,0.008761181090909090
0.778000000000000000,0.788371172402299808,1.296558620114990417,1.310440000000000000,20000.000000000000000000,12001.000000000000000000,12001.000000000000000000,8540.065861690450062399,0.015560000000000000,0.009461242440000000,0.008639377013285560,0.008814683211678832
0.780000000000000000,0.790397833513873843,1.299891675693692192,1.310400000000000000,20000.000000000000000000,12001.000000000000000000,12001.000000000000000000,8571.428571428571432000,0.015600000000000000,0.009485564400000000,0.008736475940099672,0.008868571428571428
0.782000000000000000,0.792424494625447879,1.300000000000000000,1.310360000000000000,20000.000000000000000000,12001.000000000000000000,12030.769230769230769230,8602.860286028602866214,0.015640000000000000,0.009509886360000000,0.008792444344501911,0.008922850000000000
0.784000000000000000,0.794451155737021914,1.300000000000000000,1.310320000000000000,20000.000000000000000000,12001.000000000000000000,12061.538461538461538461,8634.361233480176220061,0.015680000000000000,0.009534208320000000,0.008847427023773698,0.008977523247232472
0.786000000000000000,0.796477816848595950,1.300000000000000000,1.310279999999999999,20000.000000000000000000,12001.000000000000000000,12092.307692307692307692,8665.931642778390304430,0.015720000000000000,0.009558530280000000,0.008902816582345390,0.009032595555555555
0.788000000000000000,0.798504477960169985,1.300000000000000000,1.310240000000000000,20000.000000000000000000,12001.000000000000000000,12123.076923076923076923,8697.571743929359828430,0.015760000000000000,0.009582852240000000,0.008958617553433378,0.009088071375464684
0.790000000000000000,0.800531139071744021,1.300000000000000000,1.310199999999999999,20000.000000000000000000,12001.000000000000000000,12153.846153846153846153,8729.281767955801109537,0.015800000000000000,0.009607174200000000,0.009014834537847090,0.009143955223880597
0.792000000000000000,0.802557800183318056,1.300000000000000000,1.310160000000000000,20000.000000000000000000,12001.000000000000000000,12184.615384615384615384,8761.061946902654871138,0.015840000000000000,0.009631496160000000,0.009071472205253512,0.009200251685393258
0.794000000000000000,0.804584461294892092,1.300000000000000000,1.310119999999999999,20000.000000000000000000,12001.000000000000000000,12215.384615384615384615,8792.912513842746412830,0.015880000000000000,0.009655818120000000,0.009128535295470223,0.009256965413533834
0.796000000000000000,0.806611122406466127,1.300000000000000000,1.310079999999999999,20000.000000000000000000,12001.000000000000000000,12246.153846153846153846,8824.833702882483379384,0.015920000000000000,0.009680140080000000,0.009186028619787659,0.009314101132075471
0.798000000000000000,0.808637783518040163,1.300000000000000000,1.310039999999999999,20000.000000000000000000,12001.000000000000000000,12276.923076923076923076,8856.825749167591575691,0.015960000000000000,0.009704462040000000,0.009243957062321414,0.009371663636363636
0.800000000000000000,0.810664444629614198,1.300000000000000000,1.309999999999999999,20000.000000000000000000,12001.000000000000000000,12307.692307692307692307,8888.888888888888898461,0.016000000000000000,0.009728784000000000,0.009302325581395348,0.009429657794676806
0.802000000000000000,0.812691105741188234,1.300000000000000000,1.309959999999999999,20000.000000000000000000,12001.000000000000000000,12338.461538461538461538,8921.023359288097896861,0.016040000000000000,0.009753105960000000,0.009361139210956345,0.009488088549618320
0.804000000000000000,0.814717766852762269,1.300000000000000000,1.309919999999999999,20000.000000000000000000,12001.000000000000000000,12369.230769230769230769,8953.229398663697109415,0.016080000000000000,0.009777427920000000,0.009420403062021559,0.009546960919540229
0.806000000000000000,0.816744427964336305,1.300000000000000000,1.309879999999999999,20000.000000000000000000,12001.000000000000000000,12400.000000000000000000,8985.507246376811596000,0.016120000000000000,0.009801749880000000,0.009480122324159021,0.009606279999999999
0.808000000000000000,0.818771089075910340,1.300000000000000000,1.309840000000000000,20000.000000000000000000,12001.000000000000000000,12430.769230769230769230,9017.857142857142864245,0.016160000000000000,0.009826071840000000,0.009540302267002518,0.009666050965250965
0.810000000000000000,0.820797750187484376,1.300000000000000000,1.309800000000000000,20000.000000000000000000,12001.000000000000000000,12461.538461538461538461,9050.279329608938551384,0.016200000000000000,0.009850393800000000,0.009600948241801659,0.009726279069767441
0.812000000000000000,0.822824411299058411,1.300000000000000000,1.309760000000000000,20000.000000000000000000,12001.000000000000000000,12492.307692307692307692,9082.774049217002238030,0.016240000000000000,0.009874715760000000,0.009662065683008091,0.009786969649805447
0.814000000000000000,0.824851072410632447,1.300000000000000000,1.309719999999999999,20000.000000000000000000,12001.000000000000000000,12523.076923076923076923,9115.341545352743573230,0.016280000000000000,0.009899037720000000,0.009723660109898861,0.009848128124999999
0.816000000000000000,0.826877733522206482,1.300000000000000000,1.309680000000000000,20000.000000000000000000,12001.000000000000000000,12553.846153846153846153,9147.982062780269065107,0.016320000000000000,0.009923359680000000,0.009785737128237927,0.009909760000000000
0.818000000000000000,0.828904394633780518,1.300000000000000000,1.309640000000000000,20000.000000000000000000,12001.000000000000000000,12584.615384615384615384,9180.695847362514032584,0.016360000000000000,0.009947681640000000,0.009848302431976884,0.009971870866141732
0.820000000000000000,0.830931055745354553,1.300000000000000000,1.309600000000000000,20000.000000000000000000,12001.000000000000000000,12615.384615384615384615,9213.483146067415739692,0.016400000000000000,0.009972003600000000,0.009911361804995970,0.010034466403162055
0.822000000000000000,0.832957716856928589,1.300000000000000000,1.309560000000000000,20000.000000000000000000,12001.000000000000000000,12646.153846153846153846,9246.344206974128235876,0.016440000000000000,0.009996325560000000,0.009974921122886497,0.010097552380952380
0.824000000000000000,0.834984377968502624,1.300000000000000000,1.309520000000000000,20000.000000000000000000,12001.000000000000000000,12676.923076923076923076,9279.279279279279279507,0.016480000000000000,0.010020647520000000,0.010038986354775828,0.010161134661354581
0.826000000000000000,0.837011039080076660,1.300000000000000000,1.309480000000000000,20000.000000000000000000,12001.000000000000000000,12707.692307692307692307,9312.288613303269457876,0.016520000000000000,0.010044969480000000,0.010103563565196118,0.010225219200000000
0.828000000000000000,0.839037700191650695,1.300000000000000000,1.309439999999999999,20000.000000000000000000,12001.000000000000000000,12738.461538461538461538,9345.372460496613996922,0.016560000000000000,0.010069291440000000,0.010168658915998035,0.010289812048192771
0.830000000000000000,0.841064361303224731,1.300000000000000000,1.309399999999999999,20000.000000000000000000,12001.000000000000000000,12769.230769230769230769,9378.531073446327695230,0.016600000000000000,0.010093613400000000,0.010234278668310727,0.010354919354838709
0.832000000000000000,0.843091022414798766,1.300000000000000000,1.309360000000000000,20000.000000000000000000,12001.000000000000000000,12800.000000000000000000,9411.764705882352947200,0.016640000000000000,0.010117935360000000,0.010300429184549356,0.010420547368421052
0.834000000000000000,0.845117683526372802,1.300000000000000000,1.309320000000000000,20000.000000000000000000,12001.000000000000000000,12830.769230769230769230,9445.073612684031713260,0.016680000000000000,0.010142257320000000,0.010367116930471533,0.010486702439024390
0.836000000000000000,0.847144344637946837,1.300000000000000000,1.309280000000000000,20000.000000000000000000,12001.000000000000000000,12861.538461538461538461,9478.458049886621316738,0.016720000000000000,0.010166579280000000,0.010434348477284073,0.010553391020408163
0.838000000000000000,0.849171005749520873,1.300000000000000000,1.309240000000000000,20000.000000000000000000,12001.000000000000000000,12892.307692307692307692,9511.918274687854713599,0.016760000000000000,0.010190901240000000,0.010502130503801487,0.010620619672131147
0.840000000000000000,0.851197666861094908,1.300000000000000000,1.309200000000000000,20000.000000000000000000,12001.000000000000000000,12923.076923076923076923,9545.454545454545462769,0.016800000000000000,0.010215223200000000,0.010570469798657718,0.010688395061728395
0.842000000000000000,0.853224327972668944,1.300000000000000000,1.309159999999999999,20000.000000000000000000,12001.000000000000000000,12953.846153846153846153,9579.067121729237779845,0.016840000000000000,0.010239545160000000,0.010639373262572656,0.010756723966942148
0.844000000000000000,0.855250989084242979,1.300000000000000000,1.309120000000000000,20000.000000000000000000,12001.000000000000000000,12984.615384615384615384,9612.756264236902059814,0.016880000000000000,0.010263867120000000,0.010708847910675012,0.010825613278008298
0.846000000000000000,0.857277650195817015,1.300000000000000000,1.309079999999999999,20000.000000000000000000,12001.000000000000000000,13015.384615384615384615,9646.522234891676178922,0.016920000000000000,0.010288189080000000,0.010778900874883207,0.010895069999999999
0.848000000000000000,0.859304311307391050,1.300000000000000000,1.309039999999999999,20000.000000000000000000,12001.000000000000000000,13046.153846153846153846,9680.365296803652978461,0.016960000000000000,0.010312511040000000,0.010849539406345957,0.010965101255230125
0.850000000000000000,0.861330972418965086,1.300000000000000000,1.308999999999999999,20000.000000000000000000,12001.000000000000000000,13076.923076923076923076,9714.285714285714296922,0.017000000000000000,0.010336833000000000,0.010920770877944325,0.011035714285714285
0.852000000000000000,0.863357633530539121,1.300000000000000000,1.308959999999999999,20000.000000000000000000,12001.000000000000000000,13107.692307692307692307,9748.283752860411906091,0.017040000000000000,0.010361154960000000,0.010992602786857044,0.011106916455696202
0.854000000000000000,0.865384294642113157,1.300000000000000000,1.308919999999999999,20000.000000000000000000,12001.000000000000000000,13138.461538461538461538,9782.359679266895774307,0.017080000000000000,0.010385476920000000,0.011065042757190982,0.011178715254237288
0.856000000000000000,0.867410955753687192,1.300000000000000000,1.308880000000000000,20000.000000000000000000,12001.000000000000000000,13169.230769230769230769,9816.513761467889912122,0.017120000000000000,0.010409798880000000,0.011138098542678695,0.011251118297872340
0.858000000000000000,0.869437616865261228,1.300000000000000000,1.308840000000000000,20000.000000000000000000,12001.000000000000000000,13200.000000000000000000,9850.746268656716425200,0.017160000000000000,0.010434120840000000,0.011211778029445073,0.011324133333333333
0.860000000000000000,0.871464277976835263,1.300000000000000000,1.308800000000000000,20000.000000000000000000,12001.000000000000000000,13230.769230769230769230,9885.057471264367823999,0.017200000000000000,0.010458442800000000,0.011286089238845144,0.011397768240343347
0.862000000000000000,0.873490939088409299,1.300000000000000000,1.308760000000000000,20000.000000000000000000,12001.000000000000000000,13261.538461538461538461,9919.447640966628312245,0.017240000000000000,0.010482764760000000,0.011361040330375186,0.011472031034482758
0.864000000000000000,0.875517600199983334,1.300000000000000000,1.308720000000000000,20000.000000000000000000,12001.000000000000000000,13292.307692307692307692,9953.917050691244239753,0.017280000000000000,0.010507086720000000,0.011436639604659371,0.011546929870129870
0.866000000000000000,0.877544261311557370,1.300000000000000000,1.308679999999999999,20000.000000000000000000,12001.000000000000000000,13323.076923076923076923,9988.465974625144183538,0.017320000000000000,0.010531408680000000,0.011512895506514224,0.011622473043478260
0.868000000000000000,0.879570922423131405,1.300000000000000000,1.308639999999999999,20000.000000000000000000,12001.000000000000000000,13353.846153846153846153,10023.094688221709017968,0.017360000000000000,0.010555730640000000,0.011589816628093288,0.011698668995633187
0.870000000000000000,0.881597583534705441,1.300000000000000000,1.308599999999999999,20000.000000000000000000,12001.000000000000000000,13384.615384615384615384,10057.803468208092497076,0.017400000000000000,0.010580052600000000,0.011667411712114438,0.011775526315789473
0.872000000000000000,0.883624244646279476,1.300000000000000000,1.308559999999999999,20000.000000000000000000,12001.000000000000000000,13415.384615384615384615,10092.592592592592595076,0.017440000000000000,0.010604374560000000,0.011745689655172413,0.011853053744493392
0.874000000000000000,0.885650905757853512,1.300000000000000000,1.308520000000000000,20000.000000000000000000,12001.000000000000000000,13446.153846153846153846,10127.462340672074159938,0.017480000000000000,0.010628696520000000,0.011824659511139172,0.011931260176991150
0.876000000000000000,0.887677566869427547,1.300000000000000000,1.308480000000000000,20000.000000000000000000,12001.000000000000000000,13476.923076923076923076,10162.412993039443156983,0.017520000000000000,0.010653018480000000,0.011904330494654828,0.012010154666666666
0.878000000000000000,0.889704227981001583,1.300000000000000000,1.308440000000000000,20000.000000000000000000,12001.000000000000000000,13507.692307692307692307,10197.444831591173063168,0.017560000000000000,0.010677340440000000,0.011984711984711984,0.012089746428571428
0.880000000000000000,0.891730889092575618,1.300000000000000000,1.308400000000000000,20000.000000000000000000,12001.000000000000000000,13538.461538461538461538,10232.558139534883734153,0.017600000000000000,0.010701662400000000,0.012065813528336380,0.012170044843049327
0.882000000000000000,0.893757550204149654,1.300000000000000000,1.308360000000000000,20000.000000000000000000,12001.000000000000000000,13569.230769230769230769,10267.753201396973229876,0.017640000000000000,0.010725984360000000,0.012147644844366908,0.012251059459459459
0.884000000000000000,0.895784211315723689,1.300000000000000000,1.308320000000000000,20000.000000000000000000,12001.000000000000000000,13600.000000000000000000,10303.030303030303033600,0.017680000000000000,0.010750306320000000,0.012230215827338129,0.012332800000000000
0.886000000000000000,0.897810872427297725,1.300000000000000000,1.308279999999999999,20000.000000000000000000,12001.000000000000000000,13630.769230769230769230,10338.389731621936993076,0.017720000000000000,0.010774628280000000,0.012313536551468544,0.012415276363636363
0.888000000000000000,0.899837533538871760,1.300000000000000000,1.308239999999999999,20000.000000000000000000,12001.000000000000000000,13661.538461538461538461,10373.831775700934586461,0.017760000000000000,0.010798950240000000,0.012397617274758004,0.012498498630136986
0.890000000000000000,0.901864194650445796,1.300000000000000000,1.308200000000000000,20000.000000000000000000,12001.000000000000000000,13692.307692307692307692,10409.356725146198833692,0.017800000000000000,0.010823272200000000,0.012482468443197755,0.012582477064220183
0.892000000000000000,0.903890855762019831,1.300000000000000000,1.308159999999999999,20000.000000000000000000,12001.000000000000000000,13723.076923076923076923,10444.964871194379394153,0.017840000000000000,0.010847594160000000,0.012568100695096749,0.012667222119815668
0.894000000000000000,0.905917516873593867,1.300000000000000000,1.308119999999999999,20000.000000000000000000,12001.000000000000000000,13753.846153846153846153,10480.656506447831189537,0.017880000000000000,0.010871916120000000,0.012654524865527979,0.012752744444444444
0.896000000000000000,0.907944177985167902,1.300000000000000000,1.308080000000000000,20000.000000000000000000,12001.000000000000000000,13784.615384615384615384,10516.431924882629112122,0.017920000000000000,0.010896238080000000,0.012741751990898748,0.012839054883720930
0.898000000000000000,0.909970839096741938,1.300000000000000000,1.308040000000000000,20000.000000000000000000,12001.000000000000000000,13815.384615384615384615,10552.291421856639259015,0.017960000000000000,0.010920560040000000,0.012829793313648918,0.012926164485981308
0.900000000000000000,0.911997500208315973,1.300000000000000000,1.308000000000000000,20000.000000000000000000,12001.000000000000000000,13846.153846153846153846,10588.235294117647066153,0.018000000000000000,0.010944882000000000,0.012918660287081339,0.013014084507042253
0.902000000000000000,0.914024161319890009,1.300000000000000000,1.307959999999999999,20000.000000000000000000,12001.000000000000000000,13876.923076923076923076,10624.263839811542994614,0.018040000000000000,0.010969203960000000,0.013008364580328814,0.013102826415094339
0.904000000000000000,0.916050822431464044,1.300000000000000000,1.307920000000000000,20000.000000000000000000,12001.000000000000000000,13907.692307692307692307,10660.377358490566038522,0.018080000000000000,0.010993525920000000,0.013098918083462132,0.013192401895734597
0.906000000000000000,0.918077483543038080,1.300000000000000000,1.307880000000000000,20000.000000000000000000,12001.000000000000000000,13938.461538461538461538,10696.576151121605671568,0.018120000000000000,0.011017847880000000,0.013190332912743861,0.013282822857142857
0.908000000000000000,0.920104144654612115,1.300000000000000000,1.307840000000000000,20000.000000000000000000,12001.000000000000000000,13969.230769230769230769,10732.860520094562659015,0.018160000000000000,0.011042169840000000,0.013282621416032767,0.013374101435406698
0.910000000000000000,0.922130805766186151,1.300000000000000000,1.307800000000000000,20000.000000000000000000,12001.000000000000000000,14000.000000000000000000,10769.230769230769234000,0.018200000000000000,0.011066491800000000,0.013375796178343949,0.013466250000000000
0.912000000000000000,0.924157466877760186,1.300000000000000000,1.307759999999999999,20000.000000000000000000,12001.000000000000000000,14030.769230769230769230,10805.687203791469196307,0.018240000000000000,0.011090813760000000,0.013469870027569909,0.013559281159420289
0.914000000000000000,0.926184127989334222,1.300000000000000000,1.307720000000000000,20000.000000000000000000,12001.000000000000000000,14061.538461538461538461,10842.230130486358256891,0.018280000000000000,0.011115135720000000,0.013564856040368061,0.013653207766990291
0.916000000000000000,0.928210789100908257,1.300000000000000000,1.307680000000000000,20000.000000000000000000,12001.000000000000000000,14092.307692307692307692,10878.859857482185275568,0.018320000000000000,0.011139457680000000,0.013660767548220322,0.013748042926829268
0.918000000000000000,0.930237450212482293,1.300000000000000000,1.307639999999999999,20000.000000000000000000,12001.000000000000000000,14123.076923076923076923,10915.576694411414988461,0.018360000000000000,0.011163779640000000,0.013757618143670696,0.013843799999999999
0.920000000000000000,0.932264111324056328,1.300000000000000000,1.307599999999999999,20000.000000000000000000,12001.000000000000000000,14153.846153846153846153,10952.380952380952387691,0.018400000000000000,0.011188101600000000,0.013855421686746987,0.013940492610837438
0.922000000000000000,0.934290772435630364,1.300000000000000000,1.307560000000000000,20000.000000000000000000,12001.000000000000000000,14184.615384615384615384,10989.272943980929678830,0.018440000000000000,0.011212423560000000,0.013954192311572999,0.014038134653465346
0.924000000000000000,0.936317433547204399,1.300000000000000000,1.307519999999999999,20000.000000000000000000,12001.000000000000000000,14215.384615384615384615,11026.252983293556098030,0.018480000000000000,0.011236745520000000,0.014053944433177854,0.014136740298507462
0.926000000000000000,0.938344094658778435,1.300000000000000000,1.307480000000000000,20000.000000000000000000,12001.000000000000000000,14246.153846153846153846,11063.321385902031069261,0.018520000000000000,0.011261067480000000,0.014154692754509324,0.014236324000000000
0.928000000000000000,0.940370755770352470,1.300000000000000000,1.307440000000000000,20000.000000000000000000,12001.000000000000000000,14276.923076923076923076,11100.478468899521541414,0.018560000000000000,0.011285389440000000,0.014256452273658336,0.014336900502512562
0.930000000000000000,0.942397416881926506,1.300000000000000000,1.307399999999999999,20000.000000000000000000,12001.000000000000000000,14307.692307692307692307,11137.724550898203595384,0.018600000000000000,0.011309711400000000,0.014359238291302110,0.014438484848484848
0.932000000000000000,0.944424077993500541,1.300000000000000000,1.307360000000000000,20000.000000000000000000,12001.000000000000000000,14338.461538461538461538,11175.059952038369310091,0.018640000000000000,0.011334033360000000,0.014463066418373680,0.014541092385786802
0.934000000000000000,0.946450739105074577,1.300000000000000000,1.307320000000000000,20000.000000000000000000,12001.000000000000000000,14369.230769230769230769,11212.484993997599039753,0.018680000000000000,0.011358355320000000,0.014567952583965893,0.014644738775510204
0.936000000000000000,0.948477400216648612,1.300000000000000000,1.307280000000000000,20000.000000000000000000,12001.000000000000000000,14400.000000000000000000,11250.000000000000000000,0.018720000000000000,0.011382677280000000,0.014673913043478260,0.014749440000000000
0.938000000000000000,0.950504061328222648,1.300000000000000000,1.307240000000000000,20000.000000000000000000,12001.000000000000000000,14430.769230769230769230,11287.605294825511434891,0.018760000000000000,0.011406999240000000,0.014780964387015442,0.014855212371134020
0.940000000000000000,0.952530722439796683,1.300000000000000000,1.307200000000000000,20000.000000000000000000,12001.000000000000000000,14461.538461538461538461,11325.301204819277112614,0.018800000000000000,0.011431321200000000,0.014889123548046462,0.014962072538860103
0.942000000000000000,0.954557383551370719,1.300000000000000000,1.307160000000000000,20000.000000000000000000,12001.000000000000000000,14492.307692307692307692,11363.088057901085657907,0.018840000000000000,0.011455643160000000,0.014998407812334147,0.015070037500000000
0.944000000000000000,0.956584044662944754,1.300000000000000000,1.307120000000000000,20000.000000000000000000,12001.000000000000000000,14523.076923076923076923,11400.966183574879231753,0.018880000000000000,0.011479965120000000,0.015108834827144686,0.015179124607329842
0.946000000000000000,0.958610705774518790,1.300000000000000000,1.307080000000000000,20000.000000000000000000,12001.000000000000000000,14553.846153846153846153,11438.935912938331318737,0.018920000000000000,0.011504287080000000,0.015220422610747613,0.015289351578947368
0.948000000000000000,0.960637366886092825,1.300000000000000000,1.307040000000000000,20000.000000000000000000,12001.000000000000000000,14584.615384615384615384,11476.997578692493951568,0.018960000000000000,0.011528609040000000,0.015333189562216950,0.015400736507936507
0.950000000000000000,0.962664027997666861,1.300000000000000000,1.307000000000000000,20000.000000000000000000,12001.000000000000000000,14615.384615384615384615,11515.151515151515154615,0.019000000000000000,0.011552931000000000,0.015447154471544715,0.015513297872340425
0.952000000000000000,0.964690689109240896,1.300000000000000000,1.306959999999999999,20000.000000000000000000,12001.000000000000000000,14646.153846153846153846,11553.398058252427190153,0.019040000000000000,0.011577252960000000,0.015562336530078465,0.015627054545454545
0.954000000000000000,0.966717350220814932,1.300000000000000000,1.306920000000000000,20000.000000000000000000,12001.000000000000000000,14676.923076923076923076,11591.737545565006077045,0.019080000000000000,0.011601574920000000,0.015678755341295058,0.015742025806451612
0.956000000000000000,0.968744011332388967,1.300000000000000000,1.306879999999999999,20000.000000000000000000,12001.000000000000000000,14707.692307692307692307,11630.170316301703176614,0.019120000000000000,0.011625896880000000,0.015796430931923331,0.015858231351351351
0.958000000000000000,0.970770672443963003,1.300000000000000000,1.306840000000000000,20000.000000000000000000,12001.000000000000000000,14738.461538461538461538,11668.696711327649219968,0.019160000000000000,0.011650218840000000,0.015915383763428951,0.015975691304347826
0.960000000000000000,0.972797333555537038,1.300000000000000000,1.306800000000000000,20000.000000000000000000,12001.000000000000000000,14769.230769230769230769,11707.317073170731711999,0.019200000000000000,0.011674540800000000,0.016035634743875278,0.016094426229508196
0.962000000000000000,0.974823994667111074,1.300000000000000000,1.306760000000000000,20000.000000000000000000,12001.000000000000000000,14800.000000000000000000,11746.031746031746034800,0.019240000000000000,0.011698862760000000,0.016157205240174672,0.016214457142857142
0.964000000000000000,0.976850655778685109,1.300000000000000000,1.306720000000000000,20000.000000000000000000,12001.000000000000000000,14830.769230769230769230,11784.841075794621031753,0.019280000000000000,0.011723184720000000,0.016280117090745327,0.016335805524861878
0.966000000000000000,0.978877316890259145,1.300000000000000000,1.306680000000000000,20000.000000000000000000,12001.000000000000000000,14861.538461538461538461,11823.745410036719711353,0.019320000000000000,0.011747506680000000,0.016404392618589380,0.016458493333333333
0.968000000000000000,0.980903978001833180,1.300000000000000000,1.306639999999999999,20000.000000000000000000,12001.000000000000000000,14892.307692307692307692,11862.745098039215698830,0.019360000000000000,0.011771828640000000,0.016530054644808743,0.016582543016759776
0.970000000000000000,0.982930639113407216,1.300000000000000000,1.306600000000000000,20000.000000000000000000,12001.000000000000000000,14923.076923076923076923,11901.840490797546022615,0.019400000000000000,0.011796150600000000,0.016657126502575844,0.016707977528089887
0.972000000000000000,0.984957300224981251,1.300000000000000000,1.306560000000000000,20000.000000000000000000,12001.000000000000000000,14953.846153846153846153,11941.031941031941034953,0.019440000000000000,0.011820472560000000,0.016785632051577250,0.016834820338983050
0.974000000000000000,0.986983961336555287,1.300000000000000000,1.306519999999999999,20000.000000000000000000,12001.000000000000000000,14984.615384615384615384,11980.319803198031987691,0.019480000000000000,0.011844794520000000,0.016915595692948940,0.016963095454545454
0.976000000000000000,0.989010622448129322,1.300000000000000000,1.306480000000000000,20000.000000000000000000,12001.000000000000000000,15015.384615384615384615,12019.704433497536951138,0.019520000000000000,0.011869116480000000,0.017047042384722869,0.017092827428571428
0.978000000000000000,0.991037283559703358,1.300000000000000000,1.306439999999999999,20000.000000000000000000,12001.000000000000000000,15046.153846153846153846,12059.186189889025903753,0.019560000000000000,0.011893438440000000,0.017179997657805363,0.017224041379310344
0.980000000000000000,0.993063944671277393,1.300000000000000000,1.306400000000000000,20000.000000000000000000,12001.000000000000000000,15076.923076923076923076,12098.765432098765435076,0.019600000000000000,0.011917760400000000,0.017314487632508833,0.017356763005780346
0.982000000000000000,0.995090605782851429,1.300000000000000000,1.306359999999999999,20000.000000000000000000,12001.000000000000000000,15107.692307692307692307,12138.442521631644018184,0.019640000000000000,0.011942082360000000,0.017450539035659282,0.017491018604651162
0.984000000000000000,0.997117266894425464,1.300000000000000000,1.306320000000000000,20000.000000000000000000,12001.000000000000000000,15138.461538461538461538,12178.217821782178226215,0.019680000000000000,0.011966404320000000,0.017588179218303145,0.017626835087719298
0.986000000000000000,0.999143928005999500,1.300000000000000000,1.306279999999999999,20000.000000000000000000,12001.000000000000000000,15169.230769230769230769,12218.091697645600994615,0.019720000000000000,0.011990726280000000,0.017727436174038115,0.017764239999999999
0.988000000000000000,1.001170589117573535,1.300000000000000000,1.306240000000000000,20000.000000000000000000,12001.000000000000000000,15200.000000000000000000,12258.064516129032266400,0.019760000000000000,0.012015048240000000,0.017868338557993730,0.017903261538461538
0.990000000000000000,1.003197250229147571,1.300000000000000000,1.306200000000000000,20000.000000000000000000,12001.000000000000000000,15230.769230769230769230,12298.136645962732919537,0.019800000000000000,0.012039370200000000,0.018010915706488781,0.018043928571428571
0.992000000000000000,1.005223911340721606,1.300000000000000000,1.306159999999999999,20000.000000000000000000,12001.000000000000000000,15261.538461538461538461,12338.308457711442791384,0.019840000000000000,0.012063692160000000,0.018155197657393850,0.018186270658682634
0.994000000000000000,1.007250572452295642,1.300000000000000000,1.306120000000000000,20000.000000000000000000,12001.000000000000000000,15292.307692307692307692,12378.580323785803238676,0.019880000000000000,0.012088014120000000,0.018301215171228673,0.018330318072289156
0.996000000000000000,1.009277233563869677,1.300000000000000000,1.306080000000000000,20000.000000000000000000,12001.000000000000000000,15323.076923076923076923,12418.952618453865345599,0.019920000000000000,0.012112336080000000,0.018448999753025438,0.018476101818181818
0.998000000000000000,1.011303894675443713,1.300000000000000000,1.306040000000000000,20000.000000000000000000,12001.000000000000000000,15353.846153846153846153,12459.425717852684150645,0.019960000000000000,0.012136658040000000,0.018598583674990682,0.018623653658536585
1.000000000000000000,1.013330555787017748,1.300000000000000000,1.306000000000000000,20000.000000000000000000,12001.000000000000000000,15384.615384615384615384,12499.999999999999999999,0.020000000000000000,0.012182206361157403,0.018750000000000000,0.018773006134969325
1.002000000000000000,1.015357216898591784,1.300000000000000000,1.305354501992031872,20000.000000000000000000,12001.000000000000000000,15415.384615384615384615,12549.999999999999999999,0.020040000000000000,0.012359746670067477,0.018903282605961514,0.018922103444019256
1.004000000000000000,1.017383878010165819,1.300000000000000000,1.304721904761904761,20000.000000000000000000,12001.000000000000000000,15446.153846153846153846,12599.999999999999999999,0.020080000000000000,0.012685225705908441,0.019058466211085801,0.019073502235469448
1.006000000000000000,1.019410539121739855,1.300000000000000000,1.304102055335968379,20000.000000000000000000,12001.000000000000000000,15476.923076923076923076,12649.999999999999999999,0.020120000000000000,0.013158643468680294,0.019215586400101871,0.019227244783206297
1.008000000000000000,1.021437200233313890,1.300000000000000000,1.303494803149606299,20000.000000000000000000,12001.000000000000000000,15507.692307692307692307,12699.999999999999999999,0.020160000000000000,0.013779999958383036,0.019374679651460789,0.019383374402816193
1.010000000000000000,1.023463861344887926,1.300000000000000000,1.302900000000000000,20000.000000000000000000,12001.000000000000000000,15538.461538461538461538,12749.999999999999999999,0.020200000000000000,0.014549295175016667,0.019535783365570599,0.019541935483870967
1.012000000000000000,1.025490522456461961,1.300000000000000000,1.302317500000000000,20000.000000000000000000,12001.000000000000000000,15569.230769230769230769,12799.999999999999999999,0.020240000000000000,0.015466529118581187,0.019698935894108486,0.019702973523421588
1.014000000000000000,1.027578804062161486,1.300000000000000000,1.301772880058365758,20000.000000000000000000,12001.000000000000000000,15600.000000000000000000,12850.000000000000000000,0.020372450000000000,0.016566405707341721,0.019948709487422906,0.019951147431572594
1.016000000000000000,1.029825919240063328,1.300000000000000000,1.301305299224806201,20000.000000000000000000,12001.000000000000000000,15630.769230769230769230,12899.999999999999999999,0.020743200000000000,0.017897042840000000,0.020420340798416502,0.020421717795417357
1.018000000000000000,1.032233067740188317,1.300000000000000000,1.300912975000000000,20000.000000000000000000,12001.000000000000000000,15661.538461538461538461,12949.999999999999999999,0.021354050000000000,0.019341452297500000,0.021117947823673361,0.021118656265162976
1.020000000000000000,1.034800249562536455,1.300000000000000000,1.300593653846153846,20000.000000000000000000,12001.000000000000000000,15692.307692307692307692,12999.999999999999999999,0.022205000000000000,0.020881889750000000,0.022042984067106765,0.022043301708484884
1.022000000000000000,1.037527464707107741,1.300000000000000000,1.300345116762452107,20000.000000000000000000,12001.000000000000000000,15723.076923076923076923,13049.999999999999999999,0.023296050000000000,0.022518355197500000,0.023195840104774025,0.023195954757939497
1.024000000000000000,1.040414713173902174,1.300000000000000000,1.300165178625954198,20000.000000000000000000,12001.000000000000000000,15753.846153846153846153,13099.999999999999999999,0.024627200000000000,0.024250848640000000,0.024575820152002214,0.024575848366988021
1.026000000000000000,1.043461994962919756,1.300000000000000000,1.300051687547528517,20000.000000000000000000,12001.000000000000000000,15784.615384615384615384,13149.999999999999999999,0.026198450000000000,0.026079370077500000,0.026181131181723290,0.026181134163128228
1.028000000000000000,1.046669310074160486,1.300000000000000000,1.300002524242424242,20000.000000000000000000,12001.000000000000000000,15815.384615384615384615,13199.999999999999999999,0.028009800000000000,0.028003919510000000,0.028008885043088592,0.028008885050786853
1.030000000000000000,1.049995833680526622,1.300000000000000000,1.300000000000000000,20000.000000000000000000,12001.000000000000000000,15846.153846153846153846,13249.999999999999999999,0.030000000000000000,0.030000000000000000,0.030000000000000000,0.030000000000000000
1.032000000000000000,1.053328889259228397,1.300000000000000000,1.300000000000000000,20000.000000000000000000,12001.000000000000000000,15876.923076923076923076,13299.999999999999999999,0.032000000000000000,0.032000000000000000,0.032000000000000000,0.032000000000000000
1.034000000000000000,1.056661944837930172,1.300000000000000000,1.300000000000000000,20000.000000000000000000,12001.000000000000000000,15907.692307692307692307,13349.999999999999999999,0.034000000000000000,0.034000000000000000,0.034000000000000000,0.034000000000000000
1.036000000000000000,1.059995000416631947,1.300000000000000000,1.300000000000000000,20000.000000000000000000,12001.000000000000000000,15938.461538461538461538,13399.999999999999999999,0.036000000000000000,0.036000000000000000,0.036000000000000000,0.036000000000000000
1.038000000000000000,1.063328055995333722,1.300000000000000000,1.300000000000000000,20000.000000000000000000,12001.000000000000000000,15969.230769230769230769,13449.999999999999999999,0.038000000000000000,0.038000000000000000,0.038000000000000000,0.038000000000000000
1.040000000000000000,1.066661111574035497,1.300000000000000000,1.300000000000000000,20000.000000000000000000,12001.000000000000000000,16000.000000000000000000,13500.000000000000000000,0.040000000000000000,0.040000000000000000,0.040000000000000000,0.040000000000000000
1.042000000000000000,1.069994167152737271,1.300000000000000000,1.300000000000000000,20000.000000000000000000,12001.000000000000000000,16030.769230769230769230,13549.999999999999999999,0.042000000000000000,0.042000000000000000,0.042000000000000000,0.042000000000000000
1.044000000000000000,1.073327222731439046,1.300000000000000000,1.300000000000000000,20000.000000000000000000,12001.000000000000000000,16061.538461538461538461,13599.999999999999999999,0.044000000000000000,0.044000000000000000,0.044000000000000000,0.044000000000000000
1.046000000000000000,1.076660278310140821,1.300000000000000000,1.300000000000000000,20000.000000000000000000,12001.000000000000000000,16092.307692307692307692,13649.999999999999999999,0.046000000000000000,0.046000000000000000,0.046000000000000000,0.046000000000000000
1.048000000000000000,1.079993333888842596,1.300000000000000000,1.300000000000000000,20000.000000000000000000,12001.000000000000000000,16123.076923076923076923,13699.999999999999999999,0.048000000000000000,0.048000000000000000,0.048000000000000000,0.048000000000000000
1.050000000000000000,1.083326389467544371,1.300000000000000000,1.300000000000000000,20000.000000000000000000,12001.000000000000000000,16153.846153846153846153,13749.999999999999999999,0.050000000000000000,0.050000000000000000,0.050000000000000000,0.050000000000000000
1.052000000000000000,1.086659445046246146,1.300000000000000000,1.300000000000000000,20000.000000000000000000,12001.000000000000000000,16184.615384615384615384,13799.999999999999999999,0.052000000000000000,0.052000000000000000,0.052000000000000000,0.052000000000000000
1.054000000000000000,1.089992500624947921,1.300000000000000000,1.300000000000000000,20000.000000000000000000,12001.000000000000000000,16215.384615384615384615,13849.999999999999999999,0.054000000000000000,0.054000000000000000,0.054000000000000000,0.054000000000000000
1.056000000000000000,1.093325556203649695,1.300000000000000000,1.300000000000000000,20000.000000000000000000,12001.000000000000000000,16246.153846153846153846,13899.999999999999999999,0.056000000000000000,0.056000000000000000,0.056000000000000000,0.056000000000000000
1.058000000000000000,1.096658611782351470,1.300000000000000000,1.300000000000000000,20000.000000000000000000,12001.000000000000000000,16276.923076923076923076,13949.999999999999999999,0.058000000000000000,0.058000000000000000,0.058000000000000000,0.058000000000000000
1.060000000000000000,1.099991667361053245,1.300000000000000000,1.300000000000000000,20000.000000000000000000,12001.000000000000000000,16307.692307692307692307,13999.999999999999999999,0.060000000000000000,0.060000000000000000,0.060000000000000000,0.060000000000000000
1.062000000000000000,1.103324722939755020,1.300000000000000000,1.300000000000000000,20000.000000000000000000,12001.000000000000000000,16338.461538461538461538,14049.999999999999999999,0.062000000000000000,0.062000000000000000,0.062000000000000000,0.062000000000000000
1.064000000000000000,1.106657778518456795,1.300000000000000000,1.300000000000000000,20000.000000000000000000,12001.000000000000000000,16369.230769230769230769,14099.999999999999999999,0.064000000000000000,0.064000000000000000,0.064000000000000000,0.064000000000000000
1.066000000000000000,1.109990834097158570,1.300000000000000000,1.300000000000000000,20000.000000000000000000,12001.000000000000000000,16400.000000000000000000,14150.000000000000000000,0.066000000000000000,0.066000000000000000,0.066000000000000000,0.066000000000000000
1.068000000000000000,1.113323889675860345,1.300000000000000000,1.300000000000000000,20000.000000000000000000,12001.000000000000000000,16430.769230769230769230,14199.999999999999999999,0.068000000000000000,0.068000000000000000,0.068000000000000000,0.068000000000000000
1.070000000000000000,1.116656945254562119,1.300000000000000000,1.300000000000000000,20000.000000000000000000,12001.000000000000000000,16461.538461538461538461,14249.999999999999999999,0.070000000000000000,0.070000000000000000,0.070000000000000000,0.070000000000000000
1.072000000000000000,1.119990000833263894,1.300000000000000000,1.300000000000000000,20000.000000000000000000,12001.000000000000000000,16492.307692307692307692,14299.999999999999999999,0.072000000000000000,0.072000000000000000,0.072000000000000000,0.072000000000000000
1.074000000000000000,1.123323056411965669,1.300000000000000000,1.300000000000000000,20000.000000000000000000,12001.000000000000000000,16523.076923076923076923,14349.999999999999999999,0.074000000000000000,0.074000000000000000,0.074000000000000000,0.074000000000000000
1.076000000000000000,1.126656111990667444,1.300000000000000000,1.300000000000000000,20000.000000000000000000,12001.000000000000000000,16553.846153846153846153,14399.999999999999999999,0.076000000000000000,0.076000000000000000,0.076000000000000000,0.076000000000000000
1.078000000000000000,1.129989167569369219,1.300000000000000000,1.300000000000000000,20000.000000000000000000,12001.000000000000000000,16584.615384615384615384,14449.999999999999999999,0.078000000000000000,0.078000000000000000,0.078000000000000000,0.078000000000000000
1.080000000000000000,1.133322223148070994,1.300000000000000000,1.300000000000000000,20000.000000000000000000,12001.000000000000000000,16615.384615384615384615,14499.999999999999999999,0.080000000000000000,0.080000000000000000,0.080000000000000000,0.080000000000000000
1.082000000000000000,1.136655278726772769,1.300000000000000000,1.300000000000000000,20000.000000000000000000,12001.000000000000000000,16646.153846153846153846,14549.999999999999999999,0.082000000000000000,0.082000000000000000,0.082000000000000000,0.082000000000000000
1.084000000000000000,1.139988334305474543,1.300000000000000000,1.300000000000000000,20000.000000000000000000,12001.000000000000000000,16676.923076923076923076,14599.999999999999999999,0.084000000000000000,0.084000000000000000,0.084000000000000000,0.084000000000000000
1.086000000000000000,1.143321389884176318,1.300000000000000000,1.300000000000000000,20000.000000000000000000,12001.000000000000000000,16707.692307692307692307,14649.999999999999999999,0.086000000000000000,0.086000000000000000,0.086000000000000000,0.086000000000000000
1.088000000000000000,1.146654445462878093,1.300000000000000000,1.300000000000000000,20000.000000000000000000,12001.000000000000000000,16738.461538461538461538,14699.999999999999999999,0.088000000000000000,0.088000000000000000,0.088000000000000000,0.088000000000000000
1.090000000000000000,1.149987501041579868,1.300000000000000000,1.300000000000000000,20000.000000000000000000,12001.000000000000000000,16769.230769230769230769,14749.999999999999999999,0.090000000000000000,0.090000000000000000,0.090000000000000000,0.090000000000000000
1.092000000000000000,1.153320556620281643,1.300000000000000000,1.300000000000000000,20000.000000000000000000,12001.000000000000000000,16800.000000000000000000,14800.000000000000000000,0.092000000000000000,0.092000000000000000,0.092000000000000000,0.092000000000000000
1.094000000000000000,1.156653612198983418,1.300000000000000000,1.300000000000000000,20000.000000000000000000,12001.000000000000000000,16830.769230769230769230,14849.999999999999999999,0.094000000000000000,0.094000000000000000,0.094000000000000000,0.094000000000000000
1.096000000000000000,1.159986667777685192,1.300000000000000000,1.300000000000000000,20000.000000000000000000,12001.000000000000000000,16861.538461538461538461,14899.999999999999999999,0.096000000000000000,0.096000000000000000,0.096000000000000000,0.096000000000000000
1.098000000000000000,1.163319723356386967,1.300000000000000000,1.300000000000000000,20000.000000000000000000,12001.000000000000000000,16892.307692307692307692,14949.999999999999999999,0.098000000000000000,0.098000000000000000,0.098000000000000000,0.098000000000000000
1.100000000000000000,1.166652778935088742,1.300000000000000000,1.300000000000000000,20000.000000000000000000,12001.000000000000000000,16923.076923076923076923,14999.999999999999999999,0.100000000000000000,0.100000000000000000,0.100000000000000000,0.100000000000000000
1.102000000000000000,1.169985834513790517,1.300000000000000000,1.300000000000000000,20000.000000000000000000,12001.000000000000000000,16953.846153846153846153,15049.999999999999999999,0.102000000000000000,0.102000000000000000,0.102000000000000000,0.102000000000000000
1.104000000000000000,1.173318890092492292,1.300000000000000000,1.300000000000000000,20000.000000000000000000,12001.000000000000000000,16984.615384615384615384,15099.999999999999999999,0.104000000000000000,0.104000000000000000,0.104000000000000000,0.104000000000000000
1.106000000000000000,1.176651945671194067,1.300000000000000000,1.300000000000000000,20000.000000000000000000,12001.000000000000000000,17015.384615384615384615,15149.999999999999999999,0.106000000000000000,0.106000000000000000,0.106000000000000000,0.106000000000000000
1.108000000000000000,1.179985001249895842,1.300000000000000000,1.300000000000000000,20000.000000000000000000,12001.000000000000000000,17046.153846153846153846,15199.999999999999999999,0.108000000000000000,0.108000000000000000,0.108000000000000000,0.108000000000000000
1.110000000000000000,1.183318056828597616,1.300000000000000000,1.300000000000000000,20000.000000000000000000,12001.000000000000000000,17076.923076923076923076,15249.999999999999999999,0.110000000000000000,0.110000000000000000,0.110000000000000000,0.110000000000000000
1.112000000000000000,1.186651112407299391,1.300000000000000000,1.300000000000000000,20000.000000000000000000,12001.000000000000000000,17107.692307692307692307,15299.999999999999999999,0.112000000000000000,0.112000000000000000,0.112000000000000000,0.112000000000000000
1.114000000000000000,1.189984167986001166,1.300000000000000000,1.300000000000000000,20000.000000000000000000,12001.000000000000000000,17138.461538461538461538,15349.999999999999999999,0.114000000000000000,0.114000000000000000,0.114000000000000000,0.114000000000000000
1.116000000000000000,1.193317223564702941,1.300000000000000000,1.300000000000000000,20000.000000000000000000,12001.000000000000000000,17169.230769230769230769,15399.999999999999999999,0.116000000000000000,0.116000000000000000,0.116000000000000000,0.116000000000000000
1.118000000000000000,1.196650279143404716,1.300000000000000000,1.300000000000000000,20000.000000000000000000,12001.000000000000000000,17200.000000000000000000,15450.000000000000000000,0.118000000000000000,0.118000000000000000,0.118000000000000000,0.118000000000000000
1.120000000000000000,1.199983334722106491,1.300000000000000000,1.300000000000000000,20000.000000000000000000,12001.000000000000000000,17230.769230769230769230,15499.999999999999999999,0.120000000000000000,0.120000000000000000,0.120000000000000000,0.120000000000000000
1.122000000000000000,1.203316390300808266,1.300000000000000000,1.300000000000000000,20000.000000000000000000,12001.000000000000000000,17261.538461538461538461,15549.999999999999999999,0.122000000000000000,0.122000000000000000,0.122000000000000000,0.122000000000000000
1.124000000000000000,1.206649445879510040,1.300000000000000000,1.300000000000000000,20000.000000000000000000,12001.000000000000000000,17292.307692307692307692,15599.999999999999999999,0.124000000000000000,0.124000000000000000,0.124000000000000000,0.124000000000000000
1.126000000000000000,1.209982501458211815,1.300000000000000000,1.300000000000000000,20000.000000000000000000,12001.000000000000000000,17323.076923076923076923,15649.999999999999999999,0.126000000000000000,0.126000000000000000,0.126000000000000000,0.126000000000000000
1.128000000000000000,1.213315557036913590,1.300000000000000000,1.300000000000000000,20000.000000000000000000,12001.000000000000000000,17353.846153846153846153,15699.999999999999999999,0.128000000000000000,0.128000000000000000,0.128000000000000000,0.128000000000000000
1.130000000000000000,1.216648612615615365,1.300000000000000000,1.300000000000000000,20000.000000000000000000,12001.000000000000000000,17384.615384615384615384,15749.999999999999999999,0.130000000000000000,0.130000000000000000,0.130000000000000000,0.130000000000000000
1.132000000000000000,1.219981668194317140,1.300000000000000000,1.300000000000000000,20000.000000000000000000,12001.000000000000000000,17415.384615384615384615,15799.999999999999999999,0.132000000000000000,0.132000000000000000,0.132000000000000000,0.132000000000000000
1.134000000000000000,1.223314723773018915,1.300000000000000000,1.300000000000000000,20000.000000000000000000,12001.000000000000000000,17446.153846153846153846,15849.999999999999999999,0.134000000000000000,0.134000000000000000,0.134000000000000000,0.134000000000000000
1.136000000000000000,1.226647779351720689,1.300000000000000000,1.300000000000000000,20000.000000000000000000,12001.000000000000000000,17476.923076923076923076,15899.999999999999999999,0.136000000000000000,0.136000000000000000,0.136000000000000000,0.136000000000000000
1.138000000000000000,1.229980834930422464,1.300000000000000000,1.300000000000000000,20000.000000000000000000,12001.000000000000000000,17507.692307692307692307,15949.999999999999999999,0.138000000000000000,0.138000000000000000,0.138000000000000000,0.138000000000000000
1.140000000000000000,1.233313890509124239,1.300000000000000000,1.300000000000000000,20000.000000000000000000,12001.000000000000000000,17538.461538461538461538,15999.999999999999999999,0.140000000000000000,0.140000000000000000,0.140000000000000000,0.140000000000000000
1.142000000000000000,1.236646946087826014,1.300000000000000000,1.300000000000000000,20000.000000000000000000,12001.000000000000000000,17569.230769230769230769,16049.999999999999999999,0.142000000000000000,0.142000000000000000,0.142000000000000000,0.142000000000000000
1.144000000000000000,1.239980001666527789,1.300000000000000000,1.300000000000000000,20000.000000000000000000,12001.000000000000000000,17600.000000000000000000,16100.000000000000000000,0.144000000000000000,0.144000000000000000,0.144000000000000000,0.144000000000000000
1.146000000000000000,1.243313057245229564,1.300000000000000000,1.300000000000000000,20000.000000000000000000,12001.000000000000000000,17630.769230769230769230,16149.999999999999999999,0.146000000000000000,0.146000000000000000,0.146000000000000000,0.146000000000000000
1.148000000000000000,1.246646112823931339,1.300000000000000000,1.300000000000000000,20000.000000000000000000,12001.000000000000000000,17661.538461538461538461,16199.999999999999999999,0.148000000000000000,0.148000000000000000,0.148000000000000000,0.148000000000000000
1.150000000000000000,1.249979168402633113,1.300000000000000000,1.300000000000000000,20000.000000000000000000,12001.000000000000000000,17692.307692307692307692,16249.999999999999999999,0.150000000000000000,0.150000000000000000,0.150000000000000000,0.150000000000000000
1.152000000000000000,1.253312223981334888,1.300000000000000000,1.300000000000000000,20000.000000000000000000,12001.000000000000000000,17723.076923076923076923,16299.999999999999999999,0.152000000000000000,0.152000000000000000,0.152000000000000000,0.152000000000000000
1.154000000000000000,1.256645279560036663,1.300000000000000000,1.300000000000000000,20000.000000000000000000,12001.000000000000000000,17753.846153846153846153,16349.999999999999999999,0.154000000000000000,0.154000000000000000,0.154000000000000000,0.154000000000000000
1.156000000000000000,1.259978335138738438,1.300000000000000000,1.300000000000000000,20000.000000000000000000,12001.000000000000000000,17784.615384615384615384,16399.999999999999999999,0.156000000000000000,0.156000000000000000,0.156000000000000000,0.156000000000000000
1.158000000000000000,1.263311390717440213,1.300000000000000000,1.300000000000000000,20000.000000000000000000,12001.000000000000000000,17815.384615384615384615,16449.999999999999999999,0.158000000000000000,0.158000000000000000,0.158000000000000000,0.158000000000000000
1.160000000000000000,1.266644446296141988,1.300000000000000000,1.300000000000000000,20000.000000000000000000,12001.000000000000000000,17846.153846153846153846,16499.999999999999999999,0.160000000000000000,0.160000000000000000,0.160000000000000000,0.160000000000000000
1.162000000000000000,1.269977501874843763,1.300000000000000000,1.300000000000000000,20000.000000000000000000,12001.000000000000000000,17876.923076923076923076,16549.999999999999999999,0.162000000000000000,0.162000000000000000,0.162000000000000000,0.162000000000000000
1.164000000000000000,1.273310557453545537,1.300000000000000000,1.300000000000000000,20000.000000000000000000,12001.000000000000000000,17907.692307692307692307,16599.999999999999999999,0.164000000000000000,0.164000000000000000,0.164000000000000000,0.164000000000000000
1.166000000000000000,1.276643613032247312,1.300000000000000000,1.300000000000000000,20000.000000000000000000,12001.000000000000000000,17938.461538461538461538,16649.999999999999999999,0.166000000000000000,0.166000000000000000,0.166000000000000000,0.166000000000000000
1.168000000000000000,1.279976668610949087,1.300000000000000000,1.300000000000000000,20000.000000000000000000,12001.000000000000000000,17969.230769230769230769,16699.999999999999999999,0.168000000000000000,0.168000000000000000,0.168000000000000000,0.168000000000000000
1.170000000000000000,1.283309724189650862,1.300000000000000000,1.300000000000000000,20000.000000000000000000,12001.000000000000000000,18000.000000000000000000,16750.000000000000000000,0.170000000000000000,0.170000000000000000,0.170000000000000000,0.170000000000000000
1.172000000000000000,1.286642779768352637,1.300000000000000000,1.300000000000000000,20000.000000000000000000,12001.000000000000000000,18030.769230769230769230,16799.999999999999999999,0.172000000000000000,0.172000000000000000,0.172000000000000000,0.172000000000000000
1.174000000000000000,1.289975835347054412,1.300000000000000000,1.300000000000000000,20000.000000000000000000,12001.000000000000000000,18061.538461538461538461,16849.999999999999999999,0.174000000000000000,0.174000000000000000,0.174000000000000000,0.174000000000000000
1.176000000000000000,1.293308890925756187,1.300000000000000000,1.300000000000000000,20000.000000000000000000,12001.000000000000000000,18092.307692307692307692,16899.999999999999999999,0.176000000000000000,0.176000000000000000,0.176000000000000000,0.176000000000000000
1.178000000000000000,1.296641946504457961,1.300000000000000000,1.300000000000000000,20000.000000000000000000,12001.000000000000000000,18123.076923076923076923,16949.999999999999999999,0.178000000000000000,0.178000000000000000,0.178000000000000000,0.178000000000000000
1.180000000000000000,1.299975002083159736,1.300000000000000000,1.300000000000000000,20000.000000000000000000,12001.000000000000000000,18153.846153846153846153,16999.999999999999999999,0.180000000000000000,0.180000000000000000,0.180000000000000000,0.180000000000000000
1.182000000000000000,1.300000000000000000,1.300000000000000000,1.300000000000000000,20000.000000000000000000,12133.333333333333333334,18184.615384615384615384,17049.999999999999999999,0.182000000000000000,0.182000000000000000,0.182000000000000000,0.182000000000000000
1.184000000000000000,1.300000000000000000,1.300000000000000000,1.300000000000000000,20000.000000000000000000,12266.666666666666666667,18215.384615384615384615,17099.999999999999999999,0.184000000000000000,0.184000000000000000,0.184000000000000000,0.184000000000000000
1.186000000000000000,1.300000000000000000,1.300000000000000000,1.300000000000000000,20000.000000000000000000,12400.000000000000000000,18246.153846153846153846,17149.999999999999999999,0.186000000000000000,0.186000000000000000,0.186000000000000000,0.186000000000000000
1.188000000000000000,1.300000000000000000,1.300000000000000000,1.300000000000000000,20000.000000000000000000,12533.333333333333333334,18276.923076923076923076,17199.999999999999999999,0.188000000000000000,0.188000000000000000,0.188000000000000000,0.188000000000000000
1.190000000000000000,1.300000000000000000,1.300000000000000000,1.300000000000000000,20000.000000000000000000,12666.666666666666666667,18307.692307692307692307,17249.999999999999999999,0.190000000000000000,0.190000000000000000,0.190000000000000000,0.190000000000000000
1.192000000000000000,1.300000000000000000,1.300000000000000000,1.300000000000000000,20000.000000000000000000,12800.000000000000000000,18338.461538461538461538,17299.999999999999999999,0.192000000000000000,0.192000000000000000,0.192000000000000000,0.192000000000000000
1.194000000000000000,1.300000000000000000,1.300000000000000000,1.300000000000000000,20000.000000000000000000,12933.333333333333333334,18369.230769230769230769,17349.999999999999999999,0.194000000000000000,0.194000000000000000,0.194000000000000000,0.194000000000000000
1.196000000000000000,1.300000000000000000,1.300000000000000000,1.300000000000000000,20000.000000000000000000,13066.666666666666666667,18400.000000000000000000,17400.000000000000000000,0.196000000000000000,0.196000000000000000,0.196000000000000000,0.196000000000000000
1.198000000000000000,1.300000000000000000,1.300000000000000000,1.300000000000000000,20000.000000000000000000,13200.000000000000000000,18430.769230769230769230,17449.999999999999999999,0.198000000000000000,0.198000000000000000,0.198000000000000000,0.198000000000000000
1.200000000000000000,1.300000000000000000,1.300000000000000000,1.300000000000000000,20000.000000000000000000,13333.333333333333333334,18461.538461538461538461,17499.999999999999999999,0.200000000000000000,0.200000000000000000,0.200000000000000000,0.200000000000000000
1.202000000000000000,1.300000000000000000,1.300000000000000000,1.300000000000000000,20000.000000000000000000,13466.666666666666666667,18492.307692307692307692,17549.999999999999999999,0.202000000000000000,0.202000000000000000,0.202000000000000000,0.202000000000000000
1.204000000000000000,1.300000000000000000,1.300000000000000000,1.300000000000000000,20000.000000000000000000,13600.000000000000000000,18523.076923076923076923,17599.999999999999999999,0.204000000000000000,0.204000000000000000,0.204000000000000000,0.204000000000000000
1.206000000000000000,1.300000000000000000,1.300000000000000000,1.300000000000000000,20000.000000000000000000,13733.333333333333333334,18553.846153846153846153,17649.999999999999999999,0.206000000000000000,0.206000000000000000,0.206000000000000000,0.206000000000000000
1.208000000000000000,1.300000000000000000,1.300000000000000000,1.300000000000000000,20000.000000000000000000,13866.666666666666666667,18584.615384615384615384,17699.999999999999999999,0.208000000000000000,0.208000000000000000,0.208000000000000000,0.208000000000000000
1.210000000000000000,1.300000000000000000,1.300000000000000000,1.300000000000000000,20000.000000000000000000,14000.000000000000000000,18615.384615384615384615,17749.999999999999999999,0.210000000000000000,0.210000000000000000,0.210000000000000000,0.210000000000000000
1.212000000000000000,1.300000000000000000,1.300000000000000000,1.300000000000000000,20000.000000000000000000,14133.333333333333333334,18646.153846153846153846,17799.999999999999999999,0.212000000000000000,0.212000000000000000,0.212000000000000000,0.212000000000000000
1.214000000000000000,1.300000000000000000,1.300000000000000000,1.300000000000000000,20000.000000000000000000,14266.666666666666666667,18676.923076923076923076,17849.999999999999999999,0.214000000000000000,0.214000000000000000,0.214000000000000000,0.214000000000000000
1.216000000000000000,1.300000000000000000,1.300000000000000000,1.300000000000000000,20000.000000000000000000,14400.000000000000000000,18707.692307692307692307,17899.999999999999999999,0.216000000000000000,0.216000000000000000,0.216000000000000000,0.216000000000000000
1.218000000000000000,1.300000000000000000,1.300000000000000000,1.300000000000000000,20000.000000000000000000,14533.333333333333333334,18738.461538461538461538,17949.999999999999999999,0.218000000000000000,0.218000000000000000,0.218000000000000000,0.218000000000000000
1.220000000000000000,1.300000000000000000,1.300000000000000000,1.300000000000000000,20000.000000000000000000,14666.666666666666666667,18769.230769230769230769,17999.999999999999999999,0.220000000000000000,0.220000000000000000,0.220000000000000000,0.220000000000000000
1.222000000000000000,1.300000000000000000,1.300000000000000000,1.300000000000000000,20000.000000000000000000,14800.000000000000000000,18800.000000000000000000,18050.000000000000000000,0.222000000000000000,0.222000000000000000,0.222000000000000000,0.222000000000000000
1.224000000000000000,1.300000000000000000,1.300000000000000000,1.300000000000000000,20000.000000000000000000,14933.333333333333333334,18830.769230769230769230,18099.999999999999999999,0.224000000000000000,0.224000000000000000,0.224000000000000000,0.224000000000000000
1.226000000000000000,1.300000000000000000,1.300000000000000000,1.300000000000000000,20000.000000000000000000,15066.666666666666666667,18861.538461538461538461,18149.999999999999999999,0.226000000000000000,0.226000000000000000,0.226000000000000000,0.226000000000000000
1.228000000000000000,1.300000000000000000,1.300000000000000000,1.300000000000000000,20000.000000000000000000,15200.000000000000000000,18892.307692307692307692,18199.999999999999999999,0.228000000000000000,0.228000000000000000,0.228000000000000000,0.228000000000000000
1.230000000000000000,1.300000000000000000,1.300000000000000000,1.300000000000000000,20000.000000000000000000,15333.333333333333333334,18923.076923076923076923,18249.999999999999999999,0.230000000000000000,0.230000000000000000,0.230000000000000000,0.230000000000000000
1.232000000000000000,1.300000000000000000,1.300000000000000000,1.300000000000000000,20000.000000000000000000,15466.666666666666666667,18953.846153846153846153,18299.999999999999999999,0.232000000000000000,0.232000000000000000,0.232000000000000000,0.232000000000000000
1.234000000000000000,1.300000000000000000,1.300000000000000000,1.300000000000000000,20000.000000000000000000,15600.000000000000000000,18984.615384615384615384,18349.999999999999999999,0.234000000000000000,0.234000000000000000,0.234000000000000000,0.234000000000000000
1.236000000000000000,1.300000000000000000,1.300000000000000000,1.300000000000000000,20000.000000000000000000,15733.333333333333333334,19015.384615384615384615,18399.999999999999999999,0.236000000000000000,0.236000000000000000,0.236000000000000000,0.236000000000000000
1.238000000000000000,1.300000000000000000,1.300000000000000000,1.300000000000000000,20000.000000000000000000,15866.666666666666666667,19046.153846153846153846,18449.999999999999999999,0.238000000000000000,0.238000000000000000,0.238000000000000000,0.238000000000000000
1.240000000000000000,1.300000000000000000,1.300000000000000000,1.300000000000000000,20000.000000000000000000,16000.000000000000000000,19076.923076923076923076,18499.999999999999999999,0.240000000000000000,0.240000000000000000,0.240000000000000000,0.240000000000000000
1.242000000000000000,1.300000000000000000,1.300000000000000000,1.300000000000000000,20000.000000000000000000,16133.333333333333333334,19107.692307692307692307,18549.999999999999999999,0.242000000000000000,0.242000000000000000,0.242000000000000000,0.242000000000000000
1.244000000000000000,1.300000000000000000,1.300000000000000000,1.300000000000000000,20000.000000000000000000,16266.666666666666666667,19138.461538461538461538,18599.999999999999999999,0.244000000000000000,0.244000000000000000,0.244000000000000000,0.244000000000000000
1.246000000000000000,1.300000000000000000,1.300000000000000000,1.300000000000000000,20000.000000000000000000,16400.000000000000000000,19169.230769230769230769,18649.999999999999999999,0.246000000000000000,0.246000000000000000,0.246000000000000000,0.246000000000000000
1.248000000000000000,1.300000000000000000,1.300000000000000000,1.300000000000000000,20000.000000000000000000,16533.333333333333333334,19200.000000000000000000,18700.000000000000000000,0.248000000000000000,0.248000000000000000,0.248000000000000000,0.248000000000000000
1.250000000000000000,1.300000000000000000,1.300000000000000000,1.300000000000000000,20000.000000000000000000,16666.666666666666666667,19230.769230769230769230,18749.999999999999999999,0.250000000000000000,0.250000000000000000,0.250000000000000000,0.250000000000000000
1.252000000000000000,1.300000000000000000,1.300000000000000000,1.300000000000000000,20000.000000000000000000,16800.000000000000000000,19261.538461538461538461,18799.999999999999999999,0.252000000000000000,0.252000000000000000,0.252000000000000000,0.252000000000000000
1.254000000000000000,1.300000000000000000,1.300000000000000000,1.300000000000000000,20000.000000000000000000,16933.333333333333333334,19292.307692307692307692,18849.999999999999999999,0.254000000000000000,0.254000000000000000,0.254000000000000000,0.254000000000000000
1.256000000000000000,1.300000000000000000,1.300000000000000000,1.300000000000000000,20000.000000000000000000,17066.666666666666666667,19323.076923076923076923,18899.999999999999999999,0.256000000000000000,0.256000000000000000,0.256000000000000000,0.256000000000000000
1.258000000000000000,1.300000000000000000,1.300000000000000000,1.300000000000000000,20000.000000000000000000,17200.000000000000000000,19353.846153846153846153,18949.999999999999999999,0.258000000000000000,0.258000000000000000,0.258000000000000000,0.258000000000000000
1.260000000000000000,1.300000000000000000,1.300000000000000000,1.300000000000000000,20000.000000000000000000,17333.333333333333333334,19384.615384615384615384,18999.999999999999999999,0.260000000000000000,0.260000000000000000,0.260000000000000000,0.260000000000000000
1.262000000000000000,1.300000000000000000,1.300000000000000000,1.300000000000000000,20000.000000000000000000,17466.666666666666666667,19415.384615384615384615,19049.999999999999999999,0.262000000000000000,0.262000000000000000,0.262000000000000000,0.262000000000000000
1.264000000000000000,1.300000000000000000,1.300000000000000000,1.300000000000000000,20000.000000000000000000,17600.000000000000000000,19446.153846153846153846,19099.999999999999999999,0.264000000000000000,0.264000000000000000,0.264000000000000000,0.264000000000000000
1.266000000000000000,1.300000000000000000,1.300000000000000000,1.300000000000000000,20000.000000000000000000,17733.333333333333333334,19476.923076923076923076,19149.999999999999999999,0.266000000000000000,0.266000000000000000,0.266000000000000000,0.266000000000000000
1.268000000000000000,1.300000000000000000,1.300000000000000000,1.300000000000000000,20000.000000000000000000,17866.666666666666666667,19507.692307692307692307,19199.999999999999999999,0.268000000000000000,0.268000000000000000,0.268000000000000000,0.268000000000000000
1.270000000000000000,1.300000000000000000,1.300000000000000000,1.300000000000000000,20000.000000000000000000,18000.000000000000000000,19538.461538461538461538,19249.999999999999999999,0.270000000000000000,0.270000000000000000,0.270000000000000000,0.270000000000000000
1.272000000000000000,1.300000000000000000,1.300000000000000000,1.300000000000000000,20000.000000000000000000,18133.333333333333333334,19569.230769230769230769,19299.999999999999999999,0.272000000000000000,0.272000000000000000,0.272000000000000000,0.272000000000000000
1.274000000000000000,1.300000000000000000,1.300000000000000000,1.300000000000000000,20000.000000000000000000,18266.666666666666666667,19600.000000000000000000,19350.000000000000000000,0.274000000000000000,0.274000000000000000,0.274000000000000000,0.274000000000000000
1.276000000000000000,1.300000000000000000,1.300000000000000000,1.300000000000000000,20000.000000000000000000,18400.000000000000000000,19630.769230769230769230,19399.999999999999999999,0.276000000000000000,0.276000000000000000,0.276000000000000000,0.276000000000000000
1.278000000000000000,1.300000000000000000,1.300000000000000000,1.300000000000000000,20000.000000000000000000,18533.333333333333333334,19661.538461538461538461,19449.999999999999999999,0.278000000000000000,0.278000000000000000,0.278000000000000000,0.278000000000000000
1.280000000000000000,1.300000000000000000,1.300000000000000000,1.300000000000000000,20000.000000000000000000,18666.666666666666666667,19692.307692307692307692,19499.999999999999999999,0.280000000000000000,0.280000000000000000,0.280000000000000000,0.280000000000000000
1.282000000000000000,1.300000000000000000,1.300000000000000000,1.300000000000000000,20000.000000000000000000,18800.000000000000000000,19723.076923076923076923,19549.999999999999999999,0.282000000000000000,0.282000000000000000,0.282000000000000000,0.282000000000000000
1.284000000000000000,1.300000000000000000,1.300000000000000000,1.300000000000000000,20000.000000000000000000,18933.333333333333333334,19753.846153846153846153,19599.999999999999999999,0.284000000000000000,0.284000000000000000,0.284000000000000000,0.284000000000000000
1.286000000000000000,1.300000000000000000,1.300000000000000000,1.300000000000000000,20000.000000000000000000,19066.666666666666666667,19784.615384615384615384,19649.999999999999999999,0.286000000000000000,0.286000000000000000,0.286000000000000000,0.286000000000000000
1.288000000000000000,1.300000000000000000,1.300000000000000000,1.300000000000000000,20000.000000000000000000,19200.000000000000000000,19815.384615384615384615,19699.999999999999999999,0.288000000000000000,0.288000000000000000,0.288000000000000000,0.288000000000000000
1.290000000000000000,1.300000000000000000,1.300000000000000000,1.300000000000000000,20000.000000000000000000,19333.333333333333333334,19846.153846153846153846,19749.999999999999999999,0.290000000000000000,0.290000000000000000,0.290000000000000000,0.290000000000000000
1.292000000000000000,1.300000000000000000,1.300000000000000000,1.300000000000000000,20000.000000000000000000,19466.666666666666666667,19876.923076923076923076,19799.999999999999999999,0.292000000000000000,0.292000000000000000,0.292000000000000000,0.292000000000000000
1.294000000000000000,1.300000000000000000,1.300000000000000000,1.300000000000000000,20000.000000000000000000,19600.000000000000000000,19907.692307692307692307,19849.999999999999999999,0.294000000000000000,0.294000000000000000,0.294000000000000000,0.294000000000000000
1.296000000000000000,1.300000000000000000,1.300000000000000000,1.300000000000000000,20000.000000000000000000,19733.333333333333333334,19938.461538461538461538,19899.999999999999999999,0.296000000000000000,0.296000000000000000,0.296000000000000000,0.296000000000000000
1.298000000000000000,1.300000000000000000,1.300000000000000000,1.300000000000000000,20000.000000000000000000,19866.666666666666666667,19969.230769230769230769,19949.999999999999999999,0.298000000000000000,0.298000000000000000,0.298000000000000000,0.298000000000000000
1.300000000000000000,1.300000000000000000,1.300000000000000000,1.300000000000000000,20000.000000000000000000,20000.000000000000000000,20000.000000000000000000,20000.000000000000000000,0.300000000000000000,0.300000000000000000,0.300000000000000000,0.300000000000000000
1.302000000000000000,1.302000000000000000,1.302000000000000000,1.302000000000000000,20000.000000000000000000,20000.000000000000000000,20000.000000000000000000,20000.000000000000000000,0.302000000000000000,0.302000000000000000,0.302000000000000000,0.302000000000000000
1.304000000000000000,1.304000000000000000,1.304000000000000000,1.304000000000000000,20000.000000000000000000,20000.000000000000000000,20000.000000000000000000,20000.000000000000000000,0.304000000000000000,0.304000000000000000,0.304000000000000000,0.304000000000000000
1.306000000000000000,1.306000000000000000,1.306000000000000000,1.306000000000000000,20000.000000000000000000,20000.000000000000000000,20000.000000000000000000,20000.000000000000000000,0.306000000000000000,0.306000000000000000,0.306000000000000000,0.306000000000000000
1.308000000000000000,1.308000000000000000,1.308000000000000000,1.308000000000000000,20000.000000000000000000,20000.000000000000000000,20000.000000000000000000,20000.000000000000000000,0.308000000000000000,0.308000000000000000,0.308000000000000000,0.308000000000000000
1.310000000000000000,1.310000000000000000,1.310000000000000000,1.310000000000000000,20000.000000000000000000,20000.000000000000000000,20000.000000000000000000,20000.000000000000000000,0.310000000000000000,0.310000000000000000,0.310000000000000000,0.310000000000000000
1.312000000000000000,1.312000000000000000,1.312000000000000000,1.312000000000000000,20000.000000000000000000,20000.000000000000000000,20000.000000000000000000,20000.000000000000000000,0.312000000000000000,0.312000000000000000,0.312000000000000000,0.312000000000000000
1.314000000000000000,1.314000000000000000,1.314000000000000000,1.314000000000000000,20000.000000000000000000,20000.000000000000000000,20000.000000000000000000,20000.000000000000000000,0.314000000000000000,0.314000000000000000,0.314000000000000000,0.314000000000000000
1.316000000000000000,1.316000000000000000,1.316000000000000000,1.316000000000000000,20000.000000000000000000,20000.000000000000000000,20000.000000000000000000,20000.000000000000000000,0.316000000000000000,0.316000000000000000,0.316000000000000000,0.316000000000000000
1.318000000000000000,1.318000000000000000,1.318000000000000000,1.318000000000000000,20000.000000000000000000,20000.000000000000000000,20000.000000000000000000,20000.000000000000000000,0.318000000000000000,0.318000000000000000,0.318000000000000000,0.318000000000000000
1.320000000000000000,1.320000000000000000,1.320000000000000000,1.320000000000000000,20000.000000000000000000,20000.000000000000000000,20000.000000000000000000,20000.000000000000000000,0.320000000000000000,0.320000000000000000,0.320000000000000000,0.320000000000000000
1.322000000000000000,1.322000000000000000,1.322000000000000000,1.322000000000000000,20000.000000000000000000,20000.000000000000000000,20000.000000000000000000,20000.000000000000000000,0.322000000000000000,0.322000000000000000,0.322000000000000000,0.322000000000000000
1.324000000000000000,1.324000000000000000,1.324000000000000000,1.324000000000000000,20000.000000000000000000,20000.000000000000000000,20000.000000000000000000,20000.000000000000000000,0.324000000000000000,0.324000000000000000,0.324000000000000000,0.324000000000000000
1.326000000000000000,1.326000000000000000,1.326000000000000000,1.326000000000000000,20000.000000000000000000,20000.000000000000000000,20000.000000000000000000,20000.000000000000000000,0.326000000000000000,0.326000000000000000,0.326000000000000000,0.326000000000000000
1.328000000000000000,1.328000000000000000,1.328000000000000000,1.328000000000000000,20000.000000000000000000,20000.000000000000000000,20000.000000000000000000,20000.000000000000000000,0.328000000000000000,0.328000000000000000,0.328000000000000000,0.328000000000000000
1.330000000000000000,1.330000000000000000,1.330000000000000000,1.330000000000000000,20000.000000000000000000,20000.000000000000000000,20000.000000000000000000,20000.000000000000000000,0.330000000000000000,0.330000000000000000,0.330000000000000000,0.330000000000000000
1.332000000000000000,1.332000000000000000,1.332000000000000000,1.332000000000000000,20000.000000000000000000,20000.000000000000000000,20000.000000000000000000,20000.000000000000000000,0.332000000000000000,0.332000000000000000,0.332000000000000000,0.332000000000000000
1.334000000000000000,1.334000000000000000,1.334000000000000000,1.334000000000000000,20000.000000000000000000,20000.000000000000000000,20000.000000000000000000,20000.000000000000000000,0.334000000000000000,0.334000000000000000,0.334000000000000000,0.334000000000000000
1.336000000000000000,1.336000000000000000,1.336000000000000000,1.336000000000000000,20000.000000000000000000,20000.000000000000000000,20000.000000000000000000,20000.000000000000000000,0.336000000000000000,0.336000000000000000,0.336000000000000000,0.336000000000000000
1.338000000000000000,1.338000000000000000,1.338000000000000000,1.338000000000000000,20000.000000000000000000,20000.000000000000000000,20000.000000000000000000,20000.000000000000000000,0.338000000000000000,0.338000000000000000,0.338000000000000000,0.338000000000000000
1.340000000000000000,1.340000000000000000,1.340000000000000000,1.340000000000000000,20000.000000000000000000,20000.000000000000000000,20000.000000000000000000,20000.000000000000000000,0.340000000000000000,0.340000000000000000,0.340000000000000000,0.340000000000000000
1.342000000000000000,1.342000000000000000,1.342000000000000000,1.342000000000000000,20000.000000000000000000,20000.000000000000000000,20000.000000000000000000,20000.000000000000000000,0.342000000000000000,0.342000000000000000,0.342000000000000000,0.342000000000000000
1.344000000000000000,1.344000000000000000,1.344000000000000000,1.344000000000000000,20000.000000000000000000,20000.000000000000000000,20000.000000000000000000,20000.000000000000000000,0.344000000000000000,0.344000000000000000,0.344000000000000000,0.344000000000000000
1.346000000000000000,1.346000000000000000,1.346000000000000000,1.346000000000000000,20000.000000000000000000,20000.000000000000000000,20000.000000000000000000,20000.000000000000000000,0.346000000000000000,0.346000000000000000,0.346000000000000000,0.346000000000000000
1.348000000000000000,1.348000000000000000,1.348000000000000000,1.348000000000000000,20000.000000000000000000,20000.000000000000000000,20000.000000000000000000,20000.000000000000000000,0.348000000000000000,0.348000000000000000,0.348000000000000000,0.348000000000000000
1.350000000000000000,1.350000000000000000,1.350000000000000000,1.350000000000000000,20000.000000000000000000,20000.000000000000000000,20000.000000000000000000,20000.000000000000000000,0.350000000000000000,0.350000000000000000,0.350000000000000000,0.350000000000000000
1.352000000000000000,1.352000000000000000,1.352000000000000000,1.352000000000000000,20000.000000000000000000,20000.000000000000000000,20000.000000000000000000,20000.000000000000000000,0.352000000000000000,0.352000000000000000,0.352000000000000000,0.352000000000000000
1.354000000000000000,1.354000000000000000,1.354000000000000000,1.354000000000000000,20000.000000000000000000,20000.000000000000000000,20000.000000000000000000,20000.000000000000000000,0.354000000000000000,0.354000000000000000,0.354000000000000000,0.354000000000000000
1.356000000000000000,1.356000000000000000,1.356000000000000000,1.356000000000000000,20000.000000000000000000,20000.000000000000000000,20000.000000000000000000,20000.000000000000000000,0.356000000000000000,0.356000000000000000,0.356000000000000000,0.356000000000000000
1.358000000000000000,1.358000000000000000,1.358000000000000000,1.358000000000000000,20000.000000000000000000,20000.000000000000000000,20000.000000000000000000,20000.000000000000000000,0.358000000000000000,0.358000000000000000,0.358000000000000000,0.358000000000000000
1.360000000000000000,1.360000000000000000,1.360000000000000000,1.360000000000000000,20000.000000000000000000,20000.000000000000000000,20000.000000000000000000,20000.000000000000000000,0.360000000000000000,0.360000000000000000,0.360000000000000000,0.360000000000000000
1.362000000000000000,1.362000000000000000,1.362000000000000000,1.362000000000000000,20000.000000000000000000,20000.000000000000000000,20000.000000000000000000,20000.000000000000000000,0.362000000000000000,0.362000000000000000,0.362000000000000000,0.362000000000000000
1.364000000000000000,1.364000000000000000,1.364000000000000000,1.364000000000000000,20000.000000000000000000,20000.000000000000000000,20000.000000000000000000,20000.000000000000000000,0.364000000000000000,0.364000000000000000,0.364000000000000000,0.364000000000000000
1.366000000000000000,1.366000000000000000,1.366000000000000000,1.366000000000000000,20000.000000000000000000,20000.000000000000000000,20000.000000000000000000,20000.000000000000000000,0.366000000000000000,0.366000000000000000,0.366000000000000000,0.366000000000000000
1.368000000000000000,1.368000000000000000,1.368000000000000000,1.368000000000000000,20000.000000000000000000,20000.000000000000000000,20000.000000000000000000,20000.000000000000000000,0.368000000000000000,0.368000000000000000,0.368000000000000000,0.368000000000000000
1.370000000000000000,1.370000000000000000,1.370000000000000000,1.370000000000000000,20000.000000000000000000,20000.000000000000000000,20000.000000000000000000,20000.000000000000000000,0.370000000000000000,0.370000000000000000,0.370000000000000000,0.370000000000000000
1.372000000000000000,1.372000000000000000,1.372000000000000000,1.372000000000000000,20000.000000000000000000,20000.000000000000000000,20000.000000000000000000,20000.000000000000000000,0.372000000000000000,0.372000000000000000,0.372000000000000000,0.372000000000000000
1.374000000000000000,1.374000000000000000,1.374000000000000000,1.374000000000000000,20000.000000000000000000,20000.000000000000000000,20000.000000000000000000,20000.000000000000000000,0.374000000000000000,0.374000000000000000,0.374000000000000000,0.374000000000000000
1.376000000000000000,1.376000000000000000,1.376000000000000000,1.376000000000000000,20000.000000000000000000,20000.000000000000000000,20000.000000000000000000,20000.000000000000000000,0.376000000000000000,0.376000000000000000,0.376000000000000000,0.376000000000000000
1.378000000000000000,1.378000000000000000,1.378000000000000000,1.378000000000000000,20000.000000000000000000,20000.000000000000000000,20000.000000000000000000,20000.000000000000000000,0.378000000000000000,0.378000000000000000,0.378000000000000000,0.378000000000000000
1.380000000000000000,1.380000000000000000,1.380000000000000000,1.380000000000000000,20000.000000000000000000,20000.000000000000000000,20000.000000000000000000,20000.000000000000000000,0.380000000000000000,0.380000000000000000,0.380000000000000000,0.380000000000000000
1.382000000000000000,1.382000000000000000,1.382000000000000000,1.382000000000000000,20000.000000000000000000,20000.000000000000000000,20000.000000000000000000,20000.000000000000000000,0.382000000000000000,0.382000000000000000,0.382000000000000000,0.382000000000000000
1.384000000000000000,1.384000000000000000,1.384000000000000000,1.384000000000000000,20000.000000000000000000,20000.000000000000000000,20000.000000000000000000,20000.000000000000000000,0.384000000000000000,0.384000000000000000,0.384000000000000000,0.384000000000000000
1.386000000000000000,1.386000000000000000,1.386000000000000000,1.386000000000000000,20000.000000000000000000,20000.000000000000000000,20000.000000000000000000,20000.000000000000000000,0.386000000000000000,0.386000000000000000,0.386000000000000000,0.386000000000000000
1.388000000000000000,1.388000000000000000,1.388000000000000000,1.388000000000000000,20000.000000000000000000,20000.000000000000000000,20000.000000000000000000,20000.000000000000000000,0.388000000000000000,0.388000000000000000,0.388000000000000000,0.388000000000000000
1.390000000000000000,1.390000000000000000,1.390000000000000000,1.390000000000000000,20000.000000000000000000,20000.000000000000000000,20000.000000000000000000,20000.000000000000000000,0.390000000000000000,0.390000000000000000,0.390000000000000000,0.390000000000000000
1.392000000000000000,1.392000000000000000,1.392000000000000000,1.392000000000000000,20000.000000000000000000,20000.000000000000000000,20000.000000000000000000,20000.000000000000000000,0.392000000000000000,0.392000000000000000,0.392000000000000000,0.392000000000000000
1.394000000000000000,1.394000000000000000,1.394000000000000000,1.394000000000000000,20000.000000000000000000,20000.000000000000000000,20000.000000000000000000,20000.000000000000000000,0.394000000000000000,0.394000000000000000,0.394000000000000000,0.394000000000000000
1.396000000000000000,1.396000000000000000,1.396000000000000000,1.396000000000000000,20000.000000000000000000,20000.000000000000000000,20000.000000000000000000,20000.000000000000000000,0.396000000000000000,0.396000000000000000,0.396000000000000000,0.396000000000000000
1.398000000000000000,1.398000000000000000,1.398000000000000000,1.398000000000000000,20000.000000000000000000,20000.000000000000000000,20000.000000000000000000,20000.000000000000000000,0.398000000000000000,0.398000000000000000,0.398000000000000000,0.398000000000000000
1.400000000000000000,1.400000000000000000,1.400000000000000000,1.400000000000000000,20000.000000000000000000,20000.000000000000000000,20000.000000000000000000,20000.000000000000000000,0.400000000000000000,0.400000000000000000,0.400000000000000000,0.400000000000000000
1.402000000000000000,1.402000000000000000,1.402000000000000000,1.402000000000000000,20000.000000000000000000,20000.000000000000000000,20000.000000000000000000,20000.000000000000000000,0.402000000000000000,0.402000000000000000,0.402000000000000000,0.402000000000000000
1.404000000000000000,1.404000000000000000,1.404000000000000000,1.404000000000000000,20000.000000000000000000,20000.000000000000000000,20000.000000000000000000,20000.000000000000000000,0.404000000000000000,0.404000000000000000,0.404000000000000000,0.404000000000000000
1.406000000000000000,1.406000000000000000,1.406000000000000000,1.406000000000000000,20000.000000000000000000,20000.000000000000000000,20000.000000000000000000,20000.000000000000000000,0.406000000000000000,0.406000000000000000,0.406000000000000000,0.406000000000000000
1.408000000000000000,1.408000000000000000,1.408000000000000000,1.408000000000000000,20000.000000000000000000,20000.000000000000000000,20000.000000000000000000,20000.000000000000000000,0.408000000000000000,0.408000000000000000,0.408000000000000000,0.408000000000000000
1.410000000000000000,1.410000000000000000,1.410000000000000000,1.410000000000000000,20000.000000000000000000,20000.000000000000000000,20000.000000000000000000,20000.000000000000000000,0.410000000000000000,0.410000000000000000,0.410000000000000000,0.410000000000000000
1.412000000000000000,1.412000000000000000,1.412000000000000000,1.412000000000000000,20000.000000000000000000,20000.000000000000000000,20000.000000000000000000,20000.000000000000000000,0.412000000000000000,0.412000000000000000,0.412000000000000000,0.412000000000000000
1.414000000000000000,1.414000000000000000,1.414000000000000000,1.414000000000000000,20000.000000000000000000,20000.000000000000000000,20000.000000000000000000,20000.000000000000000000,0.414000000000000000,0.414000000000000000,0.414000000000000000,0.414000000000000000
1.416000000000000000,1.416000000000000000,1.416000000000000000,1.416000000000000000,20000.000000000000000000,20000.000000000000000000,20000.000000000000000000,20000.000000000000000000,0.416000000000000000,0.416000000000000000,0.416000000000000000,0.416000000000000000
1.418000000000000000,1.418000000000000000,1.418000000000000000,1.418000000000000000,20000.000000000000000000,20000.000000000000000000,20000.000000000000000000,20000.000000000000000000,0.418000000000000000,0.418000000000000000,0.418000000000000000,0.418000000000000000
1.420000000000000000,1.420000000000000000,1.420000000000000000,1.420000000000000000,20000.000000000000000000,20000.000000000000000000,20000.000000000000000000,20000.000000000000000000,0.420000000000000000,0.420000000000000000,0.420000000000000000,0.420000000000000000
1.422000000000000000,1.422000000000000000,1.422000000000000000,1.422000000000000000,20000.000000000000000000,20000.000000000000000000,20000.000000000000000000,20000.000000000000000000,0.422000000000000000,0.422000000000000000,0.422000000000000000,0.422000000000000000
1.424000000000000000,1.424000000000000000,1.424000000000000000,1.424000000000000000,20000.000000000000000000,20000.000000000000000000,20000.000000000000000000,20000.000000000000000000,0.424000000000000000,0.424000000000000000,0.424000000000000000,0.424000000000000000
1.426000000000000000,1.426000000000000000,1.426000000000000000,1.426000000000000000,20000.000000000000000000,20000.000000000000000000,20000.000000000000000000,20000.000000000000000000,0.426000000000000000,0.426000000000000000,0.426000000000000000,0.426000000000000000
1.428000000000000000,1.428000000000000000,1.428000000000000000,1.428000000000000000,20000.000000000000000000,20000.000000000000000000,20000.000000000000000000,20000.000000000000000000,0.428000000000000000,0.428000000000000000,0.428000000000000000,0.428000000000000000
1.430000000000000000,1.430000000000000000,1.430000000000000000,1.430000000000000000,20000.000000000000000000,20000.000000000000000000,20000.000000000000000000,20000.000000000000000000,0.430000000000000000,0.430000000000000000,0.430000000000000000,0.430000000000000000
1.432000000000000000,1.432000000000000000,1.432000000000000000,1.432000000000000000,20000.000000000000000000,20000.000000000000000000,20000.000000000000000000,20000.000000000000000000,0.432000000000000000,0.432000000000000000,0.432000000000000000,0.432000000000000000
1.434000000000000000,1.434000000000000000,1.434000000000000000,1.434000000000000000,20000.000000000000000000,20000.000000000000000000,20000.000000000000000000,20000.000000000000000000,0.434000000000000000,0.434000000000000000,0.434000000000000000,0.434000000000000000
1.436000000000000000,1.436000000000000000,1.436000000000000000,1.436000000000000000,20000.000000000000000000,20000.000000000000000000,20000.000000000000000000,20000.000000000000000000,0.436000000000000000,0.436000000000000000,0.436000000000000000,0.436000000000000000
1.438000000000000000,1.438000000000000000,1.438000000000000000,1.438000000000000000,20000.000000000000000000,20000.000000000000000000,20000.000000000000000000,20000.000000000000000000,0.438000000000000000,0.438000000000000000,0.438000000000000000,0.438000000000000000
1.440000000000000000,1.440000000000000000,1.440000000000000000,1.440000000000000000,20000.000000000000000000,20000.000000000000000000,20000.000000000000000000,20000.000000000000000000,0.440000000000000000,0.440000000000000000,0.440000000000000000,0.440000000000000000
1.442000000000000000,1.442000000000000000,1.442000000000000000,1.442000000000000000,20000.000000000000000000,20000.000000000000000000,20000.000000000000000000,20000.000000000000000000,0.442000000000000000,0.442000000000000000,0.442000000000000000,0.442000000000000000
1.444000000000000000,1.444000000000000000,1.444000000000000000,1.444000000000000000,20000.000000000000000000,20000.000000000000000000,20000.000000000000000000,20000.000000000000000000,0.444000000000000000,0.444000000000000000,0.444000000000000000,0.444000000000000000
1.446000000000000000,1.446000000000000000,1.446000000000000000,1.446000000000000000,20000.000000000000000000,20000.000000000000000000,20000.000000000000000000,20000.000000000000000000,0.446000000000000000,0.446000000000000000,0.446000000000000000,0.446000000000000000
1.448000000000000000,1.448000000000000000,1.448000000000000000,1.448000000000000000,20000.000000000000000000,20000.000000000000000000,20000.000000000000000000,20000.000000000000000000,0.448000000000000000,0.448000000000000000,0.448000000000000000,0.448000000000000000
1.450000000000000000,1.450000000000000000,1.450000000000000000,1.450000000000000000,20000.000000000000000000,20000.000000000000000000,20000.000000000000000000,20000.000000000000000000,0.450000000000000000,0.450000000000000000,0.450000000000000000,0.450000000000000000
1.452000000000000000,1.452000000000000000,1.452000000000000000,1.452000000000000000,20000.000000000000000000,20000.000000000000000000,20000.000000000000000000,20000.000000000000000000,0.452000000000000000,0.452000000000000000,0.452000000000000000,0.452000000000000000
1.454000000000000000,1.454000000000000000,1.454000000000000000,1.454000000000000000,20000.000000000000000000,20000.000000000000000000,20000.000000000000000000,20000.000000000000000000,0.454000000000000000,0.454000000000000000,0.454000000000000000,0.454000000000000000
1.456000000000000000,1.456000000000000000,1.456000000000000000,1.456000000000000000,20000.000000000000000000,20000.000000000000000000,20000.000000000000000000,20000.000000000000000000,0.456000000000000000,0.456000000000000000,0.456000000000000000,0.456000000000000000
1.458000000000000000,1.458000000000000000,1.458000000000000000,1.458000000000000000,20000.000000000000000000,20000.000000000000000000,20000.000000000000000000,20000.000000000000000000,0.458000000000000000,0.458000000000000000,0.458000000000000000,0.458000000000000000
1.460000000000000000,1.460000000000000000,1.460000000000000000,1.460000000000000000,20000.000000000000000000,20000.000000000000000000,20000.000000000000000000,20000.000000000000000000,0.460000000000000000,0.460000000000000000,0.460000000000000000,0.460000000000000000
1.462000000000000000,1.462000000000000000,1.462000000000000000,1.462000000000000000,20000.000000000000000000,20000.000000000000000000,20000.000000000000000000,20000.000000000000000000,0.462000000000000000,0.462000000000000000,0.462000000000000000,0.462000000000000000
1.464000000000000000,1.464000000000000000,1.464000000000000000,1.464000000000000000,20000.000000000000000000,20000.000000000000000000,20000.000000000000000000,20000.000000000000000000,0.464000000000000000,0.464000000000000000,0.464000000000000000,0.464000000000000000
1.466000000000000000,1.466000000000000000,1.466000000000000000,1.466000000000000000,20000.000000000000000000,20000.000000000000000000,20000.000000000000000000,20000.000000000000000000,0.466000000000000000,0.466000000000000000,0.466000000000000000,0.466000000000000000
1.468000000000000000,1.468000000000000000,1.468000000000000000,1.468000000000000000,20000.000000000000000000,20000.000000000000000000,20000.000000000000000000,20000.000000000000000000,0.468000000000000000,0.468000000000000000,0.468000000000000000,0.468000000000000000
1.470000000000000000,1.470000000000000000,1.470000000000000000,1.470000000000000000,20000.000000000000000000,20000.000000000000000000,20000.000000000000000000,20000.000000000000000000,0.470000000000000000,0.470000000000000000,0.470000000000000000,0.470000000000000000
1.472000000000000000,1.472000000000000000,1.472000000000000000,1.472000000000000000,20000.000000000000000000,20000.000000000000000000,20000.000000000000000000,20000.000000000000000000,0.472000000000000000,0.472000000000000000,0.472000000000000000,0.472000000000000000
1.474000000000000000,1.474000000000000000,1.474000000000000000,1.474000000000000000,20000.000000000000000000,20000.000000000000000000,20000.000000000000000000,20000.000000000000000000,0.474000000000000000,0.474000000000000000,0.474000000000000000,0.474000000000000000
1.476000000000000000,1.476000000000000000,1.476000000000000000,1.476000000000000000,20000.000000000000000000,20000.000000000000000000,20000.000000000000000000,20000.000000000000000000,0.476000000000000000,0.476000000000000000,0.476000000000000000,0.476000000000000000
1.478000000000000000,1.478000000000000000,1.478000000000000000,1.478000000000000000,20000.000000000000000000,20000.000000000000000000,20000.000000000000000000,20000.000000000000000000,0.478000000000000000,0.478000000000000000,0.478000000000000000,0.478000000000000000
1.480000000000000000,1.480000000000000000,1.480000000000000000,1.480000000000000000,20000.000000000000000000,20000.000000000000000000,20000.000000000000000000,20000.000000000000000000,0.480000000000000000,0.480000000000000000,0.480000000000000000,0.480000000000000000
1.482000000000000000,1.482000000000000000,1.482000000000000000,1.482000000000000000,20000.000000000000000000,20000.000000000000000000,20000.000000000000000000,20000.000000000000000000,0.482000000000000000,0.482000000000000000,0.482000000000000000,0.482000000000000000
1.484000000000000000,1.484000000000000000,1.484000000000000000,1.484000000000000000,20000.000000000000000000,20000.000000000000000000,20000.000000000000000000,20000.000000000000000000,0.484000000000000000,0.484000000000000000,0.484000000000000000,0.484000000000000000
1.486000000000000000,1.486000000000000000,1.486000000000000000,1.486000000000000000,20000.000000000000000000,20000.000000000000000000,20000.000000000000000000,20000.000000000000000000,0.486000000000000000,0.486000000000000000,0.486000000000000000,0.486000000000000000
1.488000000000000000,1.488000000000000000,1.488000000000000000,1.488000000000000000,20000.000000000000000000,20000.000000000000000000,20000.000000000000000000,20000.000000000000000000,0.488000000000000000,0.488000000000000000,0.488000000000000000,0.488000000000000000
1.490000000000000000,1.490000000000000000,1.490000000000000000,1.490000000000000000,20000.000000000000000000,20000.000000000000000000,20000.000000000000000000,20000.000000000000000000,0.490000000000000000,0.490000000000000000,0.490000000000000000,0.490000000000000000
1.492000000000000000,1.492000000000000000,1.492000000000000000,1.492000000000000000,20000.000000000000000000,20000.000000000000000000,20000.000000000000000000,20000.000000000000000000,0.492000000000000000,0.492000000000000000,0.492000000000000000,0.492000000000000000
1.494000000000000000,1.494000000000000000,1.494000000000000000,1.494000000000000000,20000.000000000000000000,20000.000000000000000000,20000.000000000000000000,20000.000000000000000000,0.494000000000000000,0.494000000000000000,0.494000000000000000,0.494000000000000000
1.496000000000000000,1.496000000000000000,1.496000000000000000,1.496000000000000000,20000.000000000000000000,20000.000000000000000000,20000.000000000000000000,20000.000000000000000000,0.496000000000000000,0.496000000000000000,0.496000000000000000,0.496000000000000000
1.498000000000000000,1.498000000000000000,1.498000000000000000,1.498000000000000000,20000.000000000000000000,20000.000000000000000000,20000.000000000000000000,20000.000000000000000000,0.498000000000000000,0.498000000000000000,0.498000000000000000,0.498000000000000000
1.500000000000000000,1.500000000000000000,1.500000000000000000,1.500000000000000000,20000.000000000000000000,20000.000000000000000000,20000.000000000000000000,20000.000000000000000000,0.500000000000000000,0.500000000000000000,0.500000000000000000,0.500000000000000000
1.502000000000000000,1.502000000000000000,1.502000000000000000,1.502000000000000000,20000.000000000000000000,20000.000000000000000000,20000.000000000000000000,20000.000000000000000000,0.502000000000000000,0.502000000000000000,0.502000000000000000,0.502000000000000000
1.504000000000000000,1.504000000000000000,1.504000000000000000,1.504000000000000000,20000.000000000000000000,20000.000000000000000000,20000.000000000000000000,20000.000000000000000000,0.504000000000000000,0.504000000000000000,0.504000000000000000,0.504000000000000000
1.506000000000000000,1.506000000000000000,1.506000000000000000,1.506000000000000000,20000.000000000000000000,20000.000000000000000000,20000.000000000000000000,20000.000000000000000000,0.506000000000000000,0.506000000000000000,0.506000000000000000,0.506000000000000000
1.508000000000000000,1.508000000000000000,1.508000000000000000,1.508000000000000000,20000.000000000000000000,20000.000000000000000000,20000.000000000000000000,20000.000000000000000000,0.508000000000000000,0.508000000000000000,0.508000000000000000,0.508000000000000000
1.510000000000000000,1.510000000000000000,1.510000000000000000,1.510000000000000000,20000.000000000000000000,20000.000000000000000000,20000.000000000000000000,20000.000000000000000000,0.510000000000000000,0.510000000000000000,0.510000000000000000,0.510000000000000000
1.512000000000000000,1.512000000000000000,1.512000000000000000,1.512000000000000000,20000.000000000000000000,20000.000000000000000000,20000.000000000000000000,20000.000000000000000000,0.512000000000000000,0.512000000000000000,0.512000000000000000,0.512000000000000000
1.514000000000000000,1.514000000000000000,1.514000000000000000,1.514000000000000000,20000.000000000000000000,20000.000000000000000000,20000.000000000000000000,20000.000000000000000000,0.514000000000000000,0.514000000000000000,0.514000000000000000,0.514000000000000000
1.516000000000000000,1.516000000000000000,1.516000000000000000,1.516000000000000000,20000.000000000000000000,20000.000000000000000000,20000.000000000000000000,20000.000000000000000000,0.516000000000000000,0.516000000000000000,0.516000000000000000,0.516000000000000000
1.518000000000000000,1.518000000000000000,1.518000000000000000,1.518000000000000000,20000.000000000000000000,20000.000000000000000000,20000.000000000000000000,20000.000000000000000000,0.518000000000000000,0.518000000000000000,0.518000000000000000,0.518000000000000000
1.520000000000000000,1.520000000000000000,1.520000000000000000,1.520000000000000000,20000.000000000000000000,20000.000000000000000000,20000.000000000000000000,20000.000000000000000000,0.520000000000000000,0.520000000000000000,0.520000000000000000,0.520000000000000000
1.522000000000000000,1.522000000000000000,1.522000000000000000,1.522000000000000000,20000.000000000000000000,20000.000000000000000000,20000.000000000000000000,20000.000000000000000000,0.522000000000000000,0.522000000000000000,0.522000000000000000,0.522000000000000000
1.524000000000000000,1.524000000000000000,1.524000000000000000,1.524000000000000000,20000.000000000000000000,20000.000000000000000000,20000.000000000000000000,20000.000000000000000000,0.524000000000000000,0.524000000000000000,0.524000000000000000,0.524000000000000000
1.526000000000000000,1.526000000000000000,1.526000000000000000,1.526000000000000000,20000.000000000000000000,20000.000000000000000000,20000.000000000000000000,20000.000000000000000000,0.526000000000000000,0.526000000000000000,0.526000000000000000,0.526000000000000000
1.528000000000000000,1.528000000000000000,1.528000000000000000,1.528000000000000000,20000.000000000000000000,20000.000000000000000000,20000.000000000000000000,20000.000000000000000000,0.528000000000000000,0.528000000000000000,0.528000000000000000,0.528000000000000000
1.530000000000000000,1.530000000000000000,1.530000000000000000,1.530000000000000000,20000.000000000000000000,20000.000000000000000000,20000.000000000000000000,20000.000000000000000000,0.530000000000000000,0.530000000000000000,0.530000000000000000,0.530000000000000000
1.532000000000000000,1.532000000000000000,1.532000000000000000,1.532000000000000000,20000.000000000000000000,20000.000000000000000000,20000.000000000000000000,20000.000000000000000000,0.532000000000000000,0.532000000000000000,0.532000000000000000,0.532000000000000000
1.534000000000000000,1.534000000000000000,1.534000000000000000,1.534000000000000000,20000.000000000000000000,20000.000000000000000000,20000.000000000000000000,20000.000000000000000000,0.534000000000000000,0.534000000000000000,0.534000000000000000,0.534000000000000000
1.536000000000000000,1.536000000000000000,1.536000000000000000,1.536000000000000000,20000.000000000000000000,20000.000000000000000000,20000.000000000000000000,20000.000000000000000000,0.536000000000000000,0.536000000000000000,0.536000000000000000,0.536000000000000000
1.538000000000000000,1.538000000000000000,1.538000000000000000,1.538000000000000000,20000.000000000000000000,20000.000000000000000000,20000.000000000000000000,20000.000000000000000000,0.538000000000000000,0.538000000000000000,0.538000000000000000,0.538000000000000000
1.540000000000000000,1.540000000000000000,1.540000000000000000,1.540000000000000000,20000.000000000000000000,20000.000000000000000000,20000.000000000000000000,20000.000000000000000000,0.540000000000000000,0.540000000000000000,0.540000000000000000,0.540000000000000000
1.542000000000000000,1.542000000000000000,1.542000000000000000,1.542000000000000000,20000.000000000000000000,20000.000000000000000000,20000.000000000000000000,20000.000000000000000000,0.542000000000000000,0.542000000000000000,0.542000000000000000,0.542000000000000000
1.544000000000000000,1.544000000000000000,1.544000000000000000,1.544000000000000000,20000.000000000000000000,20000.000000000000000000,20000.000000000000000000,20000.000000000000000000,0.544000000000000000,0.544000000000000000,0.544000000000000000,0.544000000000000000
1.546000000000000000,1.546000000000000000,1.546000000000000000,1.546000000000000000,20000.000000000000000000,20000.000000000000000000,20000.000000000000000000,20000.000000000000000000,0.546000000000000000,0.546000000000000000,0.546000000000000000,0.546000000000000000
1.548000000000000000,1.548000000000000000,1.548000000000000000,1.548000000000000000,20000.000000000000000000,20000.000000000000000000,20000.000000000000000000,20000.000000000000000000,0.548000000000000000,0.548000000000000000,0.548000000000000000,0.548000000000000000
1.550000000000000000,1.550000000000000000,1.550000000000000000,1.550000000000000000,20000.000000000000000000,20000.000000000000000000,20000.000000000000000000,20000.000000000000000000,0.550000000000000000,0.550000000000000000,0.550000000000000000,0.550000000000000000
1.552000000000000000,1.552000000000000000,1.552000000000000000,1.552000000000000000,20000.000000000000000000,20000.000000000000000000,20000.000000000000000000,20000.000000000000000000,0.552000000000000000,0.552000000000000000,0.552000000000000000,0.552000000000000000
1.554000000000000000,1.554000000000000000,1.554000000000000000,1.554000000000000000,20000.000000000000000000,20000.000000000000000000,20000.000000000000000000,20000.000000000000000000,0.554000000000000000,0.554000000000000000,0.554000000000000000,0.554000000000000000
1.556000000000000000,1.556000000000000000,1.556000000000000000,1.556000000000000000,20000.000000000000000000,20000.000000000000000000,20000.000000000000000000,20000.000000000000000000,0.556000000000000000,0.556000000000000000,0.556000000000000000,0.556000000000000000
1.558000000000000000,1.558000000000000000,1.558000000000000000,1.558000000000000000,20000.000000000000000000,20000.000000000000000000,20000.000000000000000000,20000.000000000000000000,0.558000000000000000,0.558000000000000000,0.558000000000000000,0.558000000000000000
1.560000000000000000,1.560000000000000000,1.560000000000000000,1.560000000000000000,20000.000000000000000000,20000.000000000000000000,20000.000000000000000000,20000.000000000000000000,0.560000000000000000,0.560000000000000000,0.560000000000000000,0.560000000000000000
1.562000000000000000,1.562000000000000000,1.562000000000000000,1.562000000000000000,20000.000000000000000000,20000.000000000000000000,20000.000000000000000000,20000.000000000000000000,0.562000000000000000,0.562000000000000000,0.562000000000000000,0.562000000000000000
1.564000000000000000,1.564000000000000000,1.564000000000000000,1.564000000000000000,20000.000000000000000000,20000.000000000000000000,20000.000000000000000000,20000.000000000000000000,0.564000000000000000,0.564000000000000000,0.564000000000000000,0.564000000000000000
1.566000000000000000,1.566000000000000000,1.566000000000000000,1.566000000000000000,20000.000000000000000000,20000.000000000000000000,20000.000000000000000000,20000.000000000000000000,0.566000000000000000,0.566000000000000000,0.566000000000000000,0.566000000000000000
1.568000000000000000,1.568000000000000000,1.568000000000000000,1.568000000000000000,20000.000000000000000000,20000.000000000000000000,20000.000000000000000000,20000.000000000000000000,0.568000000000000000,0.568000000000000000,0.568000000000000000,0.568000000000000000
1.570000000000000000,1.570000000000000000,1.570000000000000000,1.570000000000000000,20000.000000000000000000,20000.000000000000000000,20000.000000000000000000,20000.000000000000000000,0.570000000000000000,0.570000000000000000,0.570000000000000000,0.570000000000000000
1.572000000000000000,1.572000000000000000,1.572000000000000000,1.572000000000000000,20000.000000000000000000,20000.000000000000000000,20000.000000000000000000,20000.000000000000000000,0.572000000000000000,0.572000000000000000,0.572000000000000000,0.572000000000000000
1.574000000000000000,1.574000000000000000,1.574000000000000000,1.574000000000000000,20000.000000000000000000,20000.000000000000000000,20000.000000000000000000,20000.000000000000000000,0.574000000000000000,0.574000000000000000,0.574000000000000000,0.574000000000000000
1.576000000000000000,1.576000000000000000,1.576000000000000000,1.576000000000000000,20000.000000000000000000,20000.000000000000000000,20000.000000000000000000,20000.000000000000000000,0.576000000000000000,0.576000000000000000,0.576000000000000000,0.576000000000000000
1.578000000000000000,1.578000000000000000,1.578000000000000000,1.578000000000000000,20000.000000000000000000,20000.000000000000000000,20000.000000000000000000,20000.000000000000000000,0.578000000000000000,0.578000000000000000,0.578000000000000000,0.578000000000000000
1.580000000000000000,1.580000000000000000,1.580000000000000000,1.580000000000000000,20000.000000000000000000,20000.000000000000000000,20000.000000000000000000,20000.000000000000000000,0.580000000000000000,0.580000000000000000,0.580000000000000000,0.580000000000000000
1.582000000000000000,1.582000000000000000,1.582000000000000000,1.582000000000000000,20000.000000000000000000,20000.000000000000000000,20000.000000000000000000,20000.000000000000000000,0.582000000000000000,0.582000000000000000,0.582000000000000000,0.582000000000000000
1.584000000000000000,1.584000000000000000,1.584000000000000000,1.584000000000000000,20000.000000000000000000,20000.000000000000000000,20000.000000000000000000,20000.000000000000000000,0.584000000000000000,0.584000000000000000,0.584000000000000000,0.584000000000000000
1.586000000000000000,1.586000000000000000,1.586000000000000000,1.586000000000000000,20000.000000000000000000,20000.000000000000000000,20000.000000000000000000,20000.000000000000000000,0.586000000000000000,0.586000000000000000,0.586000000000000000,0.586000000000000000
1.588000000000000000,1.588000000000000000,1.588000000000000000,1.588000000000000000,20000.000000000000000000,20000.000000000000000000,20000.000000000000000000,20000.000000000000000000,0.588000000000000000,0.588000000000000000,0.588000000000000000,0.588000000000000000
1.590000000000000000,1.590000000000000000,1.590000000000000000,1.590000000000000000,20000.000000000000000000,20000.000000000000000000,20000.000000000000000000,20000.000000000000000000,0.590000000000000000,0.590000000000000000,0.590000000000000000,0.590000000000000000
1.592000000000000000,1.592000000000000000,1.592000000000000000,1.592000000000000000,20000.000000000000000000,20000.000000000000000000,20000.000000000000000000,20000.000000000000000000,0.592000000000000000,0.592000000000000000,0.592000000000000000,0.592000000000000000
1.594000000000000000,1.594000000000000000,1.594000000000000000,1.594000000000000000,20000.000000000000000000,20000.000000000000000000,20000.000000000000000000,20000.000000000000000000,0.594000000000000000,0.594000000000000000,0.594000000000000000,0.594000000000000000
1.596000000000000000,1.596000000000000000,1.596000000000000000,1.596000000000000000,20000.000000000000000000,20000.000000000000000000,20000.000000000000000000,20000.000000000000000000,0.596000000000000000,0.596000000000000000,0.596000000000000000,0.596000000000000000
1.598000000000000000,1.598000000000000000,1.598000000000000000,1.598000000000000000,20000.000000000000000000,20000.000000000000000000,20000.000000000000000000,20000.000000000000000000,0.598000000000000000,0.598000000000000000,0.598000000000000000,0.598000000000000000
1.600000000000000000,1.600000000000000000,1.600000000000000000,1.600000000000000000,20000.000000000000000000,20000.000000000000000000,20000.000000000000000000,20000.000000000000000000,0.600000000000000000,0.600000000000000000,0.600000000000000000,0.600000000000000000
