collateral ratio swept to,user collateral after,StabilityPoolCollateral collateral after,user leveraged after,StabilityPoolLeveraged leveraged after,,minter collateral after,user StabilityPoolCollateral balance after,user StabilityPoolLeveraged balance after,leveraged token price after
0.002000000000000000,0.000000000000000000,0.000000000000000000,489951.000000000000000000,489951.000000000000000000,0.000000000000000000,20.000000000000000000,0.000000000000000000,1.000000000000000000,0.000001568778176726
0.004000000000000000,0.000000000000000000,0.000000000000000000,489951.000000000000000000,489951.000000000000000000,0.000000000000000000,20.000000000000000000,0.000000000000000000,1.000000000000000000,0.000003137556353453
0.006000000000000000,0.000000000000000000,0.000000000000000000,489951.000000000000000000,489951.000000000000000000,0.000000000000000000,20.000000000000000000,0.000000000000000000,1.000000000000000000,0.000004706334530180
0.008000000000000000,0.000000000000000000,0.000000000000000000,489951.000000000000000000,489951.000000000000000000,0.000000000000000000,20.000000000000000000,0.000000000000000000,1.000000000000000000,0.000006275112706907
0.010000000000000000,0.000000000000000000,0.000000000000000000,489951.000000000000000000,489951.000000000000000000,0.000000000000000000,20.000000000000000000,0.000000000000000000,1.000000000000000000,0.000007843890883633
0.012000000000000000,0.000000000000000000,0.000000000000000000,489951.000000000000000000,489951.000000000000000000,0.000000000000000000,20.000000000000000000,0.000000000000000000,1.000000000000000000,0.000009412669060360
0.014000000000000000,0.000000000000000000,0.000000000000000000,489951.000000000000000000,489951.000000000000000000,0.000000000000000000,20.000000000000000000,0.000000000000000000,1.000000000000000000,0.000010981447237087
0.016000000000000000,0.000000000000000000,0.000000000000000000,489951.000000000000000000,489951.000000000000000000,0.000000000000000000,20.000000000000000000,0.000000000000000000,1.000000000000000000,0.000012550225413814
0.018000000000000000,0.000000000000000000,0.000000000000000000,489951.000000000000000000,489951.000000000000000000,0.000000000000000000,20.000000000000000000,0.000000000000000000,1.000000000000000000,0.000014119003590541
0.020000000000000000,0.000000000000000000,0.000000000000000000,489951.000000000000000000,489951.000000000000000000,0.000000000000000000,20.000000000000000000,0.000000000000000000,1.000000000000000000,0.000015687781767267
0.022000000000000000,0.000000000000000000,0.000000000000000000,489951.000000000000000000,489951.000000000000000000,0.000000000000000000,20.000000000000000000,0.000000000000000000,1.000000000000000000,0.000017256559943994
0.024000000000000000,0.000000000000000000,0.000000000000000000,489951.000000000000000000,489951.000000000000000000,0.000000000000000000,20.000000000000000000,0.000000000000000000,1.000000000000000000,0.000018825338120721
0.026000000000000000,0.000000000000000000,0.000000000000000000,489951.000000000000000000,489951.000000000000000000,0.000000000000000000,20.000000000000000000,0.000000000000000000,1.000000000000000000,0.000020394116297448
0.028000000000000000,0.000000000000000000,0.000000000000000000,489951.000000000000000000,489951.000000000000000000,0.000000000000000000,20.000000000000000000,0.000000000000000000,1.000000000000000000,0.000021962894474174
0.030000000000000000,0.000000000000000000,0.000000000000000000,489951.000000000000000000,489951.000000000000000000,0.000000000000000000,20.000000000000000000,0.000000000000000000,1.000000000000000000,0.000023531672650901
0.032000000000000000,0.000000000000000000,0.000000000000000000,489951.000000000000000000,489951.000000000000000000,0.000000000000000000,20.000000000000000000,0.000000000000000000,1.000000000000000000,0.000025100450827628
0.034000000000000000,0.000000000000000000,0.000000000000000000,489951.000000000000000000,489951.000000000000000000,0.000000000000000000,20.000000000000000000,0.000000000000000000,1.000000000000000000,0.000026669229004355
0.036000000000000000,0.000000000000000000,0.000000000000000000,489951.000000000000000000,489951.000000000000000000,0.000000000000000000,20.000000000000000000,0.000000000000000000,1.000000000000000000,0.000028238007181082
0.038000000000000000,0.000000000000000000,0.000000000000000000,489951.000000000000000000,489951.000000000000000000,0.000000000000000000,20.000000000000000000,0.000000000000000000,1.000000000000000000,0.000029806785357808
0.040000000000000000,0.000000000000000000,0.000000000000000000,489951.000000000000000000,489951.000000000000000000,0.000000000000000000,20.000000000000000000,0.000000000000000000,1.000000000000000000,0.000031375563534535
0.042000000000000000,0.000000000000000000,0.000000000000000000,489951.000000000000000000,489951.000000000000000000,0.000000000000000000,20.000000000000000000,0.000000000000000000,1.000000000000000000,0.000032944341711262
0.044000000000000000,0.000000000000000000,0.000000000000000000,489951.000000000000000000,489951.000000000000000000,0.000000000000000000,20.000000000000000000,0.000000000000000000,1.000000000000000000,0.000034513119887989
0.046000000000000000,0.000000000000000000,0.000000000000000000,489951.000000000000000000,489951.000000000000000000,0.000000000000000000,20.000000000000000000,0.000000000000000000,1.000000000000000000,0.000036081898064716
0.048000000000000000,0.000000000000000000,0.000000000000000000,489951.000000000000000000,489951.000000000000000000,0.000000000000000000,20.000000000000000000,0.000000000000000000,1.000000000000000000,0.000037650676241442
0.050000000000000000,0.000000000000000000,0.000000000000000000,489951.000000000000000000,489951.000000000000000000,0.000000000000000000,20.000000000000000000,0.000000000000000000,1.000000000000000000,0.000039219454418169
0.052000000000000000,0.000000000000000000,0.000000000000000000,489951.000000000000000000,489951.000000000000000000,0.000000000000000000,20.000000000000000000,0.000000000000000000,1.000000000000000000,0.000040788232594896
0.054000000000000000,0.000000000000000000,0.000000000000000000,489951.000000000000000000,489951.000000000000000000,0.000000000000000000,20.000000000000000000,0.000000000000000000,1.000000000000000000,0.000042357010771623
0.056000000000000000,0.000000000000000000,0.000000000000000000,489951.000000000000000000,489951.000000000000000000,0.000000000000000000,20.000000000000000000,0.000000000000000000,1.000000000000000000,0.000043925788948349
0.058000000000000000,0.000000000000000000,0.000000000000000000,489951.000000000000000000,489951.000000000000000000,0.000000000000000000,20.000000000000000000,0.000000000000000000,1.000000000000000000,0.000045494567125076
0.060000000000000000,0.000000000000000000,0.000000000000000000,489951.000000000000000000,489951.000000000000000000,0.000000000000000000,20.000000000000000000,0.000000000000000000,1.000000000000000000,0.000047063345301803
0.062000000000000000,0.000000000000000000,0.000000000000000000,489951.000000000000000000,489951.000000000000000000,0.000000000000000000,20.000000000000000000,0.000000000000000000,1.000000000000000000,0.000048632123478530
0.064000000000000000,0.000000000000000000,0.000000000000000000,489951.000000000000000000,489951.000000000000000000,0.000000000000000000,20.000000000000000000,0.000000000000000000,1.000000000000000000,0.000050200901655257
0.066000000000000000,0.000000000000000000,0.000000000000000000,489951.000000000000000000,489951.000000000000000000,0.000000000000000000,20.000000000000000000,0.000000000000000000,1.000000000000000000,0.000051769679831983
0.068000000000000000,0.000000000000000000,0.000000000000000000,489951.000000000000000000,489951.000000000000000000,0.000000000000000000,20.000000000000000000,0.000000000000000000,1.000000000000000000,0.000053338458008710
0.070000000000000000,0.000000000000000000,0.000000000000000000,489951.000000000000000000,489951.000000000000000000,0.000000000000000000,20.000000000000000000,0.000000000000000000,1.000000000000000000,0.000054907236185437
0.072000000000000000,0.000000000000000000,0.000000000000000000,489951.000000000000000000,489951.000000000000000000,0.000000000000000000,20.000000000000000000,0.000000000000000000,1.000000000000000000,0.000056476014362164
0.074000000000000000,0.000000000000000000,0.000000000000000000,489951.000000000000000000,489951.000000000000000000,0.000000000000000000,20.000000000000000000,0.000000000000000000,1.000000000000000000,0.000058044792538890
0.076000000000000000,0.000000000000000000,0.000000000000000000,489951.000000000000000000,489951.000000000000000000,0.000000000000000000,20.000000000000000000,0.000000000000000000,1.000000000000000000,0.000059613570715617
0.078000000000000000,0.000000000000000000,0.000000000000000000,489951.000000000000000000,489951.000000000000000000,0.000000000000000000,20.000000000000000000,0.000000000000000000,1.000000000000000000,0.000061182348892344
0.080000000000000000,0.000000000000000000,0.000000000000000000,489951.000000000000000000,489951.000000000000000000,0.000000000000000000,20.000000000000000000,0.000000000000000000,1.000000000000000000,0.000062751127069071
0.082000000000000000,0.000000000000000000,0.000000000000000000,489951.000000000000000000,489951.000000000000000000,0.000000000000000000,20.000000000000000000,0.000000000000000000,1.000000000000000000,0.000064319905245798
0.084000000000000000,0.000000000000000000,0.000000000000000000,489951.000000000000000000,489951.000000000000000000,0.000000000000000000,20.000000000000000000,0.000000000000000000,1.000000000000000000,0.000065888683422524
0.086000000000000000,0.000000000000000000,0.000000000000000000,489951.000000000000000000,489951.000000000000000000,0.000000000000000000,20.000000000000000000,0.000000000000000000,1.000000000000000000,0.000067457461599251
0.088000000000000000,0.000000000000000000,0.000000000000000000,489951.000000000000000000,489951.000000000000000000,0.000000000000000000,20.000000000000000000,0.000000000000000000,1.000000000000000000,0.000069026239775978
0.090000000000000000,0.000000000000000000,0.000000000000000000,489951.000000000000000000,489951.000000000000000000,0.000000000000000000,20.000000000000000000,0.000000000000000000,1.000000000000000000,0.000070595017952705
0.092000000000000000,0.000000000000000000,0.000000000000000000,489951.000000000000000000,489951.000000000000000000,0.000000000000000000,20.000000000000000000,0.000000000000000000,1.000000000000000000,0.000072163796129432
0.094000000000000000,0.000000000000000000,0.000000000000000000,489951.000000000000000000,489951.000000000000000000,0.000000000000000000,20.000000000000000000,0.000000000000000000,1.000000000000000000,0.000073732574306158
0.096000000000000000,0.000000000000000000,0.000000000000000000,489951.000000000000000000,489951.000000000000000000,0.000000000000000000,20.000000000000000000,0.000000000000000000,1.000000000000000000,0.000075301352482885
0.098000000000000000,0.000000000000000000,0.000000000000000000,489951.000000000000000000,489951.000000000000000000,0.000000000000000000,20.000000000000000000,0.000000000000000000,1.000000000000000000,0.000076870130659612
0.100000000000000000,0.000000000000000000,0.000000000000000000,489951.000000000000000000,489951.000000000000000000,0.000000000000000000,20.000000000000000000,0.000000000000000000,1.000000000000000000,0.000078438908836339
0.102000000000000000,0.000000000000000000,0.000000000000000000,489951.000000000000000000,489951.000000000000000000,0.000000000000000000,20.000000000000000000,0.000000000000000000,1.000000000000000000,0.000080007687013065
0.104000000000000000,0.000000000000000000,0.000000000000000000,489951.000000000000000000,489951.000000000000000000,0.000000000000000000,20.000000000000000000,0.000000000000000000,1.000000000000000000,0.000081576465189792
0.106000000000000000,0.000000000000000000,0.000000000000000000,489951.000000000000000000,489951.000000000000000000,0.000000000000000000,20.000000000000000000,0.000000000000000000,1.000000000000000000,0.000083145243366519
0.108000000000000000,0.000000000000000000,0.000000000000000000,489951.000000000000000000,489951.000000000000000000,0.000000000000000000,20.000000000000000000,0.000000000000000000,1.000000000000000000,0.000084714021543246
0.110000000000000000,0.000000000000000000,0.000000000000000000,489951.000000000000000000,489951.000000000000000000,0.000000000000000000,20.000000000000000000,0.000000000000000000,1.000000000000000000,0.000086282799719973
0.112000000000000000,0.000000000000000000,0.000000000000000000,489951.000000000000000000,489951.000000000000000000,0.000000000000000000,20.000000000000000000,0.000000000000000000,1.000000000000000000,0.000087851577896699
0.114000000000000000,0.000000000000000000,0.000000000000000000,489951.000000000000000000,489951.000000000000000000,0.000000000000000000,20.000000000000000000,0.000000000000000000,1.000000000000000000,0.000089420356073426
0.116000000000000000,0.000000000000000000,0.000000000000000000,489951.000000000000000000,489951.000000000000000000,0.000000000000000000,20.000000000000000000,0.000000000000000000,1.000000000000000000,0.000090989134250153
0.118000000000000000,0.000000000000000000,0.000000000000000000,489951.000000000000000000,489951.000000000000000000,0.000000000000000000,20.000000000000000000,0.000000000000000000,1.000000000000000000,0.000092557912426880
0.120000000000000000,0.000000000000000000,0.000000000000000000,489951.000000000000000000,489951.000000000000000000,0.000000000000000000,20.000000000000000000,0.000000000000000000,1.000000000000000000,0.000094126690603607
0.122000000000000000,0.000000000000000000,0.000000000000000000,489951.000000000000000000,489951.000000000000000000,0.000000000000000000,20.000000000000000000,0.000000000000000000,1.000000000000000000,0.000095695468780333
0.124000000000000000,0.000000000000000000,0.000000000000000000,489951.000000000000000000,489951.000000000000000000,0.000000000000000000,20.000000000000000000,0.000000000000000000,1.000000000000000000,0.000097264246957060
0.126000000000000000,0.000000000000000000,0.000000000000000000,489951.000000000000000000,489951.000000000000000000,0.000000000000000000,20.000000000000000000,0.000000000000000000,1.000000000000000000,0.000098833025133787
0.128000000000000000,0.000000000000000000,0.000000000000000000,489951.000000000000000000,489951.000000000000000000,0.000000000000000000,20.000000000000000000,0.000000000000000000,1.000000000000000000,0.000100401803310514
0.130000000000000000,0.000000000000000000,0.000000000000000000,489951.000000000000000000,489951.000000000000000000,0.000000000000000000,20.000000000000000000,0.000000000000000000,1.000000000000000000,0.000101970581487240
0.132000000000000000,0.000000000000000000,0.000000000000000000,489951.000000000000000000,489951.000000000000000000,0.000000000000000000,20.000000000000000000,0.000000000000000000,1.000000000000000000,0.000103539359663967
0.134000000000000000,0.000000000000000000,0.000000000000000000,489951.000000000000000000,489951.000000000000000000,0.000000000000000000,20.000000000000000000,0.000000000000000000,1.000000000000000000,0.000105108137840694
0.136000000000000000,0.000000000000000000,0.000000000000000000,489951.000000000000000000,489951.000000000000000000,0.000000000000000000,20.000000000000000000,0.000000000000000000,1.000000000000000000,0.000106676916017421
0.138000000000000000,0.000000000000000000,0.000000000000000000,489951.000000000000000000,489951.000000000000000000,0.000000000000000000,20.000000000000000000,0.000000000000000000,1.000000000000000000,0.000108245694194148
0.140000000000000000,0.000000000000000000,0.000000000000000000,489951.000000000000000000,489951.000000000000000000,0.000000000000000000,20.000000000000000000,0.000000000000000000,1.000000000000000000,0.000109814472370874
0.142000000000000000,0.000000000000000000,0.000000000000000000,489951.000000000000000000,489951.000000000000000000,0.000000000000000000,20.000000000000000000,0.000000000000000000,1.000000000000000000,0.000111383250547601
0.144000000000000000,0.000000000000000000,0.000000000000000000,489951.000000000000000000,489951.000000000000000000,0.000000000000000000,20.000000000000000000,0.000000000000000000,1.000000000000000000,0.000112952028724328
0.146000000000000000,0.000000000000000000,0.000000000000000000,489951.000000000000000000,489951.000000000000000000,0.000000000000000000,20.000000000000000000,0.000000000000000000,1.000000000000000000,0.000114520806901055
0.148000000000000000,0.000000000000000000,0.000000000000000000,489951.000000000000000000,489951.000000000000000000,0.000000000000000000,20.000000000000000000,0.000000000000000000,1.000000000000000000,0.000116089585077781
0.150000000000000000,0.000000000000000000,0.000000000000000000,489951.000000000000000000,489951.000000000000000000,0.000000000000000000,20.000000000000000000,0.000000000000000000,1.000000000000000000,0.000117658363254508
0.152000000000000000,0.000000000000000000,0.000000000000000000,489951.000000000000000000,489951.000000000000000000,0.000000000000000000,20.000000000000000000,0.000000000000000000,1.000000000000000000,0.000119227141431235
0.154000000000000000,0.000000000000000000,0.000000000000000000,489951.000000000000000000,489951.000000000000000000,0.000000000000000000,20.000000000000000000,0.000000000000000000,1.000000000000000000,0.000120795919607962
0.156000000000000000,0.000000000000000000,0.000000000000000000,489951.000000000000000000,489951.000000000000000000,0.000000000000000000,20.000000000000000000,0.000000000000000000,1.000000000000000000,0.000122364697784689
0.158000000000000000,0.000000000000000000,0.000000000000000000,489951.000000000000000000,489951.000000000000000000,0.000000000000000000,20.000000000000000000,0.000000000000000000,1.000000000000000000,0.000123933475961415
0.160000000000000000,0.000000000000000000,0.000000000000000000,489951.000000000000000000,489951.000000000000000000,0.000000000000000000,20.000000000000000000,0.000000000000000000,1.000000000000000000,0.000125502254138142
0.162000000000000000,0.000000000000000000,0.000000000000000000,489951.000000000000000000,489951.000000000000000000,0.000000000000000000,20.000000000000000000,0.000000000000000000,1.000000000000000000,0.000127071032314869
0.164000000000000000,0.000000000000000000,0.000000000000000000,489951.000000000000000000,489951.000000000000000000,0.000000000000000000,20.000000000000000000,0.000000000000000000,1.000000000000000000,0.000128639810491596
0.166000000000000000,0.000000000000000000,0.000000000000000000,489951.000000000000000000,489951.000000000000000000,0.000000000000000000,20.000000000000000000,0.000000000000000000,1.000000000000000000,0.000130208588668323
0.168000000000000000,0.000000000000000000,0.000000000000000000,489951.000000000000000000,489951.000000000000000000,0.000000000000000000,20.000000000000000000,0.000000000000000000,1.000000000000000000,0.000131777366845049
0.170000000000000000,0.000000000000000000,0.000000000000000000,489951.000000000000000000,489951.000000000000000000,0.000000000000000000,20.000000000000000000,0.000000000000000000,1.000000000000000000,0.000133346145021776
0.172000000000000000,0.000000000000000000,0.000000000000000000,489951.000000000000000000,489951.000000000000000000,0.000000000000000000,20.000000000000000000,0.000000000000000000,1.000000000000000000,0.000134914923198503
0.174000000000000000,0.000000000000000000,0.000000000000000000,489951.000000000000000000,489951.000000000000000000,0.000000000000000000,20.000000000000000000,0.000000000000000000,1.000000000000000000,0.000136483701375230
0.176000000000000000,0.000000000000000000,0.000000000000000000,489951.000000000000000000,489951.000000000000000000,0.000000000000000000,20.000000000000000000,0.000000000000000000,1.000000000000000000,0.000138052479551956
0.178000000000000000,0.000000000000000000,0.000000000000000000,489951.000000000000000000,489951.000000000000000000,0.000000000000000000,20.000000000000000000,0.000000000000000000,1.000000000000000000,0.000139621257728683
0.180000000000000000,0.000000000000000000,0.000000000000000000,489951.000000000000000000,489951.000000000000000000,0.000000000000000000,20.000000000000000000,0.000000000000000000,1.000000000000000000,0.000141190035905410
0.182000000000000000,0.000000000000000000,0.000000000000000000,489951.000000000000000000,489951.000000000000000000,0.000000000000000000,20.000000000000000000,0.000000000000000000,1.000000000000000000,0.000142758814082137
0.184000000000000000,0.000000000000000000,0.000000000000000000,489951.000000000000000000,489951.000000000000000000,0.000000000000000000,20.000000000000000000,0.000000000000000000,1.000000000000000000,0.000144327592258864
0.186000000000000000,0.000000000000000000,0.000000000000000000,489951.000000000000000000,489951.000000000000000000,0.000000000000000000,20.000000000000000000,0.000000000000000000,1.000000000000000000,0.000145896370435590
0.188000000000000000,0.000000000000000000,0.000000000000000000,489951.000000000000000000,489951.000000000000000000,0.000000000000000000,20.000000000000000000,0.000000000000000000,1.000000000000000000,0.000147465148612317
0.190000000000000000,0.000000000000000000,0.000000000000000000,489951.000000000000000000,489951.000000000000000000,0.000000000000000000,20.000000000000000000,0.000000000000000000,1.000000000000000000,0.000149033926789044
0.192000000000000000,0.000000000000000000,0.000000000000000000,489951.000000000000000000,489951.000000000000000000,0.000000000000000000,20.000000000000000000,0.000000000000000000,1.000000000000000000,0.000150602704965771
0.194000000000000000,0.000000000000000000,0.000000000000000000,489951.000000000000000000,489951.000000000000000000,0.000000000000000000,20.000000000000000000,0.000000000000000000,1.000000000000000000,0.000152171483142498
0.196000000000000000,0.000000000000000000,0.000000000000000000,489951.000000000000000000,489951.000000000000000000,0.000000000000000000,20.000000000000000000,0.000000000000000000,1.000000000000000000,0.000153740261319224
0.198000000000000000,0.000000000000000000,0.000000000000000000,489951.000000000000000000,489951.000000000000000000,0.000000000000000000,20.000000000000000000,0.000000000000000000,1.000000000000000000,0.000155309039495951
0.200000000000000000,0.000000000000000000,0.000000000000000000,489951.000000000000000000,489951.000000000000000000,0.000000000000000000,20.000000000000000000,0.000000000000000000,1.000000000000000000,0.000156877817672678
0.202000000000000000,0.000000000000000000,0.000000000000000000,489951.000000000000000000,489951.000000000000000000,0.000000000000000000,20.000000000000000000,0.000000000000000000,1.000000000000000000,0.000158446595849405
0.204000000000000000,0.000000000000000000,0.000000000000000000,489951.000000000000000000,489951.000000000000000000,0.000000000000000000,20.000000000000000000,0.000000000000000000,1.000000000000000000,0.000160015374026131
0.206000000000000000,0.000000000000000000,0.000000000000000000,489951.000000000000000000,489951.000000000000000000,0.000000000000000000,20.000000000000000000,0.000000000000000000,1.000000000000000000,0.000161584152202858
0.208000000000000000,0.000000000000000000,0.000000000000000000,489951.000000000000000000,489951.000000000000000000,0.000000000000000000,20.000000000000000000,0.000000000000000000,1.000000000000000000,0.000163152930379585
0.210000000000000000,0.000000000000000000,0.000000000000000000,489951.000000000000000000,489951.000000000000000000,0.000000000000000000,20.000000000000000000,0.000000000000000000,1.000000000000000000,0.000164721708556312
0.212000000000000000,0.000000000000000000,0.000000000000000000,489951.000000000000000000,489951.000000000000000000,0.000000000000000000,20.000000000000000000,0.000000000000000000,1.000000000000000000,0.000166290486733039
0.214000000000000000,0.000000000000000000,0.000000000000000000,489951.000000000000000000,489951.000000000000000000,0.000000000000000000,20.000000000000000000,0.000000000000000000,1.000000000000000000,0.000167859264909765
0.216000000000000000,0.000000000000000000,0.000000000000000000,489951.000000000000000000,489951.000000000000000000,0.000000000000000000,20.000000000000000000,0.000000000000000000,1.000000000000000000,0.000169428043086492
0.218000000000000000,0.000000000000000000,0.000000000000000000,489951.000000000000000000,489951.000000000000000000,0.000000000000000000,20.000000000000000000,0.000000000000000000,1.000000000000000000,0.000170996821263219
0.220000000000000000,0.000000000000000000,0.000000000000000000,489951.000000000000000000,489951.000000000000000000,0.000000000000000000,20.000000000000000000,0.000000000000000000,1.000000000000000000,0.000172565599439946
0.222000000000000000,0.000000000000000000,0.000000000000000000,489951.000000000000000000,489951.000000000000000000,0.000000000000000000,20.000000000000000000,0.000000000000000000,1.000000000000000000,0.000174134377616672
0.224000000000000000,0.000000000000000000,0.000000000000000000,489951.000000000000000000,489951.000000000000000000,0.000000000000000000,20.000000000000000000,0.000000000000000000,1.000000000000000000,0.000175703155793399
0.226000000000000000,0.000000000000000000,0.000000000000000000,489951.000000000000000000,489951.000000000000000000,0.000000000000000000,20.000000000000000000,0.000000000000000000,1.000000000000000000,0.000177271933970126
0.228000000000000000,0.000000000000000000,0.000000000000000000,489951.000000000000000000,489951.000000000000000000,0.000000000000000000,20.000000000000000000,0.000000000000000000,1.000000000000000000,0.000178840712146853
0.230000000000000000,0.000000000000000000,0.000000000000000000,489951.000000000000000000,489951.000000000000000000,0.000000000000000000,20.000000000000000000,0.000000000000000000,1.000000000000000000,0.000180409490323580
0.232000000000000000,0.000000000000000000,0.000000000000000000,489951.000000000000000000,489951.000000000000000000,0.000000000000000000,20.000000000000000000,0.000000000000000000,1.000000000000000000,0.000181978268500306
0.234000000000000000,0.000000000000000000,0.000000000000000000,489951.000000000000000000,489951.000000000000000000,0.000000000000000000,20.000000000000000000,0.000000000000000000,1.000000000000000000,0.000183547046677033
0.236000000000000000,0.000000000000000000,0.000000000000000000,489951.000000000000000000,489951.000000000000000000,0.000000000000000000,20.000000000000000000,0.000000000000000000,1.000000000000000000,0.000185115824853760
0.238000000000000000,0.000000000000000000,0.000000000000000000,489951.000000000000000000,489951.000000000000000000,0.000000000000000000,20.000000000000000000,0.000000000000000000,1.000000000000000000,0.000186684603030487
0.240000000000000000,0.000000000000000000,0.000000000000000000,489951.000000000000000000,489951.000000000000000000,0.000000000000000000,20.000000000000000000,0.000000000000000000,1.000000000000000000,0.000188253381207214
0.242000000000000000,0.000000000000000000,0.000000000000000000,489951.000000000000000000,489951.000000000000000000,0.000000000000000000,20.000000000000000000,0.000000000000000000,1.000000000000000000,0.000189822159383940
0.244000000000000000,0.000000000000000000,0.000000000000000000,489951.000000000000000000,489951.000000000000000000,0.000000000000000000,20.000000000000000000,0.000000000000000000,1.000000000000000000,0.000191390937560667
0.246000000000000000,0.000000000000000000,0.000000000000000000,489951.000000000000000000,489951.000000000000000000,0.000000000000000000,20.000000000000000000,0.000000000000000000,1.000000000000000000,0.000192959715737394
0.248000000000000000,0.000000000000000000,0.000000000000000000,489951.000000000000000000,489951.000000000000000000,0.000000000000000000,20.000000000000000000,0.000000000000000000,1.000000000000000000,0.000194528493914121
0.250000000000000000,0.000000000000000000,0.000000000000000000,489951.000000000000000000,489951.000000000000000000,0.000000000000000000,20.000000000000000000,0.000000000000000000,1.000000000000000000,0.000196097272090847
0.252000000000000000,0.000000000000000000,0.000000000000000000,489951.000000000000000000,489951.000000000000000000,0.000000000000000000,20.000000000000000000,0.000000000000000000,1.000000000000000000,0.000197666050267574
0.254000000000000000,0.000000000000000000,0.000000000000000000,489951.000000000000000000,489951.000000000000000000,0.000000000000000000,20.000000000000000000,0.000000000000000000,1.000000000000000000,0.000199234828444301
0.256000000000000000,0.000000000000000000,0.000000000000000000,489951.000000000000000000,489951.000000000000000000,0.000000000000000000,20.000000000000000000,0.000000000000000000,1.000000000000000000,0.000200803606621028
0.258000000000000000,0.000000000000000000,0.000000000000000000,489951.000000000000000000,489951.000000000000000000,0.000000000000000000,20.000000000000000000,0.000000000000000000,1.000000000000000000,0.000202372384797755
0.260000000000000000,0.000000000000000000,0.000000000000000000,489951.000000000000000000,489951.000000000000000000,0.000000000000000000,20.000000000000000000,0.000000000000000000,1.000000000000000000,0.000203941162974481
0.262000000000000000,0.000000000000000000,0.000000000000000000,489951.000000000000000000,489951.000000000000000000,0.000000000000000000,20.000000000000000000,0.000000000000000000,1.000000000000000000,0.000205509941151208
0.264000000000000000,0.000000000000000000,0.000000000000000000,489951.000000000000000000,489951.000000000000000000,0.000000000000000000,20.000000000000000000,0.000000000000000000,1.000000000000000000,0.000207078719327935
0.266000000000000000,0.000000000000000000,0.000000000000000000,489951.000000000000000000,489951.000000000000000000,0.000000000000000000,20.000000000000000000,0.000000000000000000,1.000000000000000000,0.000208647497504662
0.268000000000000000,0.000000000000000000,0.000000000000000000,489951.000000000000000000,489951.000000000000000000,0.000000000000000000,20.000000000000000000,0.000000000000000000,1.000000000000000000,0.000210216275681388
0.270000000000000000,0.000000000000000000,0.000000000000000000,489951.000000000000000000,489951.000000000000000000,0.000000000000000000,20.000000000000000000,0.000000000000000000,1.000000000000000000,0.000211785053858115
0.272000000000000000,0.000000000000000000,0.000000000000000000,489951.000000000000000000,489951.000000000000000000,0.000000000000000000,20.000000000000000000,0.000000000000000000,1.000000000000000000,0.000213353832034842
0.274000000000000000,0.000000000000000000,0.000000000000000000,489951.000000000000000000,489951.000000000000000000,0.000000000000000000,20.000000000000000000,0.000000000000000000,1.000000000000000000,0.000214922610211569
0.276000000000000000,0.000000000000000000,0.000000000000000000,489951.000000000000000000,489951.000000000000000000,0.000000000000000000,20.000000000000000000,0.000000000000000000,1.000000000000000000,0.000216491388388296
0.278000000000000000,0.000000000000000000,0.000000000000000000,489951.000000000000000000,489951.000000000000000000,0.000000000000000000,20.000000000000000000,0.000000000000000000,1.000000000000000000,0.000218060166565022
0.280000000000000000,0.000000000000000000,0.000000000000000000,489951.000000000000000000,489951.000000000000000000,0.000000000000000000,20.000000000000000000,0.000000000000000000,1.000000000000000000,0.000219628944741749
0.282000000000000000,0.000000000000000000,0.000000000000000000,489951.000000000000000000,489951.000000000000000000,0.000000000000000000,20.000000000000000000,0.000000000000000000,1.000000000000000000,0.000221197722918476
0.284000000000000000,0.000000000000000000,0.000000000000000000,489951.000000000000000000,489951.000000000000000000,0.000000000000000000,20.000000000000000000,0.000000000000000000,1.000000000000000000,0.000222766501095203
0.286000000000000000,0.000000000000000000,0.000000000000000000,489951.000000000000000000,489951.000000000000000000,0.000000000000000000,20.000000000000000000,0.000000000000000000,1.000000000000000000,0.000224335279271930
0.288000000000000000,0.000000000000000000,0.000000000000000000,489951.000000000000000000,489951.000000000000000000,0.000000000000000000,20.000000000000000000,0.000000000000000000,1.000000000000000000,0.000225904057448656
0.290000000000000000,0.000000000000000000,0.000000000000000000,489951.000000000000000000,489951.000000000000000000,0.000000000000000000,20.000000000000000000,0.000000000000000000,1.000000000000000000,0.000227472835625383
0.292000000000000000,0.000000000000000000,0.000000000000000000,489951.000000000000000000,489951.000000000000000000,0.000000000000000000,20.000000000000000000,0.000000000000000000,1.000000000000000000,0.000229041613802110
0.294000000000000000,0.000000000000000000,0.000000000000000000,489951.000000000000000000,489951.000000000000000000,0.000000000000000000,20.000000000000000000,0.000000000000000000,1.000000000000000000,0.000230610391978837
0.296000000000000000,0.000000000000000000,0.000000000000000000,489951.000000000000000000,489951.000000000000000000,0.000000000000000000,20.000000000000000000,0.000000000000000000,1.000000000000000000,0.000232179170155563
0.298000000000000000,0.000000000000000000,0.000000000000000000,489951.000000000000000000,489951.000000000000000000,0.000000000000000000,20.000000000000000000,0.000000000000000000,1.000000000000000000,0.000233747948332290
0.300000000000000000,0.000000000000000000,0.000000000000000000,489951.000000000000000000,489951.000000000000000000,0.000000000000000000,20.000000000000000000,0.000000000000000000,1.000000000000000000,0.000235316726509017
0.302000000000000000,0.000000000000000000,0.000000000000000000,489951.000000000000000000,489951.000000000000000000,0.000000000000000000,20.000000000000000000,0.000000000000000000,1.000000000000000000,0.000236885504685744
0.304000000000000000,0.000000000000000000,0.000000000000000000,489951.000000000000000000,489951.000000000000000000,0.000000000000000000,20.000000000000000000,0.000000000000000000,1.000000000000000000,0.000238454282862471
0.306000000000000000,0.000000000000000000,0.000000000000000000,489951.000000000000000000,489951.000000000000000000,0.000000000000000000,20.000000000000000000,0.000000000000000000,1.000000000000000000,0.000240023061039197
0.308000000000000000,0.000000000000000000,0.000000000000000000,489951.000000000000000000,489951.000000000000000000,0.000000000000000000,20.000000000000000000,0.000000000000000000,1.000000000000000000,0.000241591839215924
0.310000000000000000,0.000000000000000000,0.000000000000000000,489951.000000000000000000,489951.000000000000000000,0.000000000000000000,20.000000000000000000,0.000000000000000000,1.000000000000000000,0.000243160617392651
0.312000000000000000,0.000000000000000000,0.000000000000000000,489951.000000000000000000,489951.000000000000000000,0.000000000000000000,20.000000000000000000,0.000000000000000000,1.000000000000000000,0.000244729395569378
0.314000000000000000,0.000000000000000000,0.000000000000000000,489951.000000000000000000,489951.000000000000000000,0.000000000000000000,20.000000000000000000,0.000000000000000000,1.000000000000000000,0.000246298173746105
0.316000000000000000,0.000000000000000000,0.000000000000000000,489951.000000000000000000,489951.000000000000000000,0.000000000000000000,20.000000000000000000,0.000000000000000000,1.000000000000000000,0.000247866951922831
0.318000000000000000,0.000000000000000000,0.000000000000000000,489951.000000000000000000,489951.000000000000000000,0.000000000000000000,20.000000000000000000,0.000000000000000000,1.000000000000000000,0.000249435730099558
0.320000000000000000,0.000000000000000000,0.000000000000000000,489951.000000000000000000,489951.000000000000000000,0.000000000000000000,20.000000000000000000,0.000000000000000000,1.000000000000000000,0.000251004508276285
0.322000000000000000,0.000000000000000000,0.000000000000000000,489951.000000000000000000,489951.000000000000000000,0.000000000000000000,20.000000000000000000,0.000000000000000000,1.000000000000000000,0.000252573286453012
0.324000000000000000,0.000000000000000000,0.000000000000000000,489951.000000000000000000,489951.000000000000000000,0.000000000000000000,20.000000000000000000,0.000000000000000000,1.000000000000000000,0.000254142064629738
0.326000000000000000,0.000000000000000000,0.000000000000000000,489951.000000000000000000,489951.000000000000000000,0.000000000000000000,20.000000000000000000,0.000000000000000000,1.000000000000000000,0.000255710842806465
0.328000000000000000,0.000000000000000000,0.000000000000000000,489951.000000000000000000,489951.000000000000000000,0.000000000000000000,20.000000000000000000,0.000000000000000000,1.000000000000000000,0.000257279620983192
0.330000000000000000,0.000000000000000000,0.000000000000000000,489951.000000000000000000,489951.000000000000000000,0.000000000000000000,20.000000000000000000,0.000000000000000000,1.000000000000000000,0.000258848399159919
0.332000000000000000,0.000000000000000000,0.000000000000000000,489951.000000000000000000,489951.000000000000000000,0.000000000000000000,20.000000000000000000,0.000000000000000000,1.000000000000000000,0.000260417177336646
0.334000000000000000,0.000000000000000000,0.000000000000000000,489951.000000000000000000,489951.000000000000000000,0.000000000000000000,20.000000000000000000,0.000000000000000000,1.000000000000000000,0.000261985955513372
0.336000000000000000,0.000000000000000000,0.000000000000000000,489951.000000000000000000,489951.000000000000000000,0.000000000000000000,20.000000000000000000,0.000000000000000000,1.000000000000000000,0.000263554733690099
0.338000000000000000,0.000000000000000000,0.000000000000000000,489951.000000000000000000,489951.000000000000000000,0.000000000000000000,20.000000000000000000,0.000000000000000000,1.000000000000000000,0.000265123511866826
0.340000000000000000,0.000000000000000000,0.000000000000000000,489951.000000000000000000,489951.000000000000000000,0.000000000000000000,20.000000000000000000,0.000000000000000000,1.000000000000000000,0.000266692290043553
0.342000000000000000,0.000000000000000000,0.000000000000000000,489951.000000000000000000,489951.000000000000000000,0.000000000000000000,20.000000000000000000,0.000000000000000000,1.000000000000000000,0.000268261068220279
0.344000000000000000,0.000000000000000000,0.000000000000000000,489951.000000000000000000,489951.000000000000000000,0.000000000000000000,20.000000000000000000,0.000000000000000000,1.000000000000000000,0.000269829846397006
0.346000000000000000,0.000000000000000000,0.000000000000000000,489951.000000000000000000,489951.000000000000000000,0.000000000000000000,20.000000000000000000,0.000000000000000000,1.000000000000000000,0.000271398624573733
0.348000000000000000,0.000000000000000000,0.000000000000000000,489951.000000000000000000,489951.000000000000000000,0.000000000000000000,20.000000000000000000,0.000000000000000000,1.000000000000000000,0.000272967402750460
0.350000000000000000,0.000000000000000000,0.000000000000000000,489951.000000000000000000,489951.000000000000000000,0.000000000000000000,20.000000000000000000,0.000000000000000000,1.000000000000000000,0.000274536180927187
0.352000000000000000,0.000000000000000000,0.000000000000000000,489951.000000000000000000,489951.000000000000000000,0.000000000000000000,20.000000000000000000,0.000000000000000000,1.000000000000000000,0.000276104959103913
0.354000000000000000,0.000000000000000000,0.000000000000000000,489951.000000000000000000,489951.000000000000000000,0.000000000000000000,20.000000000000000000,0.000000000000000000,1.000000000000000000,0.000277673737280640
0.356000000000000000,0.000000000000000000,0.000000000000000000,489951.000000000000000000,489951.000000000000000000,0.000000000000000000,20.000000000000000000,0.000000000000000000,1.000000000000000000,0.000279242515457367
0.358000000000000000,0.000000000000000000,0.000000000000000000,489951.000000000000000000,489951.000000000000000000,0.000000000000000000,20.000000000000000000,0.000000000000000000,1.000000000000000000,0.000280811293634094
0.360000000000000000,0.000000000000000000,0.000000000000000000,489951.000000000000000000,489951.000000000000000000,0.000000000000000000,20.000000000000000000,0.000000000000000000,1.000000000000000000,0.000282380071810821
0.362000000000000000,0.000000000000000000,0.000000000000000000,489951.000000000000000000,489951.000000000000000000,0.000000000000000000,20.000000000000000000,0.000000000000000000,1.000000000000000000,0.000283948849987547
0.364000000000000000,0.000000000000000000,0.000000000000000000,489951.000000000000000000,489951.000000000000000000,0.000000000000000000,20.000000000000000000,0.000000000000000000,1.000000000000000000,0.000285517628164274
0.366000000000000000,0.000000000000000000,0.000000000000000000,489951.000000000000000000,489951.000000000000000000,0.000000000000000000,20.000000000000000000,0.000000000000000000,1.000000000000000000,0.000287086406341001
0.368000000000000000,0.000000000000000000,0.000000000000000000,489951.000000000000000000,489951.000000000000000000,0.000000000000000000,20.000000000000000000,0.000000000000000000,1.000000000000000000,0.000288655184517728
0.370000000000000000,0.000000000000000000,0.000000000000000000,489951.000000000000000000,489951.000000000000000000,0.000000000000000000,20.000000000000000000,0.000000000000000000,1.000000000000000000,0.000290223962694454
0.372000000000000000,0.000000000000000000,0.000000000000000000,489951.000000000000000000,489951.000000000000000000,0.000000000000000000,20.000000000000000000,0.000000000000000000,1.000000000000000000,0.000291792740871181
0.374000000000000000,0.000000000000000000,0.000000000000000000,489951.000000000000000000,489951.000000000000000000,0.000000000000000000,20.000000000000000000,0.000000000000000000,1.000000000000000000,0.000293361519047908
0.376000000000000000,0.000000000000000000,0.000000000000000000,489951.000000000000000000,489951.000000000000000000,0.000000000000000000,20.000000000000000000,0.000000000000000000,1.000000000000000000,0.000294930297224635
0.378000000000000000,0.000000000000000000,0.000000000000000000,489951.000000000000000000,489951.000000000000000000,0.000000000000000000,20.000000000000000000,0.000000000000000000,1.000000000000000000,0.000296499075401362
0.380000000000000000,0.000000000000000000,0.000000000000000000,489951.000000000000000000,489951.000000000000000000,0.000000000000000000,20.000000000000000000,0.000000000000000000,1.000000000000000000,0.000298067853578088
0.382000000000000000,0.000000000000000000,0.000000000000000000,489951.000000000000000000,489951.000000000000000000,0.000000000000000000,20.000000000000000000,0.000000000000000000,1.000000000000000000,0.000299636631754815
0.384000000000000000,0.000000000000000000,0.000000000000000000,489951.000000000000000000,489951.000000000000000000,0.000000000000000000,20.000000000000000000,0.000000000000000000,1.000000000000000000,0.000301205409931542
0.386000000000000000,0.000000000000000000,0.000000000000000000,489951.000000000000000000,489951.000000000000000000,0.000000000000000000,20.000000000000000000,0.000000000000000000,1.000000000000000000,0.000302774188108269
0.388000000000000000,0.000000000000000000,0.000000000000000000,489951.000000000000000000,489951.000000000000000000,0.000000000000000000,20.000000000000000000,0.000000000000000000,1.000000000000000000,0.000304342966284996
0.390000000000000000,0.000000000000000000,0.000000000000000000,489951.000000000000000000,489951.000000000000000000,0.000000000000000000,20.000000000000000000,0.000000000000000000,1.000000000000000000,0.000305911744461722
0.392000000000000000,0.000000000000000000,0.000000000000000000,489951.000000000000000000,489951.000000000000000000,0.000000000000000000,20.000000000000000000,0.000000000000000000,1.000000000000000000,0.000307480522638449
0.394000000000000000,0.000000000000000000,0.000000000000000000,489951.000000000000000000,489951.000000000000000000,0.000000000000000000,20.000000000000000000,0.000000000000000000,1.000000000000000000,0.000309049300815176
0.396000000000000000,0.000000000000000000,0.000000000000000000,489951.000000000000000000,489951.000000000000000000,0.000000000000000000,20.000000000000000000,0.000000000000000000,1.000000000000000000,0.000310618078991903
0.398000000000000000,0.000000000000000000,0.000000000000000000,489951.000000000000000000,489951.000000000000000000,0.000000000000000000,20.000000000000000000,0.000000000000000000,1.000000000000000000,0.000312186857168629
0.400000000000000000,0.000000000000000000,0.000000000000000000,489951.000000000000000000,489951.000000000000000000,0.000000000000000000,20.000000000000000000,0.000000000000000000,1.000000000000000000,0.000313755635345356
0.402000000000000000,0.000000000000000000,0.000000000000000000,489951.000000000000000000,489951.000000000000000000,0.000000000000000000,20.000000000000000000,0.000000000000000000,1.000000000000000000,0.000315324413522083
0.404000000000000000,0.000000000000000000,0.000000000000000000,489951.000000000000000000,489951.000000000000000000,0.000000000000000000,20.000000000000000000,0.000000000000000000,1.000000000000000000,0.000316893191698810
0.406000000000000000,0.000000000000000000,0.000000000000000000,489951.000000000000000000,489951.000000000000000000,0.000000000000000000,20.000000000000000000,0.000000000000000000,1.000000000000000000,0.000318461969875537
0.408000000000000000,0.000000000000000000,0.000000000000000000,489951.000000000000000000,489951.000000000000000000,0.000000000000000000,20.000000000000000000,0.000000000000000000,1.000000000000000000,0.000320030748052263
0.410000000000000000,0.000000000000000000,0.000000000000000000,489951.000000000000000000,489951.000000000000000000,0.000000000000000000,20.000000000000000000,0.000000000000000000,1.000000000000000000,0.000321599526228990
0.412000000000000000,0.000000000000000000,0.000000000000000000,489951.000000000000000000,489951.000000000000000000,0.000000000000000000,20.000000000000000000,0.000000000000000000,1.000000000000000000,0.000323168304405717
0.414000000000000000,0.000000000000000000,0.000000000000000000,489951.000000000000000000,489951.000000000000000000,0.000000000000000000,20.000000000000000000,0.000000000000000000,1.000000000000000000,0.000324737082582444
0.416000000000000000,0.000000000000000000,0.000000000000000000,489951.000000000000000000,489951.000000000000000000,0.000000000000000000,20.000000000000000000,0.000000000000000000,1.000000000000000000,0.000326305860759170
0.418000000000000000,0.000000000000000000,0.000000000000000000,489951.000000000000000000,489951.000000000000000000,0.000000000000000000,20.000000000000000000,0.000000000000000000,1.000000000000000000,0.000327874638935897
0.420000000000000000,0.000000000000000000,0.000000000000000000,489951.000000000000000000,489951.000000000000000000,0.000000000000000000,20.000000000000000000,0.000000000000000000,1.000000000000000000,0.000329443417112624
0.422000000000000000,0.000000000000000000,0.000000000000000000,489951.000000000000000000,489951.000000000000000000,0.000000000000000000,20.000000000000000000,0.000000000000000000,1.000000000000000000,0.000331012195289351
0.424000000000000000,0.000000000000000000,0.000000000000000000,489951.000000000000000000,489951.000000000000000000,0.000000000000000000,20.000000000000000000,0.000000000000000000,1.000000000000000000,0.000332580973466078
0.426000000000000000,0.000000000000000000,0.000000000000000000,489951.000000000000000000,489951.000000000000000000,0.000000000000000000,20.000000000000000000,0.000000000000000000,1.000000000000000000,0.000334149751642804
0.428000000000000000,0.000000000000000000,0.000000000000000000,489951.000000000000000000,489951.000000000000000000,0.000000000000000000,20.000000000000000000,0.000000000000000000,1.000000000000000000,0.000335718529819531
0.430000000000000000,0.000000000000000000,0.000000000000000000,489951.000000000000000000,489951.000000000000000000,0.000000000000000000,20.000000000000000000,0.000000000000000000,1.000000000000000000,0.000337287307996258
0.432000000000000000,0.000000000000000000,0.000000000000000000,489951.000000000000000000,489951.000000000000000000,0.000000000000000000,20.000000000000000000,0.000000000000000000,1.000000000000000000,0.000338856086172985
0.434000000000000000,0.000000000000000000,0.000000000000000000,489951.000000000000000000,489951.000000000000000000,0.000000000000000000,20.000000000000000000,0.000000000000000000,1.000000000000000000,0.000340424864349712
0.436000000000000000,0.000000000000000000,0.000000000000000000,489951.000000000000000000,489951.000000000000000000,0.000000000000000000,20.000000000000000000,0.000000000000000000,1.000000000000000000,0.000341993642526438
0.438000000000000000,0.000000000000000000,0.000000000000000000,489951.000000000000000000,489951.000000000000000000,0.000000000000000000,20.000000000000000000,0.000000000000000000,1.000000000000000000,0.000343562420703165
0.440000000000000000,0.000000000000000000,0.000000000000000000,489951.000000000000000000,489951.000000000000000000,0.000000000000000000,20.000000000000000000,0.000000000000000000,1.000000000000000000,0.000345131198879892
0.442000000000000000,0.000000000000000000,0.000000000000000000,489951.000000000000000000,489951.000000000000000000,0.000000000000000000,20.000000000000000000,0.000000000000000000,1.000000000000000000,0.000346699977056619
0.444000000000000000,0.000000000000000000,0.000000000000000000,489951.000000000000000000,489951.000000000000000000,0.000000000000000000,20.000000000000000000,0.000000000000000000,1.000000000000000000,0.000348268755233345
0.446000000000000000,0.000000000000000000,0.000000000000000000,489951.000000000000000000,489951.000000000000000000,0.000000000000000000,20.000000000000000000,0.000000000000000000,1.000000000000000000,0.000349837533410072
0.448000000000000000,0.000000000000000000,0.000000000000000000,489951.000000000000000000,489951.000000000000000000,0.000000000000000000,20.000000000000000000,0.000000000000000000,1.000000000000000000,0.000351406311586799
0.450000000000000000,0.000000000000000000,0.000000000000000000,489951.000000000000000000,489951.000000000000000000,0.000000000000000000,20.000000000000000000,0.000000000000000000,1.000000000000000000,0.000352975089763526
0.452000000000000000,0.000000000000000000,0.000000000000000000,489951.000000000000000000,489951.000000000000000000,0.000000000000000000,20.000000000000000000,0.000000000000000000,1.000000000000000000,0.000354543867940253
0.454000000000000000,0.000000000000000000,0.000000000000000000,489951.000000000000000000,489951.000000000000000000,0.000000000000000000,20.000000000000000000,0.000000000000000000,1.000000000000000000,0.000356112646116979
0.456000000000000000,0.000000000000000000,0.000000000000000000,489951.000000000000000000,489951.000000000000000000,0.000000000000000000,20.000000000000000000,0.000000000000000000,1.000000000000000000,0.000357681424293706
0.458000000000000000,0.000000000000000000,0.000000000000000000,489951.000000000000000000,489951.000000000000000000,0.000000000000000000,20.000000000000000000,0.000000000000000000,1.000000000000000000,0.000359250202470433
0.460000000000000000,0.000000000000000000,0.000000000000000000,489951.000000000000000000,489951.000000000000000000,0.000000000000000000,20.000000000000000000,0.000000000000000000,1.000000000000000000,0.000360818980647160
0.462000000000000000,0.000000000000000000,0.000000000000000000,489951.000000000000000000,489951.000000000000000000,0.000000000000000000,20.000000000000000000,0.000000000000000000,1.000000000000000000,0.000362387758823887
0.464000000000000000,0.000000000000000000,0.000000000000000000,489951.000000000000000000,489951.000000000000000000,0.000000000000000000,20.000000000000000000,0.000000000000000000,1.000000000000000000,0.000363956537000613
0.466000000000000000,0.000000000000000000,0.000000000000000000,489951.000000000000000000,489951.000000000000000000,0.000000000000000000,20.000000000000000000,0.000000000000000000,1.000000000000000000,0.000365525315177340
0.468000000000000000,0.000000000000000000,0.000000000000000000,489951.000000000000000000,489951.000000000000000000,0.000000000000000000,20.000000000000000000,0.000000000000000000,1.000000000000000000,0.000367094093354067
0.470000000000000000,0.000000000000000000,0.000000000000000000,489951.000000000000000000,489951.000000000000000000,0.000000000000000000,20.000000000000000000,0.000000000000000000,1.000000000000000000,0.000368662871530794
0.472000000000000000,0.000000000000000000,0.000000000000000000,489951.000000000000000000,489951.000000000000000000,0.000000000000000000,20.000000000000000000,0.000000000000000000,1.000000000000000000,0.000370231649707520
0.474000000000000000,0.000000000000000000,0.000000000000000000,489951.000000000000000000,489951.000000000000000000,0.000000000000000000,20.000000000000000000,0.000000000000000000,1.000000000000000000,0.000371800427884247
0.476000000000000000,0.000000000000000000,0.000000000000000000,489951.000000000000000000,489951.000000000000000000,0.000000000000000000,20.000000000000000000,0.000000000000000000,1.000000000000000000,0.000373369206060974
0.478000000000000000,0.000000000000000000,0.000000000000000000,489951.000000000000000000,489951.000000000000000000,0.000000000000000000,20.000000000000000000,0.000000000000000000,1.000000000000000000,0.000374937984237701
0.480000000000000000,0.000000000000000000,0.000000000000000000,489951.000000000000000000,489951.000000000000000000,0.000000000000000000,20.000000000000000000,0.000000000000000000,1.000000000000000000,0.000376506762414428
0.482000000000000000,0.000000000000000000,0.000000000000000000,489951.000000000000000000,489951.000000000000000000,0.000000000000000000,20.000000000000000000,0.000000000000000000,1.000000000000000000,0.000378075540591154
0.484000000000000000,0.000000000000000000,0.000000000000000000,489951.000000000000000000,489951.000000000000000000,0.000000000000000000,20.000000000000000000,0.000000000000000000,1.000000000000000000,0.000379644318767881
0.486000000000000000,0.000000000000000000,0.000000000000000000,489951.000000000000000000,489951.000000000000000000,0.000000000000000000,20.000000000000000000,0.000000000000000000,1.000000000000000000,0.000381213096944608
0.488000000000000000,0.000000000000000000,0.000000000000000000,489951.000000000000000000,489951.000000000000000000,0.000000000000000000,20.000000000000000000,0.000000000000000000,1.000000000000000000,0.000382781875121335
0.490000000000000000,0.000000000000000000,0.000000000000000000,489951.000000000000000000,489951.000000000000000000,0.000000000000000000,20.000000000000000000,0.000000000000000000,1.000000000000000000,0.000384350653298061
0.492000000000000000,0.000000000000000000,0.000000000000000000,489951.000000000000000000,489951.000000000000000000,0.000000000000000000,20.000000000000000000,0.000000000000000000,1.000000000000000000,0.000385919431474788
0.494000000000000000,0.000000000000000000,0.000000000000000000,489951.000000000000000000,489951.000000000000000000,0.000000000000000000,20.000000000000000000,0.000000000000000000,1.000000000000000000,0.000387488209651515
0.496000000000000000,0.000000000000000000,0.000000000000000000,489951.000000000000000000,489951.000000000000000000,0.000000000000000000,20.000000000000000000,0.000000000000000000,1.000000000000000000,0.000389056987828242
0.498000000000000000,0.000000000000000000,0.000000000000000000,489951.000000000000000000,489951.000000000000000000,0.000000000000000000,20.000000000000000000,0.000000000000000000,1.000000000000000000,0.000390625766004969
0.500000000000000000,0.000000000000000000,0.000000000000000000,489951.000000000000000000,489951.000000000000000000,0.000000000000000000,20.000000000000000000,0.000000000000000000,1.000000000000000000,0.000392194544181695
0.502000000000000000,0.000000000000000000,0.000000000000000000,489951.000000000000000000,489951.000000000000000000,0.000000000000000000,20.000000000000000000,0.000000000000000000,1.000000000000000000,0.000393763322358422
0.504000000000000000,0.000000000000000000,0.000000000000000000,489951.000000000000000000,489951.000000000000000000,0.000000000000000000,20.000000000000000000,0.000000000000000000,1.000000000000000000,0.000395332100535149
0.506000000000000000,0.000000000000000000,0.000000000000000000,489951.000000000000000000,489951.000000000000000000,0.000000000000000000,20.000000000000000000,0.000000000000000000,1.000000000000000000,0.000396900878711876
0.508000000000000000,0.000000000000000000,0.000000000000000000,489951.000000000000000000,489951.000000000000000000,0.000000000000000000,20.000000000000000000,0.000000000000000000,1.000000000000000000,0.000406326322624223
0.510000000000000000,0.000000000000000000,0.000000000000000000,489951.000000000000000000,489951.000000000000000000,0.000000000000000000,20.000000000000000000,0.000000000000000000,1.000000000000000000,0.000434512565301923
0.512000000000000000,0.000000000000000000,0.000000000000000000,489951.000000000000000000,489951.000000000000000000,0.000000000000000000,20.000000000000000000,0.000000000000000000,1.000000000000000000,0.000481530106861340
0.514000000000000000,0.000000000000000000,0.000000000000000000,489951.000000000000000000,489951.000000000000000000,0.000000000000000000,20.000000000000000000,0.000000000000000000,1.000000000000000000,0.000547378947302474
0.516000000000000000,0.000000000000000000,0.000000000000000000,489951.000000000000000000,489951.000000000000000000,0.000000000000000000,20.000000000000000000,0.000000000000000000,1.000000000000000000,0.000625550297969804
0.518000000000000000,0.000000000000000000,0.000000000000000000,489951.000000000000000000,489951.000000000000000000,0.000000000000000000,20.000000000000000000,0.000000000000000000,1.000000000000000000,0.000703989206806144
0.520000000000000000,0.000000000000000000,0.000000000000000000,489951.000000000000000000,489951.000000000000000000,0.000000000000000000,20.000000000000000000,0.000000000000000000,1.000000000000000000,0.000782428115642483
0.522000000000000000,0.000000000000000000,0.000000000000000000,489951.000000000000000000,489951.000000000000000000,0.000000000000000000,20.000000000000000000,0.000000000000000000,1.000000000000000000,0.000860867024478822
0.524000000000000000,0.000000000000000000,0.000000000000000000,489951.000000000000000000,489951.000000000000000000,0.000000000000000000,20.000000000000000000,0.000000000000000000,1.000000000000000000,0.000939305933315161
0.526000000000000000,0.000000000000000000,0.000000000000000000,489951.000000000000000000,489951.000000000000000000,0.000000000000000000,20.000000000000000000,0.000000000000000000,1.000000000000000000,0.001017744842151500
0.528000000000000000,0.000000000000000000,0.000000000000000000,489951.000000000000000000,489951.000000000000000000,0.000000000000000000,20.000000000000000000,0.000000000000000000,1.000000000000000000,0.001096183750987840
0.530000000000000000,0.000000000000000000,0.000000000000000000,489951.000000000000000000,489951.000000000000000000,0.000000000000000000,20.000000000000000000,0.000000000000000000,1.000000000000000000,0.001174622659824179
0.532000000000000000,0.000000000000000000,0.000000000000000000,489951.000000000000000000,489951.000000000000000000,0.000000000000000000,20.000000000000000000,0.000000000000000000,1.000000000000000000,0.001253061568660518
0.534000000000000000,0.000000000000000000,0.000000000000000000,489951.000000000000000000,489951.000000000000000000,0.000000000000000000,20.000000000000000000,0.000000000000000000,1.000000000000000000,0.001331500477496857
0.536000000000000000,0.000000000000000000,0.000000000000000000,489951.000000000000000000,489951.000000000000000000,0.000000000000000000,20.000000000000000000,0.000000000000000000,1.000000000000000000,0.001409939386333196
0.538000000000000000,0.000000000000000000,0.000000000000000000,489951.000000000000000000,489951.000000000000000000,0.000000000000000000,20.000000000000000000,0.000000000000000000,1.000000000000000000,0.001488378295169535
0.540000000000000000,0.000000000000000000,0.000000000000000000,489951.000000000000000000,489951.000000000000000000,0.000000000000000000,20.000000000000000000,0.000000000000000000,1.000000000000000000,0.001566817204005875
0.542000000000000000,0.000000000000000000,0.000000000000000000,489951.000000000000000000,489951.000000000000000000,0.000000000000000000,20.000000000000000000,0.000000000000000000,1.000000000000000000,0.001645256112842214
0.544000000000000000,0.000000000000000000,0.000000000000000000,489951.000000000000000000,489951.000000000000000000,0.000000000000000000,20.000000000000000000,0.000000000000000000,1.000000000000000000,0.001723695021678553
0.546000000000000000,0.000000000000000000,0.000000000000000000,489951.000000000000000000,489951.000000000000000000,0.000000000000000000,20.000000000000000000,0.000000000000000000,1.000000000000000000,0.001802133930514892
0.548000000000000000,0.000000000000000000,0.000000000000000000,489951.000000000000000000,489951.000000000000000000,0.000000000000000000,20.000000000000000000,0.000000000000000000,1.000000000000000000,0.001880572839351231
0.550000000000000000,0.000000000000000000,0.000000000000000000,489951.000000000000000000,489951.000000000000000000,0.000000000000000000,20.000000000000000000,0.000000000000000000,1.000000000000000000,0.001959011748187570
0.552000000000000000,0.000000000000000000,0.000000000000000000,489951.000000000000000000,489951.000000000000000000,0.000000000000000000,20.000000000000000000,0.000000000000000000,1.000000000000000000,0.002037450657023910
0.554000000000000000,0.000000000000000000,0.000000000000000000,489951.000000000000000000,489951.000000000000000000,0.000000000000000000,20.000000000000000000,0.000000000000000000,1.000000000000000000,0.002115889565860249
0.556000000000000000,0.000000000000000000,0.000000000000000000,489951.000000000000000000,489951.000000000000000000,0.000000000000000000,20.000000000000000000,0.000000000000000000,1.000000000000000000,0.002194328474696588
0.558000000000000000,0.000000000000000000,0.000000000000000000,489951.000000000000000000,489951.000000000000000000,0.000000000000000000,20.000000000000000000,0.000000000000000000,1.000000000000000000,0.002272767383532927
0.560000000000000000,0.000000000000000000,0.000000000000000000,489951.000000000000000000,489951.000000000000000000,0.000000000000000000,20.000000000000000000,0.000000000000000000,1.000000000000000000,0.002351206292369266
0.562000000000000000,0.000000000000000000,0.000000000000000000,489951.000000000000000000,489951.000000000000000000,0.000000000000000000,20.000000000000000000,0.000000000000000000,1.000000000000000000,0.002429645201205606
0.564000000000000000,0.000000000000000000,0.000000000000000000,489951.000000000000000000,489951.000000000000000000,0.000000000000000000,20.000000000000000000,0.000000000000000000,1.000000000000000000,0.002508084110041945
0.566000000000000000,0.000000000000000000,0.000000000000000000,489951.000000000000000000,489951.000000000000000000,0.000000000000000000,20.000000000000000000,0.000000000000000000,1.000000000000000000,0.002586523018878284
0.568000000000000000,0.000000000000000000,0.000000000000000000,489951.000000000000000000,489951.000000000000000000,0.000000000000000000,20.000000000000000000,0.000000000000000000,1.000000000000000000,0.002664961927714623
0.570000000000000000,0.000000000000000000,0.000000000000000000,489951.000000000000000000,489951.000000000000000000,0.000000000000000000,20.000000000000000000,0.000000000000000000,1.000000000000000000,0.002743400836550962
0.572000000000000000,0.000000000000000000,0.000000000000000000,489951.000000000000000000,489951.000000000000000000,0.000000000000000000,20.000000000000000000,0.000000000000000000,1.000000000000000000,0.002821839745387301
0.574000000000000000,0.000000000000000000,0.000000000000000000,489951.000000000000000000,489951.000000000000000000,0.000000000000000000,20.000000000000000000,0.000000000000000000,1.000000000000000000,0.002900278654223641
0.576000000000000000,0.000000000000000000,0.000000000000000000,489951.000000000000000000,489951.000000000000000000,0.000000000000000000,20.000000000000000000,0.000000000000000000,1.000000000000000000,0.002978717563059980
0.578000000000000000,0.000000000000000000,0.000000000000000000,489951.000000000000000000,489951.000000000000000000,0.000000000000000000,20.000000000000000000,0.000000000000000000,1.000000000000000000,0.003057156471896319
0.580000000000000000,0.000000000000000000,0.000000000000000000,489951.000000000000000000,489951.000000000000000000,0.000000000000000000,20.000000000000000000,0.000000000000000000,1.000000000000000000,0.003135595380732658
0.582000000000000000,0.000000000000000000,0.000000000000000000,489951.000000000000000000,489951.000000000000000000,0.000000000000000000,20.000000000000000000,0.000000000000000000,1.000000000000000000,0.003214034289568997
0.584000000000000000,0.000000000000000000,0.000000000000000000,489951.000000000000000000,489951.000000000000000000,0.000000000000000000,20.000000000000000000,0.000000000000000000,1.000000000000000000,0.003292473198405336
0.586000000000000000,0.000000000000000000,0.000000000000000000,489951.000000000000000000,489951.000000000000000000,0.000000000000000000,20.000000000000000000,0.000000000000000000,1.000000000000000000,0.003370912107241676
0.588000000000000000,0.000000000000000000,0.000000000000000000,489951.000000000000000000,489951.000000000000000000,0.000000000000000000,20.000000000000000000,0.000000000000000000,1.000000000000000000,0.003449351016078015
0.590000000000000000,0.000000000000000000,0.000000000000000000,489951.000000000000000000,489951.000000000000000000,0.000000000000000000,20.000000000000000000,0.000000000000000000,1.000000000000000000,0.003527789924914354
0.592000000000000000,0.000000000000000000,0.000000000000000000,489951.000000000000000000,489951.000000000000000000,0.000000000000000000,20.000000000000000000,0.000000000000000000,1.000000000000000000,0.003606228833750693
0.594000000000000000,0.000000000000000000,0.000000000000000000,489951.000000000000000000,489951.000000000000000000,0.000000000000000000,20.000000000000000000,0.000000000000000000,1.000000000000000000,0.003684667742587032
0.596000000000000000,0.000000000000000000,0.000000000000000000,489951.000000000000000000,489951.000000000000000000,0.000000000000000000,20.000000000000000000,0.000000000000000000,1.000000000000000000,0.003763106651423372
0.598000000000000000,0.000000000000000000,0.000000000000000000,489951.000000000000000000,489951.000000000000000000,0.000000000000000000,20.000000000000000000,0.000000000000000000,1.000000000000000000,0.003841545560259711
0.600000000000000000,0.000000000000000000,0.000000000000000000,489951.000000000000000000,489951.000000000000000000,0.000000000000000000,20.000000000000000000,0.000000000000000000,1.000000000000000000,0.003919984469096050
0.602000000000000000,0.000000000000000000,0.000000000000000000,489951.000000000000000000,489951.000000000000000000,0.000000000000000000,20.000000000000000000,0.000000000000000000,1.000000000000000000,0.003998423377932389
0.604000000000000000,0.000000000000000000,0.000000000000000000,489951.000000000000000000,489951.000000000000000000,0.000000000000000000,20.000000000000000000,0.000000000000000000,1.000000000000000000,0.004076862286768728
0.606000000000000000,0.000000000000000000,0.000000000000000000,489951.000000000000000000,489951.000000000000000000,0.000000000000000000,20.000000000000000000,0.000000000000000000,1.000000000000000000,0.004155301195605067
0.608000000000000000,0.000000000000000000,0.000000000000000000,489951.000000000000000000,489951.000000000000000000,0.000000000000000000,20.000000000000000000,0.000000000000000000,1.000000000000000000,0.004233740104441407
0.610000000000000000,0.000000000000000000,0.000000000000000000,489951.000000000000000000,489951.000000000000000000,0.000000000000000000,20.000000000000000000,0.000000000000000000,1.000000000000000000,0.004312179013277746
0.612000000000000000,0.000000000000000000,0.000000000000000000,489951.000000000000000000,489951.000000000000000000,0.000000000000000000,20.000000000000000000,0.000000000000000000,1.000000000000000000,0.004390617922114085
0.614000000000000000,0.000000000000000000,0.000000000000000000,489951.000000000000000000,489951.000000000000000000,0.000000000000000000,20.000000000000000000,0.000000000000000000,1.000000000000000000,0.004469056830950424
0.616000000000000000,0.000000000000000000,0.000000000000000000,489951.000000000000000000,489951.000000000000000000,0.000000000000000000,20.000000000000000000,0.000000000000000000,1.000000000000000000,0.004547495739786763
0.618000000000000000,0.000000000000000000,0.000000000000000000,489951.000000000000000000,489951.000000000000000000,0.000000000000000000,20.000000000000000000,0.000000000000000000,1.000000000000000000,0.004625934648623103
0.620000000000000000,0.000000000000000000,0.000000000000000000,489951.000000000000000000,489951.000000000000000000,0.000000000000000000,20.000000000000000000,0.000000000000000000,1.000000000000000000,0.004704373557459442
0.622000000000000000,0.000000000000000000,0.000000000000000000,489951.000000000000000000,489951.000000000000000000,0.000000000000000000,20.000000000000000000,0.000000000000000000,1.000000000000000000,0.004782812466295781
0.624000000000000000,0.000000000000000000,0.000000000000000000,489951.000000000000000000,489951.000000000000000000,0.000000000000000000,20.000000000000000000,0.000000000000000000,1.000000000000000000,0.004861251375132120
0.626000000000000000,0.000000000000000000,0.000000000000000000,489951.000000000000000000,489951.000000000000000000,0.000000000000000000,20.000000000000000000,0.000000000000000000,1.000000000000000000,0.004939690283968459
0.628000000000000000,0.000000000000000000,0.000000000000000000,489951.000000000000000000,489951.000000000000000000,0.000000000000000000,20.000000000000000000,0.000000000000000000,1.000000000000000000,0.005018129192804798
0.630000000000000000,0.000000000000000000,0.000000000000000000,489951.000000000000000000,489951.000000000000000000,0.000000000000000000,20.000000000000000000,0.000000000000000000,1.000000000000000000,0.005096568101641138
0.632000000000000000,0.000000000000000000,0.000000000000000000,489951.000000000000000000,489951.000000000000000000,0.000000000000000000,20.000000000000000000,0.000000000000000000,1.000000000000000000,0.005175007010477477
0.634000000000000000,0.000000000000000000,0.000000000000000000,489951.000000000000000000,489951.000000000000000000,0.000000000000000000,20.000000000000000000,0.000000000000000000,1.000000000000000000,0.005253445919313816
0.636000000000000000,0.000000000000000000,0.000000000000000000,489951.000000000000000000,489951.000000000000000000,0.000000000000000000,20.000000000000000000,0.000000000000000000,1.000000000000000000,0.005331884828150155
0.638000000000000000,0.000000000000000000,0.000000000000000000,489951.000000000000000000,489951.000000000000000000,0.000000000000000000,20.000000000000000000,0.000000000000000000,1.000000000000000000,0.005410323736986494
0.640000000000000000,0.000000000000000000,0.000000000000000000,489951.000000000000000000,489951.000000000000000000,0.000000000000000000,20.000000000000000000,0.000000000000000000,1.000000000000000000,0.005488762645822833
0.642000000000000000,0.000000000000000000,0.000000000000000000,489951.000000000000000000,489951.000000000000000000,0.000000000000000000,20.000000000000000000,0.000000000000000000,1.000000000000000000,0.005567201554659173
0.644000000000000000,0.000000000000000000,0.000000000000000000,489951.000000000000000000,489951.000000000000000000,0.000000000000000000,20.000000000000000000,0.000000000000000000,1.000000000000000000,0.005645640463495512
0.646000000000000000,0.000000000000000000,0.000000000000000000,489951.000000000000000000,489951.000000000000000000,0.000000000000000000,20.000000000000000000,0.000000000000000000,1.000000000000000000,0.005724079372331851
0.648000000000000000,0.000000000000000000,0.000000000000000000,489951.000000000000000000,489951.000000000000000000,0.000000000000000000,20.000000000000000000,0.000000000000000000,1.000000000000000000,0.005802518281168190
0.650000000000000000,0.000000000000000000,0.000000000000000000,489951.000000000000000000,489951.000000000000000000,0.000000000000000000,20.000000000000000000,0.000000000000000000,1.000000000000000000,0.005880957190004529
0.652000000000000000,0.000000000000000000,0.000000000000000000,488492.307692307692307730,488492.307692307692307730,0.000000000000000000,20.000000000000000000,0.000000000000000000,30.769230769230760000,0.005917947476703376
0.654000000000000000,0.000000000000000000,0.000000000000000000,486984.615384615384615411,486984.615384615384615411,0.000000000000000000,20.000000000000000000,0.000000000000000000,61.538461538461530000,0.005953753717302907
0.656000000000000000,0.000000000000000000,0.000000000000000000,485476.923076923076923092,485476.923076923076923092,0.000000000000000000,20.000000000000000000,0.000000000000000000,92.307692307692300000,0.005989773557341124
0.658000000000000000,0.000000000000000000,0.000000000000000000,483969.230769230769230773,483969.230769230769230773,0.000000000000000000,20.000000000000000000,0.000000000000000000,123.076923076923070000,0.006026008913853104
0.660000000000000000,0.000000000000000000,0.000000000000000000,482461.538461538461538503,482461.538461538461538503,0.000000000000000000,20.000000000000000000,0.000000000000000000,153.846153846153840000,0.006062461726883037
0.662000000000000000,0.000000000000000000,0.000000000000000000,480953.846153846153846184,480953.846153846153846184,0.000000000000000000,20.000000000000000000,0.000000000000000000,184.615384615384610000,0.006099133959830477
0.664000000000000000,0.000000000000000000,0.000000000000000000,479446.153846153846153865,479446.153846153846153865,0.000000000000000000,20.000000000000000000,0.000000000000000000,215.384615384615380000,0.006136027599802858
0.666000000000000000,0.000000000000000000,0.000000000000000000,477938.461538461538461546,477938.461538461538461546,0.000000000000000000,20.000000000000000000,0.000000000000000000,246.153846153846150000,0.006173144657974417
0.668000000000000000,0.000000000000000000,0.000000000000000000,476430.769230769230769276,476430.769230769230769276,0.000000000000000000,20.000000000000000000,0.000000000000000000,276.923076923076920000,0.006210487169951654
0.670000000000000000,0.000000000000000000,0.000000000000000000,474923.076923076923076957,474923.076923076923076957,0.000000000000000000,20.000000000000000000,0.000000000000000000,307.692307692307690000,0.006248057196145477
0.672000000000000000,0.000000000000000000,0.000000000000000000,473415.384615384615384638,473415.384615384615384638,0.000000000000000000,20.000000000000000000,0.000000000000000000,338.461538461538460000,0.006285856822150162
0.674000000000000000,0.000000000000000000,0.000000000000000000,471907.692307692307692319,471907.692307692307692319,0.000000000000000000,20.000000000000000000,0.000000000000000000,369.230769230769230000,0.006323888159129292
0.676000000000000000,0.000000000000000000,0.000000000000000000,470400.000000000000000000,470400.000000000000000000,0.000000000000000000,20.000000000000000000,0.000000000000000000,400.000000000000000000,0.006362153344208809
0.678000000000000000,0.000000000000000000,0.000000000000000000,468892.307692307692307730,468892.307692307692307730,0.000000000000000000,20.000000000000000000,0.000000000000000000,430.769230769230760000,0.006400654540877336
0.680000000000000000,0.000000000000000000,0.000000000000000000,467384.615384615384615411,467384.615384615384615411,0.000000000000000000,20.000000000000000000,0.000000000000000000,461.538461538461530000,0.006439393939393939
0.682000000000000000,0.000000000000000000,0.000000000000000000,465876.923076923076923092,465876.923076923076923092,0.000000000000000000,20.000000000000000000,0.000000000000000000,492.307692307692300000,0.006478373757203470
0.684000000000000000,0.000000000000000000,0.000000000000000000,464369.230769230769230773,464369.230769230769230773,0.000000000000000000,20.000000000000000000,0.000000000000000000,523.076923076923070000,0.006517596239359674
0.686000000000000000,0.000000000000000000,0.000000000000000000,462861.538461538461538503,462861.538461538461538503,0.000000000000000000,20.000000000000000000,0.000000000000000000,553.846153846153840000,0.006557063658956222
0.688000000000000000,0.000000000000000000,0.000000000000000000,461353.846153846153846184,461353.846153846153846184,0.000000000000000000,20.000000000000000000,0.000000000000000000,584.615384615384610000,0.006596778317565839
0.690000000000000000,0.000000000000000000,0.000000000000000000,459846.153846153846153865,459846.153846153846153865,0.000000000000000000,20.000000000000000000,0.000000000000000000,615.384615384615380000,0.006636742545687720
0.692000000000000000,0.000000000000000000,0.000000000000000000,458338.461538461538461546,458338.461538461538461546,0.000000000000000000,20.000000000000000000,0.000000000000000000,646.153846153846150000,0.006676958703203396
0.694000000000000000,0.000000000000000000,0.000000000000000000,456830.769230769230769276,456830.769230769230769276,0.000000000000000000,20.000000000000000000,0.000000000000000000,676.923076923076920000,0.006717429179841259
0.696000000000000000,0.000000000000000000,0.000000000000000000,455323.076923076923076957,455323.076923076923076957,0.000000000000000000,20.000000000000000000,0.000000000000000000,707.692307692307690000,0.006758156395649922
0.698000000000000000,0.000000000000000000,0.000000000000000000,453815.384615384615384638,453815.384615384615384638,0.000000000000000000,20.000000000000000000,0.000000000000000000,738.461538461538460000,0.006799142801480615
0.700000000000000000,0.000000000000000000,0.000000000000000000,452307.692307692307692319,452307.692307692307692319,0.000000000000000000,20.000000000000000000,0.000000000000000000,769.230769230769230000,0.006840390879478827
0.702000000000000000,0.000000000000000000,0.000000000000000000,450800.000000000000000000,450800.000000000000000000,0.000000000000000000,20.000000000000000000,0.000000000000000000,800.000000000000000000,0.006881903143585386
0.704000000000000000,0.000000000000000000,0.000000000000000000,449292.307692307692307730,449292.307692307692307730,0.000000000000000000,20.000000000000000000,0.000000000000000000,830.769230769230760000,0.006923682140047206
0.706000000000000000,0.000000000000000000,0.000000000000000000,447784.615384615384615411,447784.615384615384615411,0.000000000000000000,20.000000000000000000,0.000000000000000000,861.538461538461530000,0.006965730447937906
0.708000000000000000,0.000000000000000000,0.000000000000000000,446276.923076923076923092,446276.923076923076923092,0.000000000000000000,20.000000000000000000,0.000000000000000000,892.307692307692300000,0.007008050679688531
0.710000000000000000,0.000000000000000000,0.000000000000000000,444769.230769230769230773,444769.230769230769230773,0.000000000000000000,20.000000000000000000,0.000000000000000000,923.076923076923070000,0.007050645481628599
0.712000000000000000,0.000000000000000000,0.000000000000000000,443261.538461538461538503,443261.538461538461538503,0.000000000000000000,20.000000000000000000,0.000000000000000000,953.846153846153840000,0.007093517534537725
0.714000000000000000,0.000000000000000000,0.000000000000000000,441753.846153846153846184,441753.846153846153846184,0.000000000000000000,20.000000000000000000,0.000000000000000000,984.615384615384610000,0.007136669554208036
0.716000000000000000,0.000000000000000000,0.000000000000000000,440246.153846153846153865,440246.153846153846153865,0.000000000000000000,20.000000000000000000,0.000000000000000000,1015.384615384615380000,0.007180104292017649
0.718000000000000000,0.000000000000000000,0.000000000000000000,438738.461538461538461546,438738.461538461538461546,0.000000000000000000,20.000000000000000000,0.000000000000000000,1046.153846153846150000,0.007223824535515460
0.720000000000000000,0.000000000000000000,0.000000000000000000,437230.769230769230769276,437230.769230769230769276,0.000000000000000000,20.000000000000000000,0.000000000000000000,1076.923076923076920000,0.007267833109017496
0.722000000000000000,0.000000000000000000,0.000000000000000000,435723.076923076923076957,435723.076923076923076957,0.000000000000000000,20.000000000000000000,0.000000000000000000,1107.692307692307690000,0.007312132874215110
0.724000000000000000,0.000000000000000000,0.000000000000000000,434215.384615384615384638,434215.384615384615384638,0.000000000000000000,20.000000000000000000,0.000000000000000000,1138.461538461538460000,0.007356726730795285
0.726000000000000000,0.000000000000000000,0.000000000000000000,432707.692307692307692319,432707.692307692307692319,0.000000000000000000,20.000000000000000000,0.000000000000000000,1169.230769230769230000,0.007401617617073336
0.728000000000000000,0.000000000000000000,0.000000000000000000,431200.000000000000000000,431200.000000000000000000,0.000000000000000000,20.000000000000000000,0.000000000000000000,1200.000000000000000000,0.007446808510638297
0.730000000000000000,0.000000000000000000,0.000000000000000000,429692.307692307692307730,429692.307692307692307730,0.000000000000000000,20.000000000000000000,0.000000000000000000,1230.769230769230760000,0.007492302429011289
0.732000000000000000,0.000000000000000000,0.000000000000000000,428184.615384615384615411,428184.615384615384615411,0.000000000000000000,20.000000000000000000,0.000000000000000000,1261.538461538461530000,0.007538102430317176
0.734000000000000000,0.000000000000000000,0.000000000000000000,426676.923076923076923092,426676.923076923076923092,0.000000000000000000,20.000000000000000000,0.000000000000000000,1292.307692307692300000,0.007584211613969828
0.736000000000000000,0.000000000000000000,0.000000000000000000,425169.230769230769230773,425169.230769230769230773,0.000000000000000000,20.000000000000000000,0.000000000000000000,1323.076923076923070000,0.007630633121371302
0.738000000000000000,0.000000000000000000,0.000000000000000000,423661.538461538461538503,423661.538461538461538503,0.000000000000000000,20.000000000000000000,0.000000000000000000,1353.846153846153840000,0.007677370136625286
0.740000000000000000,0.000000000000000000,0.000000000000000000,422153.846153846153846184,422153.846153846153846184,0.000000000000000000,20.000000000000000000,0.000000000000000000,1384.615384615384610000,0.007724425887265135
0.742000000000000000,0.000000000000000000,0.000000000000000000,420646.153846153846153865,420646.153846153846153865,0.000000000000000000,20.000000000000000000,0.000000000000000000,1415.384615384615380000,0.007771803644996857
0.744000000000000000,0.000000000000000000,0.000000000000000000,419138.461538461538461546,419138.461538461538461546,0.000000000000000000,20.000000000000000000,0.000000000000000000,1446.153846153846150000,0.007819506726457399
0.746000000000000000,0.000000000000000000,0.000000000000000000,417630.769230769230769276,417630.769230769230769276,0.000000000000000000,20.000000000000000000,0.000000000000000000,1476.923076923076920000,0.007867538493988609
0.748000000000000000,0.000000000000000000,0.000000000000000000,416123.076923076923076957,416123.076923076923076957,0.000000000000000000,20.000000000000000000,0.000000000000000000,1507.692307692307690000,0.007915902356427261
0.750000000000000000,0.000000000000000000,0.000000000000000000,414615.384615384615384638,414615.384615384615384638,0.000000000000000000,20.000000000000000000,0.000000000000000000,1538.461538461538460000,0.007964601769911504
0.752000000000000000,0.000000000000000000,0.000000000000000000,413107.692307692307692319,413107.692307692307692319,0.000000000000000000,20.000000000000000000,0.000000000000000000,1569.230769230769230000,0.008013640238704177
0.754000000000000000,0.000000000000000000,0.000000000000000000,411600.000000000000000000,411600.000000000000000000,0.000000000000000000,20.000000000000000000,0.000000000000000000,1600.000000000000000000,0.008063021316033364
0.756000000000000000,0.000000000000000000,0.000000000000000000,410092.307692307692307730,410092.307692307692307730,0.000000000000000000,20.000000000000000000,0.000000000000000000,1630.769230769230760000,0.008112748604950636
0.758000000000000000,0.000000000000000000,0.000000000000000000,408584.615384615384615411,408584.615384615384615411,0.000000000000000000,20.000000000000000000,0.000000000000000000,1661.538461538461530000,0.008162825759207409
0.760000000000000000,0.000000000000000000,0.000000000000000000,407076.923076923076923092,407076.923076923076923092,0.000000000000000000,20.000000000000000000,0.000000000000000000,1692.307692307692300000,0.008213256484149855
0.762000000000000000,0.000000000000000000,0.000000000000000000,405569.230769230769230773,405569.230769230769230773,0.000000000000000000,20.000000000000000000,0.000000000000000000,1723.076923076923070000,0.008264044537632853
0.764000000000000000,0.000000000000000000,0.000000000000000000,404061.538461538461538503,404061.538461538461538503,0.000000000000000000,20.000000000000000000,0.000000000000000000,1753.846153846153840000,0.008315193730953417
0.766000000000000000,0.000000000000000000,0.000000000000000000,402553.846153846153846184,402553.846153846153846184,0.000000000000000000,20.000000000000000000,0.000000000000000000,1784.615384615384610000,0.008366707929804121
0.768000000000000000,0.000000000000000000,0.000000000000000000,401046.153846153846153865,401046.153846153846153865,0.000000000000000000,20.000000000000000000,0.000000000000000000,1815.384615384615380000,0.008418591055247003
0.770000000000000000,0.000000000000000000,0.000000000000000000,399538.461538461538461546,399538.461538461538461546,0.000000000000000000,20.000000000000000000,0.000000000000000000,1846.153846153846150000,0.008470847084708470
0.772000000000000000,0.000000000000000000,0.000000000000000000,398030.769230769230769276,398030.769230769230769276,0.000000000000000000,20.000000000000000000,0.000000000000000000,1876.923076923076920000,0.008523480052995730
0.774000000000000000,0.000000000000000000,0.000000000000000000,396523.076923076923076957,396523.076923076923076957,0.000000000000000000,20.000000000000000000,0.000000000000000000,1907.692307692307690000,0.008576494053335303
0.776000000000000000,0.000000000000000000,0.000000000000000000,395015.384615384615384638,395015.384615384615384638,0.000000000000000000,20.000000000000000000,0.000000000000000000,1938.461538461538460000,0.008629893238434163
0.778000000000000000,0.000000000000000000,0.000000000000000000,393507.692307692307692319,393507.692307692307692319,0.000000000000000000,20.000000000000000000,0.000000000000000000,1969.230769230769230000,0.008683681821564104
0.780000000000000000,0.000000000000000000,0.000000000000000000,392000.000000000000000000,392000.000000000000000000,0.000000000000000000,20.000000000000000000,0.000000000000000000,2000.000000000000000000,0.008737864077669902
0.782000000000000000,0.000000000000000000,0.000000000000000000,390492.307692307692307730,390492.307692307692307730,0.000000000000000000,20.000000000000000000,0.000000000000000000,2030.769230769230760000,0.008792444344501911
0.784000000000000000,0.000000000000000000,0.000000000000000000,388984.615384615384615411,388984.615384615384615411,0.000000000000000000,20.000000000000000000,0.000000000000000000,2061.538461538461530000,0.008847427023773698
0.786000000000000000,0.000000000000000000,0.000000000000000000,387476.923076923076923092,387476.923076923076923092,0.000000000000000000,20.000000000000000000,0.000000000000000000,2092.307692307692300000,0.008902816582345390
0.788000000000000000,0.000000000000000000,0.000000000000000000,385969.230769230769230773,385969.230769230769230773,0.000000000000000000,20.000000000000000000,0.000000000000000000,2123.076923076923070000,0.008958617553433378
0.790000000000000000,0.000000000000000000,0.000000000000000000,384461.538461538461538503,384461.538461538461538503,0.000000000000000000,20.000000000000000000,0.000000000000000000,2153.846153846153840000,0.009014834537847090
0.792000000000000000,0.000000000000000000,0.000000000000000000,382953.846153846153846184,382953.846153846153846184,0.000000000000000000,20.000000000000000000,0.000000000000000000,2184.615384615384610000,0.009071472205253512
0.794000000000000000,0.000000000000000000,0.000000000000000000,381446.153846153846153865,381446.153846153846153865,0.000000000000000000,20.000000000000000000,0.000000000000000000,2215.384615384615380000,0.009128535295470223
0.796000000000000000,0.000000000000000000,0.000000000000000000,379938.461538461538461546,379938.461538461538461546,0.000000000000000000,20.000000000000000000,0.000000000000000000,2246.153846153846150000,0.009186028619787659
0.798000000000000000,0.000000000000000000,0.000000000000000000,378430.769230769230769276,378430.769230769230769276,0.000000000000000000,20.000000000000000000,0.000000000000000000,2276.923076923076920000,0.009243957062321414
0.800000000000000000,0.000000000000000000,0.000000000000000000,376923.076923076923076957,376923.076923076923076957,0.000000000000000000,20.000000000000000000,0.000000000000000000,2307.692307692307690000,0.009302325581395348
0.802000000000000000,0.000000000000000000,0.000000000000000000,375415.384615384615384638,375415.384615384615384638,0.000000000000000000,20.000000000000000000,0.000000000000000000,2338.461538461538460000,0.009361139210956345
0.804000000000000000,0.000000000000000000,0.000000000000000000,373907.692307692307692319,373907.692307692307692319,0.000000000000000000,20.000000000000000000,0.000000000000000000,2369.230769230769230000,0.009420403062021559
0.806000000000000000,0.000000000000000000,0.000000000000000000,372400.000000000000000000,372400.000000000000000000,0.000000000000000000,20.000000000000000000,0.000000000000000000,2400.000000000000000000,0.009480122324159021
0.808000000000000000,0.000000000000000000,0.000000000000000000,370892.307692307692307730,370892.307692307692307730,0.000000000000000000,20.000000000000000000,0.000000000000000000,2430.769230769230760000,0.009540302267002518
0.810000000000000000,0.000000000000000000,0.000000000000000000,369384.615384615384615411,369384.615384615384615411,0.000000000000000000,20.000000000000000000,0.000000000000000000,2461.538461538461530000,0.009600948241801659
0.812000000000000000,0.000000000000000000,0.000000000000000000,367876.923076923076923092,367876.923076923076923092,0.000000000000000000,20.000000000000000000,0.000000000000000000,2492.307692307692300000,0.009662065683008091
0.814000000000000000,0.000000000000000000,0.000000000000000000,366369.230769230769230773,366369.230769230769230773,0.000000000000000000,20.000000000000000000,0.000000000000000000,2523.076923076923070000,0.009723660109898861
0.816000000000000000,0.000000000000000000,0.000000000000000000,364861.538461538461538503,364861.538461538461538503,0.000000000000000000,20.000000000000000000,0.000000000000000000,2553.846153846153840000,0.009785737128237927
0.818000000000000000,0.000000000000000000,0.000000000000000000,363353.846153846153846184,363353.846153846153846184,0.000000000000000000,20.000000000000000000,0.000000000000000000,2584.615384615384610000,0.009848302431976884
0.820000000000000000,0.000000000000000000,0.000000000000000000,361846.153846153846153865,361846.153846153846153865,0.000000000000000000,20.000000000000000000,0.000000000000000000,2615.384615384615380000,0.009911361804995970
0.822000000000000000,0.000000000000000000,0.000000000000000000,360338.461538461538461546,360338.461538461538461546,0.000000000000000000,20.000000000000000000,0.000000000000000000,2646.153846153846150000,0.009974921122886497
0.824000000000000000,0.000000000000000000,0.000000000000000000,358830.769230769230769276,358830.769230769230769276,0.000000000000000000,20.000000000000000000,0.000000000000000000,2676.923076923076920000,0.010038986354775828
0.826000000000000000,0.000000000000000000,0.000000000000000000,357323.076923076923076957,357323.076923076923076957,0.000000000000000000,20.000000000000000000,0.000000000000000000,2707.692307692307690000,0.010103563565196118
0.828000000000000000,0.000000000000000000,0.000000000000000000,355815.384615384615384638,355815.384615384615384638,0.000000000000000000,20.000000000000000000,0.000000000000000000,2738.461538461538460000,0.010168658915998035
0.830000000000000000,0.000000000000000000,0.000000000000000000,354307.692307692307692319,354307.692307692307692319,0.000000000000000000,20.000000000000000000,0.000000000000000000,2769.230769230769230000,0.010234278668310727
0.832000000000000000,0.000000000000000000,0.000000000000000000,352800.000000000000000000,352800.000000000000000000,0.000000000000000000,20.000000000000000000,0.000000000000000000,2800.000000000000000000,0.010300429184549356
0.834000000000000000,0.000000000000000000,0.000000000000000000,351292.307692307692307730,351292.307692307692307730,0.000000000000000000,20.000000000000000000,0.000000000000000000,2830.769230769230760000,0.010367116930471533
0.836000000000000000,0.000000000000000000,0.000000000000000000,349784.615384615384615411,349784.615384615384615411,0.000000000000000000,20.000000000000000000,0.000000000000000000,2861.538461538461530000,0.010434348477284073
0.838000000000000000,0.000000000000000000,0.000000000000000000,348276.923076923076923092,348276.923076923076923092,0.000000000000000000,20.000000000000000000,0.000000000000000000,2892.307692307692300000,0.010502130503801487
0.840000000000000000,0.000000000000000000,0.000000000000000000,346769.230769230769230773,346769.230769230769230773,0.000000000000000000,20.000000000000000000,0.000000000000000000,2923.076923076923070000,0.010570469798657718
0.842000000000000000,0.000000000000000000,0.000000000000000000,345261.538461538461538503,345261.538461538461538503,0.000000000000000000,20.000000000000000000,0.000000000000000000,2953.846153846153840000,0.010639373262572656
0.844000000000000000,0.000000000000000000,0.000000000000000000,343753.846153846153846184,343753.846153846153846184,0.000000000000000000,20.000000000000000000,0.000000000000000000,2984.615384615384610000,0.010708847910675012
0.846000000000000000,0.000000000000000000,0.000000000000000000,342246.153846153846153865,342246.153846153846153865,0.000000000000000000,20.000000000000000000,0.000000000000000000,3015.384615384615380000,0.010778900874883207
0.848000000000000000,0.000000000000000000,0.000000000000000000,340738.461538461538461546,340738.461538461538461546,0.000000000000000000,20.000000000000000000,0.000000000000000000,3046.153846153846150000,0.010849539406345957
0.850000000000000000,0.000000000000000000,0.000000000000000000,339230.769230769230769276,339230.769230769230769276,0.000000000000000000,20.000000000000000000,0.000000000000000000,3076.923076923076920000,0.010920770877944325
0.852000000000000000,0.000000000000000000,0.000000000000000000,337723.076923076923076957,337723.076923076923076957,0.000000000000000000,20.000000000000000000,0.000000000000000000,3107.692307692307690000,0.010992602786857044
0.854000000000000000,0.000000000000000000,0.000000000000000000,336215.384615384615384638,336215.384615384615384638,0.000000000000000000,20.000000000000000000,0.000000000000000000,3138.461538461538460000,0.011065042757190982
0.856000000000000000,0.000000000000000000,0.000000000000000000,334707.692307692307692319,334707.692307692307692319,0.000000000000000000,20.000000000000000000,0.000000000000000000,3169.230769230769230000,0.011138098542678695
0.858000000000000000,0.000000000000000000,0.000000000000000000,333200.000000000000000000,333200.000000000000000000,0.000000000000000000,20.000000000000000000,0.000000000000000000,3200.000000000000000000,0.011211778029445073
0.860000000000000000,0.000000000000000000,0.000000000000000000,331692.307692307692307730,331692.307692307692307730,0.000000000000000000,20.000000000000000000,0.000000000000000000,3230.769230769230760000,0.011286089238845144
0.862000000000000000,0.000000000000000000,0.000000000000000000,330184.615384615384615411,330184.615384615384615411,0.000000000000000000,20.000000000000000000,0.000000000000000000,3261.538461538461530000,0.011361040330375186
0.864000000000000000,0.000000000000000000,0.000000000000000000,328676.923076923076923092,328676.923076923076923092,0.000000000000000000,20.000000000000000000,0.000000000000000000,3292.307692307692300000,0.011436639604659371
0.866000000000000000,0.000000000000000000,0.000000000000000000,327169.230769230769230773,327169.230769230769230773,0.000000000000000000,20.000000000000000000,0.000000000000000000,3323.076923076923070000,0.011512895506514224
0.868000000000000000,0.000000000000000000,0.000000000000000000,325661.538461538461538503,325661.538461538461538503,0.000000000000000000,20.000000000000000000,0.000000000000000000,3353.846153846153840000,0.011589816628093288
0.870000000000000000,0.000000000000000000,0.000000000000000000,324153.846153846153846184,324153.846153846153846184,0.000000000000000000,20.000000000000000000,0.000000000000000000,3384.615384615384610000,0.011667411712114438
0.872000000000000000,0.000000000000000000,0.000000000000000000,322646.153846153846153865,322646.153846153846153865,0.000000000000000000,20.000000000000000000,0.000000000000000000,3415.384615384615380000,0.011745689655172413
0.874000000000000000,0.000000000000000000,0.000000000000000000,321138.461538461538461546,321138.461538461538461546,0.000000000000000000,20.000000000000000000,0.000000000000000000,3446.153846153846150000,0.011824659511139172
0.876000000000000000,0.000000000000000000,0.000000000000000000,319630.769230769230769276,319630.769230769230769276,0.000000000000000000,20.000000000000000000,0.000000000000000000,3476.923076923076920000,0.011904330494654828
0.878000000000000000,0.000000000000000000,0.000000000000000000,318123.076923076923076957,318123.076923076923076957,0.000000000000000000,20.000000000000000000,0.000000000000000000,3507.692307692307690000,0.011984711984711984
0.880000000000000000,0.000000000000000000,0.000000000000000000,316615.384615384615384638,316615.384615384615384638,0.000000000000000000,20.000000000000000000,0.000000000000000000,3538.461538461538460000,0.012065813528336380
0.882000000000000000,0.000000000000000000,0.000000000000000000,315107.692307692307692319,315107.692307692307692319,0.000000000000000000,20.000000000000000000,0.000000000000000000,3569.230769230769230000,0.012147644844366908
0.884000000000000000,0.000000000000000000,0.000000000000000000,313600.000000000000000000,313600.000000000000000000,0.000000000000000000,20.000000000000000000,0.000000000000000000,3600.000000000000000000,0.012230215827338129
0.886000000000000000,0.000000000000000000,0.000000000000000000,312092.307692307692307730,312092.307692307692307730,0.000000000000000000,20.000000000000000000,0.000000000000000000,3630.769230769230760000,0.012313536551468544
0.888000000000000000,0.000000000000000000,0.000000000000000000,310584.615384615384615411,310584.615384615384615411,0.000000000000000000,20.000000000000000000,0.000000000000000000,3661.538461538461530000,0.012397617274758004
0.890000000000000000,0.000000000000000000,0.000000000000000000,309076.923076923076923092,309076.923076923076923092,0.000000000000000000,20.000000000000000000,0.000000000000000000,3692.307692307692300000,0.012482468443197755
0.892000000000000000,0.000000000000000000,0.000000000000000000,307569.230769230769230773,307569.230769230769230773,0.000000000000000000,20.000000000000000000,0.000000000000000000,3723.076923076923070000,0.012568100695096749
0.894000000000000000,0.000000000000000000,0.000000000000000000,306061.538461538461538503,306061.538461538461538503,0.000000000000000000,20.000000000000000000,0.000000000000000000,3753.846153846153840000,0.012654524865527979
0.896000000000000000,0.000000000000000000,0.000000000000000000,304553.846153846153846184,304553.846153846153846184,0.000000000000000000,20.000000000000000000,0.000000000000000000,3784.615384615384610000,0.012741751990898748
0.898000000000000000,0.000000000000000000,0.000000000000000000,303046.153846153846153865,303046.153846153846153865,0.000000000000000000,20.000000000000000000,0.000000000000000000,3815.384615384615380000,0.012829793313648918
0.900000000000000000,0.000000000000000000,0.000000000000000000,301538.461538461538461546,301538.461538461538461546,0.000000000000000000,20.000000000000000000,0.000000000000000000,3846.153846153846150000,0.012918660287081339
0.902000000000000000,0.000000000000000000,0.000000000000000000,300030.769230769230769276,300030.769230769230769276,0.000000000000000000,20.000000000000000000,0.000000000000000000,3876.923076923076920000,0.013008364580328814
0.904000000000000000,0.000000000000000000,0.000000000000000000,298523.076923076923076957,298523.076923076923076957,0.000000000000000000,20.000000000000000000,0.000000000000000000,3907.692307692307690000,0.013098918083462132
0.906000000000000000,0.000000000000000000,0.000000000000000000,297015.384615384615384638,297015.384615384615384638,0.000000000000000000,20.000000000000000000,0.000000000000000000,3938.461538461538460000,0.013190332912743861
0.908000000000000000,0.000000000000000000,0.000000000000000000,295507.692307692307692319,295507.692307692307692319,0.000000000000000000,20.000000000000000000,0.000000000000000000,3969.230769230769230000,0.013282621416032767
0.910000000000000000,0.000000000000000000,0.000000000000000000,294000.000000000000000000,294000.000000000000000000,0.000000000000000000,20.000000000000000000,0.000000000000000000,4000.000000000000000000,0.013375796178343949
0.912000000000000000,0.000000000000000000,0.000000000000000000,292492.307692307692307730,292492.307692307692307730,0.000000000000000000,20.000000000000000000,0.000000000000000000,4030.769230769230760000,0.013469870027569909
0.914000000000000000,0.000000000000000000,0.000000000000000000,290984.615384615384615411,290984.615384615384615411,0.000000000000000000,20.000000000000000000,0.000000000000000000,4061.538461538461530000,0.013564856040368061
0.916000000000000000,0.000000000000000000,0.000000000000000000,289476.923076923076923092,289476.923076923076923092,0.000000000000000000,20.000000000000000000,0.000000000000000000,4092.307692307692300000,0.013660767548220322
0.918000000000000000,0.000000000000000000,0.000000000000000000,287969.230769230769230773,287969.230769230769230773,0.000000000000000000,20.000000000000000000,0.000000000000000000,4123.076923076923070000,0.013757618143670696
0.920000000000000000,0.000000000000000000,0.000000000000000000,286461.538461538461538503,286461.538461538461538503,0.000000000000000000,20.000000000000000000,0.000000000000000000,4153.846153846153840000,0.013855421686746987
0.922000000000000000,0.000000000000000000,0.000000000000000000,284953.846153846153846184,284953.846153846153846184,0.000000000000000000,20.000000000000000000,0.000000000000000000,4184.615384615384610000,0.013954192311572999
0.924000000000000000,0.000000000000000000,0.000000000000000000,283446.153846153846153865,283446.153846153846153865,0.000000000000000000,20.000000000000000000,0.000000000000000000,4215.384615384615380000,0.014053944433177854
0.926000000000000000,0.000000000000000000,0.000000000000000000,281938.461538461538461546,281938.461538461538461546,0.000000000000000000,20.000000000000000000,0.000000000000000000,4246.153846153846150000,0.014154692754509324
0.928000000000000000,0.000000000000000000,0.000000000000000000,280430.769230769230769276,280430.769230769230769276,0.000000000000000000,20.000000000000000000,0.000000000000000000,4276.923076923076920000,0.014256452273658336
0.930000000000000000,0.000000000000000000,0.000000000000000000,278923.076923076923076957,278923.076923076923076957,0.000000000000000000,20.000000000000000000,0.000000000000000000,4307.692307692307690000,0.014359238291302110
0.932000000000000000,0.000000000000000000,0.000000000000000000,277415.384615384615384638,277415.384615384615384638,0.000000000000000000,20.000000000000000000,0.000000000000000000,4338.461538461538460000,0.014463066418373680
0.934000000000000000,0.000000000000000000,0.000000000000000000,275907.692307692307692319,275907.692307692307692319,0.000000000000000000,20.000000000000000000,0.000000000000000000,4369.230769230769230000,0.014567952583965893
0.936000000000000000,0.000000000000000000,0.000000000000000000,274400.000000000000000000,274400.000000000000000000,0.000000000000000000,20.000000000000000000,0.000000000000000000,4400.000000000000000000,0.014673913043478260
0.938000000000000000,0.000000000000000000,0.000000000000000000,272892.307692307692307730,272892.307692307692307730,0.000000000000000000,20.000000000000000000,0.000000000000000000,4430.769230769230760000,0.014780964387015442
0.940000000000000000,0.000000000000000000,0.000000000000000000,271384.615384615384615411,271384.615384615384615411,0.000000000000000000,20.000000000000000000,0.000000000000000000,4461.538461538461530000,0.014889123548046462
0.942000000000000000,0.000000000000000000,0.000000000000000000,269876.923076923076923092,269876.923076923076923092,0.000000000000000000,20.000000000000000000,0.000000000000000000,4492.307692307692300000,0.014998407812334147
0.944000000000000000,0.000000000000000000,0.000000000000000000,268369.230769230769230773,268369.230769230769230773,0.000000000000000000,20.000000000000000000,0.000000000000000000,4523.076923076923070000,0.015108834827144686
0.946000000000000000,0.000000000000000000,0.000000000000000000,266861.538461538461538503,266861.538461538461538503,0.000000000000000000,20.000000000000000000,0.000000000000000000,4553.846153846153840000,0.015220422610747613
0.948000000000000000,0.000000000000000000,0.000000000000000000,265353.846153846153846184,265353.846153846153846184,0.000000000000000000,20.000000000000000000,0.000000000000000000,4584.615384615384610000,0.015333189562216950
0.950000000000000000,0.000000000000000000,0.000000000000000000,263846.153846153846153865,263846.153846153846153865,0.000000000000000000,20.000000000000000000,0.000000000000000000,4615.384615384615380000,0.015447154471544715
0.952000000000000000,0.000000000000000000,0.000000000000000000,262338.461538461538461546,262338.461538461538461546,0.000000000000000000,20.000000000000000000,0.000000000000000000,4646.153846153846150000,0.015562336530078465
0.954000000000000000,0.000000000000000000,0.000000000000000000,260830.769230769230769276,260830.769230769230769276,0.000000000000000000,20.000000000000000000,0.000000000000000000,4676.923076923076920000,0.015678755341295058
0.956000000000000000,0.000000000000000000,0.000000000000000000,259323.076923076923076957,259323.076923076923076957,0.000000000000000000,20.000000000000000000,0.000000000000000000,4707.692307692307690000,0.015796430931923331
0.958000000000000000,0.000000000000000000,0.000000000000000000,257815.384615384615384638,257815.384615384615384638,0.000000000000000000,20.000000000000000000,0.000000000000000000,4738.461538461538460000,0.015915383763428951
0.960000000000000000,0.000000000000000000,0.000000000000000000,256307.692307692307692319,256307.692307692307692319,0.000000000000000000,20.000000000000000000,0.000000000000000000,4769.230769230769230000,0.016035634743875278
0.962000000000000000,0.000000000000000000,0.000000000000000000,254800.000000000000000000,254800.000000000000000000,0.000000000000000000,20.000000000000000000,0.000000000000000000,4800.000000000000000000,0.016157205240174672
0.964000000000000000,0.000000000000000000,0.000000000000000000,253292.307692307692307730,253292.307692307692307730,0.000000000000000000,20.000000000000000000,0.000000000000000000,4830.769230769230760000,0.016280117090745327
0.966000000000000000,0.000000000000000000,0.000000000000000000,251784.615384615384615411,251784.615384615384615411,0.000000000000000000,20.000000000000000000,0.000000000000000000,4861.538461538461530000,0.016404392618589380
0.968000000000000000,0.000000000000000000,0.000000000000000000,250276.923076923076923092,250276.923076923076923092,0.000000000000000000,20.000000000000000000,0.000000000000000000,4892.307692307692300000,0.016530054644808743
0.970000000000000000,0.000000000000000000,0.000000000000000000,248769.230769230769230773,248769.230769230769230773,0.000000000000000000,20.000000000000000000,0.000000000000000000,4923.076923076923070000,0.016657126502575844
0.972000000000000000,0.000000000000000000,0.000000000000000000,247261.538461538461538503,247261.538461538461538503,0.000000000000000000,20.000000000000000000,0.000000000000000000,4953.846153846153840000,0.016785632051577250
0.974000000000000000,0.000000000000000000,0.000000000000000000,245753.846153846153846184,245753.846153846153846184,0.000000000000000000,20.000000000000000000,0.000000000000000000,4984.615384615384610000,0.016915595692948940
0.976000000000000000,0.000000000000000000,0.000000000000000000,244246.153846153846153865,244246.153846153846153865,0.000000000000000000,20.000000000000000000,0.000000000000000000,5015.384615384615380000,0.017047042384722869
0.978000000000000000,0.000000000000000000,0.000000000000000000,242738.461538461538461546,242738.461538461538461546,0.000000000000000000,20.000000000000000000,0.000000000000000000,5046.153846153846150000,0.017179997657805363
0.980000000000000000,0.000000000000000000,0.000000000000000000,241230.769230769230769276,241230.769230769230769276,0.000000000000000000,20.000000000000000000,0.000000000000000000,5076.923076923076920000,0.017314487632508833
0.982000000000000000,0.000000000000000000,0.000000000000000000,239723.076923076923076957,239723.076923076923076957,0.000000000000000000,20.000000000000000000,0.000000000000000000,5107.692307692307690000,0.017450539035659282
0.984000000000000000,0.000000000000000000,0.000000000000000000,238215.384615384615384638,238215.384615384615384638,0.000000000000000000,20.000000000000000000,0.000000000000000000,5138.461538461538460000,0.017588179218303145
0.986000000000000000,0.000000000000000000,0.000000000000000000,236707.692307692307692319,236707.692307692307692319,0.000000000000000000,20.000000000000000000,0.000000000000000000,5169.230769230769230000,0.017727436174038115
0.988000000000000000,0.000000000000000000,0.000000000000000000,235200.000000000000000000,235200.000000000000000000,0.000000000000000000,20.000000000000000000,0.000000000000000000,5200.000000000000000000,0.017868338557993730
0.990000000000000000,0.000000000000000000,0.000000000000000000,233692.307692307692307730,233692.307692307692307730,0.000000000000000000,20.000000000000000000,0.000000000000000000,5230.769230769230760000,0.018010915706488781
0.992000000000000000,0.000000000000000000,0.000000000000000000,232184.615384615384615411,232184.615384615384615411,0.000000000000000000,20.000000000000000000,0.000000000000000000,5261.538461538461530000,0.018155197657393850
0.994000000000000000,0.000000000000000000,0.000000000000000000,230676.923076923076923092,230676.923076923076923092,0.000000000000000000,20.000000000000000000,0.000000000000000000,5292.307692307692300000,0.018301215171228673
0.996000000000000000,0.000000000000000000,0.000000000000000000,229169.230769230769230773,229169.230769230769230773,0.000000000000000000,20.000000000000000000,0.000000000000000000,5323.076923076923070000,0.018448999753025438
0.998000000000000000,0.000000000000000000,0.000000000000000000,227661.538461538461538503,227661.538461538461538503,0.000000000000000000,20.000000000000000000,0.000000000000000000,5353.846153846153840000,0.018598583674990682
1.000000000000000000,0.000000000000000000,0.000000000000000000,226153.846153846153846184,226153.846153846153846184,0.000000000000000000,20.000000000000000000,0.000000000000000000,5384.615384615384610000,0.018750000000000000
1.002000000000000000,0.000000000000000000,0.000000000000000000,224646.153846153846153865,224646.153846153846153865,0.000000000000000000,20.000000000000000000,0.000000000000000000,5415.384615384615380000,0.018903282605961514
1.004000000000000000,0.000000000000000000,0.000000000000000000,223138.461538461538461546,223138.461538461538461546,0.000000000000000000,20.000000000000000000,0.000000000000000000,5446.153846153846150000,0.019058466211085801
1.006000000000000000,0.000000000000000000,0.000000000000000000,221630.769230769230769276,221630.769230769230769276,0.000000000000000000,20.000000000000000000,0.000000000000000000,5476.923076923076920000,0.019215586400101871
1.008000000000000000,0.000000000000000000,0.000000000000000000,220123.076923076923076957,220123.076923076923076957,0.000000000000000000,20.000000000000000000,0.000000000000000000,5507.692307692307690000,0.019374679651460789
1.010000000000000000,0.000000000000000000,0.000000000000000000,218615.384615384615384638,218615.384615384615384638,0.000000000000000000,20.000000000000000000,0.000000000000000000,5538.461538461538460000,0.019535783365570599
1.012000000000000000,0.000000000000000000,0.000000000000000000,217107.692307692307692319,217107.692307692307692319,0.000000000000000000,20.000000000000000000,0.000000000000000000,5569.230769230769230000,0.019698935894108486
1.014000000000000000,0.000000000000000000,0.000000000000000000,214601.641923283650223708,214601.641923283650223708,0.000000000000000000,20.000000000000000000,0.000000000000000000,5600.000000000000000000,0.019948709487422906
1.016000000000000000,0.000000000000000000,0.000000000000000000,209635.284519560812514684,209635.284519560812514684,0.000000000000000000,20.000000000000000000,0.000000000000000000,5630.769230769230760000,0.020420340798416502
1.018000000000000000,0.000000000000000000,0.000000000000000000,202486.653423517390774212,202486.653423517390774212,0.000000000000000000,20.000000000000000000,0.000000000000000000,5661.538461538461530000,0.021117947823673361
1.020000000000000000,0.000000000000000000,0.000000000000000000,193568.738849531463807541,193568.738849531463807541,0.000000000000000000,20.000000000000000000,0.000000000000000000,5692.307692307692300000,0.022042984067106765
1.022000000000000000,0.000000000000000000,0.000000000000000000,183352.112086350723372882,183352.112086350723372882,0.000000000000000000,20.000000000000000000,0.000000000000000000,5723.076923076923070000,0.023195840104774025
1.024000000000000000,0.000000000000000000,0.000000000000000000,172309.099632176555253512,172309.099632176555253512,0.000000000000000000,20.000000000000000000,0.000000000000000000,5753.846153846153840000,0.024575820152002214
1.026000000000000000,0.000000000000000000,0.000000000000000000,160870.130572903828573557,160870.130572903828573557,0.000000000000000000,20.000000000000000000,0.000000000000000000,5784.615384615384610000,0.026181131181723290
1.028000000000000000,0.000000000000000000,0.000000000000000000,149396.795956580032153595,149396.795956580032153595,0.000000000000000000,20.000000000000000000,0.000000000000000000,5815.384615384615380000,0.028008885043088592
1.030000000000000000,0.000000000000000000,0.000000000000000000,138461.538461538461538466,138461.538461538461538466,0.000000000000000000,20.000000000000000000,0.000000000000000000,5846.153846153846150000,0.030000000000000000
1.032000000000000000,0.000000000000000000,0.000000000000000000,128846.153846153846153875,128846.153846153846153875,0.000000000000000000,20.000000000000000000,0.000000000000000000,5876.923076923076920000,0.032000000000000000
1.034000000000000000,0.000000000000000000,0.000000000000000000,120361.990950226244343911,120361.990950226244343911,0.000000000000000000,20.000000000000000000,0.000000000000000000,5907.692307692307690000,0.034000000000000000
1.036000000000000000,0.000000000000000000,0.000000000000000000,112820.512820512820512833,112820.512820512820512833,0.000000000000000000,20.000000000000000000,0.000000000000000000,5938.461538461538460000,0.036000000000000000
1.038000000000000000,0.000000000000000000,0.000000000000000000,106072.874493927125506078,106072.874493927125506078,0.000000000000000000,20.000000000000000000,0.000000000000000000,5969.230769230769230000,0.038000000000000000
1.040000000000000000,0.000000000000000000,0.000000000000000000,100000.000000000000000000,100000.000000000000000000,0.000000000000000000,20.000000000000000000,0.000000000000000000,6000.000000000000000000,0.040000000000000000
1.042000000000000000,0.000000000000000000,0.000000000000000000,94505.494505494505494523,94505.494505494505494523,0.000000000000000000,20.000000000000000000,0.000000000000000000,6030.769230769230760000,0.042000000000000000
1.044000000000000000,0.000000000000000000,0.000000000000000000,89510.489510489510489522,89510.489510489510489522,0.000000000000000000,20.000000000000000000,0.000000000000000000,6061.538461538461530000,0.044000000000000000
1.046000000000000000,0.000000000000000000,0.000000000000000000,84949.832775919732441478,84949.832775919732441478,0.000000000000000000,20.000000000000000000,0.000000000000000000,6092.307692307692300000,0.046000000000000000
1.048000000000000000,0.000000000000000000,0.000000000000000000,80769.230769230769230770,80769.230769230769230770,0.000000000000000000,20.000000000000000000,0.000000000000000000,6123.076923076923070000,0.048000000000000000
1.050000000000000000,0.000000000000000000,0.000000000000000000,76923.076923076923076940,76923.076923076923076940,0.000000000000000000,20.000000000000000000,0.000000000000000000,6153.846153846153840000,0.050000000000000000
1.052000000000000000,0.000000000000000000,0.000000000000000000,73372.781065088757396461,73372.781065088757396461,0.000000000000000000,20.000000000000000000,0.000000000000000000,6184.615384615384610000,0.052000000000000000
1.054000000000000000,0.000000000000000000,0.000000000000000000,70085.470085470085470092,70085.470085470085470092,0.000000000000000000,20.000000000000000000,0.000000000000000000,6215.384615384615380000,0.054000000000000000
1.056000000000000000,0.000000000000000000,0.000000000000000000,67032.967032967032967035,67032.967032967032967035,0.000000000000000000,20.000000000000000000,0.000000000000000000,6246.153846153846150000,0.056000000000000000
1.058000000000000000,0.000000000000000000,0.000000000000000000,64190.981432360742705586,64190.981432360742705586,0.000000000000000000,20.000000000000000000,0.000000000000000000,6276.923076923076920000,0.058000000000000000
1.060000000000000000,0.000000000000000000,0.000000000000000000,61538.461538461538461550,61538.461538461538461550,0.000000000000000000,20.000000000000000000,0.000000000000000000,6307.692307692307690000,0.060000000000000000
1.062000000000000000,0.000000000000000000,0.000000000000000000,59057.071960297766749387,59057.071960297766749387,0.000000000000000000,20.000000000000000000,0.000000000000000000,6338.461538461538460000,0.062000000000000000
1.064000000000000000,0.000000000000000000,0.000000000000000000,56730.769230769230769234,56730.769230769230769234,0.000000000000000000,20.000000000000000000,0.000000000000000000,6369.230769230769230000,0.064000000000000000
1.066000000000000000,0.000000000000000000,0.000000000000000000,54545.454545454545454545,54545.454545454545454545,0.000000000000000000,20.000000000000000000,0.000000000000000000,6400.000000000000000000,0.066000000000000000
1.068000000000000000,0.000000000000000000,0.000000000000000000,52488.687782805429864264,52488.687782805429864264,0.000000000000000000,20.000000000000000000,0.000000000000000000,6430.769230769230760000,0.068000000000000000
1.070000000000000000,0.000000000000000000,0.000000000000000000,50549.450549450549450557,50549.450549450549450557,0.000000000000000000,20.000000000000000000,0.000000000000000000,6461.538461538461530000,0.070000000000000000
1.072000000000000000,0.000000000000000000,0.000000000000000000,48717.948717948717948722,48717.948717948717948722,0.000000000000000000,20.000000000000000000,0.000000000000000000,6492.307692307692300000,0.072000000000000000
1.074000000000000000,0.000000000000000000,0.000000000000000000,46985.446985446985446986,46985.446985446985446986,0.000000000000000000,20.000000000000000000,0.000000000000000000,6523.076923076923070000,0.074000000000000000
1.076000000000000000,0.000000000000000000,0.000000000000000000,45344.129554655870445355,45344.129554655870445355,0.000000000000000000,20.000000000000000000,0.000000000000000000,6553.846153846153840000,0.076000000000000000
1.078000000000000000,0.000000000000000000,0.000000000000000000,43786.982248520710059179,43786.982248520710059179,0.000000000000000000,20.000000000000000000,0.000000000000000000,6584.615384615384610000,0.078000000000000000
1.080000000000000000,0.000000000000000000,0.000000000000000000,42307.692307692307692312,42307.692307692307692312,0.000000000000000000,20.000000000000000000,0.000000000000000000,6615.384615384615380000,0.080000000000000000
1.082000000000000000,0.000000000000000000,0.000000000000000000,40900.562851782363977487,40900.562851782363977487,0.000000000000000000,20.000000000000000000,0.000000000000000000,6646.153846153846150000,0.082000000000000000
1.084000000000000000,0.000000000000000000,0.000000000000000000,39560.439560439560439571,39560.439560439560439571,0.000000000000000000,20.000000000000000000,0.000000000000000000,6676.923076923076920000,0.084000000000000000
1.086000000000000000,0.000000000000000000,0.000000000000000000,38282.647584973166368523,38282.647584973166368523,0.000000000000000000,20.000000000000000000,0.000000000000000000,6707.692307692307690000,0.086000000000000000
1.088000000000000000,0.000000000000000000,0.000000000000000000,37062.937062937062937068,37062.937062937062937068,0.000000000000000000,20.000000000000000000,0.000000000000000000,6738.461538461538460000,0.088000000000000000
1.090000000000000000,0.000000000000000000,0.000000000000000000,35897.435897435897435900,35897.435897435897435900,0.000000000000000000,20.000000000000000000,0.000000000000000000,6769.230769230769230000,0.090000000000000000
1.092000000000000000,0.000000000000000000,0.000000000000000000,34782.608695652173913043,34782.608695652173913043,0.000000000000000000,20.000000000000000000,0.000000000000000000,6800.000000000000000000,0.092000000000000000
1.094000000000000000,0.000000000000000000,0.000000000000000000,33715.220949263502455000,33715.220949263502455000,0.000000000000000000,20.000000000000000000,0.000000000000000000,6830.769230769230760000,0.094000000000000000
1.096000000000000000,0.000000000000000000,0.000000000000000000,32692.307692307692307697,32692.307692307692307697,0.000000000000000000,20.000000000000000000,0.000000000000000000,6861.538461538461530000,0.096000000000000000
1.098000000000000000,0.000000000000000000,0.000000000000000000,31711.145996860282574571,31711.145996860282574571,0.000000000000000000,20.000000000000000000,0.000000000000000000,6892.307692307692300000,0.098000000000000000
1.100000000000000000,0.000000000000000000,0.000000000000000000,30769.230769230769230770,30769.230769230769230770,0.000000000000000000,20.000000000000000000,0.000000000000000000,6923.076923076923070000,0.100000000000000000
1.102000000000000000,0.000000000000000000,0.000000000000000000,29864.253393665158371049,29864.253393665158371049,0.000000000000000000,20.000000000000000000,0.000000000000000000,6953.846153846153840000,0.102000000000000000
1.104000000000000000,0.000000000000000000,0.000000000000000000,28994.082840236686390538,28994.082840236686390538,0.000000000000000000,20.000000000000000000,0.000000000000000000,6984.615384615384610000,0.104000000000000000
1.106000000000000000,0.000000000000000000,0.000000000000000000,28156.748911465892597971,28156.748911465892597971,0.000000000000000000,20.000000000000000000,0.000000000000000000,7015.384615384615380000,0.106000000000000000
1.108000000000000000,0.000000000000000000,0.000000000000000000,27350.427350427350427351,27350.427350427350427351,0.000000000000000000,20.000000000000000000,0.000000000000000000,7046.153846153846150000,0.108000000000000000
1.110000000000000000,0.000000000000000000,0.000000000000000000,26573.426573426573426581,26573.426573426573426581,0.000000000000000000,20.000000000000000000,0.000000000000000000,7076.923076923076920000,0.110000000000000000
1.112000000000000000,0.000000000000000000,0.000000000000000000,25824.175824175824175830,25824.175824175824175830,0.000000000000000000,20.000000000000000000,0.000000000000000000,7107.692307692307690000,0.112000000000000000
1.114000000000000000,0.000000000000000000,0.000000000000000000,25101.214574898785425105,25101.214574898785425105,0.000000000000000000,20.000000000000000000,0.000000000000000000,7138.461538461538460000,0.114000000000000000
1.116000000000000000,0.000000000000000000,0.000000000000000000,24403.183023872679045094,24403.183023872679045094,0.000000000000000000,20.000000000000000000,0.000000000000000000,7169.230769230769230000,0.116000000000000000
1.118000000000000000,0.000000000000000000,0.000000000000000000,23728.813559322033898305,23728.813559322033898305,0.000000000000000000,20.000000000000000000,0.000000000000000000,7200.000000000000000000,0.118000000000000000
1.120000000000000000,0.000000000000000000,0.000000000000000000,23076.923076923076923083,23076.923076923076923083,0.000000000000000000,20.000000000000000000,0.000000000000000000,7230.769230769230760000,0.120000000000000000
1.122000000000000000,0.000000000000000000,0.000000000000000000,22446.406052963430012614,22446.406052963430012614,0.000000000000000000,20.000000000000000000,0.000000000000000000,7261.538461538461530000,0.122000000000000000
1.124000000000000000,0.000000000000000000,0.000000000000000000,21836.228287841191067000,21836.228287841191067000,0.000000000000000000,20.000000000000000000,0.000000000000000000,7292.307692307692300000,0.124000000000000000
1.126000000000000000,0.000000000000000000,0.000000000000000000,21245.421245421245421246,21245.421245421245421246,0.000000000000000000,20.000000000000000000,0.000000000000000000,7323.076923076923070000,0.126000000000000000
1.128000000000000000,0.000000000000000000,0.000000000000000000,20673.076923076923076929,20673.076923076923076929,0.000000000000000000,20.000000000000000000,0.000000000000000000,7353.846153846153840000,0.128000000000000000
1.130000000000000000,0.000000000000000000,0.000000000000000000,20118.343195266272189353,20118.343195266272189353,0.000000000000000000,20.000000000000000000,0.000000000000000000,7384.615384615384610000,0.130000000000000000
1.132000000000000000,0.000000000000000000,0.000000000000000000,19580.419580419580419583,19580.419580419580419583,0.000000000000000000,20.000000000000000000,0.000000000000000000,7415.384615384615380000,0.132000000000000000
1.134000000000000000,0.000000000000000000,0.000000000000000000,19058.553386911595866820,19058.553386911595866820,0.000000000000000000,20.000000000000000000,0.000000000000000000,7446.153846153846150000,0.134000000000000000
1.136000000000000000,0.000000000000000000,0.000000000000000000,18552.036199095022624441,18552.036199095022624441,0.000000000000000000,20.000000000000000000,0.000000000000000000,7476.923076923076920000,0.136000000000000000
1.138000000000000000,0.000000000000000000,0.000000000000000000,18060.200668896321070239,18060.200668896321070239,0.000000000000000000,20.000000000000000000,0.000000000000000000,7507.692307692307690000,0.138000000000000000
1.140000000000000000,0.000000000000000000,0.000000000000000000,17582.417582417582417585,17582.417582417582417585,0.000000000000000000,20.000000000000000000,0.000000000000000000,7538.461538461538460000,0.140000000000000000
1.142000000000000000,0.000000000000000000,0.000000000000000000,17118.093174431202600218,17118.093174431202600218,0.000000000000000000,20.000000000000000000,0.000000000000000000,7569.230769230769230000,0.142000000000000000
1.144000000000000000,0.000000000000000000,0.000000000000000000,16666.666666666666666666,16666.666666666666666666,0.000000000000000000,20.000000000000000000,0.000000000000000000,7600.000000000000000000,0.144000000000000000
1.146000000000000000,0.000000000000000000,0.000000000000000000,16227.608008429926238150,16227.608008429926238150,0.000000000000000000,20.000000000000000000,0.000000000000000000,7630.769230769230760000,0.146000000000000000
1.148000000000000000,0.000000000000000000,0.000000000000000000,15800.415800415800415804,15800.415800415800415804,0.000000000000000000,20.000000000000000000,0.000000000000000000,7661.538461538461530000,0.148000000000000000
1.150000000000000000,0.000000000000000000,0.000000000000000000,15384.615384615384615386,15384.615384615384615386,0.000000000000000000,20.000000000000000000,0.000000000000000000,7692.307692307692300000,0.150000000000000000
1.152000000000000000,0.000000000000000000,0.000000000000000000,14979.757085020242914980,14979.757085020242914980,0.000000000000000000,20.000000000000000000,0.000000000000000000,7723.076923076923070000,0.152000000000000000
1.154000000000000000,0.000000000000000000,0.000000000000000000,14585.414585414585414590,14585.414585414585414590,0.000000000000000000,20.000000000000000000,0.000000000000000000,7753.846153846153840000,0.154000000000000000
1.156000000000000000,0.000000000000000000,0.000000000000000000,14201.183431952662721897,14201.183431952662721897,0.000000000000000000,20.000000000000000000,0.000000000000000000,7784.615384615384610000,0.156000000000000000
1.158000000000000000,0.000000000000000000,0.000000000000000000,13826.679649464459591044,13826.679649464459591044,0.000000000000000000,20.000000000000000000,0.000000000000000000,7815.384615384615380000,0.158000000000000000
1.160000000000000000,0.000000000000000000,0.000000000000000000,13461.538461538461538462,13461.538461538461538462,0.000000000000000000,20.000000000000000000,0.000000000000000000,7846.153846153846150000,0.160000000000000000
1.162000000000000000,0.000000000000000000,0.000000000000000000,13105.413105413105413111,13105.413105413105413111,0.000000000000000000,20.000000000000000000,0.000000000000000000,7876.923076923076920000,0.162000000000000000
1.164000000000000000,0.000000000000000000,0.000000000000000000,12757.973733583489681054,12757.973733583489681054,0.000000000000000000,20.000000000000000000,0.000000000000000000,7907.692307692307690000,0.164000000000000000
1.166000000000000000,0.000000000000000000,0.000000000000000000,12418.906394810009267843,12418.906394810009267843,0.000000000000000000,20.000000000000000000,0.000000000000000000,7938.461538461538460000,0.166000000000000000
1.168000000000000000,0.000000000000000000,0.000000000000000000,12087.912087912087912089,12087.912087912087912089,0.000000000000000000,20.000000000000000000,0.000000000000000000,7969.230769230769230000,0.168000000000000000
1.170000000000000000,0.000000000000000000,0.000000000000000000,11764.705882352941176470,11764.705882352941176470,0.000000000000000000,20.000000000000000000,0.000000000000000000,8000.000000000000000000,0.170000000000000000
1.172000000000000000,0.000000000000000000,0.000000000000000000,11449.016100178890876569,11449.016100178890876569,0.000000000000000000,20.000000000000000000,0.000000000000000000,8030.769230769230760000,0.172000000000000000
1.174000000000000000,0.000000000000000000,0.000000000000000000,11140.583554376657824936,11140.583554376657824936,0.000000000000000000,20.000000000000000000,0.000000000000000000,8061.538461538461530000,0.174000000000000000
1.176000000000000000,0.000000000000000000,0.000000000000000000,10839.160839160839160840,10839.160839160839160840,0.000000000000000000,20.000000000000000000,0.000000000000000000,8092.307692307692300000,0.176000000000000000
1.178000000000000000,0.000000000000000000,0.000000000000000000,10544.511668107173725151,10544.511668107173725151,0.000000000000000000,20.000000000000000000,0.000000000000000000,8123.076923076923070000,0.178000000000000000
1.180000000000000000,0.000000000000000000,0.000000000000000000,10256.410256410256410261,10256.410256410256410261,0.000000000000000000,20.000000000000000000,0.000000000000000000,8153.846153846153840000,0.180000000000000000
1.182000000000000000,0.000000000000000000,0.000000000000000000,9974.640743871513102285,9974.640743871513102285,0.000000000000000000,20.000000000000000000,0.000000000000000000,8184.615384615384610000,0.182000000000000000
1.184000000000000000,0.000000000000000000,0.000000000000000000,9698.996655518394648831,9698.996655518394648831,0.000000000000000000,20.000000000000000000,0.000000000000000000,8215.384615384615380000,0.184000000000000000
1.186000000000000000,0.000000000000000000,0.000000000000000000,9429.280397022332506204,9429.280397022332506204,0.000000000000000000,20.000000000000000000,0.000000000000000000,8246.153846153846150000,0.186000000000000000
1.188000000000000000,0.000000000000000000,0.000000000000000000,9165.302782324058919808,9165.302782324058919808,0.000000000000000000,20.000000000000000000,0.000000000000000000,8276.923076923076920000,0.188000000000000000
1.190000000000000000,0.000000000000000000,0.000000000000000000,8906.882591093117408910,8906.882591093117408910,0.000000000000000000,20.000000000000000000,0.000000000000000000,8307.692307692307690000,0.190000000000000000
1.192000000000000000,0.000000000000000000,0.000000000000000000,8653.846153846153846156,8653.846153846153846156,0.000000000000000000,20.000000000000000000,0.000000000000000000,8338.461538461538460000,0.192000000000000000
1.194000000000000000,0.000000000000000000,0.000000000000000000,8406.026962727993655829,8406.026962727993655829,0.000000000000000000,20.000000000000000000,0.000000000000000000,8369.230769230769230000,0.194000000000000000
1.196000000000000000,0.000000000000000000,0.000000000000000000,8163.265306122448979591,8163.265306122448979591,0.000000000000000000,20.000000000000000000,0.000000000000000000,8400.000000000000000000,0.196000000000000000
1.198000000000000000,0.000000000000000000,0.000000000000000000,7925.407925407925407929,7925.407925407925407929,0.000000000000000000,20.000000000000000000,0.000000000000000000,8430.769230769230760000,0.198000000000000000
1.200000000000000000,0.000000000000000000,0.000000000000000000,7692.307692307692307695,7692.307692307692307695,0.000000000000000000,20.000000000000000000,0.000000000000000000,8461.538461538461530000,0.200000000000000000
1.202000000000000000,0.000000000000000000,0.000000000000000000,7463.823305407463823306,7463.823305407463823306,0.000000000000000000,20.000000000000000000,0.000000000000000000,8492.307692307692300000,0.202000000000000000
1.204000000000000000,0.000000000000000000,0.000000000000000000,7239.819004524886877828,7239.819004524886877828,0.000000000000000000,20.000000000000000000,0.000000000000000000,8523.076923076923070000,0.204000000000000000
1.206000000000000000,0.000000000000000000,0.000000000000000000,7020.164301717699775956,7020.164301717699775956,0.000000000000000000,20.000000000000000000,0.000000000000000000,8553.846153846153840000,0.206000000000000000
1.208000000000000000,0.000000000000000000,0.000000000000000000,6804.733727810650887576,6804.733727810650887576,0.000000000000000000,20.000000000000000000,0.000000000000000000,8584.615384615384610000,0.208000000000000000
1.210000000000000000,0.000000000000000000,0.000000000000000000,6593.406593406593406595,6593.406593406593406595,0.000000000000000000,20.000000000000000000,0.000000000000000000,8615.384615384615380000,0.210000000000000000
1.212000000000000000,0.000000000000000000,0.000000000000000000,6386.066763425253991292,6386.066763425253991292,0.000000000000000000,20.000000000000000000,0.000000000000000000,8646.153846153846150000,0.212000000000000000
1.214000000000000000,0.000000000000000000,0.000000000000000000,6182.602444284687275345,6182.602444284687275345,0.000000000000000000,20.000000000000000000,0.000000000000000000,8676.923076923076920000,0.214000000000000000
1.216000000000000000,0.000000000000000000,0.000000000000000000,5982.905982905982905986,5982.905982905982905986,0.000000000000000000,20.000000000000000000,0.000000000000000000,8707.692307692307690000,0.216000000000000000
1.218000000000000000,0.000000000000000000,0.000000000000000000,5786.873676781933662669,5786.873676781933662669,0.000000000000000000,20.000000000000000000,0.000000000000000000,8738.461538461538460000,0.218000000000000000
1.220000000000000000,0.000000000000000000,0.000000000000000000,5594.405594405594405595,5594.405594405594405595,0.000000000000000000,20.000000000000000000,0.000000000000000000,8769.230769230769230000,0.220000000000000000
1.222000000000000000,0.000000000000000000,0.000000000000000000,5405.405405405405405405,5405.405405405405405405,0.000000000000000000,20.000000000000000000,0.000000000000000000,8800.000000000000000000,0.222000000000000000
1.224000000000000000,0.000000000000000000,0.000000000000000000,5219.780219780219780223,5219.780219780219780223,0.000000000000000000,20.000000000000000000,0.000000000000000000,8830.769230769230760000,0.224000000000000000
1.226000000000000000,0.000000000000000000,0.000000000000000000,5037.440435670524166101,5037.440435670524166101,0.000000000000000000,20.000000000000000000,0.000000000000000000,8861.538461538461530000,0.226000000000000000
1.228000000000000000,0.000000000000000000,0.000000000000000000,4858.299595141700404859,4858.299595141700404859,0.000000000000000000,20.000000000000000000,0.000000000000000000,8892.307692307692300000,0.228000000000000000
1.230000000000000000,0.000000000000000000,0.000000000000000000,4682.274247491638795986,4682.274247491638795986,0.000000000000000000,20.000000000000000000,0.000000000000000000,8923.076923076923070000,0.230000000000000000
1.232000000000000000,0.000000000000000000,0.000000000000000000,4509.283819628647214857,4509.283819628647214857,0.000000000000000000,20.000000000000000000,0.000000000000000000,8953.846153846153840000,0.232000000000000000
1.234000000000000000,0.000000000000000000,0.000000000000000000,4339.250493096646942803,4339.250493096646942803,0.000000000000000000,20.000000000000000000,0.000000000000000000,8984.615384615384610000,0.234000000000000000
1.236000000000000000,0.000000000000000000,0.000000000000000000,4172.099087353324641461,4172.099087353324641461,0.000000000000000000,20.000000000000000000,0.000000000000000000,9015.384615384615380000,0.236000000000000000
1.238000000000000000,0.000000000000000000,0.000000000000000000,4007.756948933419521655,4007.756948933419521655,0.000000000000000000,20.000000000000000000,0.000000000000000000,9046.153846153846150000,0.238000000000000000
1.240000000000000000,0.000000000000000000,0.000000000000000000,3846.153846153846153850,3846.153846153846153850,0.000000000000000000,20.000000000000000000,0.000000000000000000,9076.923076923076920000,0.240000000000000000
1.242000000000000000,0.000000000000000000,0.000000000000000000,3687.221869040050858235,3687.221869040050858235,0.000000000000000000,20.000000000000000000,0.000000000000000000,9107.692307692307690000,0.242000000000000000
1.244000000000000000,0.000000000000000000,0.000000000000000000,3530.895334174022698614,3530.895334174022698614,0.000000000000000000,20.000000000000000000,0.000000000000000000,9138.461538461538460000,0.244000000000000000
1.246000000000000000,0.000000000000000000,0.000000000000000000,3377.110694183864915573,3377.110694183864915573,0.000000000000000000,20.000000000000000000,0.000000000000000000,9169.230769230769230000,0.246000000000000000
1.248000000000000000,0.000000000000000000,0.000000000000000000,3225.806451612903225806,3225.806451612903225806,0.000000000000000000,20.000000000000000000,0.000000000000000000,9200.000000000000000000,0.248000000000000000
1.250000000000000000,0.000000000000000000,0.000000000000000000,3076.923076923076923080,3076.923076923076923080,0.000000000000000000,20.000000000000000000,0.000000000000000000,9230.769230769230760000,0.250000000000000000
1.252000000000000000,0.000000000000000000,0.000000000000000000,2930.402930402930402932,2930.402930402930402932,0.000000000000000000,20.000000000000000000,0.000000000000000000,9261.538461538461530000,0.252000000000000000
1.254000000000000000,0.000000000000000000,0.000000000000000000,2786.190187764990914598,2786.190187764990914598,0.000000000000000000,20.000000000000000000,0.000000000000000000,9292.307692307692300000,0.254000000000000000
1.256000000000000000,0.000000000000000000,0.000000000000000000,2644.230769230769230769,2644.230769230769230769,0.000000000000000000,20.000000000000000000,0.000000000000000000,9323.076923076923070000,0.256000000000000000
1.258000000000000000,0.000000000000000000,0.000000000000000000,2504.472271914132379251,2504.472271914132379251,0.000000000000000000,20.000000000000000000,0.000000000000000000,9353.846153846153840000,0.258000000000000000
1.260000000000000000,0.000000000000000000,0.000000000000000000,2366.863905325443786984,2366.863905325443786984,0.000000000000000000,20.000000000000000000,0.000000000000000000,9384.615384615384610000,0.260000000000000000
1.262000000000000000,0.000000000000000000,0.000000000000000000,2231.356429829712272461,2231.356429829712272461,0.000000000000000000,20.000000000000000000,0.000000000000000000,9415.384615384615380000,0.262000000000000000
1.264000000000000000,0.000000000000000000,0.000000000000000000,2097.902097902097902098,2097.902097902097902098,0.000000000000000000,20.000000000000000000,0.000000000000000000,9446.153846153846150000,0.264000000000000000
1.266000000000000000,0.000000000000000000,0.000000000000000000,1966.454598033545401969,1966.454598033545401969,0.000000000000000000,20.000000000000000000,0.000000000000000000,9476.923076923076920000,0.266000000000000000
1.268000000000000000,0.000000000000000000,0.000000000000000000,1836.969001148105625720,1836.969001148105625720,0.000000000000000000,20.000000000000000000,0.000000000000000000,9507.692307692307690000,0.268000000000000000
1.270000000000000000,0.000000000000000000,0.000000000000000000,1709.401709401709401711,1709.401709401709401711,0.000000000000000000,20.000000000000000000,0.000000000000000000,9538.461538461538460000,0.270000000000000000
1.272000000000000000,0.000000000000000000,0.000000000000000000,1583.710407239819004525,1583.710407239819004525,0.000000000000000000,20.000000000000000000,0.000000000000000000,9569.230769230769230000,0.272000000000000000
1.274000000000000000,0.000000000000000000,0.000000000000000000,1459.854014598540145985,1459.854014598540145985,0.000000000000000000,20.000000000000000000,0.000000000000000000,9600.000000000000000000,0.274000000000000000
1.276000000000000000,0.000000000000000000,0.000000000000000000,1337.792642140468227427,1337.792642140468227427,0.000000000000000000,20.000000000000000000,0.000000000000000000,9630.769230769230760000,0.276000000000000000
1.278000000000000000,0.000000000000000000,0.000000000000000000,1217.487548422800221363,1217.487548422800221363,0.000000000000000000,20.000000000000000000,0.000000000000000000,9661.538461538461530000,0.278000000000000000
1.280000000000000000,0.000000000000000000,0.000000000000000000,1098.901098901098901100,1098.901098901098901100,0.000000000000000000,20.000000000000000000,0.000000000000000000,9692.307692307692300000,0.280000000000000000
1.282000000000000000,0.000000000000000000,0.000000000000000000,981.996726677577741407,981.996726677577741407,0.000000000000000000,20.000000000000000000,0.000000000000000000,9723.076923076923070000,0.282000000000000000
1.284000000000000000,0.000000000000000000,0.000000000000000000,866.738894907908992419,866.738894907908992419,0.000000000000000000,20.000000000000000000,0.000000000000000000,9753.846153846153840000,0.284000000000000000
1.286000000000000000,0.000000000000000000,0.000000000000000000,753.093060785368477678,753.093060785368477678,0.000000000000000000,20.000000000000000000,0.000000000000000000,9784.615384615384610000,0.286000000000000000
1.288000000000000000,0.000000000000000000,0.000000000000000000,641.025641025641025642,641.025641025641025642,0.000000000000000000,20.000000000000000000,0.000000000000000000,9815.384615384615380000,0.288000000000000000
1.290000000000000000,0.000000000000000000,0.000000000000000000,530.503978779840848806,530.503978779840848806,0.000000000000000000,20.000000000000000000,0.000000000000000000,9846.153846153846150000,0.290000000000000000
1.292000000000000000,0.000000000000000000,0.000000000000000000,421.496311907270811383,421.496311907270811383,0.000000000000000000,20.000000000000000000,0.000000000000000000,9876.923076923076920000,0.292000000000000000
1.294000000000000000,0.000000000000000000,0.000000000000000000,313.971742543171114602,313.971742543171114602,0.000000000000000000,20.000000000000000000,0.000000000000000000,9907.692307692307690000,0.294000000000000000
1.296000000000000000,0.000000000000000000,0.000000000000000000,207.900207900207900209,207.900207900207900209,0.000000000000000000,20.000000000000000000,0.000000000000000000,9938.461538461538460000,0.296000000000000000
1.298000000000000000,0.000000000000000000,0.000000000000000000,103.252452245740836345,103.252452245740836345,0.000000000000000000,20.000000000000000000,0.000000000000000000,9969.230769230769230000,0.298000000000000000
1.300000000000000000,0.000000000000000000,0.000000000000000000,0.000000000000000000,0.000000000000000000,0.000000000000000000,20.000000000000000000,0.000000000000000000,10000.000000000000000000,0.300000000000000000
1.302000000000000000,0.000000000000000000,0.000000000000000000,0.000000000000000000,0.000000000000000000,0.000000000000000000,20.000000000000000000,0.000000000000000000,10000.000000000000000000,0.302000000000000000
1.304000000000000000,0.000000000000000000,0.000000000000000000,0.000000000000000000,0.000000000000000000,0.000000000000000000,20.000000000000000000,0.000000000000000000,10000.000000000000000000,0.304000000000000000
1.306000000000000000,0.000000000000000000,0.000000000000000000,0.000000000000000000,0.000000000000000000,0.000000000000000000,20.000000000000000000,0.000000000000000000,10000.000000000000000000,0.306000000000000000
1.308000000000000000,0.000000000000000000,0.000000000000000000,0.000000000000000000,0.000000000000000000,0.000000000000000000,20.000000000000000000,0.000000000000000000,10000.000000000000000000,0.308000000000000000
1.310000000000000000,0.000000000000000000,0.000000000000000000,0.000000000000000000,0.000000000000000000,0.000000000000000000,20.000000000000000000,0.000000000000000000,10000.000000000000000000,0.310000000000000000
1.312000000000000000,0.000000000000000000,0.000000000000000000,0.000000000000000000,0.000000000000000000,0.000000000000000000,20.000000000000000000,0.000000000000000000,10000.000000000000000000,0.312000000000000000
1.314000000000000000,0.000000000000000000,0.000000000000000000,0.000000000000000000,0.000000000000000000,0.000000000000000000,20.000000000000000000,0.000000000000000000,10000.000000000000000000,0.314000000000000000
1.316000000000000000,0.000000000000000000,0.000000000000000000,0.000000000000000000,0.000000000000000000,0.000000000000000000,20.000000000000000000,0.000000000000000000,10000.000000000000000000,0.316000000000000000
1.318000000000000000,0.000000000000000000,0.000000000000000000,0.000000000000000000,0.000000000000000000,0.000000000000000000,20.000000000000000000,0.000000000000000000,10000.000000000000000000,0.318000000000000000
1.320000000000000000,0.000000000000000000,0.000000000000000000,0.000000000000000000,0.000000000000000000,0.000000000000000000,20.000000000000000000,0.000000000000000000,10000.000000000000000000,0.320000000000000000
1.322000000000000000,0.000000000000000000,0.000000000000000000,0.000000000000000000,0.000000000000000000,0.000000000000000000,20.000000000000000000,0.000000000000000000,10000.000000000000000000,0.322000000000000000
1.324000000000000000,0.000000000000000000,0.000000000000000000,0.000000000000000000,0.000000000000000000,0.000000000000000000,20.000000000000000000,0.000000000000000000,10000.000000000000000000,0.324000000000000000
1.326000000000000000,0.000000000000000000,0.000000000000000000,0.000000000000000000,0.000000000000000000,0.000000000000000000,20.000000000000000000,0.000000000000000000,10000.000000000000000000,0.326000000000000000
1.328000000000000000,0.000000000000000000,0.000000000000000000,0.000000000000000000,0.000000000000000000,0.000000000000000000,20.000000000000000000,0.000000000000000000,10000.000000000000000000,0.328000000000000000
1.330000000000000000,0.000000000000000000,0.000000000000000000,0.000000000000000000,0.000000000000000000,0.000000000000000000,20.000000000000000000,0.000000000000000000,10000.000000000000000000,0.330000000000000000
1.332000000000000000,0.000000000000000000,0.000000000000000000,0.000000000000000000,0.000000000000000000,0.000000000000000000,20.000000000000000000,0.000000000000000000,10000.000000000000000000,0.332000000000000000
1.334000000000000000,0.000000000000000000,0.000000000000000000,0.000000000000000000,0.000000000000000000,0.000000000000000000,20.000000000000000000,0.000000000000000000,10000.000000000000000000,0.334000000000000000
1.336000000000000000,0.000000000000000000,0.000000000000000000,0.000000000000000000,0.000000000000000000,0.000000000000000000,20.000000000000000000,0.000000000000000000,10000.000000000000000000,0.336000000000000000
1.338000000000000000,0.000000000000000000,0.000000000000000000,0.000000000000000000,0.000000000000000000,0.000000000000000000,20.000000000000000000,0.000000000000000000,10000.000000000000000000,0.338000000000000000
1.340000000000000000,0.000000000000000000,0.000000000000000000,0.000000000000000000,0.000000000000000000,0.000000000000000000,20.000000000000000000,0.000000000000000000,10000.000000000000000000,0.340000000000000000
1.342000000000000000,0.000000000000000000,0.000000000000000000,0.000000000000000000,0.000000000000000000,0.000000000000000000,20.000000000000000000,0.000000000000000000,10000.000000000000000000,0.342000000000000000
1.344000000000000000,0.000000000000000000,0.000000000000000000,0.000000000000000000,0.000000000000000000,0.000000000000000000,20.000000000000000000,0.000000000000000000,10000.000000000000000000,0.344000000000000000
1.346000000000000000,0.000000000000000000,0.000000000000000000,0.000000000000000000,0.000000000000000000,0.000000000000000000,20.000000000000000000,0.000000000000000000,10000.000000000000000000,0.346000000000000000
1.348000000000000000,0.000000000000000000,0.000000000000000000,0.000000000000000000,0.000000000000000000,0.000000000000000000,20.000000000000000000,0.000000000000000000,10000.000000000000000000,0.348000000000000000
1.350000000000000000,0.000000000000000000,0.000000000000000000,0.000000000000000000,0.000000000000000000,0.000000000000000000,20.000000000000000000,0.000000000000000000,10000.000000000000000000,0.350000000000000000
1.352000000000000000,0.000000000000000000,0.000000000000000000,0.000000000000000000,0.000000000000000000,0.000000000000000000,20.000000000000000000,0.000000000000000000,10000.000000000000000000,0.352000000000000000
1.354000000000000000,0.000000000000000000,0.000000000000000000,0.000000000000000000,0.000000000000000000,0.000000000000000000,20.000000000000000000,0.000000000000000000,10000.000000000000000000,0.354000000000000000
1.356000000000000000,0.000000000000000000,0.000000000000000000,0.000000000000000000,0.000000000000000000,0.000000000000000000,20.000000000000000000,0.000000000000000000,10000.000000000000000000,0.356000000000000000
1.358000000000000000,0.000000000000000000,0.000000000000000000,0.000000000000000000,0.000000000000000000,0.000000000000000000,20.000000000000000000,0.000000000000000000,10000.000000000000000000,0.358000000000000000
1.360000000000000000,0.000000000000000000,0.000000000000000000,0.000000000000000000,0.000000000000000000,0.000000000000000000,20.000000000000000000,0.000000000000000000,10000.000000000000000000,0.360000000000000000
1.362000000000000000,0.000000000000000000,0.000000000000000000,0.000000000000000000,0.000000000000000000,0.000000000000000000,20.000000000000000000,0.000000000000000000,10000.000000000000000000,0.362000000000000000
1.364000000000000000,0.000000000000000000,0.000000000000000000,0.000000000000000000,0.000000000000000000,0.000000000000000000,20.000000000000000000,0.000000000000000000,10000.000000000000000000,0.364000000000000000
1.366000000000000000,0.000000000000000000,0.000000000000000000,0.000000000000000000,0.000000000000000000,0.000000000000000000,20.000000000000000000,0.000000000000000000,10000.000000000000000000,0.366000000000000000
1.368000000000000000,0.000000000000000000,0.000000000000000000,0.000000000000000000,0.000000000000000000,0.000000000000000000,20.000000000000000000,0.000000000000000000,10000.000000000000000000,0.368000000000000000
1.370000000000000000,0.000000000000000000,0.000000000000000000,0.000000000000000000,0.000000000000000000,0.000000000000000000,20.000000000000000000,0.000000000000000000,10000.000000000000000000,0.370000000000000000
1.372000000000000000,0.000000000000000000,0.000000000000000000,0.000000000000000000,0.000000000000000000,0.000000000000000000,20.000000000000000000,0.000000000000000000,10000.000000000000000000,0.372000000000000000
1.374000000000000000,0.000000000000000000,0.000000000000000000,0.000000000000000000,0.000000000000000000,0.000000000000000000,20.000000000000000000,0.000000000000000000,10000.000000000000000000,0.374000000000000000
1.376000000000000000,0.000000000000000000,0.000000000000000000,0.000000000000000000,0.000000000000000000,0.000000000000000000,20.000000000000000000,0.000000000000000000,10000.000000000000000000,0.376000000000000000
1.378000000000000000,0.000000000000000000,0.000000000000000000,0.000000000000000000,0.000000000000000000,0.000000000000000000,20.000000000000000000,0.000000000000000000,10000.000000000000000000,0.378000000000000000
1.380000000000000000,0.000000000000000000,0.000000000000000000,0.000000000000000000,0.000000000000000000,0.000000000000000000,20.000000000000000000,0.000000000000000000,10000.000000000000000000,0.380000000000000000
1.382000000000000000,0.000000000000000000,0.000000000000000000,0.000000000000000000,0.000000000000000000,0.000000000000000000,20.000000000000000000,0.000000000000000000,10000.000000000000000000,0.382000000000000000
1.384000000000000000,0.000000000000000000,0.000000000000000000,0.000000000000000000,0.000000000000000000,0.000000000000000000,20.000000000000000000,0.000000000000000000,10000.000000000000000000,0.384000000000000000
1.386000000000000000,0.000000000000000000,0.000000000000000000,0.000000000000000000,0.000000000000000000,0.000000000000000000,20.000000000000000000,0.000000000000000000,10000.000000000000000000,0.386000000000000000
1.388000000000000000,0.000000000000000000,0.000000000000000000,0.000000000000000000,0.000000000000000000,0.000000000000000000,20.000000000000000000,0.000000000000000000,10000.000000000000000000,0.388000000000000000
1.390000000000000000,0.000000000000000000,0.000000000000000000,0.000000000000000000,0.000000000000000000,0.000000000000000000,20.000000000000000000,0.000000000000000000,10000.000000000000000000,0.390000000000000000
1.392000000000000000,0.000000000000000000,0.000000000000000000,0.000000000000000000,0.000000000000000000,0.000000000000000000,20.000000000000000000,0.000000000000000000,10000.000000000000000000,0.392000000000000000
1.394000000000000000,0.000000000000000000,0.000000000000000000,0.000000000000000000,0.000000000000000000,0.000000000000000000,20.000000000000000000,0.000000000000000000,10000.000000000000000000,0.394000000000000000
1.396000000000000000,0.000000000000000000,0.000000000000000000,0.000000000000000000,0.000000000000000000,0.000000000000000000,20.000000000000000000,0.000000000000000000,10000.000000000000000000,0.396000000000000000
1.398000000000000000,0.000000000000000000,0.000000000000000000,0.000000000000000000,0.000000000000000000,0.000000000000000000,20.000000000000000000,0.000000000000000000,10000.000000000000000000,0.398000000000000000
1.400000000000000000,0.000000000000000000,0.000000000000000000,0.000000000000000000,0.000000000000000000,0.000000000000000000,20.000000000000000000,0.000000000000000000,10000.000000000000000000,0.400000000000000000
1.402000000000000000,0.000000000000000000,0.000000000000000000,0.000000000000000000,0.000000000000000000,0.000000000000000000,20.000000000000000000,0.000000000000000000,10000.000000000000000000,0.402000000000000000
1.404000000000000000,0.000000000000000000,0.000000000000000000,0.000000000000000000,0.000000000000000000,0.000000000000000000,20.000000000000000000,0.000000000000000000,10000.000000000000000000,0.404000000000000000
1.406000000000000000,0.000000000000000000,0.000000000000000000,0.000000000000000000,0.000000000000000000,0.000000000000000000,20.000000000000000000,0.000000000000000000,10000.000000000000000000,0.406000000000000000
1.408000000000000000,0.000000000000000000,0.000000000000000000,0.000000000000000000,0.000000000000000000,0.000000000000000000,20.000000000000000000,0.000000000000000000,10000.000000000000000000,0.408000000000000000
1.410000000000000000,0.000000000000000000,0.000000000000000000,0.000000000000000000,0.000000000000000000,0.000000000000000000,20.000000000000000000,0.000000000000000000,10000.000000000000000000,0.410000000000000000
1.412000000000000000,0.000000000000000000,0.000000000000000000,0.000000000000000000,0.000000000000000000,0.000000000000000000,20.000000000000000000,0.000000000000000000,10000.000000000000000000,0.412000000000000000
1.414000000000000000,0.000000000000000000,0.000000000000000000,0.000000000000000000,0.000000000000000000,0.000000000000000000,20.000000000000000000,0.000000000000000000,10000.000000000000000000,0.414000000000000000
1.416000000000000000,0.000000000000000000,0.000000000000000000,0.000000000000000000,0.000000000000000000,0.000000000000000000,20.000000000000000000,0.000000000000000000,10000.000000000000000000,0.416000000000000000
1.418000000000000000,0.000000000000000000,0.000000000000000000,0.000000000000000000,0.000000000000000000,0.000000000000000000,20.000000000000000000,0.000000000000000000,10000.000000000000000000,0.418000000000000000
1.420000000000000000,0.000000000000000000,0.000000000000000000,0.000000000000000000,0.000000000000000000,0.000000000000000000,20.000000000000000000,0.000000000000000000,10000.000000000000000000,0.420000000000000000
1.422000000000000000,0.000000000000000000,0.000000000000000000,0.000000000000000000,0.000000000000000000,0.000000000000000000,20.000000000000000000,0.000000000000000000,10000.000000000000000000,0.422000000000000000
1.424000000000000000,0.000000000000000000,0.000000000000000000,0.000000000000000000,0.000000000000000000,0.000000000000000000,20.000000000000000000,0.000000000000000000,10000.000000000000000000,0.424000000000000000
1.426000000000000000,0.000000000000000000,0.000000000000000000,0.000000000000000000,0.000000000000000000,0.000000000000000000,20.000000000000000000,0.000000000000000000,10000.000000000000000000,0.426000000000000000
1.428000000000000000,0.000000000000000000,0.000000000000000000,0.000000000000000000,0.000000000000000000,0.000000000000000000,20.000000000000000000,0.000000000000000000,10000.000000000000000000,0.428000000000000000
1.430000000000000000,0.000000000000000000,0.000000000000000000,0.000000000000000000,0.000000000000000000,0.000000000000000000,20.000000000000000000,0.000000000000000000,10000.000000000000000000,0.430000000000000000
1.432000000000000000,0.000000000000000000,0.000000000000000000,0.000000000000000000,0.000000000000000000,0.000000000000000000,20.000000000000000000,0.000000000000000000,10000.000000000000000000,0.432000000000000000
1.434000000000000000,0.000000000000000000,0.000000000000000000,0.000000000000000000,0.000000000000000000,0.000000000000000000,20.000000000000000000,0.000000000000000000,10000.000000000000000000,0.434000000000000000
1.436000000000000000,0.000000000000000000,0.000000000000000000,0.000000000000000000,0.000000000000000000,0.000000000000000000,20.000000000000000000,0.000000000000000000,10000.000000000000000000,0.436000000000000000
1.438000000000000000,0.000000000000000000,0.000000000000000000,0.000000000000000000,0.000000000000000000,0.000000000000000000,20.000000000000000000,0.000000000000000000,10000.000000000000000000,0.438000000000000000
1.440000000000000000,0.000000000000000000,0.000000000000000000,0.000000000000000000,0.000000000000000000,0.000000000000000000,20.000000000000000000,0.000000000000000000,10000.000000000000000000,0.440000000000000000
1.442000000000000000,0.000000000000000000,0.000000000000000000,0.000000000000000000,0.000000000000000000,0.000000000000000000,20.000000000000000000,0.000000000000000000,10000.000000000000000000,0.442000000000000000
1.444000000000000000,0.000000000000000000,0.000000000000000000,0.000000000000000000,0.000000000000000000,0.000000000000000000,20.000000000000000000,0.000000000000000000,10000.000000000000000000,0.444000000000000000
1.446000000000000000,0.000000000000000000,0.000000000000000000,0.000000000000000000,0.000000000000000000,0.000000000000000000,20.000000000000000000,0.000000000000000000,10000.000000000000000000,0.446000000000000000
1.448000000000000000,0.000000000000000000,0.000000000000000000,0.000000000000000000,0.000000000000000000,0.000000000000000000,20.000000000000000000,0.000000000000000000,10000.000000000000000000,0.448000000000000000
1.450000000000000000,0.000000000000000000,0.000000000000000000,0.000000000000000000,0.000000000000000000,0.000000000000000000,20.000000000000000000,0.000000000000000000,10000.000000000000000000,0.450000000000000000
1.452000000000000000,0.000000000000000000,0.000000000000000000,0.000000000000000000,0.000000000000000000,0.000000000000000000,20.000000000000000000,0.000000000000000000,10000.000000000000000000,0.452000000000000000
1.454000000000000000,0.000000000000000000,0.000000000000000000,0.000000000000000000,0.000000000000000000,0.000000000000000000,20.000000000000000000,0.000000000000000000,10000.000000000000000000,0.454000000000000000
1.456000000000000000,0.000000000000000000,0.000000000000000000,0.000000000000000000,0.000000000000000000,0.000000000000000000,20.000000000000000000,0.000000000000000000,10000.000000000000000000,0.456000000000000000
1.458000000000000000,0.000000000000000000,0.000000000000000000,0.000000000000000000,0.000000000000000000,0.000000000000000000,20.000000000000000000,0.000000000000000000,10000.000000000000000000,0.458000000000000000
1.460000000000000000,0.000000000000000000,0.000000000000000000,0.000000000000000000,0.000000000000000000,0.000000000000000000,20.000000000000000000,0.000000000000000000,10000.000000000000000000,0.460000000000000000
1.462000000000000000,0.000000000000000000,0.000000000000000000,0.000000000000000000,0.000000000000000000,0.000000000000000000,20.000000000000000000,0.000000000000000000,10000.000000000000000000,0.462000000000000000
1.464000000000000000,0.000000000000000000,0.000000000000000000,0.000000000000000000,0.000000000000000000,0.000000000000000000,20.000000000000000000,0.000000000000000000,10000.000000000000000000,0.464000000000000000
1.466000000000000000,0.000000000000000000,0.000000000000000000,0.000000000000000000,0.000000000000000000,0.000000000000000000,20.000000000000000000,0.000000000000000000,10000.000000000000000000,0.466000000000000000
1.468000000000000000,0.000000000000000000,0.000000000000000000,0.000000000000000000,0.000000000000000000,0.000000000000000000,20.000000000000000000,0.000000000000000000,10000.000000000000000000,0.468000000000000000
1.470000000000000000,0.000000000000000000,0.000000000000000000,0.000000000000000000,0.000000000000000000,0.000000000000000000,20.000000000000000000,0.000000000000000000,10000.000000000000000000,0.470000000000000000
1.472000000000000000,0.000000000000000000,0.000000000000000000,0.000000000000000000,0.000000000000000000,0.000000000000000000,20.000000000000000000,0.000000000000000000,10000.000000000000000000,0.472000000000000000
1.474000000000000000,0.000000000000000000,0.000000000000000000,0.000000000000000000,0.000000000000000000,0.000000000000000000,20.000000000000000000,0.000000000000000000,10000.000000000000000000,0.474000000000000000
1.476000000000000000,0.000000000000000000,0.000000000000000000,0.000000000000000000,0.000000000000000000,0.000000000000000000,20.000000000000000000,0.000000000000000000,10000.000000000000000000,0.476000000000000000
1.478000000000000000,0.000000000000000000,0.000000000000000000,0.000000000000000000,0.000000000000000000,0.000000000000000000,20.000000000000000000,0.000000000000000000,10000.000000000000000000,0.478000000000000000
1.480000000000000000,0.000000000000000000,0.000000000000000000,0.000000000000000000,0.000000000000000000,0.000000000000000000,20.000000000000000000,0.000000000000000000,10000.000000000000000000,0.480000000000000000
1.482000000000000000,0.000000000000000000,0.000000000000000000,0.000000000000000000,0.000000000000000000,0.000000000000000000,20.000000000000000000,0.000000000000000000,10000.000000000000000000,0.482000000000000000
1.484000000000000000,0.000000000000000000,0.000000000000000000,0.000000000000000000,0.000000000000000000,0.000000000000000000,20.000000000000000000,0.000000000000000000,10000.000000000000000000,0.484000000000000000
1.486000000000000000,0.000000000000000000,0.000000000000000000,0.000000000000000000,0.000000000000000000,0.000000000000000000,20.000000000000000000,0.000000000000000000,10000.000000000000000000,0.486000000000000000
1.488000000000000000,0.000000000000000000,0.000000000000000000,0.000000000000000000,0.000000000000000000,0.000000000000000000,20.000000000000000000,0.000000000000000000,10000.000000000000000000,0.488000000000000000
1.490000000000000000,0.000000000000000000,0.000000000000000000,0.000000000000000000,0.000000000000000000,0.000000000000000000,20.000000000000000000,0.000000000000000000,10000.000000000000000000,0.490000000000000000
1.492000000000000000,0.000000000000000000,0.000000000000000000,0.000000000000000000,0.000000000000000000,0.000000000000000000,20.000000000000000000,0.000000000000000000,10000.000000000000000000,0.492000000000000000
1.494000000000000000,0.000000000000000000,0.000000000000000000,0.000000000000000000,0.000000000000000000,0.000000000000000000,20.000000000000000000,0.000000000000000000,10000.000000000000000000,0.494000000000000000
1.496000000000000000,0.000000000000000000,0.000000000000000000,0.000000000000000000,0.000000000000000000,0.000000000000000000,20.000000000000000000,0.000000000000000000,10000.000000000000000000,0.496000000000000000
1.498000000000000000,0.000000000000000000,0.000000000000000000,0.000000000000000000,0.000000000000000000,0.000000000000000000,20.000000000000000000,0.000000000000000000,10000.000000000000000000,0.498000000000000000
1.500000000000000000,0.000000000000000000,0.000000000000000000,0.000000000000000000,0.000000000000000000,0.000000000000000000,20.000000000000000000,0.000000000000000000,10000.000000000000000000,0.500000000000000000
1.502000000000000000,0.000000000000000000,0.000000000000000000,0.000000000000000000,0.000000000000000000,0.000000000000000000,20.000000000000000000,0.000000000000000000,10000.000000000000000000,0.502000000000000000
1.504000000000000000,0.000000000000000000,0.000000000000000000,0.000000000000000000,0.000000000000000000,0.000000000000000000,20.000000000000000000,0.000000000000000000,10000.000000000000000000,0.504000000000000000
1.506000000000000000,0.000000000000000000,0.000000000000000000,0.000000000000000000,0.000000000000000000,0.000000000000000000,20.000000000000000000,0.000000000000000000,10000.000000000000000000,0.506000000000000000
1.508000000000000000,0.000000000000000000,0.000000000000000000,0.000000000000000000,0.000000000000000000,0.000000000000000000,20.000000000000000000,0.000000000000000000,10000.000000000000000000,0.508000000000000000
1.510000000000000000,0.000000000000000000,0.000000000000000000,0.000000000000000000,0.000000000000000000,0.000000000000000000,20.000000000000000000,0.000000000000000000,10000.000000000000000000,0.510000000000000000
1.512000000000000000,0.000000000000000000,0.000000000000000000,0.000000000000000000,0.000000000000000000,0.000000000000000000,20.000000000000000000,0.000000000000000000,10000.000000000000000000,0.512000000000000000
1.514000000000000000,0.000000000000000000,0.000000000000000000,0.000000000000000000,0.000000000000000000,0.000000000000000000,20.000000000000000000,0.000000000000000000,10000.000000000000000000,0.514000000000000000
1.516000000000000000,0.000000000000000000,0.000000000000000000,0.000000000000000000,0.000000000000000000,0.000000000000000000,20.000000000000000000,0.000000000000000000,10000.000000000000000000,0.516000000000000000
1.518000000000000000,0.000000000000000000,0.000000000000000000,0.000000000000000000,0.000000000000000000,0.000000000000000000,20.000000000000000000,0.000000000000000000,10000.000000000000000000,0.518000000000000000
1.520000000000000000,0.000000000000000000,0.000000000000000000,0.000000000000000000,0.000000000000000000,0.000000000000000000,20.000000000000000000,0.000000000000000000,10000.000000000000000000,0.520000000000000000
1.522000000000000000,0.000000000000000000,0.000000000000000000,0.000000000000000000,0.000000000000000000,0.000000000000000000,20.000000000000000000,0.000000000000000000,10000.000000000000000000,0.522000000000000000
1.524000000000000000,0.000000000000000000,0.000000000000000000,0.000000000000000000,0.000000000000000000,0.000000000000000000,20.000000000000000000,0.000000000000000000,10000.000000000000000000,0.524000000000000000
1.526000000000000000,0.000000000000000000,0.000000000000000000,0.000000000000000000,0.000000000000000000,0.000000000000000000,20.000000000000000000,0.000000000000000000,10000.000000000000000000,0.526000000000000000
1.528000000000000000,0.000000000000000000,0.000000000000000000,0.000000000000000000,0.000000000000000000,0.000000000000000000,20.000000000000000000,0.000000000000000000,10000.000000000000000000,0.528000000000000000
1.530000000000000000,0.000000000000000000,0.000000000000000000,0.000000000000000000,0.000000000000000000,0.000000000000000000,20.000000000000000000,0.000000000000000000,10000.000000000000000000,0.530000000000000000
1.532000000000000000,0.000000000000000000,0.000000000000000000,0.000000000000000000,0.000000000000000000,0.000000000000000000,20.000000000000000000,0.000000000000000000,10000.000000000000000000,0.532000000000000000
1.534000000000000000,0.000000000000000000,0.000000000000000000,0.000000000000000000,0.000000000000000000,0.000000000000000000,20.000000000000000000,0.000000000000000000,10000.000000000000000000,0.534000000000000000
1.536000000000000000,0.000000000000000000,0.000000000000000000,0.000000000000000000,0.000000000000000000,0.000000000000000000,20.000000000000000000,0.000000000000000000,10000.000000000000000000,0.536000000000000000
1.538000000000000000,0.000000000000000000,0.000000000000000000,0.000000000000000000,0.000000000000000000,0.000000000000000000,20.000000000000000000,0.000000000000000000,10000.000000000000000000,0.538000000000000000
1.540000000000000000,0.000000000000000000,0.000000000000000000,0.000000000000000000,0.000000000000000000,0.000000000000000000,20.000000000000000000,0.000000000000000000,10000.000000000000000000,0.540000000000000000
1.542000000000000000,0.000000000000000000,0.000000000000000000,0.000000000000000000,0.000000000000000000,0.000000000000000000,20.000000000000000000,0.000000000000000000,10000.000000000000000000,0.542000000000000000
1.544000000000000000,0.000000000000000000,0.000000000000000000,0.000000000000000000,0.000000000000000000,0.000000000000000000,20.000000000000000000,0.000000000000000000,10000.000000000000000000,0.544000000000000000
1.546000000000000000,0.000000000000000000,0.000000000000000000,0.000000000000000000,0.000000000000000000,0.000000000000000000,20.000000000000000000,0.000000000000000000,10000.000000000000000000,0.546000000000000000
1.548000000000000000,0.000000000000000000,0.000000000000000000,0.000000000000000000,0.000000000000000000,0.000000000000000000,20.000000000000000000,0.000000000000000000,10000.000000000000000000,0.548000000000000000
1.550000000000000000,0.000000000000000000,0.000000000000000000,0.000000000000000000,0.000000000000000000,0.000000000000000000,20.000000000000000000,0.000000000000000000,10000.000000000000000000,0.550000000000000000
1.552000000000000000,0.000000000000000000,0.000000000000000000,0.000000000000000000,0.000000000000000000,0.000000000000000000,20.000000000000000000,0.000000000000000000,10000.000000000000000000,0.552000000000000000
1.554000000000000000,0.000000000000000000,0.000000000000000000,0.000000000000000000,0.000000000000000000,0.000000000000000000,20.000000000000000000,0.000000000000000000,10000.000000000000000000,0.554000000000000000
1.556000000000000000,0.000000000000000000,0.000000000000000000,0.000000000000000000,0.000000000000000000,0.000000000000000000,20.000000000000000000,0.000000000000000000,10000.000000000000000000,0.556000000000000000
1.558000000000000000,0.000000000000000000,0.000000000000000000,0.000000000000000000,0.000000000000000000,0.000000000000000000,20.000000000000000000,0.000000000000000000,10000.000000000000000000,0.558000000000000000
1.560000000000000000,0.000000000000000000,0.000000000000000000,0.000000000000000000,0.000000000000000000,0.000000000000000000,20.000000000000000000,0.000000000000000000,10000.000000000000000000,0.560000000000000000
1.562000000000000000,0.000000000000000000,0.000000000000000000,0.000000000000000000,0.000000000000000000,0.000000000000000000,20.000000000000000000,0.000000000000000000,10000.000000000000000000,0.562000000000000000
1.564000000000000000,0.000000000000000000,0.000000000000000000,0.000000000000000000,0.000000000000000000,0.000000000000000000,20.000000000000000000,0.000000000000000000,10000.000000000000000000,0.564000000000000000
1.566000000000000000,0.000000000000000000,0.000000000000000000,0.000000000000000000,0.000000000000000000,0.000000000000000000,20.000000000000000000,0.000000000000000000,10000.000000000000000000,0.566000000000000000
1.568000000000000000,0.000000000000000000,0.000000000000000000,0.000000000000000000,0.000000000000000000,0.000000000000000000,20.000000000000000000,0.000000000000000000,10000.000000000000000000,0.568000000000000000
1.570000000000000000,0.000000000000000000,0.000000000000000000,0.000000000000000000,0.000000000000000000,0.000000000000000000,20.000000000000000000,0.000000000000000000,10000.000000000000000000,0.570000000000000000
1.572000000000000000,0.000000000000000000,0.000000000000000000,0.000000000000000000,0.000000000000000000,0.000000000000000000,20.000000000000000000,0.000000000000000000,10000.000000000000000000,0.572000000000000000
1.574000000000000000,0.000000000000000000,0.000000000000000000,0.000000000000000000,0.000000000000000000,0.000000000000000000,20.000000000000000000,0.000000000000000000,10000.000000000000000000,0.574000000000000000
1.576000000000000000,0.000000000000000000,0.000000000000000000,0.000000000000000000,0.000000000000000000,0.000000000000000000,20.000000000000000000,0.000000000000000000,10000.000000000000000000,0.576000000000000000
1.578000000000000000,0.000000000000000000,0.000000000000000000,0.000000000000000000,0.000000000000000000,0.000000000000000000,20.000000000000000000,0.000000000000000000,10000.000000000000000000,0.578000000000000000
1.580000000000000000,0.000000000000000000,0.000000000000000000,0.000000000000000000,0.000000000000000000,0.000000000000000000,20.000000000000000000,0.000000000000000000,10000.000000000000000000,0.580000000000000000
1.582000000000000000,0.000000000000000000,0.000000000000000000,0.000000000000000000,0.000000000000000000,0.000000000000000000,20.000000000000000000,0.000000000000000000,10000.000000000000000000,0.582000000000000000
1.584000000000000000,0.000000000000000000,0.000000000000000000,0.000000000000000000,0.000000000000000000,0.000000000000000000,20.000000000000000000,0.000000000000000000,10000.000000000000000000,0.584000000000000000
1.586000000000000000,0.000000000000000000,0.000000000000000000,0.000000000000000000,0.000000000000000000,0.000000000000000000,20.000000000000000000,0.000000000000000000,10000.000000000000000000,0.586000000000000000
1.588000000000000000,0.000000000000000000,0.000000000000000000,0.000000000000000000,0.000000000000000000,0.000000000000000000,20.000000000000000000,0.000000000000000000,10000.000000000000000000,0.588000000000000000
1.590000000000000000,0.000000000000000000,0.000000000000000000,0.000000000000000000,0.000000000000000000,0.000000000000000000,20.000000000000000000,0.000000000000000000,10000.000000000000000000,0.590000000000000000
1.592000000000000000,0.000000000000000000,0.000000000000000000,0.000000000000000000,0.000000000000000000,0.000000000000000000,20.000000000000000000,0.000000000000000000,10000.000000000000000000,0.592000000000000000
1.594000000000000000,0.000000000000000000,0.000000000000000000,0.000000000000000000,0.000000000000000000,0.000000000000000000,20.000000000000000000,0.000000000000000000,10000.000000000000000000,0.594000000000000000
1.596000000000000000,0.000000000000000000,0.000000000000000000,0.000000000000000000,0.000000000000000000,0.000000000000000000,20.000000000000000000,0.000000000000000000,10000.000000000000000000,0.596000000000000000
1.598000000000000000,0.000000000000000000,0.000000000000000000,0.000000000000000000,0.000000000000000000,0.000000000000000000,20.000000000000000000,0.000000000000000000,10000.000000000000000000,0.598000000000000000
1.600000000000000000,0.000000000000000000,0.000000000000000000,0.000000000000000000,0.000000000000000000,0.000000000000000000,20.000000000000000000,0.000000000000000000,10000.000000000000000000,0.600000000000000000
