collateral ratio swept to,user collateral after,StabilityPoolCollateral collateral after,user leveraged after,StabilityPoolLeveraged leveraged after,,minter collateral after,user StabilityPoolCollateral balance after,user StabilityPoolLeveraged balance after,leveraged token price after
0.002000000000000000,7.839020000000000000,7.839020000000000000,391951.000000000000000000,391951.000000000000000000,0.000000000000000000,12.160980000000000000,1.000000000000000000,1.000000000000000000,0.000001180818107007
0.004000000000000000,7.839020000000000000,7.839020000000000000,391951.000000000000000000,391951.000000000000000000,0.000000000000000000,12.160980000000000000,1.000000000000000000,1.000000000000000000,0.000002361636214015
0.006000000000000000,7.839020000000000000,7.839020000000000000,391951.000000000000000000,391951.000000000000000000,0.000000000000000000,12.160980000000000000,1.000000000000000000,1.000000000000000000,0.000003542454321023
0.008000000000000000,7.839020000000000000,7.839020000000000000,391951.000000000000000000,391951.000000000000000000,0.000000000000000000,12.160980000000000000,1.000000000000000000,1.000000000000000000,0.000004723272428031
0.010000000000000000,7.839020000000000000,7.839020000000000000,391951.000000000000000000,391951.000000000000000000,0.000000000000000000,12.160980000000000000,1.000000000000000000,1.000000000000000000,0.000005904090535039
0.012000000000000000,7.839020000000000000,7.839020000000000000,391951.000000000000000000,391951.000000000000000000,0.000000000000000000,12.160980000000000000,1.000000000000000000,1.000000000000000000,0.000007084908642047
0.014000000000000000,7.839020000000000000,7.839020000000000000,391951.000000000000000000,391951.000000000000000000,0.000000000000000000,12.160980000000000000,1.000000000000000000,1.000000000000000000,0.000008265726749055
0.016000000000000000,7.839020000000000000,7.839020000000000000,391951.000000000000000000,391951.000000000000000000,0.000000000000000000,12.160980000000000000,1.000000000000000000,1.000000000000000000,0.000009446544856062
0.018000000000000000,7.839020000000000000,7.839020000000000000,391951.000000000000000000,391951.000000000000000000,0.000000000000000000,12.160980000000000000,1.000000000000000000,1.000000000000000000,0.000010627362963070
0.020000000000000000,7.839020000000000000,7.839020000000000000,391951.000000000000000000,391951.000000000000000000,0.000000000000000000,12.160980000000000000,1.000000000000000000,1.000000000000000000,0.000011808181070078
0.022000000000000000,7.839020000000000000,7.839020000000000000,391951.000000000000000000,391951.000000000000000000,0.000000000000000000,12.160980000000000000,1.000000000000000000,1.000000000000000000,0.000012988999177086
0.024000000000000000,7.839020000000000000,7.839020000000000000,391951.000000000000000000,391951.000000000000000000,0.000000000000000000,12.160980000000000000,1.000000000000000000,1.000000000000000000,0.000014169817284094
0.026000000000000000,7.839020000000000000,7.839020000000000000,391951.000000000000000000,391951.000000000000000000,0.000000000000000000,12.160980000000000000,1.000000000000000000,1.000000000000000000,0.000015350635391102
0.028000000000000000,7.839020000000000000,7.839020000000000000,391951.000000000000000000,391951.000000000000000000,0.000000000000000000,12.160980000000000000,1.000000000000000000,1.000000000000000000,0.000016531453498110
0.030000000000000000,7.839020000000000000,7.839020000000000000,391951.000000000000000000,391951.000000000000000000,0.000000000000000000,12.160980000000000000,1.000000000000000000,1.000000000000000000,0.000017712271605118
0.032000000000000000,7.839020000000000000,7.839020000000000000,391951.000000000000000000,391951.000000000000000000,0.000000000000000000,12.160980000000000000,1.000000000000000000,1.000000000000000000,0.000018893089712125
0.034000000000000000,7.839020000000000000,7.839020000000000000,391951.000000000000000000,391951.000000000000000000,0.000000000000000000,12.160980000000000000,1.000000000000000000,1.000000000000000000,0.000020073907819133
0.036000000000000000,7.839020000000000000,7.839020000000000000,391951.000000000000000000,391951.000000000000000000,0.000000000000000000,12.160980000000000000,1.000000000000000000,1.000000000000000000,0.000021254725926141
0.038000000000000000,7.839020000000000000,7.839020000000000000,391951.000000000000000000,391951.000000000000000000,0.000000000000000000,12.160980000000000000,1.000000000000000000,1.000000000000000000,0.000022435544033149
0.040000000000000000,7.839020000000000000,7.839020000000000000,391951.000000000000000000,391951.000000000000000000,0.000000000000000000,12.160980000000000000,1.000000000000000000,1.000000000000000000,0.000023616362140157
0.042000000000000000,7.839020000000000000,7.839020000000000000,391951.000000000000000000,391951.000000000000000000,0.000000000000000000,12.160980000000000000,1.000000000000000000,1.000000000000000000,0.000024797180247165
0.044000000000000000,7.839020000000000000,7.839020000000000000,391951.000000000000000000,391951.000000000000000000,0.000000000000000000,12.160980000000000000,1.000000000000000000,1.000000000000000000,0.000025977998354173
0.046000000000000000,7.839020000000000000,7.839020000000000000,391951.000000000000000000,391951.000000000000000000,0.000000000000000000,12.160980000000000000,1.000000000000000000,1.000000000000000000,0.000027158816461181
0.048000000000000000,7.839020000000000000,7.839020000000000000,391951.000000000000000000,391951.000000000000000000,0.000000000000000000,12.160980000000000000,1.000000000000000000,1.000000000000000000,0.000028339634568188
0.050000000000000000,7.839020000000000000,7.839020000000000000,391951.000000000000000000,391951.000000000000000000,0.000000000000000000,12.160980000000000000,1.000000000000000000,1.000000000000000000,0.000029520452675196
0.052000000000000000,7.839020000000000000,7.839020000000000000,391951.000000000000000000,391951.000000000000000000,0.000000000000000000,12.160980000000000000,1.000000000000000000,1.000000000000000000,0.000030701270782204
0.054000000000000000,7.839020000000000000,7.839020000000000000,391951.000000000000000000,391951.000000000000000000,0.000000000000000000,12.160980000000000000,1.000000000000000000,1.000000000000000000,0.000031882088889212
0.056000000000000000,7.839020000000000000,7.839020000000000000,391951.000000000000000000,391951.000000000000000000,0.000000000000000000,12.160980000000000000,1.000000000000000000,1.000000000000000000,0.000033062906996220
0.058000000000000000,7.839020000000000000,7.839020000000000000,391951.000000000000000000,391951.000000000000000000,0.000000000000000000,12.160980000000000000,1.000000000000000000,1.000000000000000000,0.000034243725103228
0.060000000000000000,7.839020000000000000,7.839020000000000000,391951.000000000000000000,391951.000000000000000000,0.000000000000000000,12.160980000000000000,1.000000000000000000,1.000000000000000000,0.000035424543210236
0.062000000000000000,7.839020000000000000,7.839020000000000000,391951.000000000000000000,391951.000000000000000000,0.000000000000000000,12.160980000000000000,1.000000000000000000,1.000000000000000000,0.000036605361317244
0.064000000000000000,7.839020000000000000,7.839020000000000000,391951.000000000000000000,391951.000000000000000000,0.000000000000000000,12.160980000000000000,1.000000000000000000,1.000000000000000000,0.000037786179424251
0.066000000000000000,7.839020000000000000,7.839020000000000000,391951.000000000000000000,391951.000000000000000000,0.000000000000000000,12.160980000000000000,1.000000000000000000,1.000000000000000000,0.000038966997531259
0.068000000000000000,7.839020000000000000,7.839020000000000000,391951.000000000000000000,391951.000000000000000000,0.000000000000000000,12.160980000000000000,1.000000000000000000,1.000000000000000000,0.000040147815638267
0.070000000000000000,7.839020000000000000,7.839020000000000000,391951.000000000000000000,391951.000000000000000000,0.000000000000000000,12.160980000000000000,1.000000000000000000,1.000000000000000000,0.000041328633745275
0.072000000000000000,7.839020000000000000,7.839020000000000000,391951.000000000000000000,391951.000000000000000000,0.000000000000000000,12.160980000000000000,1.000000000000000000,1.000000000000000000,0.000042509451852283
0.074000000000000000,7.839020000000000000,7.839020000000000000,391951.000000000000000000,391951.000000000000000000,0.000000000000000000,12.160980000000000000,1.000000000000000000,1.000000000000000000,0.000043690269959291
0.076000000000000000,7.839020000000000000,7.839020000000000000,391951.000000000000000000,391951.000000000000000000,0.000000000000000000,12.160980000000000000,1.000000000000000000,1.000000000000000000,0.000044871088066299
0.078000000000000000,7.839020000000000000,7.839020000000000000,391951.000000000000000000,391951.000000000000000000,0.000000000000000000,12.160980000000000000,1.000000000000000000,1.000000000000000000,0.000046051906173307
0.080000000000000000,7.839020000000000000,7.839020000000000000,391951.000000000000000000,391951.000000000000000000,0.000000000000000000,12.160980000000000000,1.000000000000000000,1.000000000000000000,0.000047232724280314
0.082000000000000000,7.839020000000000000,7.839020000000000000,391951.000000000000000000,391951.000000000000000000,0.000000000000000000,12.160980000000000000,1.000000000000000000,1.000000000000000000,0.000048413542387322
0.084000000000000000,7.839020000000000000,7.839020000000000000,391951.000000000000000000,391951.000000000000000000,0.000000000000000000,12.160980000000000000,1.000000000000000000,1.000000000000000000,0.000049594360494330
0.086000000000000000,7.839020000000000000,7.839020000000000000,391951.000000000000000000,391951.000000000000000000,0.000000000000000000,12.160980000000000000,1.000000000000000000,1.000000000000000000,0.000050775178601338
0.088000000000000000,7.839020000000000000,7.839020000000000000,391951.000000000000000000,391951.000000000000000000,0.000000000000000000,12.160980000000000000,1.000000000000000000,1.000000000000000000,0.000051955996708346
0.090000000000000000,7.839020000000000000,7.839020000000000000,391951.000000000000000000,391951.000000000000000000,0.000000000000000000,12.160980000000000000,1.000000000000000000,1.000000000000000000,0.000053136814815354
0.092000000000000000,7.839020000000000000,7.839020000000000000,391951.000000000000000000,391951.000000000000000000,0.000000000000000000,12.160980000000000000,1.000000000000000000,1.000000000000000000,0.000054317632922362
0.094000000000000000,7.839020000000000000,7.839020000000000000,391951.000000000000000000,391951.000000000000000000,0.000000000000000000,12.160980000000000000,1.000000000000000000,1.000000000000000000,0.000055498451029369
0.096000000000000000,7.839020000000000000,7.839020000000000000,391951.000000000000000000,391951.000000000000000000,0.000000000000000000,12.160980000000000000,1.000000000000000000,1.000000000000000000,0.000056679269136377
0.098000000000000000,7.839020000000000000,7.839020000000000000,391951.000000000000000000,391951.000000000000000000,0.000000000000000000,12.160980000000000000,1.000000000000000000,1.000000000000000000,0.000057860087243385
0.100000000000000000,7.839020000000000000,7.839020000000000000,391951.000000000000000000,391951.000000000000000000,0.000000000000000000,12.160980000000000000,1.000000000000000000,1.000000000000000000,0.000059040905350393
0.102000000000000000,7.839020000000000000,7.839020000000000000,391951.000000000000000000,391951.000000000000000000,0.000000000000000000,12.160980000000000000,1.000000000000000000,1.000000000000000000,0.000060221723457401
0.104000000000000000,7.839020000000000000,7.839020000000000000,391951.000000000000000000,391951.000000000000000000,0.000000000000000000,12.160980000000000000,1.000000000000000000,1.000000000000000000,0.000061402541564409
0.106000000000000000,7.839020000000000000,7.839020000000000000,391951.000000000000000000,391951.000000000000000000,0.000000000000000000,12.160980000000000000,1.000000000000000000,1.000000000000000000,0.000062583359671417
0.108000000000000000,7.839020000000000000,7.839020000000000000,391951.000000000000000000,391951.000000000000000000,0.000000000000000000,12.160980000000000000,1.000000000000000000,1.000000000000000000,0.000063764177778425
0.110000000000000000,7.839020000000000000,7.839020000000000000,391951.000000000000000000,391951.000000000000000000,0.000000000000000000,12.160980000000000000,1.000000000000000000,1.000000000000000000,0.000064944995885432
0.112000000000000000,7.839020000000000000,7.839020000000000000,391951.000000000000000000,391951.000000000000000000,0.000000000000000000,12.160980000000000000,1.000000000000000000,1.000000000000000000,0.000066125813992440
0.114000000000000000,7.839020000000000000,7.839020000000000000,391951.000000000000000000,391951.000000000000000000,0.000000000000000000,12.160980000000000000,1.000000000000000000,1.000000000000000000,0.000067306632099448
0.116000000000000000,7.839020000000000000,7.839020000000000000,391951.000000000000000000,391951.000000000000000000,0.000000000000000000,12.160980000000000000,1.000000000000000000,1.000000000000000000,0.000068487450206456
0.118000000000000000,7.839020000000000000,7.839020000000000000,391951.000000000000000000,391951.000000000000000000,0.000000000000000000,12.160980000000000000,1.000000000000000000,1.000000000000000000,0.000069668268313464
0.120000000000000000,7.839020000000000000,7.839020000000000000,391951.000000000000000000,391951.000000000000000000,0.000000000000000000,12.160980000000000000,1.000000000000000000,1.000000000000000000,0.000070849086420472
0.122000000000000000,7.839020000000000000,7.839020000000000000,391951.000000000000000000,391951.000000000000000000,0.000000000000000000,12.160980000000000000,1.000000000000000000,1.000000000000000000,0.000072029904527480
0.124000000000000000,7.839020000000000000,7.839020000000000000,391951.000000000000000000,391951.000000000000000000,0.000000000000000000,12.160980000000000000,1.000000000000000000,1.000000000000000000,0.000073210722634488
0.126000000000000000,7.839020000000000000,7.839020000000000000,391951.000000000000000000,391951.000000000000000000,0.000000000000000000,12.160980000000000000,1.000000000000000000,1.000000000000000000,0.000074391540741495
0.128000000000000000,7.839020000000000000,7.839020000000000000,391951.000000000000000000,391951.000000000000000000,0.000000000000000000,12.160980000000000000,1.000000000000000000,1.000000000000000000,0.000075572358848503
0.130000000000000000,7.839020000000000000,7.839020000000000000,391951.000000000000000000,391951.000000000000000000,0.000000000000000000,12.160980000000000000,1.000000000000000000,1.000000000000000000,0.000076753176955511
0.132000000000000000,7.839020000000000000,7.839020000000000000,391951.000000000000000000,391951.000000000000000000,0.000000000000000000,12.160980000000000000,1.000000000000000000,1.000000000000000000,0.000077933995062519
0.134000000000000000,7.839020000000000000,7.839020000000000000,391951.000000000000000000,391951.000000000000000000,0.000000000000000000,12.160980000000000000,1.000000000000000000,1.000000000000000000,0.000079114813169527
0.136000000000000000,7.839020000000000000,7.839020000000000000,391951.000000000000000000,391951.000000000000000000,0.000000000000000000,12.160980000000000000,1.000000000000000000,1.000000000000000000,0.000080295631276535
0.138000000000000000,7.839020000000000000,7.839020000000000000,391951.000000000000000000,391951.000000000000000000,0.000000000000000000,12.160980000000000000,1.000000000000000000,1.000000000000000000,0.000081476449383543
0.140000000000000000,7.839020000000000000,7.839020000000000000,391951.000000000000000000,391951.000000000000000000,0.000000000000000000,12.160980000000000000,1.000000000000000000,1.000000000000000000,0.000082657267490551
0.142000000000000000,7.839020000000000000,7.839020000000000000,391951.000000000000000000,391951.000000000000000000,0.000000000000000000,12.160980000000000000,1.000000000000000000,1.000000000000000000,0.000083838085597558
0.144000000000000000,7.839020000000000000,7.839020000000000000,391951.000000000000000000,391951.000000000000000000,0.000000000000000000,12.160980000000000000,1.000000000000000000,1.000000000000000000,0.000085018903704566
0.146000000000000000,7.839020000000000000,7.839020000000000000,391951.000000000000000000,391951.000000000000000000,0.000000000000000000,12.160980000000000000,1.000000000000000000,1.000000000000000000,0.000086199721811574
0.148000000000000000,7.839020000000000000,7.839020000000000000,391951.000000000000000000,391951.000000000000000000,0.000000000000000000,12.160980000000000000,1.000000000000000000,1.000000000000000000,0.000087380539918582
0.150000000000000000,7.839020000000000000,7.839020000000000000,391951.000000000000000000,391951.000000000000000000,0.000000000000000000,12.160980000000000000,1.000000000000000000,1.000000000000000000,0.000088561358025590
0.152000000000000000,7.839020000000000000,7.839020000000000000,391951.000000000000000000,391951.000000000000000000,0.000000000000000000,12.160980000000000000,1.000000000000000000,1.000000000000000000,0.000089742176132598
0.154000000000000000,7.839020000000000000,7.839020000000000000,391951.000000000000000000,391951.000000000000000000,0.000000000000000000,12.160980000000000000,1.000000000000000000,1.000000000000000000,0.000090922994239606
0.156000000000000000,7.839020000000000000,7.839020000000000000,391951.000000000000000000,391951.000000000000000000,0.000000000000000000,12.160980000000000000,1.000000000000000000,1.000000000000000000,0.000092103812346614
0.158000000000000000,7.839020000000000000,7.839020000000000000,391951.000000000000000000,391951.000000000000000000,0.000000000000000000,12.160980000000000000,1.000000000000000000,1.000000000000000000,0.000093284630453621
0.160000000000000000,7.839020000000000000,7.839020000000000000,391951.000000000000000000,391951.000000000000000000,0.000000000000000000,12.160980000000000000,1.000000000000000000,1.000000000000000000,0.000094465448560629
0.162000000000000000,7.839020000000000000,7.839020000000000000,391951.000000000000000000,391951.000000000000000000,0.000000000000000000,12.160980000000000000,1.000000000000000000,1.000000000000000000,0.000095646266667637
0.164000000000000000,7.839020000000000000,7.839020000000000000,391951.000000000000000000,391951.000000000000000000,0.000000000000000000,12.160980000000000000,1.000000000000000000,1.000000000000000000,0.000096827084774645
0.166000000000000000,7.839020000000000000,7.839020000000000000,391951.000000000000000000,391951.000000000000000000,0.000000000000000000,12.160980000000000000,1.000000000000000000,1.000000000000000000,0.000098007902881653
0.168000000000000000,7.839020000000000000,7.839020000000000000,391951.000000000000000000,391951.000000000000000000,0.000000000000000000,12.160980000000000000,1.000000000000000000,1.000000000000000000,0.000099188720988661
0.170000000000000000,7.839020000000000000,7.839020000000000000,391951.000000000000000000,391951.000000000000000000,0.000000000000000000,12.160980000000000000,1.000000000000000000,1.000000000000000000,0.000100369539095669
0.172000000000000000,7.839020000000000000,7.839020000000000000,391951.000000000000000000,391951.000000000000000000,0.000000000000000000,12.160980000000000000,1.000000000000000000,1.000000000000000000,0.000101550357202677
0.174000000000000000,7.839020000000000000,7.839020000000000000,391951.000000000000000000,391951.000000000000000000,0.000000000000000000,12.160980000000000000,1.000000000000000000,1.000000000000000000,0.000102731175309684
0.176000000000000000,7.839020000000000000,7.839020000000000000,391951.000000000000000000,391951.000000000000000000,0.000000000000000000,12.160980000000000000,1.000000000000000000,1.000000000000000000,0.000103911993416692
0.178000000000000000,7.839020000000000000,7.839020000000000000,391951.000000000000000000,391951.000000000000000000,0.000000000000000000,12.160980000000000000,1.000000000000000000,1.000000000000000000,0.000105092811523700
0.180000000000000000,7.839020000000000000,7.839020000000000000,391951.000000000000000000,391951.000000000000000000,0.000000000000000000,12.160980000000000000,1.000000000000000000,1.000000000000000000,0.000106273629630708
0.182000000000000000,7.839020000000000000,7.839020000000000000,391951.000000000000000000,391951.000000000000000000,0.000000000000000000,12.160980000000000000,1.000000000000000000,1.000000000000000000,0.000107454447737716
0.184000000000000000,7.839020000000000000,7.839020000000000000,391951.000000000000000000,391951.000000000000000000,0.000000000000000000,12.160980000000000000,1.000000000000000000,1.000000000000000000,0.000108635265844724
0.186000000000000000,7.839020000000000000,7.839020000000000000,391951.000000000000000000,391951.000000000000000000,0.000000000000000000,12.160980000000000000,1.000000000000000000,1.000000000000000000,0.000109816083951732
0.188000000000000000,7.839020000000000000,7.839020000000000000,391951.000000000000000000,391951.000000000000000000,0.000000000000000000,12.160980000000000000,1.000000000000000000,1.000000000000000000,0.000110996902058739
0.190000000000000000,7.839020000000000000,7.839020000000000000,391951.000000000000000000,391951.000000000000000000,0.000000000000000000,12.160980000000000000,1.000000000000000000,1.000000000000000000,0.000112177720165747
0.192000000000000000,7.839020000000000000,7.839020000000000000,391951.000000000000000000,391951.000000000000000000,0.000000000000000000,12.160980000000000000,1.000000000000000000,1.000000000000000000,0.000113358538272755
0.194000000000000000,7.839020000000000000,7.839020000000000000,391951.000000000000000000,391951.000000000000000000,0.000000000000000000,12.160980000000000000,1.000000000000000000,1.000000000000000000,0.000114539356379763
0.196000000000000000,7.839020000000000000,7.839020000000000000,391951.000000000000000000,391951.000000000000000000,0.000000000000000000,12.160980000000000000,1.000000000000000000,1.000000000000000000,0.000115720174486771
0.198000000000000000,7.839020000000000000,7.839020000000000000,391951.000000000000000000,391951.000000000000000000,0.000000000000000000,12.160980000000000000,1.000000000000000000,1.000000000000000000,0.000116900992593779
0.200000000000000000,7.839020000000000000,7.839020000000000000,391951.000000000000000000,391951.000000000000000000,0.000000000000000000,12.160980000000000000,1.000000000000000000,1.000000000000000000,0.000118081810700787
0.202000000000000000,7.839020000000000000,7.839020000000000000,391951.000000000000000000,391951.000000000000000000,0.000000000000000000,12.160980000000000000,1.000000000000000000,1.000000000000000000,0.000119262628807795
0.204000000000000000,7.839020000000000000,7.839020000000000000,391951.000000000000000000,391951.000000000000000000,0.000000000000000000,12.160980000000000000,1.000000000000000000,1.000000000000000000,0.000120443446914802
0.206000000000000000,7.839020000000000000,7.839020000000000000,391951.000000000000000000,391951.000000000000000000,0.000000000000000000,12.160980000000000000,1.000000000000000000,1.000000000000000000,0.000121624265021810
0.208000000000000000,7.839020000000000000,7.839020000000000000,391951.000000000000000000,391951.000000000000000000,0.000000000000000000,12.160980000000000000,1.000000000000000000,1.000000000000000000,0.000122805083128818
0.210000000000000000,7.839020000000000000,7.839020000000000000,391951.000000000000000000,391951.000000000000000000,0.000000000000000000,12.160980000000000000,1.000000000000000000,1.000000000000000000,0.000123985901235826
0.212000000000000000,7.839020000000000000,7.839020000000000000,391951.000000000000000000,391951.000000000000000000,0.000000000000000000,12.160980000000000000,1.000000000000000000,1.000000000000000000,0.000125166719342834
0.214000000000000000,7.839020000000000000,7.839020000000000000,391951.000000000000000000,391951.000000000000000000,0.000000000000000000,12.160980000000000000,1.000000000000000000,1.000000000000000000,0.000126347537449842
0.216000000000000000,7.839020000000000000,7.839020000000000000,391951.000000000000000000,391951.000000000000000000,0.000000000000000000,12.160980000000000000,1.000000000000000000,1.000000000000000000,0.000127528355556850
0.218000000000000000,7.839020000000000000,7.839020000000000000,391951.000000000000000000,391951.000000000000000000,0.000000000000000000,12.160980000000000000,1.000000000000000000,1.000000000000000000,0.000128709173663858
0.220000000000000000,7.839020000000000000,7.839020000000000000,391951.000000000000000000,391951.000000000000000000,0.000000000000000000,12.160980000000000000,1.000000000000000000,1.000000000000000000,0.000129889991770865
0.222000000000000000,7.839020000000000000,7.839020000000000000,391951.000000000000000000,391951.000000000000000000,0.000000000000000000,12.160980000000000000,1.000000000000000000,1.000000000000000000,0.000131070809877873
0.224000000000000000,7.839020000000000000,7.839020000000000000,391951.000000000000000000,391951.000000000000000000,0.000000000000000000,12.160980000000000000,1.000000000000000000,1.000000000000000000,0.000132251627984881
0.226000000000000000,7.839020000000000000,7.839020000000000000,391951.000000000000000000,391951.000000000000000000,0.000000000000000000,12.160980000000000000,1.000000000000000000,1.000000000000000000,0.000133432446091889
0.228000000000000000,7.839020000000000000,7.839020000000000000,391951.000000000000000000,391951.000000000000000000,0.000000000000000000,12.160980000000000000,1.000000000000000000,1.000000000000000000,0.000134613264198897
0.230000000000000000,7.839020000000000000,7.839020000000000000,391951.000000000000000000,391951.000000000000000000,0.000000000000000000,12.160980000000000000,1.000000000000000000,1.000000000000000000,0.000135794082305905
0.232000000000000000,7.839020000000000000,7.839020000000000000,391951.000000000000000000,391951.000000000000000000,0.000000000000000000,12.160980000000000000,1.000000000000000000,1.000000000000000000,0.000136974900412913
0.234000000000000000,7.839020000000000000,7.839020000000000000,391951.000000000000000000,391951.000000000000000000,0.000000000000000000,12.160980000000000000,1.000000000000000000,1.000000000000000000,0.000138155718519921
0.236000000000000000,7.839020000000000000,7.839020000000000000,391951.000000000000000000,391951.000000000000000000,0.000000000000000000,12.160980000000000000,1.000000000000000000,1.000000000000000000,0.000139336536626928
0.238000000000000000,7.839020000000000000,7.839020000000000000,391951.000000000000000000,391951.000000000000000000,0.000000000000000000,12.160980000000000000,1.000000000000000000,1.000000000000000000,0.000140517354733936
0.240000000000000000,7.839020000000000000,7.839020000000000000,391951.000000000000000000,391951.000000000000000000,0.000000000000000000,12.160980000000000000,1.000000000000000000,1.000000000000000000,0.000141698172840944
0.242000000000000000,7.839020000000000000,7.839020000000000000,391951.000000000000000000,391951.000000000000000000,0.000000000000000000,12.160980000000000000,1.000000000000000000,1.000000000000000000,0.000142878990947952
0.244000000000000000,7.839020000000000000,7.839020000000000000,391951.000000000000000000,391951.000000000000000000,0.000000000000000000,12.160980000000000000,1.000000000000000000,1.000000000000000000,0.000144059809054960
0.246000000000000000,7.839020000000000000,7.839020000000000000,391951.000000000000000000,391951.000000000000000000,0.000000000000000000,12.160980000000000000,1.000000000000000000,1.000000000000000000,0.000145240627161968
0.248000000000000000,7.839020000000000000,7.839020000000000000,391951.000000000000000000,391951.000000000000000000,0.000000000000000000,12.160980000000000000,1.000000000000000000,1.000000000000000000,0.000146421445268976
0.250000000000000000,7.839020000000000000,7.839020000000000000,391951.000000000000000000,391951.000000000000000000,0.000000000000000000,12.160980000000000000,1.000000000000000000,1.000000000000000000,0.000147602263375984
0.252000000000000000,7.839020000000000000,7.839020000000000000,391951.000000000000000000,391951.000000000000000000,0.000000000000000000,12.160980000000000000,1.000000000000000000,1.000000000000000000,0.000148783081482991
0.254000000000000000,7.839020000000000000,7.839020000000000000,391951.000000000000000000,391951.000000000000000000,0.000000000000000000,12.160980000000000000,1.000000000000000000,1.000000000000000000,0.000149963899589999
0.256000000000000000,7.839020000000000000,7.839020000000000000,391951.000000000000000000,391951.000000000000000000,0.000000000000000000,12.160980000000000000,1.000000000000000000,1.000000000000000000,0.000151144717697007
0.258000000000000000,7.839020000000000000,7.839020000000000000,391951.000000000000000000,391951.000000000000000000,0.000000000000000000,12.160980000000000000,1.000000000000000000,1.000000000000000000,0.000152325535804015
0.260000000000000000,7.839020000000000000,7.839020000000000000,391951.000000000000000000,391951.000000000000000000,0.000000000000000000,12.160980000000000000,1.000000000000000000,1.000000000000000000,0.000153506353911023
0.262000000000000000,7.839020000000000000,7.839020000000000000,391951.000000000000000000,391951.000000000000000000,0.000000000000000000,12.160980000000000000,1.000000000000000000,1.000000000000000000,0.000154687172018031
0.264000000000000000,7.839020000000000000,7.839020000000000000,391951.000000000000000000,391951.000000000000000000,0.000000000000000000,12.160980000000000000,1.000000000000000000,1.000000000000000000,0.000155867990125039
0.266000000000000000,7.839020000000000000,7.839020000000000000,391951.000000000000000000,391951.000000000000000000,0.000000000000000000,12.160980000000000000,1.000000000000000000,1.000000000000000000,0.000157048808232047
0.268000000000000000,7.839020000000000000,7.839020000000000000,391951.000000000000000000,391951.000000000000000000,0.000000000000000000,12.160980000000000000,1.000000000000000000,1.000000000000000000,0.000158229626339054
0.270000000000000000,7.839020000000000000,7.839020000000000000,391951.000000000000000000,391951.000000000000000000,0.000000000000000000,12.160980000000000000,1.000000000000000000,1.000000000000000000,0.000159410444446062
0.272000000000000000,7.839020000000000000,7.839020000000000000,391951.000000000000000000,391951.000000000000000000,0.000000000000000000,12.160980000000000000,1.000000000000000000,1.000000000000000000,0.000160591262553070
0.274000000000000000,7.839020000000000000,7.839020000000000000,391951.000000000000000000,391951.000000000000000000,0.000000000000000000,12.160980000000000000,1.000000000000000000,1.000000000000000000,0.000161772080660078
0.276000000000000000,7.839020000000000000,7.839020000000000000,391951.000000000000000000,391951.000000000000000000,0.000000000000000000,12.160980000000000000,1.000000000000000000,1.000000000000000000,0.000162952898767086
0.278000000000000000,7.839020000000000000,7.839020000000000000,391951.000000000000000000,391951.000000000000000000,0.000000000000000000,12.160980000000000000,1.000000000000000000,1.000000000000000000,0.000164133716874094
0.280000000000000000,7.839020000000000000,7.839020000000000000,391951.000000000000000000,391951.000000000000000000,0.000000000000000000,12.160980000000000000,1.000000000000000000,1.000000000000000000,0.000165314534981102
0.282000000000000000,7.839020000000000000,7.839020000000000000,391951.000000000000000000,391951.000000000000000000,0.000000000000000000,12.160980000000000000,1.000000000000000000,1.000000000000000000,0.000166495353088109
0.284000000000000000,7.839020000000000000,7.839020000000000000,391951.000000000000000000,391951.000000000000000000,0.000000000000000000,12.160980000000000000,1.000000000000000000,1.000000000000000000,0.000167676171195117
0.286000000000000000,7.839020000000000000,7.839020000000000000,391951.000000000000000000,391951.000000000000000000,0.000000000000000000,12.160980000000000000,1.000000000000000000,1.000000000000000000,0.000168856989302125
0.288000000000000000,7.839020000000000000,7.839020000000000000,391951.000000000000000000,391951.000000000000000000,0.000000000000000000,12.160980000000000000,1.000000000000000000,1.000000000000000000,0.000170037807409133
0.290000000000000000,7.839020000000000000,7.839020000000000000,391951.000000000000000000,391951.000000000000000000,0.000000000000000000,12.160980000000000000,1.000000000000000000,1.000000000000000000,0.000171218625516141
0.292000000000000000,7.839020000000000000,7.839020000000000000,391951.000000000000000000,391951.000000000000000000,0.000000000000000000,12.160980000000000000,1.000000000000000000,1.000000000000000000,0.000172399443623149
0.294000000000000000,7.839020000000000000,7.839020000000000000,391951.000000000000000000,391951.000000000000000000,0.000000000000000000,12.160980000000000000,1.000000000000000000,1.000000000000000000,0.000173580261730157
0.296000000000000000,7.839020000000000000,7.839020000000000000,391951.000000000000000000,391951.000000000000000000,0.000000000000000000,12.160980000000000000,1.000000000000000000,1.000000000000000000,0.000174761079837165
0.298000000000000000,7.839020000000000000,7.839020000000000000,391951.000000000000000000,391951.000000000000000000,0.000000000000000000,12.160980000000000000,1.000000000000000000,1.000000000000000000,0.000175941897944172
0.300000000000000000,7.839020000000000000,7.839020000000000000,391951.000000000000000000,391951.000000000000000000,0.000000000000000000,12.160980000000000000,1.000000000000000000,1.000000000000000000,0.000177122716051180
0.302000000000000000,7.839020000000000000,7.839020000000000000,391951.000000000000000000,391951.000000000000000000,0.000000000000000000,12.160980000000000000,1.000000000000000000,1.000000000000000000,0.000178303534158188
0.304000000000000000,7.839020000000000000,7.839020000000000000,391951.000000000000000000,391951.000000000000000000,0.000000000000000000,12.160980000000000000,1.000000000000000000,1.000000000000000000,0.000179484352265196
0.306000000000000000,7.839020000000000000,7.839020000000000000,391951.000000000000000000,391951.000000000000000000,0.000000000000000000,12.160980000000000000,1.000000000000000000,1.000000000000000000,0.000180665170372204
0.308000000000000000,7.839020000000000000,7.839020000000000000,391951.000000000000000000,391951.000000000000000000,0.000000000000000000,12.160980000000000000,1.000000000000000000,1.000000000000000000,0.000181845988479212
0.310000000000000000,7.839020000000000000,7.839020000000000000,391951.000000000000000000,391951.000000000000000000,0.000000000000000000,12.160980000000000000,1.000000000000000000,1.000000000000000000,0.000183026806586220
0.312000000000000000,7.839020000000000000,7.839020000000000000,391951.000000000000000000,391951.000000000000000000,0.000000000000000000,12.160980000000000000,1.000000000000000000,1.000000000000000000,0.000184207624693228
0.314000000000000000,7.839020000000000000,7.839020000000000000,391951.000000000000000000,391951.000000000000000000,0.000000000000000000,12.160980000000000000,1.000000000000000000,1.000000000000000000,0.000185388442800235
0.316000000000000000,7.839020000000000000,7.839020000000000000,391951.000000000000000000,391951.000000000000000000,0.000000000000000000,12.160980000000000000,1.000000000000000000,1.000000000000000000,0.000186569260907243
0.318000000000000000,7.839020000000000000,7.839020000000000000,391951.000000000000000000,391951.000000000000000000,0.000000000000000000,12.160980000000000000,1.000000000000000000,1.000000000000000000,0.000187750079014251
0.320000000000000000,7.839020000000000000,7.839020000000000000,391951.000000000000000000,391951.000000000000000000,0.000000000000000000,12.160980000000000000,1.000000000000000000,1.000000000000000000,0.000188930897121259
0.322000000000000000,7.839020000000000000,7.839020000000000000,391951.000000000000000000,391951.000000000000000000,0.000000000000000000,12.160980000000000000,1.000000000000000000,1.000000000000000000,0.000190111715228267
0.324000000000000000,7.839020000000000000,7.839020000000000000,391951.000000000000000000,391951.000000000000000000,0.000000000000000000,12.160980000000000000,1.000000000000000000,1.000000000000000000,0.000191292533335275
0.326000000000000000,7.839020000000000000,7.839020000000000000,391951.000000000000000000,391951.000000000000000000,0.000000000000000000,12.160980000000000000,1.000000000000000000,1.000000000000000000,0.000192473351442283
0.328000000000000000,7.839020000000000000,7.839020000000000000,391951.000000000000000000,391951.000000000000000000,0.000000000000000000,12.160980000000000000,1.000000000000000000,1.000000000000000000,0.000193654169549291
0.330000000000000000,7.839020000000000000,7.839020000000000000,391951.000000000000000000,391951.000000000000000000,0.000000000000000000,12.160980000000000000,1.000000000000000000,1.000000000000000000,0.000194834987656298
0.332000000000000000,7.839020000000000000,7.839020000000000000,391951.000000000000000000,391951.000000000000000000,0.000000000000000000,12.160980000000000000,1.000000000000000000,1.000000000000000000,0.000196015805763306
0.334000000000000000,7.839020000000000000,7.839020000000000000,391951.000000000000000000,391951.000000000000000000,0.000000000000000000,12.160980000000000000,1.000000000000000000,1.000000000000000000,0.000199305569795349
0.336000000000000000,7.839020000000000000,7.839020000000000000,391951.000000000000000000,391951.000000000000000000,0.000000000000000000,12.160980000000000000,1.000000000000000000,1.000000000000000000,0.000220786696017467
0.338000000000000000,7.839020000000000000,7.839020000000000000,391951.000000000000000000,391951.000000000000000000,0.000000000000000000,12.160980000000000000,1.000000000000000000,1.000000000000000000,0.000263805886222898
0.340000000000000000,7.839020000000000000,7.839020000000000000,391951.000000000000000000,391951.000000000000000000,0.000000000000000000,12.160980000000000000,1.000000000000000000,1.000000000000000000,0.000322206281815070
0.342000000000000000,7.839020000000000000,7.839020000000000000,391951.000000000000000000,391951.000000000000000000,0.000000000000000000,12.160980000000000000,1.000000000000000000,1.000000000000000000,0.000381247187165463
0.344000000000000000,7.839020000000000000,7.839020000000000000,391951.000000000000000000,391951.000000000000000000,0.000000000000000000,12.160980000000000000,1.000000000000000000,1.000000000000000000,0.000440288092515857
0.346000000000000000,7.839020000000000000,7.839020000000000000,391951.000000000000000000,391951.000000000000000000,0.000000000000000000,12.160980000000000000,1.000000000000000000,1.000000000000000000,0.000499328997866251
0.348000000000000000,7.839020000000000000,7.839020000000000000,391951.000000000000000000,391951.000000000000000000,0.000000000000000000,12.160980000000000000,1.000000000000000000,1.000000000000000000,0.000558369903216644
0.350000000000000000,7.839020000000000000,7.839020000000000000,391951.000000000000000000,391951.000000000000000000,0.000000000000000000,12.160980000000000000,1.000000000000000000,1.000000000000000000,0.000617410808567038
0.352000000000000000,7.839020000000000000,7.839020000000000000,391951.000000000000000000,391951.000000000000000000,0.000000000000000000,12.160980000000000000,1.000000000000000000,1.000000000000000000,0.000676451713917431
0.354000000000000000,7.839020000000000000,7.839020000000000000,391951.000000000000000000,391951.000000000000000000,0.000000000000000000,12.160980000000000000,1.000000000000000000,1.000000000000000000,0.000735492619267825
0.356000000000000000,7.839020000000000000,7.839020000000000000,391951.000000000000000000,391951.000000000000000000,0.000000000000000000,12.160980000000000000,1.000000000000000000,1.000000000000000000,0.000794533524618219
0.358000000000000000,7.839020000000000000,7.839020000000000000,391951.000000000000000000,391951.000000000000000000,0.000000000000000000,12.160980000000000000,1.000000000000000000,1.000000000000000000,0.000853574429968612
0.360000000000000000,7.839020000000000000,7.839020000000000000,391951.000000000000000000,391951.000000000000000000,0.000000000000000000,12.160980000000000000,1.000000000000000000,1.000000000000000000,0.000912615335319006
0.362000000000000000,7.839020000000000000,7.839020000000000000,391951.000000000000000000,391951.000000000000000000,0.000000000000000000,12.160980000000000000,1.000000000000000000,1.000000000000000000,0.000971656240669400
0.364000000000000000,7.839020000000000000,7.839020000000000000,391951.000000000000000000,391951.000000000000000000,0.000000000000000000,12.160980000000000000,1.000000000000000000,1.000000000000000000,0.001030697146019793
0.366000000000000000,7.839020000000000000,7.839020000000000000,391951.000000000000000000,391951.000000000000000000,0.000000000000000000,12.160980000000000000,1.000000000000000000,1.000000000000000000,0.001089738051370187
0.368000000000000000,7.839020000000000000,7.839020000000000000,391951.000000000000000000,391951.000000000000000000,0.000000000000000000,12.160980000000000000,1.000000000000000000,1.000000000000000000,0.001148778956720580
0.370000000000000000,7.839020000000000000,7.839020000000000000,391951.000000000000000000,391951.000000000000000000,0.000000000000000000,12.160980000000000000,1.000000000000000000,1.000000000000000000,0.001207819862070974
0.372000000000000000,7.839020000000000000,7.839020000000000000,391951.000000000000000000,391951.000000000000000000,0.000000000000000000,12.160980000000000000,1.000000000000000000,1.000000000000000000,0.001266860767421368
0.374000000000000000,7.839020000000000000,7.839020000000000000,391951.000000000000000000,391951.000000000000000000,0.000000000000000000,12.160980000000000000,1.000000000000000000,1.000000000000000000,0.001325901672771761
0.376000000000000000,7.839020000000000000,7.839020000000000000,391951.000000000000000000,391951.000000000000000000,0.000000000000000000,12.160980000000000000,1.000000000000000000,1.000000000000000000,0.001384942578122155
0.378000000000000000,7.839020000000000000,7.839020000000000000,391951.000000000000000000,391951.000000000000000000,0.000000000000000000,12.160980000000000000,1.000000000000000000,1.000000000000000000,0.001443983483472548
0.380000000000000000,7.839020000000000000,7.839020000000000000,391951.000000000000000000,391951.000000000000000000,0.000000000000000000,12.160980000000000000,1.000000000000000000,1.000000000000000000,0.001503024388822942
0.382000000000000000,7.839020000000000000,7.839020000000000000,391951.000000000000000000,391951.000000000000000000,0.000000000000000000,12.160980000000000000,1.000000000000000000,1.000000000000000000,0.001562065294173336
0.384000000000000000,7.839020000000000000,7.839020000000000000,391951.000000000000000000,391951.000000000000000000,0.000000000000000000,12.160980000000000000,1.000000000000000000,1.000000000000000000,0.001621106199523729
0.386000000000000000,7.839020000000000000,7.839020000000000000,391951.000000000000000000,391951.000000000000000000,0.000000000000000000,12.160980000000000000,1.000000000000000000,1.000000000000000000,0.001680147104874123
0.388000000000000000,7.839020000000000000,7.839020000000000000,391951.000000000000000000,391951.000000000000000000,0.000000000000000000,12.160980000000000000,1.000000000000000000,1.000000000000000000,0.001739188010224516
0.390000000000000000,7.839020000000000000,7.839020000000000000,391951.000000000000000000,391951.000000000000000000,0.000000000000000000,12.160980000000000000,1.000000000000000000,1.000000000000000000,0.001798228915574910
0.392000000000000000,7.839020000000000000,7.839020000000000000,391951.000000000000000000,391951.000000000000000000,0.000000000000000000,12.160980000000000000,1.000000000000000000,1.000000000000000000,0.001857269820925304
0.394000000000000000,7.839020000000000000,7.839020000000000000,391951.000000000000000000,391951.000000000000000000,0.000000000000000000,12.160980000000000000,1.000000000000000000,1.000000000000000000,0.001916310726275697
0.396000000000000000,7.839020000000000000,7.839020000000000000,391951.000000000000000000,391951.000000000000000000,0.000000000000000000,12.160980000000000000,1.000000000000000000,1.000000000000000000,0.001975351631626091
0.398000000000000000,7.839020000000000000,7.839020000000000000,391951.000000000000000000,391951.000000000000000000,0.000000000000000000,12.160980000000000000,1.000000000000000000,1.000000000000000000,0.002034392536976485
0.400000000000000000,7.839020000000000000,7.839020000000000000,391951.000000000000000000,391951.000000000000000000,0.000000000000000000,12.160980000000000000,1.000000000000000000,1.000000000000000000,0.002093433442326878
0.402000000000000000,7.839020000000000000,7.839020000000000000,391951.000000000000000000,391951.000000000000000000,0.000000000000000000,12.160980000000000000,1.000000000000000000,1.000000000000000000,0.002152474347677272
0.404000000000000000,7.839020000000000000,7.839020000000000000,391951.000000000000000000,391951.000000000000000000,0.000000000000000000,12.160980000000000000,1.000000000000000000,1.000000000000000000,0.002211515253027665
0.406000000000000000,7.839020000000000000,7.839020000000000000,391951.000000000000000000,391951.000000000000000000,0.000000000000000000,12.160980000000000000,1.000000000000000000,1.000000000000000000,0.002270556158378059
0.408000000000000000,7.839020000000000000,7.839020000000000000,391951.000000000000000000,391951.000000000000000000,0.000000000000000000,12.160980000000000000,1.000000000000000000,1.000000000000000000,0.002329597063728453
0.410000000000000000,7.839020000000000000,7.839020000000000000,391951.000000000000000000,391951.000000000000000000,0.000000000000000000,12.160980000000000000,1.000000000000000000,1.000000000000000000,0.002388637969078846
0.412000000000000000,7.839020000000000000,7.839020000000000000,391951.000000000000000000,391951.000000000000000000,0.000000000000000000,12.160980000000000000,1.000000000000000000,1.000000000000000000,0.002447678874429240
0.414000000000000000,7.839020000000000000,7.839020000000000000,391951.000000000000000000,391951.000000000000000000,0.000000000000000000,12.160980000000000000,1.000000000000000000,1.000000000000000000,0.002506719779779633
0.416000000000000000,7.839020000000000000,7.839020000000000000,391951.000000000000000000,391951.000000000000000000,0.000000000000000000,12.160980000000000000,1.000000000000000000,1.000000000000000000,0.002565760685130027
0.418000000000000000,7.839020000000000000,7.839020000000000000,391951.000000000000000000,391951.000000000000000000,0.000000000000000000,12.160980000000000000,1.000000000000000000,1.000000000000000000,0.002624801590480421
0.420000000000000000,7.839020000000000000,7.839020000000000000,391951.000000000000000000,391951.000000000000000000,0.000000000000000000,12.160980000000000000,1.000000000000000000,1.000000000000000000,0.002683842495830814
0.422000000000000000,7.839020000000000000,7.839020000000000000,391951.000000000000000000,391951.000000000000000000,0.000000000000000000,12.160980000000000000,1.000000000000000000,1.000000000000000000,0.002742883401181208
0.424000000000000000,7.839020000000000000,7.839020000000000000,391951.000000000000000000,391951.000000000000000000,0.000000000000000000,12.160980000000000000,1.000000000000000000,1.000000000000000000,0.002801924306531602
0.426000000000000000,7.839020000000000000,7.839020000000000000,391951.000000000000000000,391951.000000000000000000,0.000000000000000000,12.160980000000000000,1.000000000000000000,1.000000000000000000,0.002860965211881995
0.428000000000000000,7.839020000000000000,7.839020000000000000,391951.000000000000000000,391951.000000000000000000,0.000000000000000000,12.160980000000000000,1.000000000000000000,1.000000000000000000,0.002920006117232389
0.430000000000000000,7.839020000000000000,7.839020000000000000,391951.000000000000000000,391951.000000000000000000,0.000000000000000000,12.160980000000000000,1.000000000000000000,1.000000000000000000,0.002979047022582782
0.432000000000000000,7.839020000000000000,7.839020000000000000,391951.000000000000000000,391951.000000000000000000,0.000000000000000000,12.160980000000000000,1.000000000000000000,1.000000000000000000,0.003038087927933176
0.434000000000000000,7.836380424746075708,7.836380424746075708,391819.021237303786006930,391819.021237303786006930,0.000000000000000000,12.163619575253924292,3.693444136657440000,3.693444136657424000,0.003087822421524663
0.436000000000000000,7.825508317929759693,7.825508317929759693,391275.415896487985566557,391275.415896487985566557,0.000000000000000000,12.174491682070240307,14.787430683918680000,14.787430683918656000,0.003108631011235955
0.438000000000000000,7.814616096207215528,7.814616096207215528,390730.804810360777468265,390730.804810360777468265,0.000000000000000000,12.185383903792784472,25.901942645698440000,25.901942645698416000,0.003129529729729729
0.440000000000000000,7.803703703703703700,7.803703703703703700,390185.185185185185281276,390185.185185185185281276,0.000000000000000000,12.196296296296296300,37.037037037037040000,37.037037037037032000,0.003150519187358916
0.442000000000000000,7.792771084337349387,7.792771084337349387,389638.554216867470222400,389638.554216867470222400,0.000000000000000000,12.207228915662650613,48.192771084337360000,48.192771084337336000,0.003171599999999999
0.444000000000000000,7.781818181818181802,7.781818181818181802,389090.909090909091441914,389090.909090909091441914,0.000000000000000000,12.218181818181818198,59.369202226345096000,59.369202226345072000,0.003192772789115646
0.446000000000000000,7.770844939647168052,7.770844939647168052,388542.246982358403188849,388542.246982358403188849,0.000000000000000000,12.229155060352831948,70.566388115134640000,70.566388115134624000,0.003214038181818181
0.448000000000000000,7.759851301115241627,7.759851301115241627,387992.565055762082049438,387992.565055762082049438,0.000000000000000000,12.240148698884758373,81.784386617100376000,81.784386617100360000,0.003235396810933940
0.450000000000000000,7.748837209302325570,7.748837209302325570,387441.860465116279442319,387441.860465116279442319,0.000000000000000000,12.251162790697674430,93.023255813953496000,93.023255813953480000,0.003256849315068493
0.452000000000000000,7.737802607076350088,7.737802607076350088,386890.130353817504822184,386890.130353817504822184,0.000000000000000000,12.262197392923649912,104.283054003724400000,104.283054003724384000,0.003278396338672768
0.454000000000000000,7.726747437092264674,7.726747437092264674,386337.371854613234043065,386337.371854613234043065,0.000000000000000000,12.273252562907735326,115.563839701770736000,115.563839701770728000,0.003300038532110091
0.456000000000000000,7.715671641791044761,7.715671641791044761,385783.582089552239290292,385783.582089552239290292,0.000000000000000000,12.284328358208955239,126.865671641791056000,126.865671641791032000,0.003321776551724137
0.458000000000000000,7.704575163398692801,7.704575163398692801,385228.758169934640809757,385228.758169934640809757,0.000000000000000000,12.295424836601307199,138.188608776844080000,138.188608776844064000,0.003343611059907834
0.460000000000000000,7.693457943925233636,7.693457943925233636,384672.897196261682503460,384672.897196261682503460,0.000000000000000000,12.306542056074766364,149.532710280373840000,149.532710280373824000,0.003365542725173210
0.462000000000000000,7.682319925163704388,7.682319925163704388,384115.996258185220096984,384115.996258185220096984,0.000000000000000000,12.317680074836295612,160.898035547240416000,160.898035547240400000,0.003387572222222222
0.464000000000000000,7.671161048689138571,7.671161048689138571,383558.052434456929018395,383558.052434456929018395,0.000000000000000000,12.328838951310861429,172.284644194756560000,172.284644194756544000,0.003409700232018561
0.466000000000000000,7.659981255857544502,7.659981255857544502,382999.062792877226358957,382999.062792877226358957,0.000000000000000000,12.340018744142455498,183.692596063730096000,183.692596063730072000,0.003431927441860465
0.468000000000000000,7.648780487804878044,7.648780487804878044,382439.024390243902592000,382439.024390243902592000,0.000000000000000000,12.351219512195121956,195.121951219512200000,195.121951219512192000,0.003454254545454545
0.470000000000000000,7.637558685446009373,7.637558685446009373,381877.934272300470009411,381877.934272300470009411,0.000000000000000000,12.362441314553990627,206.572769953051656000,206.572769953051632000,0.003476682242990654
0.472000000000000000,7.626315789473684198,7.626315789473684198,381315.789473684210925276,381315.789473684210925276,0.000000000000000000,12.373684210526315802,218.045112781954896000,218.045112781954872000,0.003499211241217798
0.474000000000000000,7.615051740357478824,7.615051740357478824,380752.587017873941963330,380752.587017873941963330,0.000000000000000000,12.384948259642521176,229.539040451552216000,229.539040451552200000,0.003521842253521126
0.476000000000000000,7.603766478342749517,7.603766478342749517,380188.323917137476826876,380188.323917137476826876,0.000000000000000000,12.396233521657250483,241.054613935969880000,241.054613935969856000,0.003544576000000000
0.478000000000000000,7.592459943449575866,7.592459943449575866,379622.997172478793774957,379622.997172478793774957,0.000000000000000000,12.407540056550424134,252.591894439208296000,252.591894439208288000,0.003567413207547169
0.480000000000000000,7.581132075471698108,7.581132075471698108,379056.603773584905812049,379056.603773584905812049,0.000000000000000000,12.418867924528301892,264.150943396226416000,264.150943396226408000,0.003590354609929078
0.482000000000000000,7.569782813975448522,7.569782813975448522,378489.140698772427256849,378489.140698772427256849,0.000000000000000000,12.430217186024551478,275.731822474032120000,275.731822474032096000,0.003613400947867298
0.484000000000000000,7.558412098298676736,7.558412098298676736,377920.604914933837798930,377920.604914933837798930,0.000000000000000000,12.441587901701323264,287.334593572778840000,287.334593572778816000,0.003636552969121140
0.486000000000000000,7.547019867549668870,7.547019867549668870,377350.993377483443839276,377350.993377483443839276,0.000000000000000000,12.452980132450331130,298.959318826868496000,298.959318826868488000,0.003659811428571428
0.488000000000000000,7.535606060606060592,7.535606060606060592,376780.303030303030729703,376780.303030303030729703,0.000000000000000000,12.464393939393939408,310.606060606060616000,310.606060606060592000,0.003683177088305489
0.490000000000000000,7.524170616113744073,7.524170616113744073,376208.530805687203860957,376208.530805687203860957,0.000000000000000000,12.475829383886255927,322.274881516587680000,322.274881516587672000,0.003706650717703349
0.492000000000000000,7.512713472485768500,7.512713472485768500,375635.673624288425052103,375635.673624288425052103,0.000000000000000000,12.487286527514231500,333.965844402277040000,333.965844402277032000,0.003730233093525179
0.494000000000000000,7.501234567901234560,7.501234567901234560,375061.728395061728627600,375061.728395061728627600,0.000000000000000000,12.498765432098765440,345.679012345679016000,345.679012345679000000,0.003753925000000000
0.496000000000000000,7.489733840304182490,7.489733840304182490,374486.692015209126053757,374486.692015209126053757,0.000000000000000000,12.510266159695817510,357.414448669201536000,357.414448669201504000,0.003777727228915662
0.498000000000000000,7.478211227402473824,7.478211227402473824,373910.561370123692044368,373910.561370123692044368,0.000000000000000000,12.521788772597526176,369.172216936251200000,369.172216936251176000,0.003801640579710144
0.500000000000000000,7.466666666666666659,7.466666666666666659,373333.333333333333563092,373333.333333333333563092,0.000000000000000000,12.533333333333333341,380.952380952380960000,380.952380952380944000,0.003825665859564164
0.502000000000000000,7.455100095328884644,7.455100095328884644,372755.004766444232825011,372755.004766444232825011,0.000000000000000000,12.544899904671115356,392.755004766444240000,392.755004766444224000,0.003849803883495145
0.504000000000000000,7.443511450381679374,7.443511450381679374,372175.572519083969910022,372175.572519083969910022,0.000000000000000000,12.556488549618320626,404.580152671755736000,404.580152671755712000,0.003874055474452554
0.506000000000000000,7.431900668576886336,7.431900668576886336,371595.033428844317253168,371595.033428844317253168,0.000000000000000000,12.568099331423113664,416.427889207258840000,416.427889207258824000,0.003898421463414634
0.508000000000000000,7.420267686424474176,7.420267686424474176,371013.384321223709703568,371013.384321223709703568,0.000000000000000000,12.579732313575525824,428.298279158699816000,428.298279158699800000,0.003922902689486552
0.510000000000000000,7.408612440191387552,7.408612440191387552,370430.622009569378215546,370430.622009569378215546,0.000000000000000000,12.591387559808612448,440.191387559808616000,440.191387559808600000,0.003947500000000000
0.512000000000000000,7.396934865900383132,7.396934865900383132,369846.743295019157384049,369846.743295019157384049,0.000000000000000000,12.603065134099616868,452.107279693486600000,452.107279693486576000,0.003972214250614250
0.514000000000000000,7.385234899328859059,7.385234899328859059,369261.744966442953056530,369261.744966442953056530,0.000000000000000000,12.614765100671140941,464.046021093000960000,464.046021093000952000,0.003997046305418719
0.516000000000000000,7.373512476007677524,7.373512476007677524,368675.623800383877737865,368675.623800383877737865,0.000000000000000000,12.626487523992322476,476.007677543186200000,476.007677543186168000,0.004021997037037037
0.518000000000000000,7.361767531219980785,7.361767531219980785,368088.376560999039460557,368088.376560999039460557,0.000000000000000000,12.638232468780019215,487.992315081652256000,487.992315081652248000,0.004047067326732673
0.520000000000000000,7.350000000000000000,7.350000000000000000,367500.000000000000000000,367500.000000000000000000,0.000000000000000000,12.650000000000000000,500.000000000000000000,500.000000000000000000,0.004072258064516129
0.522000000000000000,7.338209817131857546,7.338209817131857546,366910.490856592878034714,366910.490856592878034714,0.000000000000000000,12.661790182868142454,512.030798845043320000,512.030798845043304000,0.004097570149253731
0.524000000000000000,7.326396917148362230,7.326396917148362230,366319.845857418111880795,366319.845857418111880795,0.000000000000000000,12.673603082851637770,524.084778420038536000,524.084778420038528000,0.004123004488778054
0.526000000000000000,7.314561234329797478,7.314561234329797478,365728.061716489875054211,365728.061716489875054211,0.000000000000000000,12.685438765670202522,536.162005785920936000,536.162005785920912000,0.004148562000000000
0.528000000000000000,7.302702702702702685,7.302702702702702685,365135.135135135135642984,365135.135135135135642984,0.000000000000000000,12.697297297297297315,548.262548262548280000,548.262548262548248000,0.004174243609022556
0.530000000000000000,7.290821256038647334,7.290821256038647334,364541.062801932367416184,364541.062801932367416184,0.000000000000000000,12.709178743961352666,560.386473429951696000,560.386473429951680000,0.004200050251256281
0.532000000000000000,7.278916827852998056,7.278916827852998056,363945.841392649903564849,363945.841392649903564849,0.000000000000000000,12.721083172147001944,572.533849129593816000,572.533849129593800000,0.004225982871536523
0.534000000000000000,7.266989351403678601,7.266989351403678601,363349.467570183930429811,363349.467570183930429811,0.000000000000000000,12.733010648596321399,584.704743465634080000,584.704743465634072000,0.004252042424242424
0.536000000000000000,7.255038759689922471,7.255038759689922471,362751.937984496124307838,362751.937984496124307838,0.000000000000000000,12.744961240310077529,596.899224806201560000,596.899224806201544000,0.004278229873417721
0.538000000000000000,7.243064985451018421,7.243064985451018421,362153.249272550921643941,362153.249272550921643941,0.000000000000000000,12.756935014548981579,609.117361784675080000,609.117361784675064000,0.004304546192893401
0.540000000000000000,7.231067961165048537,7.231067961165048537,361553.398058252427362503,361553.398058252427362503,0.000000000000000000,12.768932038834951463,621.359223300970880000,621.359223300970864000,0.004330992366412213
0.542000000000000000,7.219047619047619034,7.219047619047619034,360952.380952380952766395,360952.380952380952766395,0.000000000000000000,12.780952380952380966,633.624878522837720000,633.624878522837696000,0.004357569387755102
0.544000000000000000,7.207003891050583650,7.207003891050583650,360350.194552529183076746,360350.194552529183076746,0.000000000000000000,12.792996108949416350,645.914396887159536000,645.914396887159528000,0.004384278260869565
0.546000000000000000,7.194936708860759476,7.194936708860759476,359746.835443037975172800,359746.835443037975172800,0.000000000000000000,12.805063291139240524,658.227848101265840000,658.227848101265808000,0.004411120000000000
0.548000000000000000,7.182846003898635470,7.182846003898635470,359142.300194931774086930,359142.300194931774086930,0.000000000000000000,12.817153996101364530,670.565302144249520000,670.565302144249504000,0.004438095629820051
0.550000000000000000,7.170731707317073154,7.170731707317073154,358536.585365853659019276,358536.585365853659019276,0.000000000000000000,12.829268292682926846,682.926829268292696000,682.926829268292672000,0.004465206185567010
0.552000000000000000,7.158593750000000000,7.158593750000000000,357929.687500000000000049,357929.687500000000000049,0.000000000000000000,12.841406250000000000,695.312500000000000000,695.312499999999992000,0.004492452713178294
0.554000000000000000,7.146432062561094800,7.146432062561094800,357321.603128054741507730,357321.603128054741507730,0.000000000000000000,12.853567937438905200,707.722385141740000000,707.722385141739968000,0.004519836269430051
0.556000000000000000,7.134246575342465742,7.134246575342465742,356712.328767123287975303,356712.328767123287975303,0.000000000000000000,12.865753424657534258,720.156555772994136000,720.156555772994120000,0.004547357922077922
0.558000000000000000,7.122037218413320260,7.122037218413320260,356101.860920666014107114,356101.860920666014107114,0.000000000000000000,12.877962781586679740,732.615083251714016000,732.615083251713992000,0.004575018750000000
0.560000000000000000,7.109803921568627445,7.109803921568627445,355490.196078431372702184,355490.196078431372702184,0.000000000000000000,12.890196078431372555,745.098039215686280000,745.098039215686264000,0.004602819843342036
0.562000000000000000,7.097546614327772316,7.097546614327772316,354877.330716388616568957,354877.330716388616568957,0.000000000000000000,12.902453385672227684,757.605495583905800000,757.605495583905784000,0.004630762303664921
0.564000000000000000,7.085265225933202355,7.085265225933202355,354263.261296660117933860,354263.261296660117933860,0.000000000000000000,12.914734774066797645,770.137524557956776000,770.137524557956776000,0.004658847244094488
0.566000000000000000,7.072959685349065863,7.072959685349065863,353647.984267453294466103,353647.984267453294466103,0.000000000000000000,12.927040314650934137,782.694198623402176000,782.694198623402152000,0.004687075789473684
0.568000000000000000,7.060629921259842502,7.060629921259842502,353031.496062992126470930,353031.496062992126470930,0.000000000000000000,12.939370078740157498,795.275590551181120000,795.275590551181088000,0.004715449076517150
0.570000000000000000,7.048275862068965515,7.048275862068965515,352413.793103448275908184,352413.793103448275908184,0.000000000000000000,12.951724137931034485,807.881773399014776000,807.881773399014776000,0.004743968253968253
0.572000000000000000,7.035897435897435890,7.035897435897435890,351794.871794871795068800,351794.871794871795068800,0.000000000000000000,12.964102564102564110,820.512820512820520000,820.512820512820504000,0.004772634482758620
0.574000000000000000,7.023494570582428425,7.023494570582428425,351174.728529121421665622,351174.728529121421665622,0.000000000000000000,12.976505429417571575,833.168805528134256000,833.168805528134248000,0.004801448936170212
0.576000000000000000,7.011067193675889310,7.011067193675889310,350553.359683794466895038,350553.359683794466895038,0.000000000000000000,12.988932806324110690,845.849802371541520000,845.849802371541488000,0.004830412800000000
0.578000000000000000,6.998615232443125614,6.998615232443125614,349930.761622156281015519,349930.761622156281015519,0.000000000000000000,13.001384767556874386,858.555885262116720000,858.555885262116712000,0.004859527272727272
0.580000000000000000,6.986138613861386126,6.986138613861386126,349306.930693069307280049,349306.930693069307280049,0.000000000000000000,13.013861386138613874,871.287128712871296000,871.287128712871272000,0.004888793565683646
0.582000000000000000,6.973637264618434082,6.973637264618434082,348681.863230921704955303,348681.863230921704955303,0.000000000000000000,13.026362735381565918,884.043607532210120000,884.043607532210096000,0.004918212903225806
0.584000000000000000,6.961111111111111096,6.961111111111111096,348055.555555555555949703,348055.555555555555949703,0.000000000000000000,13.038888888888888904,896.825396825396840000,896.825396825396816000,0.004947786522911051
0.586000000000000000,6.948560079443892736,6.948560079443892736,347428.003972194637931222,347428.003972194637931222,0.000000000000000000,13.051439920556107264,909.632571996027816000,909.632571996027792000,0.004977515675675675
0.588000000000000000,6.935984095427435378,6.935984095427435378,346799.204771371769637703,346799.204771371769637703,0.000000000000000000,13.064015904572564622,922.465208747514920000,922.465208747514904000,0.005007401626016260
0.590000000000000000,6.923383084577114422,6.923383084577114422,346169.154228855721542184,346169.154228855721542184,0.000000000000000000,13.076616915422885578,935.323383084577120000,935.323383084577104000,0.005037445652173913
0.592000000000000000,6.910756972111553780,6.910756972111553780,345537.848605577689353649,345537.848605577689353649,0.000000000000000000,13.089243027888446220,948.207171314741040000,948.207171314741032000,0.005067649046321525
0.594000000000000000,6.898105682951146549,6.898105682951146549,344905.284147557328317892,344905.284147557328317892,0.000000000000000000,13.101894317048853451,961.116650049850456000,961.116650049850440000,0.005098013114754098
0.596000000000000000,6.885429141716566856,6.885429141716566856,344271.457085828343569757,344271.457085828343569757,0.000000000000000000,13.114570858283433144,974.051896207584840000,974.051896207584824000,0.005128539178082191
0.598000000000000000,6.872727272727272720,6.872727272727272720,343636.363636363636549200,343636.363636363636549200,0.000000000000000000,13.127272727272727280,987.012987012987016000,987.012987012987008000,0.005159228571428571
0.600000000000000000,6.860000000000000000,6.860000000000000000,343000.000000000000000049,343000.000000000000000049,0.000000000000000000,13.140000000000000000,1000.000000000000000000,999.999999999999992000,0.005190082644628099
0.602000000000000000,6.847247247247247240,6.847247247247247240,342362.362362362362546211,342362.362362362362546211,0.000000000000000000,13.152752752752752760,1013.013013013013016000,1013.013013013013008000,0.005221102762430939
0.604000000000000000,6.834468937875751496,6.834468937875751496,341723.446893787575316476,341723.446893787575316476,0.000000000000000000,13.165531062124248504,1026.052104208416840000,1026.052104208416824000,0.005252290304709141
0.606000000000000000,6.821664994984954850,6.821664994984954850,341083.249749247743608584,341083.249749247743608584,0.000000000000000000,13.178335005015045150,1039.117352056168520000,1039.117352056168496000,0.005283646666666666
0.608000000000000000,6.808835341365461829,6.808835341365461829,340441.767068273092842984,340441.767068273092842984,0.000000000000000000,13.191164658634538171,1052.208835341365480000,1052.208835341365448000,0.005315173259052924
0.610000000000000000,6.795979899497487423,6.795979899497487423,339798.994974874372230503,339798.994974874372230503,0.000000000000000000,13.204020100502512577,1065.326633165829160000,1065.326633165829136000,0.005346871508379888
0.612000000000000000,6.783098591549295764,6.783098591549295764,339154.929577464789014184,339154.929577464789014184,0.000000000000000000,13.216901408450704236,1078.470824949698200000,1078.470824949698176000,0.005378742857142857
0.614000000000000000,6.770191339375629404,6.770191339375629404,338509.566968781470330103,338509.566968781470330103,0.000000000000000000,13.229808660624370596,1091.641490433031216000,1091.641490433031216000,0.005410788764044943
0.616000000000000000,6.757258064516129027,6.757258064516129027,337862.903225806451746022,337862.903225806451746022,0.000000000000000000,13.242741935483870973,1104.838709677419360000,1104.838709677419352000,0.005443010704225352
0.618000000000000000,6.744298688193743689,6.744298688193743689,337214.934409687184757438,337214.934409687184757438,0.000000000000000000,13.255701311806256311,1118.062563067608480000,1118.062563067608472000,0.005475410169491525
0.620000000000000000,6.731313131313131306,6.731313131313131306,336565.656565656565832638,336565.656565656565832638,0.000000000000000000,13.268686868686868694,1131.313131313131320000,1131.313131313131304000,0.005507988668555240
0.622000000000000000,6.718301314459049529,6.718301314459049529,335915.065722952477661676,335915.065722952477661676,0.000000000000000000,13.281698685540950471,1144.590495449949456000,1144.590495449949432000,0.005540747727272727
0.624000000000000000,6.705263157894736825,6.705263157894736825,335263.157894736842534400,335263.157894736842534400,0.000000000000000000,13.294736842105263175,1157.894736842105280000,1157.894736842105248000,0.005573688888888888
0.626000000000000000,6.692198581560283680,6.692198581560283680,334609.929078014184603141,334609.929078014184603141,0.000000000000000000,13.307801418439716320,1171.225937183384000000,1171.225937183383984000,0.005606813714285714
0.628000000000000000,6.679107505070993896,6.679107505070993896,333955.375253549696216157,333955.375253549696216157,0.000000000000000000,13.320892494929006104,1184.584178498985816000,1184.584178498985784000,0.005640123782234957
0.630000000000000000,6.665989847715736022,6.665989847715736022,333299.492385786802489411,333299.492385786802489411,0.000000000000000000,13.334010152284263978,1197.969543147208136000,1197.969543147208112000,0.005673620689655172
0.632000000000000000,6.652845528455284544,6.652845528455284544,332642.276422764227859303,332642.276422764227859303,0.000000000000000000,13.347154471544715456,1211.382113821138216000,1211.382113821138200000,0.005707306051873198
0.634000000000000000,6.639674465920651061,6.639674465920651061,331983.723296032553586260,331983.723296032553586260,0.000000000000000000,13.360325534079348939,1224.821973550356056000,1224.821973550356048000,0.005741181502890173
0.636000000000000000,6.626476578411405293,6.626476578411405293,331323.828920570264819838,331323.828920570264819838,0.000000000000000000,13.373523421588594707,1238.289205702647656000,1238.289205702647656000,0.005775248695652173
0.638000000000000000,6.613251783893985717,6.613251783893985717,330662.589194699286739011,330662.589194699286739011,0.000000000000000000,13.386748216106014283,1251.783893985728856000,1251.783893985728840000,0.005809509302325581
0.640000000000000000,6.599999999999999992,6.599999999999999992,330000.000000000000203092,330000.000000000000203092,0.000000000000000000,13.400000000000000008,1265.306122448979600000,1265.306122448979584000,0.005843965014577259
0.642000000000000000,6.586721144024514799,6.586721144024514799,329336.057201225740840930,329336.057201225740840930,0.000000000000000000,13.413278855975485201,1278.855975485188976000,1278.855975485188960000,0.005878617543859649
0.644000000000000000,6.573415132924335376,6.573415132924335376,328670.756646216768954611,328670.756646216768954611,0.000000000000000000,13.426584867075664624,1292.433537832310840000,1292.433537832310832000,0.005913468621700879
0.646000000000000000,6.560081883316274306,6.560081883316274306,328004.094165813715533730,328004.094165813715533730,0.000000000000000000,13.439918116683725694,1306.038894575230296000,1306.038894575230288000,0.005948519999999999
0.648000000000000000,6.546721311475409820,6.546721311475409820,327336.065573770492206184,327336.065573770492206184,0.000000000000000000,13.453278688524590180,1319.672131147541000000,1319.672131147540968000,0.005983773451327433
0.650000000000000000,6.533333333333333326,6.533333333333333326,326666.666666666666830000,326666.666666666666830000,0.000000000000000000,13.466666666666666674,1333.333333333333336000,1333.333333333333328000,0.006019230769230769
0.652000000000000000,6.519917864476386036,6.519917864476386036,325995.893223819301852103,325995.893223819301852103,0.000000000000000000,13.480082135523613964,1347.022587268993840000,1347.022587268993832000,0.006054893768545994
0.654000000000000000,6.506474820143884888,6.506474820143884888,325323.741007194244695968,325323.741007194244695968,0.000000000000000000,13.493525179856115112,1360.739979445015416000,1360.739979445015408000,0.006090764285714285
0.656000000000000000,6.493004115226337438,6.493004115226337438,324650.205761316872669757,324650.205761316872669757,0.000000000000000000,13.506995884773662562,1374.485596707818936000,1374.485596707818920000,0.006126844179104477
0.658000000000000000,6.479505664263645720,6.479505664263645720,323975.283213182286452319,323975.283213182286452319,0.000000000000000000,13.520494335736354280,1388.259526261586000000,1388.259526261585984000,0.006163135329341317
0.660000000000000000,6.465979381443298962,6.465979381443298962,323298.969072164948627730,323298.969072164948627730,0.000000000000000000,13.534020618556701038,1402.061855670103096000,1402.061855670103088000,0.006199639639639639
0.662000000000000000,6.452425180598555202,6.452425180598555202,322621.259029927760792876,322621.259029927760792876,0.000000000000000000,13.547574819401444798,1415.892672858617136000,1415.892672858617120000,0.006236359036144578
0.664000000000000000,6.438842975206611569,6.438842975206611569,321942.148760330578528265,321942.148760330578528265,0.000000000000000000,13.561157024793388431,1429.752066115702480000,1429.752066115702472000,0.006273295468277945
0.666000000000000000,6.425232678386763172,6.425232678386763172,321261.633919338159565357,321261.633919338159565357,0.000000000000000000,13.574767321613236828,1443.640124095139616000,1443.640124095139600000,0.006310450909090909
0.668000000000000000,6.411594202898550708,6.411594202898550708,320579.710144927536636368,320579.710144927536636368,0.000000000000000000,13.588405797101449292,1457.556935817805400000,1457.556935817805368000,0.006347827355623100
0.670000000000000000,6.397927461139896362,6.397927461139896362,319896.373056994818901411,319896.373056994818901411,0.000000000000000000,13.602072538860103638,1471.502590673575136000,1471.502590673575120000,0.006385426829268292
0.672000000000000000,6.384232365145228210,6.384232365145228210,319211.618257261410918076,319211.618257261410918076,0.000000000000000000,13.615767634854771790,1485.477178423236520000,1485.477178423236504000,0.006423251376146788
0.674000000000000000,6.370508826583592927,6.370508826583592927,318525.441329179647204719,318525.441329179647204719,0.000000000000000000,13.629491173416407073,1499.480789200415376000,1499.480789200415360000,0.006461303067484662
0.676000000000000000,6.356756756756756750,6.356756756756756750,317837.837837837837990400,317837.837837837837990400,0.000000000000000000,13.643243243243243250,1513.513513513513520000,1513.513513513513504000,0.006499584000000000
0.678000000000000000,6.342976066597294474,6.342976066597294474,317148.803329864724506687,317148.803329864724506687,0.000000000000000000,13.657023933402705526,1527.575442247658696000,1527.575442247658680000,0.006538096296296296
0.680000000000000000,6.329166666666666653,6.329166666666666653,316458.333333333333644957,316458.333333333333644957,0.000000000000000000,13.670833333333333347,1541.666666666666680000,1541.666666666666656000,0.006576842105263157
0.682000000000000000,6.315328467153284653,6.315328467153284653,315766.423357664234012449,315766.423357664234012449,0.000000000000000000,13.684671532846715347,1555.787278415015656000,1555.787278415015632000,0.006615823602484472
0.684000000000000000,6.301461377870563660,6.301461377870563660,315073.068893528184055411,315073.068893528184055411,0.000000000000000000,13.698538622129436340,1569.937369519833000000,1569.937369519832976000,0.006655042990654205
0.686000000000000000,6.287565308254963409,6.287565308254963409,314378.265412748171788741,314378.265412748171788741,0.000000000000000000,13.712434691745036591,1584.117032392894480000,1584.117032392894448000,0.006694502500000000
0.688000000000000000,6.273640167364016720,6.273640167364016720,313682.008368200837206184,313682.008368200837206184,0.000000000000000000,13.726359832635983280,1598.326359832636000000,1598.326359832635968000,0.006734204388714733
0.690000000000000000,6.259685863874345540,6.259685863874345540,312984.293193717277706049,312984.293193717277706049,0.000000000000000000,13.740314136125654460,1612.565445026178016000,1612.565445026178000000,0.006774150943396226
0.692000000000000000,6.245702306079664554,6.245702306079664554,312285.115303983228891092,312285.115303983228891092,0.000000000000000000,13.754297693920335446,1626.834381551362696000,1626.834381551362672000,0.006814344479495268
0.694000000000000000,6.231689401888772295,6.231689401888772295,311584.470094438614956449,311584.470094438614956449,0.000000000000000000,13.768310598111227705,1641.133263378803776000,1641.133263378803776000,0.006854787341772151
0.696000000000000000,6.217647058823529411,6.217647058823529411,310882.352941176470592103,310882.352941176470592103,0.000000000000000000,13.782352941176470589,1655.462184873949576000,1655.462184873949576000,0.006895481904761904
0.698000000000000000,6.203575184016824376,6.203575184016824376,310178.759200841220217276,310178.759200841220217276,0.000000000000000000,13.796424815983175624,1669.821240799158800000,1669.821240799158768000,0.006936430573248407
0.700000000000000000,6.189473684210526309,6.189473684210526309,309473.684210526315932319,309473.684210526315932319,0.000000000000000000,13.810526315789473691,1684.210526315789480000,1684.210526315789464000,0.006977635782747603
0.702000000000000000,6.175342465753424647,6.175342465753424647,308767.123287671233105200,308767.123287671233105200,0.000000000000000000,13.824657534246575353,1698.630136986301376000,1698.630136986301360000,0.007019100000000000
0.704000000000000000,6.161181434599156106,6.161181434599156106,308059.071729957806176422,308059.071729957806176422,0.000000000000000000,13.838818565400843894,1713.080168776371320000,1713.080168776371296000,0.007060825723472668
0.706000000000000000,6.146990496304118263,6.146990496304118263,307349.524815205913516238,307349.524815205913516238,0.000000000000000000,13.853009503695881737,1727.560718057022176000,1727.560718057022168000,0.007102815483870967
0.708000000000000000,6.132769556025369966,6.132769556025369966,306638.477801268499217492,306638.477801268499217492,0.000000000000000000,13.867230443974630034,1742.071881606765336000,1742.071881606765320000,0.007145071844660194
0.710000000000000000,6.118518518518518512,6.118518518518518512,305925.925925925926064773,305925.925925925926064773,0.000000000000000000,13.881481481481481488,1756.613756613756616000,1756.613756613756608000,0.007187597402597402
0.712000000000000000,6.104237288135593202,6.104237288135593202,305211.864406779661422714,305211.864406779661422714,0.000000000000000000,13.895762711864406798,1771.186440677966120000,1771.186440677966088000,0.007230394788273615
0.714000000000000000,6.089925768822905612,6.089925768822905612,304496.288441145281197514,304496.288441145281197514,0.000000000000000000,13.910074231177094388,1785.790031813361616000,1785.790031813361608000,0.007273466666666666
0.716000000000000000,6.075583864118895963,6.075583864118895963,303779.193205944798365065,303779.193205944798365065,0.000000000000000000,13.924416135881104037,1800.424628450106160000,1800.424628450106152000,0.007316815737704918
0.718000000000000000,6.061211477151965988,6.061211477151965988,303060.573857598299807092,303060.573857598299807092,0.000000000000000000,13.938788522848034012,1815.090329436769400000,1815.090329436769384000,0.007360444736842105
0.720000000000000000,6.046808510638297864,6.046808510638297864,302340.425531914893803141,302340.425531914893803141,0.000000000000000000,13.953191489361702136,1829.787234042553200000,1829.787234042553184000,0.007404356435643564
0.722000000000000000,6.032374866879659208,6.032374866879659208,301618.743343982960674849,301618.743343982960674849,0.000000000000000000,13.967625133120340792,1844.515441959531416000,1844.515441959531408000,0.007448553642384105
0.724000000000000000,6.017910447761194021,6.017910447761194021,300895.522388059701684211,300895.522388059701684211,0.000000000000000000,13.982089552238805979,1859.275053304904056000,1859.275053304904040000,0.007493039202657807
0.726000000000000000,6.003415154749199555,6.003415154749199555,300170.757737459979050611,300170.757737459979050611,0.000000000000000000,13.996584845250800445,1874.066168623265760000,1874.066168623265728000,0.007537815999999999
0.728000000000000000,5.988888888888888878,5.988888888888888878,299444.444444444444684000,299444.444444444444684000,0.000000000000000000,14.011111111111111122,1888.888888888888896000,1888.888888888888880000,0.007582886956521739
0.730000000000000000,5.974331550802139028,5.974331550802139028,298716.577540106952078503,298716.577540106952078503,0.000000000000000000,14.025668449197860972,1903.743315508021400000,1903.743315508021384000,0.007628255033557046
0.732000000000000000,5.959743040685224823,5.959743040685224823,297987.152034261242323995,297987.152034261242323995,0.000000000000000000,14.040256959314775177,1918.629550321199160000,1918.629550321199136000,0.007673923232323232
0.734000000000000000,5.945123258306538048,5.945123258306538048,297256.162915326902484876,297256.162915326902484876,0.000000000000000000,14.054876741693461952,1933.547695605573416000,1933.547695605573416000,0.007719894594594594
0.736000000000000000,5.930472103004291844,5.930472103004291844,296523.605150214592298449,296523.605150214592298449,0.000000000000000000,14.069527896995708156,1948.497854077253216000,1948.497854077253216000,0.007766172203389830
0.738000000000000000,5.915789473684210514,5.915789473684210514,295789.473684210526564768,295789.473684210526564768,0.000000000000000000,14.084210526315789486,1963.480128893662736000,1963.480128893662720000,0.007812759183673469
0.740000000000000000,5.901075268817204299,5.901075268817204299,295053.763440860215085595,295053.763440860215085595,0.000000000000000000,14.098924731182795701,1978.494623655913976000,1978.494623655913976000,0.007859658703071672
0.742000000000000000,5.886329386437029056,5.886329386437029056,294316.469321851453319465,294316.469321851453319465,0.000000000000000000,14.113670613562970944,1993.541442411194840000,1993.541442411194824000,0.007906873972602739
0.744000000000000000,5.871551724137931028,5.871551724137931028,293577.586206896551854238,293577.586206896551854238,0.000000000000000000,14.128448275862068972,2008.620689655172416000,2008.620689655172408000,0.007954408247422680
0.746000000000000000,5.856742179072276142,5.856742179072276142,292837.108953613808358957,292837.108953613808358957,0.000000000000000000,14.143257820927723858,2023.732470334412096000,2023.732470334412072000,0.008002264827586206
0.748000000000000000,5.841900647948164142,5.841900647948164142,292095.032397408207446822,292095.032397408207446822,0.000000000000000000,14.158099352051835858,2038.876889848812096000,2038.876889848812088000,0.008050447058823529
0.750000000000000000,5.827027027027027021,5.827027027027027021,291351.351351351351474638,291351.351351351351474638,0.000000000000000000,14.172972972972972979,2054.054054054054056000,2054.054054054054048000,0.008098958333333333
0.752000000000000000,5.812121212121212105,5.812121212121212105,290606.060606060606389703,290606.060606060606389703,0.000000000000000000,14.187878787878787895,2069.264069264069280000,2069.264069264069256000,0.008147802090592334
0.754000000000000000,5.797183098591549282,5.797183098591549282,289859.154929577465061200,289859.154929577465061200,0.000000000000000000,14.202816901408450718,2084.507042253521136000,2084.507042253521120000,0.008196981818181818
0.756000000000000000,5.782212581344902374,5.782212581344902374,289110.629067245119559460,289110.629067245119559460,0.000000000000000000,14.217787418655097626,2099.783080260303696000,2099.783080260303680000,0.008246501052631578
0.758000000000000000,5.767209554831704649,5.767209554831704649,288360.477741585233842984,288360.477741585233842984,0.000000000000000000,14.232790445168295351,2115.092290988056480000,2115.092290988056448000,0.008296363380281690
0.760000000000000000,5.752173913043478253,5.752173913043478253,287608.695652173913202822,287608.695652173913202822,0.000000000000000000,14.247826086956521747,2130.434782608695656000,2130.434782608695648000,0.008346572438162544
0.762000000000000000,5.737105549510337318,5.737105549510337318,286855.277475516866257757,286855.277475516866257757,0.000000000000000000,14.262894450489662682,2145.810663764961920000,2145.810663764961912000,0.008397131914893617
0.764000000000000000,5.722004357298474935,5.722004357298474935,286100.217864923747489757,286100.217864923747489757,0.000000000000000000,14.277995642701525065,2161.220043572984760000,2161.220043572984744000,0.008448045551601423
0.766000000000000000,5.706870229007633574,5.706870229007633574,285343.511450381679672503,285343.511450381679672503,0.000000000000000000,14.293129770992366426,2176.663031624863696000,2176.663031624863680000,0.008499317142857142
0.768000000000000000,5.691703056768558947,5.691703056768558947,284585.152838427947687622,284585.152838427947687622,0.000000000000000000,14.308296943231441053,2192.139737991266376000,2192.139737991266368000,0.008550950537634408
0.770000000000000000,5.676502732240437154,5.676502732240437154,283825.136612021858006503,283825.136612021858006503,0.000000000000000000,14.323497267759562846,2207.650273224043720000,2207.650273224043712000,0.008602949640287769
0.772000000000000000,5.661269146608315083,5.661269146608315083,283063.457330415755233541,283063.457330415755233541,0.000000000000000000,14.338730853391684917,2223.194748358862160000,2223.194748358862136000,0.008655318411552346
0.774000000000000000,5.646002190580503824,5.646002190580503824,282300.109529025191852157,282300.109529025191852157,0.000000000000000000,14.353997809419496176,2238.773274917853240000,2238.773274917853224000,0.008708060869565217
0.776000000000000000,5.630701754385964894,5.630701754385964894,281535.087719298245974449,281535.087719298245974449,0.000000000000000000,14.369298245614035106,2254.385964912280720000,2254.385964912280688000,0.008761181090909090
0.778000000000000000,5.615367727771679460,5.615367727771679460,280768.386388583973902449,280768.386388583973902449,0.000000000000000000,14.384632272228320540,2270.032930845225040000,2270.032930845225016000,0.008814683211678832
0.780000000000000000,5.599999999999999994,5.599999999999999994,280000.000000000000112000,280000.000000000000112000,0.000000000000000000,14.400000000000000006,2285.714285714285720000,2285.714285714285712000,0.008868571428571428
0.782000000000000000,5.584598459845984588,5.584598459845984588,279229.922992299230115514,279229.922992299230115514,0.000000000000000000,14.415401540154015412,2301.430143014301440000,2301.430143014301424000,0.008922850000000000
0.784000000000000000,5.569162995594713642,5.569162995594713642,278458.149779735683097011,278458.149779735683097011,0.000000000000000000,14.430837004405286358,2317.180616740088120000,2317.180616740088096000,0.008977523247232472
0.786000000000000000,5.553693495038588743,5.553693495038588743,277684.674751929437922930,277684.674751929437922930,0.000000000000000000,14.446306504961411257,2332.965821389195160000,2332.965821389195144000,0.009032595555555555
0.788000000000000000,5.538189845474613678,5.538189845474613678,276909.492273730684486930,276909.492273730684486930,0.000000000000000000,14.461810154525386322,2348.785871964679920000,2348.785871964679904000,0.009088071375464684
0.790000000000000000,5.522651933701657451,5.522651933701657451,276132.596685082873072687,276132.596685082873072687,0.000000000000000000,14.477348066298342549,2364.640883977900560000,2364.640883977900544000,0.009143955223880597
0.792000000000000000,5.507079646017699108,5.507079646017699108,275353.982300884955874238,275353.982300884955874238,0.000000000000000000,14.492920353982300892,2380.530973451327440000,2380.530973451327424000,0.009200251685393258
0.794000000000000000,5.491472868217054244,5.491472868217054244,274573.643410852713551330,274573.643410852713551330,0.000000000000000000,14.508527131782945756,2396.456256921373216000,2396.456256921373192000,0.009256965413533834
0.796000000000000000,5.475831485587583134,5.475831485587583134,273791.574279379157710184,273791.574279379157710184,0.000000000000000000,14.524168514412416866,2412.416851441241696000,2412.416851441241672000,0.009314101132075471
0.798000000000000000,5.460155382907880116,5.460155382907880116,273007.769145394006991141,273007.769145394006991141,0.000000000000000000,14.539844617092119884,2428.412874583795800000,2428.412874583795768000,0.009371663636363636
0.800000000000000000,5.444444444444444429,5.444444444444444429,272222.222222222222515411,272222.222222222222515411,0.000000000000000000,14.555555555555555571,2444.444444444444456000,2444.444444444444432000,0.009429657794676806
0.802000000000000000,5.428698553948832019,5.428698553948832019,271434.927697441602093811,271434.927697441602093811,0.000000000000000000,14.571301446051167981,2460.511679644048960000,2460.511679644048936000,0.009488088549618320
0.804000000000000000,5.412917594654788411,5.412917594654788411,270645.879732739421078665,270645.879732739421078665,0.000000000000000000,14.587082405345211589,2476.614699331848560000,2476.614699331848544000,0.009546960919540229
0.806000000000000000,5.397101449275362316,5.397101449275362316,269855.072463768115996000,269855.072463768115996000,0.000000000000000000,14.602898550724637684,2492.753623188405800000,2492.753623188405792000,0.009606279999999999
0.808000000000000000,5.381249999999999988,5.381249999999999988,269062.500000000000211995,269062.500000000000211995,0.000000000000000000,14.618750000000000012,2508.928571428571440000,2508.928571428571424000,0.009666050965250965
0.810000000000000000,5.365363128491620105,5.365363128491620105,268268.156424581005702184,268268.156424581005702184,0.000000000000000000,14.634636871508379895,2525.139664804469280000,2525.139664804469264000,0.009726279069767441
0.812000000000000000,5.349440715883668902,5.349440715883668902,267472.035794183445216530,267472.035794183445216530,0.000000000000000000,14.650559284116331098,2541.387024608501120000,2541.387024608501112000,0.009786969649805447
0.814000000000000000,5.333482642777155636,5.333482642777155636,266674.132138857783111730,266674.132138857783111730,0.000000000000000000,14.666517357222844364,2557.670772676371800000,2557.670772676371768000,0.009848128124999999
0.816000000000000000,5.317488789237668150,5.317488789237668150,265874.439461883408269757,265874.439461883408269757,0.000000000000000000,14.682511210762331850,2573.991031390134536000,2573.991031390134520000,0.009909760000000000
0.818000000000000000,5.301459034792368120,5.301459034792368120,265072.951739618406383384,265072.951739618406383384,0.000000000000000000,14.698540965207631880,2590.347923681257016000,2590.347923681257008000,0.009971870866141732
0.820000000000000000,5.285393258426966277,5.285393258426966277,264269.662921348314875092,264269.662921348314875092,0.000000000000000000,14.714606741573033723,2606.741573033707880000,2606.741573033707856000,0.010034466403162055
0.822000000000000000,5.269291338582677162,5.269291338582677162,263464.566929133858322076,263464.566929133858322076,0.000000000000000000,14.730708661417322838,2623.172103487064120000,2623.172103487064112000,0.010097552380952380
0.824000000000000000,5.253153153153153152,5.253153153153153152,262657.657657657657664157,262657.657657657657664157,0.000000000000000000,14.746846846846846848,2639.639639639639640000,2639.639639639639632000,0.010161134661354581
0.826000000000000000,5.236978579481397954,5.236978579481397954,261848.928974069898824076,261848.928974069898824076,0.000000000000000000,14.763021420518602046,2656.144306651634736000,2656.144306651634712000,0.010225219200000000
0.828000000000000000,5.220767494356659140,5.220767494356659140,261038.374717832957150822,261038.374717832957150822,0.000000000000000000,14.779232505643340860,2672.686230248307000000,2672.686230248306992000,0.010289812048192771
0.830000000000000000,5.204519774011299417,5.204519774011299417,260225.988700564972073730,260225.988700564972073730,0.000000000000000000,14.795480225988700583,2689.265536723163856000,2689.265536723163832000,0.010354919354838709
0.832000000000000000,5.188235294117647049,5.188235294117647049,259411.764705882353107200,259411.764705882353107200,0.000000000000000000,14.811764705882352951,2705.882352941176480000,2705.882352941176464000,0.010420547368421052
0.834000000000000000,5.171913929784824457,5.171913929784824457,258595.696489241223190260,258595.696489241223190260,0.000000000000000000,14.828086070215175543,2722.536806342015856000,2722.536806342015848000,0.010486702439024390
0.836000000000000000,5.155555555555555553,5.155555555555555553,257777.777777777777819838,257777.777777777777819838,0.000000000000000000,14.844444444444444447,2739.229024943310656000,2739.229024943310656000,0.010553391020408163
0.838000000000000000,5.139160045402951187,5.139160045402951187,256958.002270147559673649,256958.002270147559673649,0.000000000000000000,14.860839954597048813,2755.959137343927360000,2755.959137343927352000,0.010620619672131147
0.840000000000000000,5.122727272727272714,5.122727272727272714,256136.363636363636584319,256136.363636363636584319,0.000000000000000000,14.877272727272727286,2772.727272727272736000,2772.727272727272720000,0.010688395061728395
0.842000000000000000,5.106257110352673478,5.106257110352673478,255312.855517633674887595,255312.855517633674887595,0.000000000000000000,14.893742889647326522,2789.533560864618896000,2789.533560864618872000,0.010756723966942148
0.844000000000000000,5.089749430523917980,5.089749430523917980,254487.471526195900029114,254487.471526195900029114,0.000000000000000000,14.910250569476082020,2806.378132118451040000,2806.378132118451016000,0.010825613278008298
0.846000000000000000,5.073204104903078662,5.073204104903078662,253660.205245153934132822,253660.205245153934132822,0.000000000000000000,14.926795895096921338,2823.261117445838096000,2823.261117445838072000,0.010895069999999999
0.848000000000000000,5.056621004566210030,5.056621004566210030,252831.050228310502555411,252831.050228310502555411,0.000000000000000000,14.943378995433789970,2840.182648401826496000,2840.182648401826472000,0.010965101255230125
0.850000000000000000,5.039999999999999983,5.039999999999999983,252000.000000000000290822,252000.000000000000290822,0.000000000000000000,14.960000000000000017,2857.142857142857160000,2857.142857142857136000,0.011035714285714285
0.852000000000000000,5.023340961098398159,5.023340961098398159,251167.048054919908641541,251167.048054919908641541,0.000000000000000000,14.976659038901601841,2874.141876430205960000,2874.141876430205944000,0.011106916455696202
0.854000000000000000,5.006643757159221058,5.006643757159221058,250332.187857961054158957,250332.187857961054158957,0.000000000000000000,14.993356242840778942,2891.179839633447896000,2891.179839633447872000,0.011178715254237288
0.856000000000000000,4.989908256880733939,4.989908256880733939,249495.412844036697346022,249495.412844036697346022,0.000000000000000000,15.010091743119266061,2908.256880733944960000,2908.256880733944952000,0.011251118297872340
0.858000000000000000,4.973134328358208944,4.973134328358208944,248656.716417910447945200,248656.716417910447945200,0.000000000000000000,15.026865671641791056,2925.373134328358216000,2925.373134328358200000,0.011324133333333333
0.860000000000000000,4.956321839080459758,4.956321839080459758,247816.091954022988704049,247816.091954022988704049,0.000000000000000000,15.043678160919540242,2942.528735632183920000,2942.528735632183896000,0.011397768240343347
0.862000000000000000,4.939470655926352123,4.939470655926352123,246973.532796317606539995,246973.532796317606539995,0.000000000000000000,15.060529344073647877,2959.723820483314160000,2959.723820483314152000,0.011472031034482758
0.864000000000000000,4.922580645161290322,4.922580645161290322,246129.032258064516132103,246129.032258064516132103,0.000000000000000000,15.077419354838709678,2976.958525345622120000,2976.958525345622112000,0.011546929870129870
0.866000000000000000,4.905651672433679342,4.905651672433679342,245282.583621683967906638,245282.583621683967906638,0.000000000000000000,15.094348327566320658,2994.232987312572096000,2994.232987312572080000,0.011622473043478260
0.868000000000000000,4.888683602771362570,4.888683602771362570,244434.180138568129599568,244434.180138568129599568,0.000000000000000000,15.111316397228637430,3011.547344110854520000,3011.547344110854496000,0.011698668995633187
0.870000000000000000,4.871676300578034665,4.871676300578034665,243583.815028901734383276,243583.815028901734383276,0.000000000000000000,15.128323699421965335,3028.901734104046256000,3028.901734104046232000,0.011775526315789473
0.872000000000000000,4.854629629629629626,4.854629629629629626,242731.481481481481541276,242731.481481481481541276,0.000000000000000000,15.145370370370370374,3046.296296296296296000,3046.296296296296288000,0.011853053744493392
0.874000000000000000,4.837543453070683661,4.837543453070683661,241877.172653534183083038,241877.172653534183083038,0.000000000000000000,15.162456546929316339,3063.731170336037080000,3063.731170336037072000,0.011931260176991150
0.876000000000000000,4.820417633410672851,4.820417633410672851,241020.881670533642727833,241020.881670533642727833,0.000000000000000000,15.179582366589327149,3081.206496519721576000,3081.206496519721576000,0.012010154666666666
0.878000000000000000,4.803252032520325190,4.803252032520325190,240162.601626016260364768,240162.601626016260364768,0.000000000000000000,15.196747967479674810,3098.722415795586536000,3098.722415795586520000,0.012089746428571428
0.880000000000000000,4.786046511627906957,4.786046511627906957,239302.325581395349146503,239302.325581395349146503,0.000000000000000000,15.213953488372093043,3116.279069767441880000,3116.279069767441848000,0.012170044843049327
0.882000000000000000,4.768800931315483112,4.768800931315483112,238440.046565774156116076,238440.046565774156116076,0.000000000000000000,15.231199068684516888,3133.876600698486616000,3133.876600698486608000,0.012251059459459459
0.884000000000000000,4.751515151515151510,4.751515151515151510,237575.757575757575833600,237575.757575757575833600,0.000000000000000000,15.248484848484848490,3151.515151515151520000,3151.515151515151512000,0.012332800000000000
0.886000000000000000,4.734189031505250870,4.734189031505250870,236709.451575262543839276,236709.451575262543839276,0.000000000000000000,15.265810968494749130,3169.194865810968496000,3169.194865810968488000,0.012415276363636363
0.888000000000000000,4.716822429906542046,4.716822429906542046,235841.121495327102963411,235841.121495327102963411,0.000000000000000000,15.283177570093457954,3186.915887850467296000,3186.915887850467280000,0.012498498630136986
0.890000000000000000,4.699415204678362568,4.699415204678362568,234970.760233918128729092,234970.760233918128729092,0.000000000000000000,15.300584795321637432,3204.678362573099416000,3204.678362573099408000,0.012582477064220183
0.892000000000000000,4.681967213114754094,4.681967213114754094,234098.360655737704986503,234098.360655737704986503,0.000000000000000000,15.318032786885245906,3222.482435597189696000,3222.482435597189688000,0.012667222119815668
0.894000000000000000,4.664478311840562712,4.664478311840562712,233223.915592028136112687,233223.915592028136112687,0.000000000000000000,15.335521688159437288,3240.328253223915600000,3240.328253223915584000,0.012752744444444444
0.896000000000000000,4.646948356807511731,4.646948356807511731,232347.417840375586946022,232347.417840375586946022,0.000000000000000000,15.353051643192488269,3258.215962441314560000,3258.215962441314552000,0.012839054883720930
0.898000000000000000,4.629377203290246752,4.629377203290246752,231468.860164512338668265,231468.860164512338668265,0.000000000000000000,15.370622796709753248,3276.145710928319640000,3276.145710928319616000,0.012926164485981308
0.900000000000000000,4.611764705882352930,4.611764705882352930,230588.235294117647218503,230588.235294117647218503,0.000000000000000000,15.388235294117647070,3294.117647058823536000,3294.117647058823520000,0.013014084507042253
0.902000000000000000,4.594110718492343930,4.594110718492343930,229705.535924617196763914,229705.535924617196763914,0.000000000000000000,15.405889281507656070,3312.131919905771496000,3312.131919905771488000,0.013102826415094339
0.904000000000000000,4.576415094339622640,4.576415094339622640,228820.754716981132092422,228820.754716981132092422,0.000000000000000000,15.423584905660377360,3330.188679245283016000,3330.188679245283016000,0.013192401895734597
0.906000000000000000,4.558677685950413216,4.558677685950413216,227933.884297520661253168,227933.884297520661253168,0.000000000000000000,15.441322314049586784,3348.288075560802840000,3348.288075560802824000,0.013282822857142857
0.908000000000000000,4.540898345153664286,4.540898345153664286,227044.917257683215368265,227044.917257683215368265,0.000000000000000000,15.459101654846335714,3366.430260047281336000,3366.430260047281312000,0.013374101435406698
0.910000000000000000,4.523076923076923072,4.523076923076923072,226153.846153846153914000,226153.846153846153914000,0.000000000000000000,15.476923076923076928,3384.615384615384616000,3384.615384615384608000,0.013466250000000000
0.912000000000000000,4.505213270142180092,4.505213270142180092,225260.663507109004780957,225260.663507109004780957,0.000000000000000000,15.494786729857819908,3402.843601895734600000,3402.843601895734592000,0.013559281159420289
0.914000000000000000,4.487307236061684442,4.487307236061684442,224365.361803084223272341,224365.361803084223272341,0.000000000000000000,15.512692763938315558,3421.115065243179136000,3421.115065243179112000,0.013653207766990291
0.916000000000000000,4.469358669833729212,4.469358669833729212,223467.933491686460857168,223467.933491686460857168,0.000000000000000000,15.530641330166270788,3439.429928741092640000,3439.429928741092632000,0.013748042926829268
0.918000000000000000,4.451367419738406650,4.451367419738406650,222568.370986920333065411,222568.370986920333065411,0.000000000000000000,15.548632580261593350,3457.788347205707496000,3457.788347205707488000,0.013843799999999999
0.920000000000000000,4.433333333333333324,4.433333333333333324,221666.666666666666803141,221666.666666666666803141,0.000000000000000000,15.566666666666666676,3476.190476190476200000,3476.190476190476184000,0.013940492610837438
0.922000000000000000,4.415256257449344456,4.415256257449344456,220762.812872467222897330,220762.812872467222897330,0.000000000000000000,15.584743742550655544,3494.636471990464840000,3494.636471990464832000,0.014038134653465346
0.924000000000000000,4.397136038186157501,4.397136038186157501,219856.801909307876136530,219856.801909307876136530,0.000000000000000000,15.602863961813842499,3513.126491646778056000,3513.126491646778032000,0.014136740298507462
0.926000000000000000,4.378972520908004770,4.378972520908004770,218948.626045400239066211,218948.626045400239066211,0.000000000000000000,15.621027479091995230,3531.660692951015536000,3531.660692951015528000,0.014236324000000000
0.928000000000000000,4.360765550239234435,4.360765550239234435,218038.277511961722690714,218038.277511961722690714,0.000000000000000000,15.639234449760765565,3550.239234449760776000,3550.239234449760760000,0.014336900502512562
0.930000000000000000,4.342514970059880236,4.342514970059880236,217125.748502994012026184,217125.748502994012026184,0.000000000000000000,15.657485029940119764,3568.862275449101800000,3568.862275449101792000,0.014438484848484848
0.932000000000000000,4.324220623501199033,4.324220623501199033,216211.031175059952145541,216211.031175059952145541,0.000000000000000000,15.675779376498800967,3587.529976019184656000,3587.529976019184648000,0.014541092385786802
0.934000000000000000,4.305882352941176470,4.305882352941176470,215294.117647058823532103,215294.117647058823532103,0.000000000000000000,15.694117647058823530,3606.242496998799520000,3606.242496998799512000,0.014644738775510204
0.936000000000000000,4.287500000000000000,4.287500000000000000,214375.000000000000000000,214375.000000000000000000,0.000000000000000000,15.712500000000000000,3625.000000000000000000,3625.000000000000000000,0.014749440000000000
0.938000000000000000,4.269073405535499394,4.269073405535499394,213453.670276774969970341,213453.670276774969970341,0.000000000000000000,15.730926594464500606,3643.802647412755720000,3643.802647412755712000,0.014855212371134020
0.940000000000000000,4.250602409638554211,4.250602409638554211,212530.120481927710921914,212530.120481927710921914,0.000000000000000000,15.749397590361445789,3662.650602409638560000,3662.650602409638552000,0.014962072538860103
0.942000000000000000,4.232086851628468016,4.232086851628468016,211604.342581423401922557,211604.342581423401922557,0.000000000000000000,15.767913148371531984,3681.544028950542840000,3681.544028950542816000,0.015070037500000000
0.944000000000000000,4.213526570048309172,4.213526570048309172,210676.328502415459024103,210676.328502415459024103,0.000000000000000000,15.786473429951690828,3700.483091787439616000,3700.483091787439608000,0.015179124607329842
0.946000000000000000,4.194921402660217653,4.194921402660217653,209746.070133010882721887,209746.070133010882721887,0.000000000000000000,15.805078597339782347,3719.467956469165656000,3719.467956469165656000,0.015289351578947368
0.948000000000000000,4.176271186440677959,4.176271186440677959,208813.559322033898393168,208813.559322033898393168,0.000000000000000000,15.823728813559322041,3738.498789346246976000,3738.498789346246968000,0.015400736507936507
0.950000000000000000,4.157575757575757571,4.157575757575757571,207878.787878787878843865,207878.787878787878843865,0.000000000000000000,15.842424242424242429,3757.575757575757576000,3757.575757575757568000,0.015513297872340425
0.952000000000000000,4.138834951456310672,4.138834951456310672,206941.747572815534082503,206941.747572815534082503,0.000000000000000000,15.861165048543689328,3776.699029126213600000,3776.699029126213584000,0.015627054545454545
0.954000000000000000,4.120048602673147020,4.120048602673147020,206002.430133657351184795,206002.430133657351184795,0.000000000000000000,15.879951397326852980,3795.868772782503040000,3795.868772782503032000,0.015742025806451612
0.956000000000000000,4.101216545012165432,4.101216545012165432,205060.827250608272745914,205060.827250608272745914,0.000000000000000000,15.898783454987834568,3815.085158150851600000,3815.085158150851576000,0.015858231351351351
0.958000000000000000,4.082338611449451872,4.082338611449451872,204116.930572472594601568,204116.930572472594601568,0.000000000000000000,15.917661388550548128,3834.348355663824616000,3834.348355663824592000,0.015975691304347826
0.960000000000000000,4.063414634146341457,4.063414634146341457,203170.731707317073252049,203170.731707317073252049,0.000000000000000000,15.936585365853658543,3853.658536585365856000,3853.658536585365848000,0.016094426229508196
0.962000000000000000,4.044444444444444440,4.044444444444444440,202222.222222222222274800,202222.222222222222274800,0.000000000000000000,15.955555555555555560,3873.015873015873016000,3873.015873015873008000,0.016214457142857142
0.964000000000000000,4.025427872860635690,4.025427872860635690,201271.393643031784924103,201271.393643031784924103,0.000000000000000000,15.974572127139364310,3892.420537897310520000,3892.420537897310504000,0.016335805524861878
0.966000000000000000,4.006364749082007337,4.006364749082007337,200318.237454100367283703,200318.237454100367283703,0.000000000000000000,15.993635250917992663,3911.872705018359856000,3911.872705018359848000,0.016458493333333333
0.968000000000000000,3.987254901960784297,3.987254901960784297,199362.745098039215897330,199362.745098039215897330,0.000000000000000000,16.012745098039215703,3931.372549019607856000,3931.372549019607832000,0.016582543016759776
0.970000000000000000,3.968098159509202440,3.968098159509202440,198404.907975460122871865,198404.907975460122871865,0.000000000000000000,16.031901840490797560,3950.920245398773016000,3950.920245398773000000,0.016707977528089887
0.972000000000000000,3.948894348894348890,3.948894348894348890,197444.717444717444767303,197444.717444717444767303,0.000000000000000000,16.051105651105651110,3970.515970515970520000,3970.515970515970512000,0.016834820338983050
0.974000000000000000,3.929643296432964320,3.929643296432964320,196482.164821648216603141,196482.164821648216603141,0.000000000000000000,16.070356703567035680,3990.159901599016000000,3990.159901599015984000,0.016963095454545454
0.976000000000000000,3.910344827586206889,3.910344827586206889,195517.241379310344914238,195517.241379310344914238,0.000000000000000000,16.089655172413793111,4009.852216748768480000,4009.852216748768464000,0.017092827428571428
0.978000000000000000,3.890998766954377299,3.890998766954377299,194549.938347718865756103,194549.938347718865756103,0.000000000000000000,16.109001233045622701,4029.593094944512960000,4029.593094944512936000,0.017224041379310344
0.980000000000000000,3.871604938271604934,3.871604938271604934,193580.246913580246961276,193580.246913580246961276,0.000000000000000000,16.128395061728395066,4049.382716049382720000,4049.382716049382712000,0.017356763005780346
0.982000000000000000,3.852163164400494420,3.852163164400494420,192608.158220024722088984,192608.158220024722088984,0.000000000000000000,16.147836835599505580,4069.221260815822016000,4069.221260815821992000,0.017491018604651162
0.984000000000000000,3.832673267326732662,3.832673267326732662,191633.663366336633795465,191633.663366336633795465,0.000000000000000000,16.167326732673267338,4089.108910891089120000,4089.108910891089104000,0.017626835087719298
0.986000000000000000,3.813135068153655510,3.813135068153655510,190656.753407682775763865,190656.753407682775763865,0.000000000000000000,16.186864931846344490,4109.045848822800496000,4109.045848822800488000,0.017764239999999999
0.988000000000000000,3.793548387096774182,3.793548387096774182,189677.419354838709806400,189677.419354838709806400,0.000000000000000000,16.206451612903225818,4129.032258064516136000,4129.032258064516120000,0.017903261538461538
0.990000000000000000,3.773913043478260869,3.773913043478260869,188695.652173913043482687,188695.652173913043482687,0.000000000000000000,16.226086956521739131,4149.068322981366456000,4149.068322981366456000,0.018043928571428571
0.992000000000000000,3.754228855721393028,3.754228855721393028,187711.442786069651822184,187711.442786069651822184,0.000000000000000000,16.245771144278606972,4169.154228855721400000,4169.154228855721384000,0.018186270658682634
0.994000000000000000,3.734495641344956412,3.734495641344956412,186724.782067247820684876,186724.782067247820684876,0.000000000000000000,16.265504358655043588,4189.290161892901616000,4189.290161892901616000,0.018330318072289156
0.996000000000000000,3.714713216957605973,3.714713216957605973,185735.660847880299385649,185735.660847880299385649,0.000000000000000000,16.285286783042394027,4209.476309226932680000,4209.476309226932664000,0.018476101818181818
0.998000000000000000,3.694881398252184761,3.694881398252184761,184744.069912609238538395,184744.069912609238538395,0.000000000000000000,16.305118601747815239,4229.712858926342080000,4229.712858926342064000,0.018623653658536585
1.000000000000000000,3.675000000000000000,3.675000000000000000,183750.000000000000000049,183750.000000000000000049,0.000000000000000000,16.325000000000000000,4250.000000000000000000,4249.999999999999992000,0.018773006134969325
1.002000000000000000,3.650500000000000000,3.650500000000000000,182525.000000000000000049,182525.000000000000000049,0.000000000000000000,16.349500000000000000,4275.000000000000000000,4274.999999999999992000,0.018922103444019256
1.004000000000000000,3.626000000000000000,3.626000000000000000,181300.000000000000000049,181300.000000000000000049,0.000000000000000000,16.374000000000000000,4300.000000000000000000,4299.999999999999992000,0.019073502235469448
1.006000000000000000,3.601500000000000000,3.601500000000000000,180075.000000000000000049,180075.000000000000000049,0.000000000000000000,16.398500000000000000,4325.000000000000000000,4324.999999999999992000,0.019227244783206297
1.008000000000000000,3.577000000000000000,3.577000000000000000,178850.000000000000000049,178850.000000000000000049,0.000000000000000000,16.423000000000000000,4350.000000000000000000,4349.999999999999992000,0.019383374402816193
1.010000000000000000,3.552500000000000000,3.552500000000000000,177625.000000000000000049,177625.000000000000000049,0.000000000000000000,16.447500000000000000,4375.000000000000000000,4374.999999999999992000,0.019541935483870967
1.012000000000000000,3.528000000000000000,3.528000000000000000,176400.000000000000000049,176400.000000000000000049,0.000000000000000000,16.472000000000000000,4400.000000000000000000,4399.999999999999992000,0.019702973523421588
1.014000000000000000,3.503174054487179487,3.503174054487179487,174363.834062667965806763,174363.834062667965806763,0.000000000000000000,16.496825945512820513,4425.000000000000000000,4425.000000000000000000,0.019951147431572594
1.016000000000000000,3.477521299212598425,3.477521299212598425,170328.668672143160168199,170328.668672143160168199,0.000000000000000000,16.522478700787401575,4450.000000000000000000,4449.999999999999992000,0.020421717795417357
1.018000000000000000,3.451057930992141453,3.451057930992141453,164520.405906607880004074,164520.405906607880004074,0.000000000000000000,16.548942069007858547,4475.000000000000000000,4474.999999999999992000,0.021118656265162976
1.020000000000000000,3.423806372549019607,3.423806372549019607,157274.600315244314343661,157274.600315244314343661,0.000000000000000000,16.576193627450980393,4500.000000000000000000,4499.999999999999992000,0.022043301708484884
1.022000000000000000,3.395788871086105675,3.395788871086105675,148973.591070159962740507,148973.591070159962740507,0.000000000000000000,16.604211128913894325,4525.000000000000000000,4524.999999999999992000,0.023195954757939497
1.024000000000000000,3.367027500000000000,3.367027500000000000,140001.143451143451143491,140001.143451143451143491,0.000000000000000000,16.632972500000000000,4550.000000000000000000,4549.999999999999992000,0.024575848366988021
1.026000000000000000,3.337544160575048732,3.337544160575048732,130706.981090484360716034,130706.981090484360716034,0.000000000000000000,16.662455839424951268,4575.000000000000000000,4574.999999999999992000,0.026181134163128228
1.028000000000000000,3.307360583657587548,3.307360583657587548,121384.896714721276124820,121384.896714721276124820,0.000000000000000000,16.692639416342412452,4600.000000000000000000,4599.999999999999992000,0.028008885050786853
1.030000000000000000,3.276699029126213592,3.276699029126213592,112500.000000000000000033,112500.000000000000000033,0.000000000000000000,16.723300970873786408,4625.000000000000000000,4624.999999999999992000,0.030000000000000000
1.032000000000000000,3.246124031007751937,3.246124031007751937,104687.500000000000000031,104687.500000000000000031,0.000000000000000000,16.753875968992248063,4650.000000000000000000,4649.999999999999992000,0.032000000000000000
1.034000000000000000,3.215667311411992263,3.215667311411992263,97794.117647058823529441,97794.117647058823529441,0.000000000000000000,16.784332688588007737,4675.000000000000000000,4674.999999999999992000,0.034000000000000000
1.036000000000000000,3.185328185328185328,3.185328185328185328,91666.666666666666666694,91666.666666666666666694,0.000000000000000000,16.814671814671814672,4700.000000000000000000,4699.999999999999992000,0.036000000000000000
1.038000000000000000,3.155105973025048169,3.155105973025048169,86184.210526315789473710,86184.210526315789473710,0.000000000000000000,16.844894026974951831,4725.000000000000000000,4724.999999999999992000,0.038000000000000000
1.040000000000000000,3.125000000000000000,3.125000000000000000,81250.000000000000000000,81250.000000000000000000,0.000000000000000000,16.875000000000000000,4750.000000000000000000,4750.000000000000000000,0.040000000000000000
1.042000000000000000,3.095009596928982725,3.095009596928982725,76785.714285714285714309,76785.714285714285714309,0.000000000000000000,16.904990403071017275,4775.000000000000000000,4774.999999999999992000,0.042000000000000000
1.044000000000000000,3.065134099616858237,3.065134099616858237,72727.272727272727272750,72727.272727272727272750,0.000000000000000000,16.934865900383141763,4800.000000000000000000,4799.999999999999992000,0.044000000000000000
1.046000000000000000,3.035372848948374760,3.035372848948374760,69021.739130434782608717,69021.739130434782608717,0.000000000000000000,16.964627151051625240,4825.000000000000000000,4824.999999999999992000,0.046000000000000000
1.048000000000000000,3.005725190839694656,3.005725190839694656,65625.000000000000000020,65625.000000000000000020,0.000000000000000000,16.994274809160305344,4850.000000000000000000,4849.999999999999992000,0.048000000000000000
1.050000000000000000,2.976190476190476190,2.976190476190476190,62500.000000000000000020,62500.000000000000000020,0.000000000000000000,17.023809523809523810,4875.000000000000000000,4874.999999999999992000,0.050000000000000000
1.052000000000000000,2.946768060836501901,2.946768060836501901,59615.384615384615384634,59615.384615384615384634,0.000000000000000000,17.053231939163498099,4900.000000000000000000,4899.999999999999992000,0.052000000000000000
1.054000000000000000,2.917457305502846299,2.917457305502846299,56944.444444444444444462,56944.444444444444444462,0.000000000000000000,17.082542694497153701,4925.000000000000000000,4924.999999999999992000,0.054000000000000000
1.056000000000000000,2.888257575757575757,2.888257575757575757,54464.285714285714285732,54464.285714285714285732,0.000000000000000000,17.111742424242424243,4950.000000000000000000,4949.999999999999992000,0.056000000000000000
1.058000000000000000,2.859168241965973534,2.859168241965973534,52155.172413793103448293,52155.172413793103448293,0.000000000000000000,17.140831758034026466,4975.000000000000000000,4974.999999999999992000,0.058000000000000000
1.060000000000000000,2.830188679245283018,2.830188679245283018,50000.000000000000000016,50000.000000000000000016,0.000000000000000000,17.169811320754716982,5000.000000000000000000,4999.999999999999992000,0.060000000000000000
1.062000000000000000,2.801318267419962335,2.801318267419962335,47983.870967741935483887,47983.870967741935483887,0.000000000000000000,17.198681732580037665,5025.000000000000000000,5024.999999999999992000,0.062000000000000000
1.064000000000000000,2.772556390977443609,2.772556390977443609,46093.750000000000000015,46093.750000000000000015,0.000000000000000000,17.227443609022556391,5050.000000000000000000,5049.999999999999992000,0.064000000000000000
1.066000000000000000,2.743902439024390243,2.743902439024390243,44318.181818181818181818,44318.181818181818181818,0.000000000000000000,17.256097560975609757,5075.000000000000000000,5075.000000000000000000,0.066000000000000000
1.068000000000000000,2.715355805243445692,2.715355805243445692,42647.058823529411764720,42647.058823529411764720,0.000000000000000000,17.284644194756554308,5100.000000000000000000,5099.999999999999992000,0.068000000000000000
1.070000000000000000,2.686915887850467289,2.686915887850467289,41071.428571428571428585,41071.428571428571428585,0.000000000000000000,17.313084112149532711,5125.000000000000000000,5124.999999999999992000,0.070000000000000000
1.072000000000000000,2.658582089552238805,2.658582089552238805,39583.333333333333333347,39583.333333333333333347,0.000000000000000000,17.341417910447761195,5150.000000000000000000,5149.999999999999992000,0.072000000000000000
1.074000000000000000,2.630353817504655493,2.630353817504655493,38175.675675675675675689,38175.675675675675675689,0.000000000000000000,17.369646182495344507,5175.000000000000000000,5174.999999999999992000,0.074000000000000000
1.076000000000000000,2.602230483271375464,2.602230483271375464,36842.105263157894736855,36842.105263157894736855,0.000000000000000000,17.397769516728624536,5200.000000000000000000,5199.999999999999992000,0.076000000000000000
1.078000000000000000,2.574211502782931354,2.574211502782931354,35576.923076923076923089,35576.923076923076923089,0.000000000000000000,17.425788497217068646,5225.000000000000000000,5224.999999999999992000,0.078000000000000000
1.080000000000000000,2.546296296296296296,2.546296296296296296,34375.000000000000000012,34375.000000000000000012,0.000000000000000000,17.453703703703703704,5250.000000000000000000,5249.999999999999992000,0.080000000000000000
1.082000000000000000,2.518484288354898336,2.518484288354898336,33231.707317073170731719,33231.707317073170731719,0.000000000000000000,17.481515711645101664,5275.000000000000000000,5274.999999999999992000,0.082000000000000000
1.084000000000000000,2.490774907749077490,2.490774907749077490,32142.857142857142857154,32142.857142857142857154,0.000000000000000000,17.509225092250922510,5300.000000000000000000,5299.999999999999992000,0.084000000000000000
1.086000000000000000,2.463167587476979742,2.463167587476979742,31104.651162790697674430,31104.651162790697674430,0.000000000000000000,17.536832412523020258,5325.000000000000000000,5324.999999999999992000,0.086000000000000000
1.088000000000000000,2.435661764705882352,2.435661764705882352,30113.636363636363636375,30113.636363636363636375,0.000000000000000000,17.564338235294117648,5350.000000000000000000,5349.999999999999992000,0.088000000000000000
1.090000000000000000,2.408256880733944954,2.408256880733944954,29166.666666666666666677,29166.666666666666666677,0.000000000000000000,17.591743119266055046,5375.000000000000000000,5374.999999999999992000,0.090000000000000000
1.092000000000000000,2.380952380952380952,2.380952380952380952,28260.869565217391304347,28260.869565217391304347,0.000000000000000000,17.619047619047619048,5400.000000000000000000,5400.000000000000000000,0.092000000000000000
1.094000000000000000,2.353747714808043875,2.353747714808043875,27393.617021276595744691,27393.617021276595744691,0.000000000000000000,17.646252285191956125,5425.000000000000000000,5424.999999999999992000,0.094000000000000000
1.096000000000000000,2.326642335766423357,2.326642335766423357,26562.500000000000000010,26562.500000000000000010,0.000000000000000000,17.673357664233576643,5450.000000000000000000,5449.999999999999992000,0.096000000000000000
1.098000000000000000,2.299635701275045537,2.299635701275045537,25765.306122448979591846,25765.306122448979591846,0.000000000000000000,17.700364298724954463,5475.000000000000000000,5474.999999999999992000,0.098000000000000000
1.100000000000000000,2.272727272727272727,2.272727272727272727,25000.000000000000000010,25000.000000000000000010,0.000000000000000000,17.727272727272727273,5500.000000000000000000,5499.999999999999992000,0.100000000000000000
1.102000000000000000,2.245916515426497277,2.245916515426497277,24264.705882352941176480,24264.705882352941176480,0.000000000000000000,17.754083484573502723,5525.000000000000000000,5524.999999999999992000,0.102000000000000000
1.104000000000000000,2.219202898550724637,2.219202898550724637,23557.692307692307692317,23557.692307692307692317,0.000000000000000000,17.780797101449275363,5550.000000000000000000,5549.999999999999992000,0.104000000000000000
1.106000000000000000,2.192585895117540687,2.192585895117540687,22877.358490566037735858,22877.358490566037735858,0.000000000000000000,17.807414104882459313,5575.000000000000000000,5574.999999999999992000,0.106000000000000000
1.108000000000000000,2.166064981949458483,2.166064981949458483,22222.222222222222222231,22222.222222222222222231,0.000000000000000000,17.833935018050541517,5600.000000000000000000,5599.999999999999992000,0.108000000000000000
1.110000000000000000,2.139639639639639639,2.139639639639639639,21590.909090909090909100,21590.909090909090909100,0.000000000000000000,17.860360360360360361,5625.000000000000000000,5624.999999999999992000,0.110000000000000000
1.112000000000000000,2.113309352517985611,2.113309352517985611,20982.142857142857142866,20982.142857142857142866,0.000000000000000000,17.886690647482014389,5650.000000000000000000,5649.999999999999992000,0.112000000000000000
1.114000000000000000,2.087073608617594254,2.087073608617594254,20394.736842105263157903,20394.736842105263157903,0.000000000000000000,17.912926391382405746,5675.000000000000000000,5674.999999999999992000,0.114000000000000000
1.116000000000000000,2.060931899641577060,2.060931899641577060,19827.586206896551724146,19827.586206896551724146,0.000000000000000000,17.939068100358422940,5700.000000000000000000,5699.999999999999992000,0.116000000000000000
1.118000000000000000,2.034883720930232558,2.034883720930232558,19279.661016949152542372,19279.661016949152542372,0.000000000000000000,17.965116279069767442,5725.000000000000000000,5725.000000000000000000,0.118000000000000000
1.120000000000000000,2.008928571428571428,2.008928571428571428,18750.000000000000000008,18750.000000000000000008,0.000000000000000000,17.991071428571428572,5750.000000000000000000,5749.999999999999992000,0.120000000000000000
1.122000000000000000,1.983065953654188948,1.983065953654188948,18237.704918032786885254,18237.704918032786885254,0.000000000000000000,18.016934046345811052,5775.000000000000000000,5774.999999999999992000,0.122000000000000000
1.124000000000000000,1.957295373665480427,1.957295373665480427,17741.935483870967741943,17741.935483870967741943,0.000000000000000000,18.042704626334519573,5800.000000000000000000,5799.999999999999992000,0.124000000000000000
1.126000000000000000,1.931616341030195381,1.931616341030195381,17261.904761904761904769,17261.904761904761904769,0.000000000000000000,18.068383658969804619,5825.000000000000000000,5824.999999999999992000,0.126000000000000000
1.128000000000000000,1.906028368794326241,1.906028368794326241,16796.875000000000000007,16796.875000000000000007,0.000000000000000000,18.093971631205673759,5850.000000000000000000,5849.999999999999992000,0.128000000000000000
1.130000000000000000,1.880530973451327433,1.880530973451327433,16346.153846153846153853,16346.153846153846153853,0.000000000000000000,18.119469026548672567,5875.000000000000000000,5874.999999999999992000,0.130000000000000000
1.132000000000000000,1.855123674911660777,1.855123674911660777,15909.090909090909090916,15909.090909090909090916,0.000000000000000000,18.144876325088339223,5900.000000000000000000,5899.999999999999992000,0.132000000000000000
1.134000000000000000,1.829805996472663139,1.829805996472663139,15485.074626865671641798,15485.074626865671641798,0.000000000000000000,18.170194003527336861,5925.000000000000000000,5924.999999999999992000,0.134000000000000000
1.136000000000000000,1.804577464788732394,1.804577464788732394,15073.529411764705882360,15073.529411764705882360,0.000000000000000000,18.195422535211267606,5950.000000000000000000,5949.999999999999992000,0.136000000000000000
1.138000000000000000,1.779437609841827768,1.779437609841827768,14673.913043478260869572,14673.913043478260869572,0.000000000000000000,18.220562390158172232,5975.000000000000000000,5974.999999999999992000,0.138000000000000000
1.140000000000000000,1.754385964912280701,1.754385964912280701,14285.714285714285714292,14285.714285714285714292,0.000000000000000000,18.245614035087719299,6000.000000000000000000,5999.999999999999992000,0.140000000000000000
1.142000000000000000,1.729422066549912434,1.729422066549912434,13908.450704225352112683,13908.450704225352112683,0.000000000000000000,18.270577933450087566,6025.000000000000000000,6024.999999999999992000,0.142000000000000000
1.144000000000000000,1.704545454545454545,1.704545454545454545,13541.666666666666666666,13541.666666666666666666,0.000000000000000000,18.295454545454545455,6050.000000000000000000,6050.000000000000000000,0.144000000000000000
1.146000000000000000,1.679755671902268760,1.679755671902268760,13184.931506849315068500,13184.931506849315068500,0.000000000000000000,18.320244328097731240,6075.000000000000000000,6074.999999999999992000,0.146000000000000000
1.148000000000000000,1.655052264808362369,1.655052264808362369,12837.837837837837837844,12837.837837837837837844,0.000000000000000000,18.344947735191637631,6100.000000000000000000,6099.999999999999992000,0.148000000000000000
1.150000000000000000,1.630434782608695652,1.630434782608695652,12500.000000000000000006,12500.000000000000000006,0.000000000000000000,18.369565217391304348,6125.000000000000000000,6124.999999999999992000,0.150000000000000000
1.152000000000000000,1.605902777777777777,1.605902777777777777,12171.052631578947368427,12171.052631578947368427,0.000000000000000000,18.394097222222222223,6150.000000000000000000,6149.999999999999992000,0.152000000000000000
1.154000000000000000,1.581455805892547660,1.581455805892547660,11850.649350649350649357,11850.649350649350649357,0.000000000000000000,18.418544194107452340,6175.000000000000000000,6174.999999999999992000,0.154000000000000000
1.156000000000000000,1.557093425605536332,1.557093425605536332,11538.461538461538461544,11538.461538461538461544,0.000000000000000000,18.442906574394463668,6200.000000000000000000,6199.999999999999992000,0.156000000000000000
1.158000000000000000,1.532815198618307426,1.532815198618307426,11234.177215189873417727,11234.177215189873417727,0.000000000000000000,18.467184801381692574,6225.000000000000000000,6224.999999999999992000,0.158000000000000000
1.160000000000000000,1.508620689655172413,1.508620689655172413,10937.500000000000000006,10937.500000000000000006,0.000000000000000000,18.491379310344827587,6250.000000000000000000,6249.999999999999992000,0.160000000000000000
1.162000000000000000,1.484509466437177280,1.484509466437177280,10648.148148148148148154,10648.148148148148148154,0.000000000000000000,18.515490533562822720,6275.000000000000000000,6274.999999999999992000,0.162000000000000000
1.164000000000000000,1.460481099656357388,1.460481099656357388,10365.853658536585365859,10365.853658536585365859,0.000000000000000000,18.539518900343642612,6300.000000000000000000,6299.999999999999992000,0.164000000000000000
1.166000000000000000,1.436535162950257289,1.436535162950257289,10090.361445783132530126,10090.361445783132530126,0.000000000000000000,18.563464837049742711,6325.000000000000000000,6324.999999999999992000,0.166000000000000000
1.168000000000000000,1.412671232876712328,1.412671232876712328,9821.428571428571428577,9821.428571428571428577,0.000000000000000000,18.587328767123287672,6350.000000000000000000,6349.999999999999992000,0.168000000000000000
1.170000000000000000,1.388888888888888888,1.388888888888888888,9558.823529411764705882,9558.823529411764705882,0.000000000000000000,18.611111111111111112,6375.000000000000000000,6375.000000000000000000,0.170000000000000000
1.172000000000000000,1.365187713310580204,1.365187713310580204,9302.325581395348837215,9302.325581395348837215,0.000000000000000000,18.634812286689419796,6400.000000000000000000,6399.999999999999992000,0.172000000000000000
1.174000000000000000,1.341567291311754684,1.341567291311754684,9051.724137931034482764,9051.724137931034482764,0.000000000000000000,18.658432708688245316,6425.000000000000000000,6424.999999999999992000,0.174000000000000000
1.176000000000000000,1.318027210884353741,1.318027210884353741,8806.818181818181818187,8806.818181818181818187,0.000000000000000000,18.681972789115646259,6450.000000000000000000,6449.999999999999992000,0.176000000000000000
1.178000000000000000,1.294567062818336162,1.294567062818336162,8567.415730337078651691,8567.415730337078651691,0.000000000000000000,18.705432937181663838,6475.000000000000000000,6474.999999999999992000,0.178000000000000000
1.180000000000000000,1.271186440677966101,1.271186440677966101,8333.333333333333333338,8333.333333333333333338,0.000000000000000000,18.728813559322033899,6500.000000000000000000,6499.999999999999992000,0.180000000000000000
1.182000000000000000,1.247884940778341793,1.247884940778341793,8104.395604395604395609,8104.395604395604395609,0.000000000000000000,18.752115059221658207,6525.000000000000000000,6524.999999999999992000,0.182000000000000000
1.184000000000000000,1.224662162162162162,1.224662162162162162,7880.434782608695652179,7880.434782608695652179,0.000000000000000000,18.775337837837837838,6550.000000000000000000,6549.999999999999992000,0.184000000000000000
1.186000000000000000,1.201517706576728499,1.201517706576728499,7661.290322580645161295,7661.290322580645161295,0.000000000000000000,18.798482293423271501,6575.000000000000000000,6574.999999999999992000,0.186000000000000000
1.188000000000000000,1.178451178451178451,1.178451178451178451,7446.808510638297872345,7446.808510638297872345,0.000000000000000000,18.821548821548821549,6600.000000000000000000,6599.999999999999992000,0.188000000000000000
1.190000000000000000,1.155462184873949579,1.155462184873949579,7236.842105263157894742,7236.842105263157894742,0.000000000000000000,18.844537815126050421,6625.000000000000000000,6624.999999999999992000,0.190000000000000000
1.192000000000000000,1.132550335570469798,1.132550335570469798,7031.250000000000000005,7031.250000000000000005,0.000000000000000000,18.867449664429530202,6650.000000000000000000,6649.999999999999992000,0.192000000000000000
1.194000000000000000,1.109715242881072026,1.109715242881072026,6829.896907216494845365,6829.896907216494845365,0.000000000000000000,18.890284757118927974,6675.000000000000000000,6674.999999999999992000,0.194000000000000000
1.196000000000000000,1.086956521739130434,1.086956521739130434,6632.653061224489795918,6632.653061224489795918,0.000000000000000000,18.913043478260869566,6700.000000000000000000,6700.000000000000000000,0.196000000000000000
1.198000000000000000,1.064273789649415692,1.064273789649415692,6439.393939393939393944,6439.393939393939393944,0.000000000000000000,18.935726210350584308,6725.000000000000000000,6724.999999999999992000,0.198000000000000000
1.200000000000000000,1.041666666666666666,1.041666666666666666,6250.000000000000000005,6250.000000000000000005,0.000000000000000000,18.958333333333333334,6750.000000000000000000,6749.999999999999992000,0.200000000000000000
1.202000000000000000,1.019134775374376039,1.019134775374376039,6064.356435643564356440,6064.356435643564356440,0.000000000000000000,18.980865224625623961,6775.000000000000000000,6774.999999999999992000,0.202000000000000000
1.204000000000000000,0.996677740863787375,0.996677740863787375,5882.352941176470588240,5882.352941176470588240,0.000000000000000000,19.003322259136212625,6800.000000000000000000,6799.999999999999992000,0.204000000000000000
1.206000000000000000,0.974295190713101160,0.974295190713101160,5703.883495145631067966,5703.883495145631067966,0.000000000000000000,19.025704809286898840,6825.000000000000000000,6824.999999999999992000,0.206000000000000000
1.208000000000000000,0.951986754966887417,0.951986754966887417,5528.846153846153846158,5528.846153846153846158,0.000000000000000000,19.048013245033112583,6850.000000000000000000,6849.999999999999992000,0.208000000000000000
1.210000000000000000,0.929752066115702479,0.929752066115702479,5357.142857142857142861,5357.142857142857142861,0.000000000000000000,19.070247933884297521,6875.000000000000000000,6874.999999999999992000,0.210000000000000000
1.212000000000000000,0.907590759075907590,0.907590759075907590,5188.679245283018867929,5188.679245283018867929,0.000000000000000000,19.092409240924092410,6900.000000000000000000,6899.999999999999992000,0.212000000000000000
1.214000000000000000,0.885502471169686985,0.885502471169686985,5023.364485981308411219,5023.364485981308411219,0.000000000000000000,19.114497528830313015,6925.000000000000000000,6924.999999999999992000,0.214000000000000000
1.216000000000000000,0.863486842105263157,0.863486842105263157,4861.111111111111111115,4861.111111111111111115,0.000000000000000000,19.136513157894736843,6950.000000000000000000,6949.999999999999992000,0.216000000000000000
1.218000000000000000,0.841543513957307060,0.841543513957307060,4701.834862385321100922,4701.834862385321100922,0.000000000000000000,19.158456486042692940,6975.000000000000000000,6974.999999999999992000,0.218000000000000000
1.220000000000000000,0.819672131147540983,0.819672131147540983,4545.454545454545454550,4545.454545454545454550,0.000000000000000000,19.180327868852459017,7000.000000000000000000,6999.999999999999992000,0.220000000000000000
1.222000000000000000,0.797872340425531914,0.797872340425531914,4391.891891891891891891,4391.891891891891891891,0.000000000000000000,19.202127659574468086,7025.000000000000000000,7025.000000000000000000,0.222000000000000000
1.224000000000000000,0.776143790849673202,0.776143790849673202,4241.071428571428571433,4241.071428571428571433,0.000000000000000000,19.223856209150326798,7050.000000000000000000,7049.999999999999992000,0.224000000000000000
1.226000000000000000,0.754486133768352365,0.754486133768352365,4092.920353982300884960,4092.920353982300884960,0.000000000000000000,19.245513866231647635,7075.000000000000000000,7074.999999999999992000,0.226000000000000000
1.228000000000000000,0.732899022801302931,0.732899022801302931,3947.368421052631578951,3947.368421052631578951,0.000000000000000000,19.267100977198697069,7100.000000000000000000,7099.999999999999992000,0.228000000000000000
1.230000000000000000,0.711382113821138211,0.711382113821138211,3804.347826086956521743,3804.347826086956521743,0.000000000000000000,19.288617886178861789,7125.000000000000000000,7124.999999999999992000,0.230000000000000000
1.232000000000000000,0.689935064935064935,0.689935064935064935,3663.793103448275862073,3663.793103448275862073,0.000000000000000000,19.310064935064935065,7150.000000000000000000,7149.999999999999992000,0.232000000000000000
1.234000000000000000,0.668557536466774716,0.668557536466774716,3525.641025641025641029,3525.641025641025641029,0.000000000000000000,19.331442463533225284,7175.000000000000000000,7174.999999999999992000,0.234000000000000000
1.236000000000000000,0.647249190938511326,0.647249190938511326,3389.830508474576271190,3389.830508474576271190,0.000000000000000000,19.352750809061488674,7200.000000000000000000,7199.999999999999992000,0.236000000000000000
1.238000000000000000,0.626009693053311793,0.626009693053311793,3256.302521008403361348,3256.302521008403361348,0.000000000000000000,19.373990306946688207,7225.000000000000000000,7224.999999999999992000,0.238000000000000000
1.240000000000000000,0.604838709677419354,0.604838709677419354,3125.000000000000000004,3125.000000000000000004,0.000000000000000000,19.395161290322580646,7250.000000000000000000,7249.999999999999992000,0.240000000000000000
1.242000000000000000,0.583735909822866344,0.583735909822866344,2995.867768595041322318,2995.867768595041322318,0.000000000000000000,19.416264090177133656,7275.000000000000000000,7274.999999999999992000,0.242000000000000000
1.244000000000000000,0.562700964630225080,0.562700964630225080,2868.852459016393442627,2868.852459016393442627,0.000000000000000000,19.437299035369774920,7300.000000000000000000,7299.999999999999992000,0.244000000000000000
1.246000000000000000,0.541733547351524879,0.541733547351524879,2743.902439024390243906,2743.902439024390243906,0.000000000000000000,19.458266452648475121,7325.000000000000000000,7324.999999999999992000,0.246000000000000000
1.248000000000000000,0.520833333333333333,0.520833333333333333,2620.967741935483870967,2620.967741935483870967,0.000000000000000000,19.479166666666666667,7350.000000000000000000,7350.000000000000000000,0.248000000000000000
1.250000000000000000,0.500000000000000000,0.500000000000000000,2500.000000000000000004,2500.000000000000000004,0.000000000000000000,19.500000000000000000,7375.000000000000000000,7374.999999999999992000,0.250000000000000000
1.252000000000000000,0.479233226837060702,0.479233226837060702,2380.952380952380952384,2380.952380952380952384,0.000000000000000000,19.520766773162939298,7400.000000000000000000,7399.999999999999992000,0.252000000000000000
1.254000000000000000,0.458532695374800637,0.458532695374800637,2263.779527559055118114,2263.779527559055118114,0.000000000000000000,19.541467304625199363,7425.000000000000000000,7424.999999999999992000,0.254000000000000000
1.256000000000000000,0.437898089171974522,0.437898089171974522,2148.437500000000000003,2148.437500000000000003,0.000000000000000000,19.562101910828025478,7450.000000000000000000,7449.999999999999992000,0.256000000000000000
1.258000000000000000,0.417329093799682034,0.417329093799682034,2034.883720930232558143,2034.883720930232558143,0.000000000000000000,19.582670906200317966,7475.000000000000000000,7474.999999999999992000,0.258000000000000000
1.260000000000000000,0.396825396825396825,0.396825396825396825,1923.076923076923076926,1923.076923076923076926,0.000000000000000000,19.603174603174603175,7500.000000000000000000,7499.999999999999992000,0.260000000000000000
1.262000000000000000,0.376386687797147385,0.376386687797147385,1812.977099236641221377,1812.977099236641221377,0.000000000000000000,19.623613312202852615,7525.000000000000000000,7524.999999999999992000,0.262000000000000000
1.264000000000000000,0.356012658227848101,0.356012658227848101,1704.545454545454545458,1704.545454545454545458,0.000000000000000000,19.643987341772151899,7550.000000000000000000,7549.999999999999992000,0.264000000000000000
1.266000000000000000,0.335703001579778830,0.335703001579778830,1597.744360902255639101,1597.744360902255639101,0.000000000000000000,19.664296998420221170,7575.000000000000000000,7574.999999999999992000,0.266000000000000000
1.268000000000000000,0.315457413249211356,0.315457413249211356,1492.537313432835820899,1492.537313432835820899,0.000000000000000000,19.684542586750788644,7600.000000000000000000,7599.999999999999992000,0.268000000000000000
1.270000000000000000,0.295275590551181102,0.295275590551181102,1388.888888888888888892,1388.888888888888888892,0.000000000000000000,19.704724409448818898,7625.000000000000000000,7624.999999999999992000,0.270000000000000000
1.272000000000000000,0.275157232704402515,0.275157232704402515,1286.764705882352941180,1286.764705882352941180,0.000000000000000000,19.724842767295597485,7650.000000000000000000,7649.999999999999992000,0.272000000000000000
1.274000000000000000,0.255102040816326530,0.255102040816326530,1186.131386861313868613,1186.131386861313868613,0.000000000000000000,19.744897959183673470,7675.000000000000000000,7675.000000000000000000,0.274000000000000000
1.276000000000000000,0.235109717868338557,0.235109717868338557,1086.956521739130434786,1086.956521739130434786,0.000000000000000000,19.764890282131661443,7700.000000000000000000,7699.999999999999992000,0.276000000000000000
1.278000000000000000,0.215179968701095461,0.215179968701095461,989.208633093525179859,989.208633093525179859,0.000000000000000000,19.784820031298904539,7725.000000000000000000,7724.999999999999992000,0.278000000000000000
1.280000000000000000,0.195312500000000000,0.195312500000000000,892.857142857142857146,892.857142857142857146,0.000000000000000000,19.804687500000000000,7750.000000000000000000,7749.999999999999992000,0.280000000000000000
1.282000000000000000,0.175507020280811232,0.175507020280811232,797.872340425531914897,797.872340425531914897,0.000000000000000000,19.824492979719188768,7775.000000000000000000,7774.999999999999992000,0.282000000000000000
1.284000000000000000,0.155763239875389408,0.155763239875389408,704.225352112676056341,704.225352112676056341,0.000000000000000000,19.844236760124610592,7800.000000000000000000,7799.999999999999992000,0.284000000000000000
1.286000000000000000,0.136080870917573872,0.136080870917573872,611.888111888111888115,611.888111888111888115,0.000000000000000000,19.863919129082426128,7825.000000000000000000,7824.999999999999992000,0.286000000000000000
1.288000000000000000,0.116459627329192546,0.116459627329192546,520.833333333333333336,520.833333333333333336,0.000000000000000000,19.883540372670807454,7850.000000000000000000,7849.999999999999992000,0.288000000000000000
1.290000000000000000,0.096899224806201550,0.096899224806201550,431.034482758620689658,431.034482758620689658,0.000000000000000000,19.903100775193798450,7875.000000000000000000,7874.999999999999992000,0.290000000000000000
1.292000000000000000,0.077399380804953560,0.077399380804953560,342.465753424657534250,342.465753424657534250,0.000000000000000000,19.922600619195046440,7900.000000000000000000,7899.999999999999992000,0.292000000000000000
1.294000000000000000,0.057959814528593508,0.057959814528593508,255.102040816326530615,255.102040816326530615,0.000000000000000000,19.942040185471406492,7925.000000000000000000,7924.999999999999992000,0.294000000000000000
1.296000000000000000,0.038580246913580246,0.038580246913580246,168.918918918918918922,168.918918918918918922,0.000000000000000000,19.961419753086419754,7950.000000000000000000,7949.999999999999992000,0.296000000000000000
1.298000000000000000,0.019260400616332819,0.019260400616332819,83.892617449664429533,83.892617449664429533,0.000000000000000000,19.980739599383667181,7975.000000000000000000,7974.999999999999992000,0.298000000000000000
1.300000000000000000,0.000000000000000000,0.000000000000000000,0.000000000000000000,0.000000000000000000,0.000000000000000000,20.000000000000000000,8000.000000000000000000,8000.000000000000000000,0.300000000000000000
1.302000000000000000,0.000000000000000000,0.000000000000000000,0.000000000000000000,0.000000000000000000,0.000000000000000000,20.000000000000000000,8000.000000000000000000,8000.000000000000000000,0.302000000000000000
1.304000000000000000,0.000000000000000000,0.000000000000000000,0.000000000000000000,0.000000000000000000,0.000000000000000000,20.000000000000000000,8000.000000000000000000,8000.000000000000000000,0.304000000000000000
1.306000000000000000,0.000000000000000000,0.000000000000000000,0.000000000000000000,0.000000000000000000,0.000000000000000000,20.000000000000000000,8000.000000000000000000,8000.000000000000000000,0.306000000000000000
1.308000000000000000,0.000000000000000000,0.000000000000000000,0.000000000000000000,0.000000000000000000,0.000000000000000000,20.000000000000000000,8000.000000000000000000,8000.000000000000000000,0.308000000000000000
1.310000000000000000,0.000000000000000000,0.000000000000000000,0.000000000000000000,0.000000000000000000,0.000000000000000000,20.000000000000000000,8000.000000000000000000,8000.000000000000000000,0.310000000000000000
1.312000000000000000,0.000000000000000000,0.000000000000000000,0.000000000000000000,0.000000000000000000,0.000000000000000000,20.000000000000000000,8000.000000000000000000,8000.000000000000000000,0.312000000000000000
1.314000000000000000,0.000000000000000000,0.000000000000000000,0.000000000000000000,0.000000000000000000,0.000000000000000000,20.000000000000000000,8000.000000000000000000,8000.000000000000000000,0.314000000000000000
1.316000000000000000,0.000000000000000000,0.000000000000000000,0.000000000000000000,0.000000000000000000,0.000000000000000000,20.000000000000000000,8000.000000000000000000,8000.000000000000000000,0.316000000000000000
1.318000000000000000,0.000000000000000000,0.000000000000000000,0.000000000000000000,0.000000000000000000,0.000000000000000000,20.000000000000000000,8000.000000000000000000,8000.000000000000000000,0.318000000000000000
1.320000000000000000,0.000000000000000000,0.000000000000000000,0.000000000000000000,0.000000000000000000,0.000000000000000000,20.000000000000000000,8000.000000000000000000,8000.000000000000000000,0.320000000000000000
1.322000000000000000,0.000000000000000000,0.000000000000000000,0.000000000000000000,0.000000000000000000,0.000000000000000000,20.000000000000000000,8000.000000000000000000,8000.000000000000000000,0.322000000000000000
1.324000000000000000,0.000000000000000000,0.000000000000000000,0.000000000000000000,0.000000000000000000,0.000000000000000000,20.000000000000000000,8000.000000000000000000,8000.000000000000000000,0.324000000000000000
1.326000000000000000,0.000000000000000000,0.000000000000000000,0.000000000000000000,0.000000000000000000,0.000000000000000000,20.000000000000000000,8000.000000000000000000,8000.000000000000000000,0.326000000000000000
1.328000000000000000,0.000000000000000000,0.000000000000000000,0.000000000000000000,0.000000000000000000,0.000000000000000000,20.000000000000000000,8000.000000000000000000,8000.000000000000000000,0.328000000000000000
1.330000000000000000,0.000000000000000000,0.000000000000000000,0.000000000000000000,0.000000000000000000,0.000000000000000000,20.000000000000000000,8000.000000000000000000,8000.000000000000000000,0.330000000000000000
1.332000000000000000,0.000000000000000000,0.000000000000000000,0.000000000000000000,0.000000000000000000,0.000000000000000000,20.000000000000000000,8000.000000000000000000,8000.000000000000000000,0.332000000000000000
1.334000000000000000,0.000000000000000000,0.000000000000000000,0.000000000000000000,0.000000000000000000,0.000000000000000000,20.000000000000000000,8000.000000000000000000,8000.000000000000000000,0.334000000000000000
1.336000000000000000,0.000000000000000000,0.000000000000000000,0.000000000000000000,0.000000000000000000,0.000000000000000000,20.000000000000000000,8000.000000000000000000,8000.000000000000000000,0.336000000000000000
1.338000000000000000,0.000000000000000000,0.000000000000000000,0.000000000000000000,0.000000000000000000,0.000000000000000000,20.000000000000000000,8000.000000000000000000,8000.000000000000000000,0.338000000000000000
1.340000000000000000,0.000000000000000000,0.000000000000000000,0.000000000000000000,0.000000000000000000,0.000000000000000000,20.000000000000000000,8000.000000000000000000,8000.000000000000000000,0.340000000000000000
1.342000000000000000,0.000000000000000000,0.000000000000000000,0.000000000000000000,0.000000000000000000,0.000000000000000000,20.000000000000000000,8000.000000000000000000,8000.000000000000000000,0.342000000000000000
1.344000000000000000,0.000000000000000000,0.000000000000000000,0.000000000000000000,0.000000000000000000,0.000000000000000000,20.000000000000000000,8000.000000000000000000,8000.000000000000000000,0.344000000000000000
1.346000000000000000,0.000000000000000000,0.000000000000000000,0.000000000000000000,0.000000000000000000,0.000000000000000000,20.000000000000000000,8000.000000000000000000,8000.000000000000000000,0.346000000000000000
1.348000000000000000,0.000000000000000000,0.000000000000000000,0.000000000000000000,0.000000000000000000,0.000000000000000000,20.000000000000000000,8000.000000000000000000,8000.000000000000000000,0.348000000000000000
1.350000000000000000,0.000000000000000000,0.000000000000000000,0.000000000000000000,0.000000000000000000,0.000000000000000000,20.000000000000000000,8000.000000000000000000,8000.000000000000000000,0.350000000000000000
1.352000000000000000,0.000000000000000000,0.000000000000000000,0.000000000000000000,0.000000000000000000,0.000000000000000000,20.000000000000000000,8000.000000000000000000,8000.000000000000000000,0.352000000000000000
1.354000000000000000,0.000000000000000000,0.000000000000000000,0.000000000000000000,0.000000000000000000,0.000000000000000000,20.000000000000000000,8000.000000000000000000,8000.000000000000000000,0.354000000000000000
1.356000000000000000,0.000000000000000000,0.000000000000000000,0.000000000000000000,0.000000000000000000,0.000000000000000000,20.000000000000000000,8000.000000000000000000,8000.000000000000000000,0.356000000000000000
1.358000000000000000,0.000000000000000000,0.000000000000000000,0.000000000000000000,0.000000000000000000,0.000000000000000000,20.000000000000000000,8000.000000000000000000,8000.000000000000000000,0.358000000000000000
1.360000000000000000,0.000000000000000000,0.000000000000000000,0.000000000000000000,0.000000000000000000,0.000000000000000000,20.000000000000000000,8000.000000000000000000,8000.000000000000000000,0.360000000000000000
1.362000000000000000,0.000000000000000000,0.000000000000000000,0.000000000000000000,0.000000000000000000,0.000000000000000000,20.000000000000000000,8000.000000000000000000,8000.000000000000000000,0.362000000000000000
1.364000000000000000,0.000000000000000000,0.000000000000000000,0.000000000000000000,0.000000000000000000,0.000000000000000000,20.000000000000000000,8000.000000000000000000,8000.000000000000000000,0.364000000000000000
1.366000000000000000,0.000000000000000000,0.000000000000000000,0.000000000000000000,0.000000000000000000,0.000000000000000000,20.000000000000000000,8000.000000000000000000,8000.000000000000000000,0.366000000000000000
1.368000000000000000,0.000000000000000000,0.000000000000000000,0.000000000000000000,0.000000000000000000,0.000000000000000000,20.000000000000000000,8000.000000000000000000,8000.000000000000000000,0.368000000000000000
1.370000000000000000,0.000000000000000000,0.000000000000000000,0.000000000000000000,0.000000000000000000,0.000000000000000000,20.000000000000000000,8000.000000000000000000,8000.000000000000000000,0.370000000000000000
1.372000000000000000,0.000000000000000000,0.000000000000000000,0.000000000000000000,0.000000000000000000,0.000000000000000000,20.000000000000000000,8000.000000000000000000,8000.000000000000000000,0.372000000000000000
1.374000000000000000,0.000000000000000000,0.000000000000000000,0.000000000000000000,0.000000000000000000,0.000000000000000000,20.000000000000000000,8000.000000000000000000,8000.000000000000000000,0.374000000000000000
1.376000000000000000,0.000000000000000000,0.000000000000000000,0.000000000000000000,0.000000000000000000,0.000000000000000000,20.000000000000000000,8000.000000000000000000,8000.000000000000000000,0.376000000000000000
1.378000000000000000,0.000000000000000000,0.000000000000000000,0.000000000000000000,0.000000000000000000,0.000000000000000000,20.000000000000000000,8000.000000000000000000,8000.000000000000000000,0.378000000000000000
1.380000000000000000,0.000000000000000000,0.000000000000000000,0.000000000000000000,0.000000000000000000,0.000000000000000000,20.000000000000000000,8000.000000000000000000,8000.000000000000000000,0.380000000000000000
1.382000000000000000,0.000000000000000000,0.000000000000000000,0.000000000000000000,0.000000000000000000,0.000000000000000000,20.000000000000000000,8000.000000000000000000,8000.000000000000000000,0.382000000000000000
1.384000000000000000,0.000000000000000000,0.000000000000000000,0.000000000000000000,0.000000000000000000,0.000000000000000000,20.000000000000000000,8000.000000000000000000,8000.000000000000000000,0.384000000000000000
1.386000000000000000,0.000000000000000000,0.000000000000000000,0.000000000000000000,0.000000000000000000,0.000000000000000000,20.000000000000000000,8000.000000000000000000,8000.000000000000000000,0.386000000000000000
1.388000000000000000,0.000000000000000000,0.000000000000000000,0.000000000000000000,0.000000000000000000,0.000000000000000000,20.000000000000000000,8000.000000000000000000,8000.000000000000000000,0.388000000000000000
1.390000000000000000,0.000000000000000000,0.000000000000000000,0.000000000000000000,0.000000000000000000,0.000000000000000000,20.000000000000000000,8000.000000000000000000,8000.000000000000000000,0.390000000000000000
1.392000000000000000,0.000000000000000000,0.000000000000000000,0.000000000000000000,0.000000000000000000,0.000000000000000000,20.000000000000000000,8000.000000000000000000,8000.000000000000000000,0.392000000000000000
1.394000000000000000,0.000000000000000000,0.000000000000000000,0.000000000000000000,0.000000000000000000,0.000000000000000000,20.000000000000000000,8000.000000000000000000,8000.000000000000000000,0.394000000000000000
1.396000000000000000,0.000000000000000000,0.000000000000000000,0.000000000000000000,0.000000000000000000,0.000000000000000000,20.000000000000000000,8000.000000000000000000,8000.000000000000000000,0.396000000000000000
1.398000000000000000,0.000000000000000000,0.000000000000000000,0.000000000000000000,0.000000000000000000,0.000000000000000000,20.000000000000000000,8000.000000000000000000,8000.000000000000000000,0.398000000000000000
1.400000000000000000,0.000000000000000000,0.000000000000000000,0.000000000000000000,0.000000000000000000,0.000000000000000000,20.000000000000000000,8000.000000000000000000,8000.000000000000000000,0.400000000000000000
1.402000000000000000,0.000000000000000000,0.000000000000000000,0.000000000000000000,0.000000000000000000,0.000000000000000000,20.000000000000000000,8000.000000000000000000,8000.000000000000000000,0.402000000000000000
1.404000000000000000,0.000000000000000000,0.000000000000000000,0.000000000000000000,0.000000000000000000,0.000000000000000000,20.000000000000000000,8000.000000000000000000,8000.000000000000000000,0.404000000000000000
1.406000000000000000,0.000000000000000000,0.000000000000000000,0.000000000000000000,0.000000000000000000,0.000000000000000000,20.000000000000000000,8000.000000000000000000,8000.000000000000000000,0.406000000000000000
1.408000000000000000,0.000000000000000000,0.000000000000000000,0.000000000000000000,0.000000000000000000,0.000000000000000000,20.000000000000000000,8000.000000000000000000,8000.000000000000000000,0.408000000000000000
1.410000000000000000,0.000000000000000000,0.000000000000000000,0.000000000000000000,0.000000000000000000,0.000000000000000000,20.000000000000000000,8000.000000000000000000,8000.000000000000000000,0.410000000000000000
1.412000000000000000,0.000000000000000000,0.000000000000000000,0.000000000000000000,0.000000000000000000,0.000000000000000000,20.000000000000000000,8000.000000000000000000,8000.000000000000000000,0.412000000000000000
1.414000000000000000,0.000000000000000000,0.000000000000000000,0.000000000000000000,0.000000000000000000,0.000000000000000000,20.000000000000000000,8000.000000000000000000,8000.000000000000000000,0.414000000000000000
1.416000000000000000,0.000000000000000000,0.000000000000000000,0.000000000000000000,0.000000000000000000,0.000000000000000000,20.000000000000000000,8000.000000000000000000,8000.000000000000000000,0.416000000000000000
1.418000000000000000,0.000000000000000000,0.000000000000000000,0.000000000000000000,0.000000000000000000,0.000000000000000000,20.000000000000000000,8000.000000000000000000,8000.000000000000000000,0.418000000000000000
1.420000000000000000,0.000000000000000000,0.000000000000000000,0.000000000000000000,0.000000000000000000,0.000000000000000000,20.000000000000000000,8000.000000000000000000,8000.000000000000000000,0.420000000000000000
1.422000000000000000,0.000000000000000000,0.000000000000000000,0.000000000000000000,0.000000000000000000,0.000000000000000000,20.000000000000000000,8000.000000000000000000,8000.000000000000000000,0.422000000000000000
1.424000000000000000,0.000000000000000000,0.000000000000000000,0.000000000000000000,0.000000000000000000,0.000000000000000000,20.000000000000000000,8000.000000000000000000,8000.000000000000000000,0.424000000000000000
1.426000000000000000,0.000000000000000000,0.000000000000000000,0.000000000000000000,0.000000000000000000,0.000000000000000000,20.000000000000000000,8000.000000000000000000,8000.000000000000000000,0.426000000000000000
1.428000000000000000,0.000000000000000000,0.000000000000000000,0.000000000000000000,0.000000000000000000,0.000000000000000000,20.000000000000000000,8000.000000000000000000,8000.000000000000000000,0.428000000000000000
1.430000000000000000,0.000000000000000000,0.000000000000000000,0.000000000000000000,0.000000000000000000,0.000000000000000000,20.000000000000000000,8000.000000000000000000,8000.000000000000000000,0.430000000000000000
1.432000000000000000,0.000000000000000000,0.000000000000000000,0.000000000000000000,0.000000000000000000,0.000000000000000000,20.000000000000000000,8000.000000000000000000,8000.000000000000000000,0.432000000000000000
1.434000000000000000,0.000000000000000000,0.000000000000000000,0.000000000000000000,0.000000000000000000,0.000000000000000000,20.000000000000000000,8000.000000000000000000,8000.000000000000000000,0.434000000000000000
1.436000000000000000,0.000000000000000000,0.000000000000000000,0.000000000000000000,0.000000000000000000,0.000000000000000000,20.000000000000000000,8000.000000000000000000,8000.000000000000000000,0.436000000000000000
1.438000000000000000,0.000000000000000000,0.000000000000000000,0.000000000000000000,0.000000000000000000,0.000000000000000000,20.000000000000000000,8000.000000000000000000,8000.000000000000000000,0.438000000000000000
1.440000000000000000,0.000000000000000000,0.000000000000000000,0.000000000000000000,0.000000000000000000,0.000000000000000000,20.000000000000000000,8000.000000000000000000,8000.000000000000000000,0.440000000000000000
1.442000000000000000,0.000000000000000000,0.000000000000000000,0.000000000000000000,0.000000000000000000,0.000000000000000000,20.000000000000000000,8000.000000000000000000,8000.000000000000000000,0.442000000000000000
1.444000000000000000,0.000000000000000000,0.000000000000000000,0.000000000000000000,0.000000000000000000,0.000000000000000000,20.000000000000000000,8000.000000000000000000,8000.000000000000000000,0.444000000000000000
1.446000000000000000,0.000000000000000000,0.000000000000000000,0.000000000000000000,0.000000000000000000,0.000000000000000000,20.000000000000000000,8000.000000000000000000,8000.000000000000000000,0.446000000000000000
1.448000000000000000,0.000000000000000000,0.000000000000000000,0.000000000000000000,0.000000000000000000,0.000000000000000000,20.000000000000000000,8000.000000000000000000,8000.000000000000000000,0.448000000000000000
1.450000000000000000,0.000000000000000000,0.000000000000000000,0.000000000000000000,0.000000000000000000,0.000000000000000000,20.000000000000000000,8000.000000000000000000,8000.000000000000000000,0.450000000000000000
1.452000000000000000,0.000000000000000000,0.000000000000000000,0.000000000000000000,0.000000000000000000,0.000000000000000000,20.000000000000000000,8000.000000000000000000,8000.000000000000000000,0.452000000000000000
1.454000000000000000,0.000000000000000000,0.000000000000000000,0.000000000000000000,0.000000000000000000,0.000000000000000000,20.000000000000000000,8000.000000000000000000,8000.000000000000000000,0.454000000000000000
1.456000000000000000,0.000000000000000000,0.000000000000000000,0.000000000000000000,0.000000000000000000,0.000000000000000000,20.000000000000000000,8000.000000000000000000,8000.000000000000000000,0.456000000000000000
1.458000000000000000,0.000000000000000000,0.000000000000000000,0.000000000000000000,0.000000000000000000,0.000000000000000000,20.000000000000000000,8000.000000000000000000,8000.000000000000000000,0.458000000000000000
1.460000000000000000,0.000000000000000000,0.000000000000000000,0.000000000000000000,0.000000000000000000,0.000000000000000000,20.000000000000000000,8000.000000000000000000,8000.000000000000000000,0.460000000000000000
1.462000000000000000,0.000000000000000000,0.000000000000000000,0.000000000000000000,0.000000000000000000,0.000000000000000000,20.000000000000000000,8000.000000000000000000,8000.000000000000000000,0.462000000000000000
1.464000000000000000,0.000000000000000000,0.000000000000000000,0.000000000000000000,0.000000000000000000,0.000000000000000000,20.000000000000000000,8000.000000000000000000,8000.000000000000000000,0.464000000000000000
1.466000000000000000,0.000000000000000000,0.000000000000000000,0.000000000000000000,0.000000000000000000,0.000000000000000000,20.000000000000000000,8000.000000000000000000,8000.000000000000000000,0.466000000000000000
1.468000000000000000,0.000000000000000000,0.000000000000000000,0.000000000000000000,0.000000000000000000,0.000000000000000000,20.000000000000000000,8000.000000000000000000,8000.000000000000000000,0.468000000000000000
1.470000000000000000,0.000000000000000000,0.000000000000000000,0.000000000000000000,0.000000000000000000,0.000000000000000000,20.000000000000000000,8000.000000000000000000,8000.000000000000000000,0.470000000000000000
1.472000000000000000,0.000000000000000000,0.000000000000000000,0.000000000000000000,0.000000000000000000,0.000000000000000000,20.000000000000000000,8000.000000000000000000,8000.000000000000000000,0.472000000000000000
1.474000000000000000,0.000000000000000000,0.000000000000000000,0.000000000000000000,0.000000000000000000,0.000000000000000000,20.000000000000000000,8000.000000000000000000,8000.000000000000000000,0.474000000000000000
1.476000000000000000,0.000000000000000000,0.000000000000000000,0.000000000000000000,0.000000000000000000,0.000000000000000000,20.000000000000000000,8000.000000000000000000,8000.000000000000000000,0.476000000000000000
1.478000000000000000,0.000000000000000000,0.000000000000000000,0.000000000000000000,0.000000000000000000,0.000000000000000000,20.000000000000000000,8000.000000000000000000,8000.000000000000000000,0.478000000000000000
1.480000000000000000,0.000000000000000000,0.000000000000000000,0.000000000000000000,0.000000000000000000,0.000000000000000000,20.000000000000000000,8000.000000000000000000,8000.000000000000000000,0.480000000000000000
1.482000000000000000,0.000000000000000000,0.000000000000000000,0.000000000000000000,0.000000000000000000,0.000000000000000000,20.000000000000000000,8000.000000000000000000,8000.000000000000000000,0.482000000000000000
1.484000000000000000,0.000000000000000000,0.000000000000000000,0.000000000000000000,0.000000000000000000,0.000000000000000000,20.000000000000000000,8000.000000000000000000,8000.000000000000000000,0.484000000000000000
1.486000000000000000,0.000000000000000000,0.000000000000000000,0.000000000000000000,0.000000000000000000,0.000000000000000000,20.000000000000000000,8000.000000000000000000,8000.000000000000000000,0.486000000000000000
1.488000000000000000,0.000000000000000000,0.000000000000000000,0.000000000000000000,0.000000000000000000,0.000000000000000000,20.000000000000000000,8000.000000000000000000,8000.000000000000000000,0.488000000000000000
1.490000000000000000,0.000000000000000000,0.000000000000000000,0.000000000000000000,0.000000000000000000,0.000000000000000000,20.000000000000000000,8000.000000000000000000,8000.000000000000000000,0.490000000000000000
1.492000000000000000,0.000000000000000000,0.000000000000000000,0.000000000000000000,0.000000000000000000,0.000000000000000000,20.000000000000000000,8000.000000000000000000,8000.000000000000000000,0.492000000000000000
1.494000000000000000,0.000000000000000000,0.000000000000000000,0.000000000000000000,0.000000000000000000,0.000000000000000000,20.000000000000000000,8000.000000000000000000,8000.000000000000000000,0.494000000000000000
1.496000000000000000,0.000000000000000000,0.000000000000000000,0.000000000000000000,0.000000000000000000,0.000000000000000000,20.000000000000000000,8000.000000000000000000,8000.000000000000000000,0.496000000000000000
1.498000000000000000,0.000000000000000000,0.000000000000000000,0.000000000000000000,0.000000000000000000,0.000000000000000000,20.000000000000000000,8000.000000000000000000,8000.000000000000000000,0.498000000000000000
1.500000000000000000,0.000000000000000000,0.000000000000000000,0.000000000000000000,0.000000000000000000,0.000000000000000000,20.000000000000000000,8000.000000000000000000,8000.000000000000000000,0.500000000000000000
1.502000000000000000,0.000000000000000000,0.000000000000000000,0.000000000000000000,0.000000000000000000,0.000000000000000000,20.000000000000000000,8000.000000000000000000,8000.000000000000000000,0.502000000000000000
1.504000000000000000,0.000000000000000000,0.000000000000000000,0.000000000000000000,0.000000000000000000,0.000000000000000000,20.000000000000000000,8000.000000000000000000,8000.000000000000000000,0.504000000000000000
1.506000000000000000,0.000000000000000000,0.000000000000000000,0.000000000000000000,0.000000000000000000,0.000000000000000000,20.000000000000000000,8000.000000000000000000,8000.000000000000000000,0.506000000000000000
1.508000000000000000,0.000000000000000000,0.000000000000000000,0.000000000000000000,0.000000000000000000,0.000000000000000000,20.000000000000000000,8000.000000000000000000,8000.000000000000000000,0.508000000000000000
1.510000000000000000,0.000000000000000000,0.000000000000000000,0.000000000000000000,0.000000000000000000,0.000000000000000000,20.000000000000000000,8000.000000000000000000,8000.000000000000000000,0.510000000000000000
1.512000000000000000,0.000000000000000000,0.000000000000000000,0.000000000000000000,0.000000000000000000,0.000000000000000000,20.000000000000000000,8000.000000000000000000,8000.000000000000000000,0.512000000000000000
1.514000000000000000,0.000000000000000000,0.000000000000000000,0.000000000000000000,0.000000000000000000,0.000000000000000000,20.000000000000000000,8000.000000000000000000,8000.000000000000000000,0.514000000000000000
1.516000000000000000,0.000000000000000000,0.000000000000000000,0.000000000000000000,0.000000000000000000,0.000000000000000000,20.000000000000000000,8000.000000000000000000,8000.000000000000000000,0.516000000000000000
1.518000000000000000,0.000000000000000000,0.000000000000000000,0.000000000000000000,0.000000000000000000,0.000000000000000000,20.000000000000000000,8000.000000000000000000,8000.000000000000000000,0.518000000000000000
1.520000000000000000,0.000000000000000000,0.000000000000000000,0.000000000000000000,0.000000000000000000,0.000000000000000000,20.000000000000000000,8000.000000000000000000,8000.000000000000000000,0.520000000000000000
1.522000000000000000,0.000000000000000000,0.000000000000000000,0.000000000000000000,0.000000000000000000,0.000000000000000000,20.000000000000000000,8000.000000000000000000,8000.000000000000000000,0.522000000000000000
1.524000000000000000,0.000000000000000000,0.000000000000000000,0.000000000000000000,0.000000000000000000,0.000000000000000000,20.000000000000000000,8000.000000000000000000,8000.000000000000000000,0.524000000000000000
1.526000000000000000,0.000000000000000000,0.000000000000000000,0.000000000000000000,0.000000000000000000,0.000000000000000000,20.000000000000000000,8000.000000000000000000,8000.000000000000000000,0.526000000000000000
1.528000000000000000,0.000000000000000000,0.000000000000000000,0.000000000000000000,0.000000000000000000,0.000000000000000000,20.000000000000000000,8000.000000000000000000,8000.000000000000000000,0.528000000000000000
1.530000000000000000,0.000000000000000000,0.000000000000000000,0.000000000000000000,0.000000000000000000,0.000000000000000000,20.000000000000000000,8000.000000000000000000,8000.000000000000000000,0.530000000000000000
1.532000000000000000,0.000000000000000000,0.000000000000000000,0.000000000000000000,0.000000000000000000,0.000000000000000000,20.000000000000000000,8000.000000000000000000,8000.000000000000000000,0.532000000000000000
1.534000000000000000,0.000000000000000000,0.000000000000000000,0.000000000000000000,0.000000000000000000,0.000000000000000000,20.000000000000000000,8000.000000000000000000,8000.000000000000000000,0.534000000000000000
1.536000000000000000,0.000000000000000000,0.000000000000000000,0.000000000000000000,0.000000000000000000,0.000000000000000000,20.000000000000000000,8000.000000000000000000,8000.000000000000000000,0.536000000000000000
1.538000000000000000,0.000000000000000000,0.000000000000000000,0.000000000000000000,0.000000000000000000,0.000000000000000000,20.000000000000000000,8000.000000000000000000,8000.000000000000000000,0.538000000000000000
1.540000000000000000,0.000000000000000000,0.000000000000000000,0.000000000000000000,0.000000000000000000,0.000000000000000000,20.000000000000000000,8000.000000000000000000,8000.000000000000000000,0.540000000000000000
1.542000000000000000,0.000000000000000000,0.000000000000000000,0.000000000000000000,0.000000000000000000,0.000000000000000000,20.000000000000000000,8000.000000000000000000,8000.000000000000000000,0.542000000000000000
1.544000000000000000,0.000000000000000000,0.000000000000000000,0.000000000000000000,0.000000000000000000,0.000000000000000000,20.000000000000000000,8000.000000000000000000,8000.000000000000000000,0.544000000000000000
1.546000000000000000,0.000000000000000000,0.000000000000000000,0.000000000000000000,0.000000000000000000,0.000000000000000000,20.000000000000000000,8000.000000000000000000,8000.000000000000000000,0.546000000000000000
1.548000000000000000,0.000000000000000000,0.000000000000000000,0.000000000000000000,0.000000000000000000,0.000000000000000000,20.000000000000000000,8000.000000000000000000,8000.000000000000000000,0.548000000000000000
1.550000000000000000,0.000000000000000000,0.000000000000000000,0.000000000000000000,0.000000000000000000,0.000000000000000000,20.000000000000000000,8000.000000000000000000,8000.000000000000000000,0.550000000000000000
1.552000000000000000,0.000000000000000000,0.000000000000000000,0.000000000000000000,0.000000000000000000,0.000000000000000000,20.000000000000000000,8000.000000000000000000,8000.000000000000000000,0.552000000000000000
1.554000000000000000,0.000000000000000000,0.000000000000000000,0.000000000000000000,0.000000000000000000,0.000000000000000000,20.000000000000000000,8000.000000000000000000,8000.000000000000000000,0.554000000000000000
1.556000000000000000,0.000000000000000000,0.000000000000000000,0.000000000000000000,0.000000000000000000,0.000000000000000000,20.000000000000000000,8000.000000000000000000,8000.000000000000000000,0.556000000000000000
1.558000000000000000,0.000000000000000000,0.000000000000000000,0.000000000000000000,0.000000000000000000,0.000000000000000000,20.000000000000000000,8000.000000000000000000,8000.000000000000000000,0.558000000000000000
1.560000000000000000,0.000000000000000000,0.000000000000000000,0.000000000000000000,0.000000000000000000,0.000000000000000000,20.000000000000000000,8000.000000000000000000,8000.000000000000000000,0.560000000000000000
1.562000000000000000,0.000000000000000000,0.000000000000000000,0.000000000000000000,0.000000000000000000,0.000000000000000000,20.000000000000000000,8000.000000000000000000,8000.000000000000000000,0.562000000000000000
1.564000000000000000,0.000000000000000000,0.000000000000000000,0.000000000000000000,0.000000000000000000,0.000000000000000000,20.000000000000000000,8000.000000000000000000,8000.000000000000000000,0.564000000000000000
1.566000000000000000,0.000000000000000000,0.000000000000000000,0.000000000000000000,0.000000000000000000,0.000000000000000000,20.000000000000000000,8000.000000000000000000,8000.000000000000000000,0.566000000000000000
1.568000000000000000,0.000000000000000000,0.000000000000000000,0.000000000000000000,0.000000000000000000,0.000000000000000000,20.000000000000000000,8000.000000000000000000,8000.000000000000000000,0.568000000000000000
1.570000000000000000,0.000000000000000000,0.000000000000000000,0.000000000000000000,0.000000000000000000,0.000000000000000000,20.000000000000000000,8000.000000000000000000,8000.000000000000000000,0.570000000000000000
1.572000000000000000,0.000000000000000000,0.000000000000000000,0.000000000000000000,0.000000000000000000,0.000000000000000000,20.000000000000000000,8000.000000000000000000,8000.000000000000000000,0.572000000000000000
1.574000000000000000,0.000000000000000000,0.000000000000000000,0.000000000000000000,0.000000000000000000,0.000000000000000000,20.000000000000000000,8000.000000000000000000,8000.000000000000000000,0.574000000000000000
1.576000000000000000,0.000000000000000000,0.000000000000000000,0.000000000000000000,0.000000000000000000,0.000000000000000000,20.000000000000000000,8000.000000000000000000,8000.000000000000000000,0.576000000000000000
1.578000000000000000,0.000000000000000000,0.000000000000000000,0.000000000000000000,0.000000000000000000,0.000000000000000000,20.000000000000000000,8000.000000000000000000,8000.000000000000000000,0.578000000000000000
1.580000000000000000,0.000000000000000000,0.000000000000000000,0.000000000000000000,0.000000000000000000,0.000000000000000000,20.000000000000000000,8000.000000000000000000,8000.000000000000000000,0.580000000000000000
1.582000000000000000,0.000000000000000000,0.000000000000000000,0.000000000000000000,0.000000000000000000,0.000000000000000000,20.000000000000000000,8000.000000000000000000,8000.000000000000000000,0.582000000000000000
1.584000000000000000,0.000000000000000000,0.000000000000000000,0.000000000000000000,0.000000000000000000,0.000000000000000000,20.000000000000000000,8000.000000000000000000,8000.000000000000000000,0.584000000000000000
1.586000000000000000,0.000000000000000000,0.000000000000000000,0.000000000000000000,0.000000000000000000,0.000000000000000000,20.000000000000000000,8000.000000000000000000,8000.000000000000000000,0.586000000000000000
1.588000000000000000,0.000000000000000000,0.000000000000000000,0.000000000000000000,0.000000000000000000,0.000000000000000000,20.000000000000000000,8000.000000000000000000,8000.000000000000000000,0.588000000000000000
1.590000000000000000,0.000000000000000000,0.000000000000000000,0.000000000000000000,0.000000000000000000,0.000000000000000000,20.000000000000000000,8000.000000000000000000,8000.000000000000000000,0.590000000000000000
1.592000000000000000,0.000000000000000000,0.000000000000000000,0.000000000000000000,0.000000000000000000,0.000000000000000000,20.000000000000000000,8000.000000000000000000,8000.000000000000000000,0.592000000000000000
1.594000000000000000,0.000000000000000000,0.000000000000000000,0.000000000000000000,0.000000000000000000,0.000000000000000000,20.000000000000000000,8000.000000000000000000,8000.000000000000000000,0.594000000000000000
1.596000000000000000,0.000000000000000000,0.000000000000000000,0.000000000000000000,0.000000000000000000,0.000000000000000000,20.000000000000000000,8000.000000000000000000,8000.000000000000000000,0.596000000000000000
1.598000000000000000,0.000000000000000000,0.000000000000000000,0.000000000000000000,0.000000000000000000,0.000000000000000000,20.000000000000000000,8000.000000000000000000,8000.000000000000000000,0.598000000000000000
1.600000000000000000,0.000000000000000000,0.000000000000000000,0.000000000000000000,0.000000000000000000,0.000000000000000000,20.000000000000000000,8000.000000000000000000,8000.000000000000000000,0.600000000000000000
