current CR,after user collateral,after SPCollateral collateral,after user leveraged,after SPLeveraged leveraged,,after minter collateral,after user SPCollateral balance,after user SPLeveraged balance,after leveraged price
0.001999999999999999,3.979005000000000000,3.979005000000000000,2387800.999999999999999999,2387801.000000000000000000,0.000000000000000000,16.020995000000000000,1.000000000000000000,0.999999999999996000,0.000010050251256281
0.003999999999999999,3.979005000000000000,3.979005000000000000,2387800.999999999999999999,2387801.000000000000000000,0.000000000000000000,16.020995000000000000,1.000000000000000000,0.999999999999996000,0.000020100502512562
0.005999999999999999,3.979005000000000000,3.979005000000000000,2387800.999999999999999999,2387801.000000000000000000,0.000000000000000000,16.020995000000000000,1.000000000000000000,0.999999999999996000,0.000030150753768844
0.007999999999999999,3.979005000000000000,3.979005000000000000,2387800.999999999999999999,2387801.000000000000000000,0.000000000000000000,16.020995000000000000,1.000000000000000000,0.999999999999996000,0.000040201005025125
0.009999999999999999,3.979005000000000000,3.979005000000000000,2387800.999999999999999999,2387801.000000000000000000,0.000000000000000000,16.020995000000000000,1.000000000000000000,0.999999999999996000,0.000050251256281407
0.011999999999999999,3.979005000000000000,3.979005000000000000,2387800.999999999999999999,2387801.000000000000000000,0.000000000000000000,16.020995000000000000,1.000000000000000000,0.999999999999996000,0.000060301507537688
0.013999999999999999,3.979005000000000000,3.979005000000000000,2387800.999999999999999999,2387801.000000000000000000,0.000000000000000000,16.020995000000000000,1.000000000000000000,0.999999999999996000,0.000070351758793969
0.015999999999999999,3.979005000000000000,3.979005000000000000,2387800.999999999999999999,2387801.000000000000000000,0.000000000000000000,16.020995000000000000,1.000000000000000000,0.999999999999996000,0.000080402010050251
0.017999999999999999,3.979005000000000000,3.979005000000000000,2387800.999999999999999999,2387801.000000000000000000,0.000000000000000000,16.020995000000000000,1.000000000000000000,0.999999999999996000,0.000090452261306532
0.019999999999999999,3.979005000000000000,3.979005000000000000,2387800.999999999999999999,2387801.000000000000000000,0.000000000000000000,16.020995000000000000,1.000000000000000000,0.999999999999996000,0.000100502512562814
0.021999999999999999,3.979005000000000000,3.979005000000000000,2387800.999999999999999999,2387801.000000000000000000,0.000000000000000000,16.020995000000000000,1.000000000000000000,0.999999999999996000,0.000110552763819095
0.023999999999999999,3.979005000000000000,3.979005000000000000,2387800.999999999999999999,2387801.000000000000000000,0.000000000000000000,16.020995000000000000,1.000000000000000000,0.999999999999996000,0.000120603015075376
0.025999999999999999,3.979005000000000000,3.979005000000000000,2387800.999999999999999999,2387801.000000000000000000,0.000000000000000000,16.020995000000000000,1.000000000000000000,0.999999999999996000,0.000130653266331658
0.027999999999999999,3.979005000000000000,3.979005000000000000,2387800.999999999999999999,2387801.000000000000000000,0.000000000000000000,16.020995000000000000,1.000000000000000000,0.999999999999996000,0.000140703517587939
0.029999999999999999,3.979005000000000000,3.979005000000000000,2387800.999999999999999999,2387801.000000000000000000,0.000000000000000000,16.020995000000000000,1.000000000000000000,0.999999999999996000,0.000150753768844221
0.031999999999999999,3.979005000000000000,3.979005000000000000,2387800.999999999999999999,2387801.000000000000000000,0.000000000000000000,16.020995000000000000,1.000000000000000000,0.999999999999996000,0.000160804020100502
0.033999999999999999,3.979005000000000000,3.979005000000000000,2387800.999999999999999999,2387801.000000000000000000,0.000000000000000000,16.020995000000000000,1.000000000000000000,0.999999999999996000,0.000170854271356783
0.035999999999999999,3.979005000000000000,3.979005000000000000,2387800.999999999999999999,2387801.000000000000000000,0.000000000000000000,16.020995000000000000,1.000000000000000000,0.999999999999996000,0.000180904522613065
0.037999999999999999,3.979005000000000000,3.979005000000000000,2387800.999999999999999999,2387801.000000000000000000,0.000000000000000000,16.020995000000000000,1.000000000000000000,0.999999999999996000,0.000190954773869346
0.039999999999999999,3.979005000000000000,3.979005000000000000,2387800.999999999999999999,2387801.000000000000000000,0.000000000000000000,16.020995000000000000,1.000000000000000000,0.999999999999996000,0.000201005025125628
0.041999999999999999,3.979005000000000000,3.979005000000000000,2387800.999999999999999999,2387801.000000000000000000,0.000000000000000000,16.020995000000000000,1.000000000000000000,0.999999999999996000,0.000211055276381909
0.043999999999999999,3.979005000000000000,3.979005000000000000,2387800.999999999999999999,2387801.000000000000000000,0.000000000000000000,16.020995000000000000,1.000000000000000000,0.999999999999996000,0.000221105527638190
0.045999999999999999,3.979005000000000000,3.979005000000000000,2387800.999999999999999999,2387801.000000000000000000,0.000000000000000000,16.020995000000000000,1.000000000000000000,0.999999999999996000,0.000231155778894472
0.047999999999999999,3.979005000000000000,3.979005000000000000,2387800.999999999999999999,2387801.000000000000000000,0.000000000000000000,16.020995000000000000,1.000000000000000000,0.999999999999996000,0.000241206030150753
0.049999999999999999,3.979005000000000000,3.979005000000000000,2387800.999999999999999999,2387801.000000000000000000,0.000000000000000000,16.020995000000000000,1.000000000000000000,0.999999999999996000,0.000251256281407035
0.051999999999999999,3.979005000000000000,3.979005000000000000,2387800.999999999999999999,2387801.000000000000000000,0.000000000000000000,16.020995000000000000,1.000000000000000000,0.999999999999996000,0.000261306532663316
0.053999999999999999,3.979005000000000000,3.979005000000000000,2387800.999999999999999999,2387801.000000000000000000,0.000000000000000000,16.020995000000000000,1.000000000000000000,0.999999999999996000,0.000271356783919597
0.055999999999999999,3.979005000000000000,3.979005000000000000,2387800.999999999999999999,2387801.000000000000000000,0.000000000000000000,16.020995000000000000,1.000000000000000000,0.999999999999996000,0.000281407035175879
0.057999999999999999,3.979005000000000000,3.979005000000000000,2387800.999999999999999999,2387801.000000000000000000,0.000000000000000000,16.020995000000000000,1.000000000000000000,0.999999999999996000,0.000291457286432160
0.059999999999999999,3.979005000000000000,3.979005000000000000,2387800.999999999999999999,2387801.000000000000000000,0.000000000000000000,16.020995000000000000,1.000000000000000000,0.999999999999996000,0.000301507537688442
0.061999999999999999,3.979005000000000000,3.979005000000000000,2387800.999999999999999999,2387801.000000000000000000,0.000000000000000000,16.020995000000000000,1.000000000000000000,0.999999999999996000,0.000311557788944723
0.063999999999999999,3.979005000000000000,3.979005000000000000,2387800.999999999999999999,2387801.000000000000000000,0.000000000000000000,16.020995000000000000,1.000000000000000000,0.999999999999996000,0.000321608040201005
0.065999999999999999,3.979005000000000000,3.979005000000000000,2387800.999999999999999999,2387801.000000000000000000,0.000000000000000000,16.020995000000000000,1.000000000000000000,0.999999999999996000,0.000331658291457286
0.067999999999999999,3.979005000000000000,3.979005000000000000,2387800.999999999999999999,2387801.000000000000000000,0.000000000000000000,16.020995000000000000,1.000000000000000000,0.999999999999996000,0.000341708542713567
0.069999999999999999,3.979005000000000000,3.979005000000000000,2387800.999999999999999999,2387801.000000000000000000,0.000000000000000000,16.020995000000000000,1.000000000000000000,0.999999999999996000,0.000351758793969849
0.071999999999999999,3.979005000000000000,3.979005000000000000,2387800.999999999999999999,2387801.000000000000000000,0.000000000000000000,16.020995000000000000,1.000000000000000000,0.999999999999996000,0.000361809045226130
0.073999999999999999,3.979005000000000000,3.979005000000000000,2387800.999999999999999999,2387801.000000000000000000,0.000000000000000000,16.020995000000000000,1.000000000000000000,0.999999999999996000,0.000371859296482412
0.075999999999999999,3.979005000000000000,3.979005000000000000,2387800.999999999999999999,2387801.000000000000000000,0.000000000000000000,16.020995000000000000,1.000000000000000000,0.999999999999996000,0.000381909547738693
0.077999999999999999,3.979005000000000000,3.979005000000000000,2387800.999999999999999999,2387801.000000000000000000,0.000000000000000000,16.020995000000000000,1.000000000000000000,0.999999999999996000,0.000391959798994974
0.079999999999999999,3.979005000000000000,3.979005000000000000,2387800.999999999999999999,2387801.000000000000000000,0.000000000000000000,16.020995000000000000,1.000000000000000000,0.999999999999996000,0.000402010050251256
0.081999999999999999,3.979005000000000000,3.979005000000000000,2387800.999999999999999999,2387801.000000000000000000,0.000000000000000000,16.020995000000000000,1.000000000000000000,0.999999999999996000,0.000412060301507537
0.083999999999999999,3.979005000000000000,3.979005000000000000,2387800.999999999999999999,2387801.000000000000000000,0.000000000000000000,16.020995000000000000,1.000000000000000000,0.999999999999996000,0.000422110552763819
0.085999999999999999,3.979005000000000000,3.979005000000000000,2387800.999999999999999999,2387801.000000000000000000,0.000000000000000000,16.020995000000000000,1.000000000000000000,0.999999999999996000,0.000432160804020100
0.087999999999999999,3.979005000000000000,3.979005000000000000,2387800.999999999999999999,2387801.000000000000000000,0.000000000000000000,16.020995000000000000,1.000000000000000000,0.999999999999996000,0.000442211055276381
0.089999999999999999,3.979005000000000000,3.979005000000000000,2387800.999999999999999999,2387801.000000000000000000,0.000000000000000000,16.020995000000000000,1.000000000000000000,0.999999999999996000,0.000452261306532663
0.091999999999999999,3.979005000000000000,3.979005000000000000,2387800.999999999999999999,2387801.000000000000000000,0.000000000000000000,16.020995000000000000,1.000000000000000000,0.999999999999996000,0.000462311557788944
0.093999999999999999,3.979005000000000000,3.979005000000000000,2387800.999999999999999999,2387801.000000000000000000,0.000000000000000000,16.020995000000000000,1.000000000000000000,0.999999999999996000,0.000472361809045226
0.095999999999999999,3.979005000000000000,3.979005000000000000,2387800.999999999999999999,2387801.000000000000000000,0.000000000000000000,16.020995000000000000,1.000000000000000000,0.999999999999996000,0.000482412060301507
0.097999999999999999,3.979005000000000000,3.979005000000000000,2387800.999999999999999999,2387801.000000000000000000,0.000000000000000000,16.020995000000000000,1.000000000000000000,0.999999999999996000,0.000492462311557788
0.099999999999999999,3.979005000000000000,3.979005000000000000,2387800.999999999999999999,2387801.000000000000000000,0.000000000000000000,16.020995000000000000,1.000000000000000000,0.999999999999996000,0.000502512562814070
0.101999999999999999,3.979005000000000000,3.979005000000000000,2387800.999999999999999999,2387801.000000000000000000,0.000000000000000000,16.020995000000000000,1.000000000000000000,0.999999999999996000,0.000512562814070351
0.103999999999999999,3.979005000000000000,3.979005000000000000,2387800.999999999999999999,2387801.000000000000000000,0.000000000000000000,16.020995000000000000,1.000000000000000000,0.999999999999996000,0.000522613065326633
0.105999999999999999,3.979005000000000000,3.979005000000000000,2387800.999999999999999999,2387801.000000000000000000,0.000000000000000000,16.020995000000000000,1.000000000000000000,0.999999999999996000,0.000532663316582914
0.107999999999999999,3.979005000000000000,3.979005000000000000,2387800.999999999999999999,2387801.000000000000000000,0.000000000000000000,16.020995000000000000,1.000000000000000000,0.999999999999996000,0.000542713567839195
0.109999999999999999,3.979005000000000000,3.979005000000000000,2387800.999999999999999999,2387801.000000000000000000,0.000000000000000000,16.020995000000000000,1.000000000000000000,0.999999999999996000,0.000552763819095477
0.111999999999999999,3.979005000000000000,3.979005000000000000,2387800.999999999999999999,2387801.000000000000000000,0.000000000000000000,16.020995000000000000,1.000000000000000000,0.999999999999996000,0.000562814070351758
0.113999999999999999,3.979005000000000000,3.979005000000000000,2387800.999999999999999999,2387801.000000000000000000,0.000000000000000000,16.020995000000000000,1.000000000000000000,0.999999999999996000,0.000572864321608040
0.115999999999999999,3.979005000000000000,3.979005000000000000,2387800.999999999999999999,2387801.000000000000000000,0.000000000000000000,16.020995000000000000,1.000000000000000000,0.999999999999996000,0.000582914572864321
0.117999999999999999,3.979005000000000000,3.979005000000000000,2387800.999999999999999999,2387801.000000000000000000,0.000000000000000000,16.020995000000000000,1.000000000000000000,0.999999999999996000,0.000592964824120603
0.119999999999999999,3.979005000000000000,3.979005000000000000,2387800.999999999999999999,2387801.000000000000000000,0.000000000000000000,16.020995000000000000,1.000000000000000000,0.999999999999996000,0.000603015075376884
0.121999999999999999,3.979005000000000000,3.979005000000000000,2387800.999999999999999999,2387801.000000000000000000,0.000000000000000000,16.020995000000000000,1.000000000000000000,0.999999999999996000,0.000613065326633165
0.123999999999999999,3.979005000000000000,3.979005000000000000,2387800.999999999999999999,2387801.000000000000000000,0.000000000000000000,16.020995000000000000,1.000000000000000000,0.999999999999996000,0.000623115577889447
0.125999999999999999,3.979005000000000000,3.979005000000000000,2387800.999999999999999999,2387801.000000000000000000,0.000000000000000000,16.020995000000000000,1.000000000000000000,0.999999999999996000,0.000633165829145728
0.127999999999999999,3.979005000000000000,3.979005000000000000,2387800.999999999999999999,2387801.000000000000000000,0.000000000000000000,16.020995000000000000,1.000000000000000000,0.999999999999996000,0.000643216080402010
0.129999999999999999,3.979005000000000000,3.979005000000000000,2387800.999999999999999999,2387801.000000000000000000,0.000000000000000000,16.020995000000000000,1.000000000000000000,0.999999999999996000,0.000653266331658291
0.131999999999999999,3.979005000000000000,3.979005000000000000,2387800.999999999999999999,2387801.000000000000000000,0.000000000000000000,16.020995000000000000,1.000000000000000000,0.999999999999996000,0.000663316582914572
0.133999999999999999,3.979005000000000000,3.979005000000000000,2387800.999999999999999999,2387801.000000000000000000,0.000000000000000000,16.020995000000000000,1.000000000000000000,0.999999999999996000,0.000673366834170854
0.135999999999999999,3.979005000000000000,3.979005000000000000,2387800.999999999999999999,2387801.000000000000000000,0.000000000000000000,16.020995000000000000,1.000000000000000000,0.999999999999996000,0.000683417085427135
0.137999999999999999,3.979005000000000000,3.979005000000000000,2387800.999999999999999999,2387801.000000000000000000,0.000000000000000000,16.020995000000000000,1.000000000000000000,0.999999999999996000,0.000693467336683417
0.139999999999999999,3.979005000000000000,3.979005000000000000,2387800.999999999999999999,2387801.000000000000000000,0.000000000000000000,16.020995000000000000,1.000000000000000000,0.999999999999996000,0.000703517587939698
0.141999999999999999,3.979005000000000000,3.979005000000000000,2387800.999999999999999999,2387801.000000000000000000,0.000000000000000000,16.020995000000000000,1.000000000000000000,0.999999999999996000,0.000713567839195979
0.143999999999999999,3.979005000000000000,3.979005000000000000,2387800.999999999999999999,2387801.000000000000000000,0.000000000000000000,16.020995000000000000,1.000000000000000000,0.999999999999996000,0.000723618090452261
0.145999999999999999,3.979005000000000000,3.979005000000000000,2387800.999999999999999999,2387801.000000000000000000,0.000000000000000000,16.020995000000000000,1.000000000000000000,0.999999999999996000,0.000733668341708542
0.147999999999999999,3.979005000000000000,3.979005000000000000,2387800.999999999999999999,2387801.000000000000000000,0.000000000000000000,16.020995000000000000,1.000000000000000000,0.999999999999996000,0.000743718592964824
0.149999999999999999,3.979005000000000000,3.979005000000000000,2387800.999999999999999999,2387801.000000000000000000,0.000000000000000000,16.020995000000000000,1.000000000000000000,0.999999999999996000,0.000753768844221105
0.151999999999999999,3.979005000000000000,3.979005000000000000,2387800.999999999999999999,2387801.000000000000000000,0.000000000000000000,16.020995000000000000,1.000000000000000000,0.999999999999996000,0.000763819095477386
0.153999999999999999,3.979005000000000000,3.979005000000000000,2387800.999999999999999999,2387801.000000000000000000,0.000000000000000000,16.020995000000000000,1.000000000000000000,0.999999999999996000,0.000773869346733668
0.155999999999999999,3.979005000000000000,3.979005000000000000,2387800.999999999999999999,2387801.000000000000000000,0.000000000000000000,16.020995000000000000,1.000000000000000000,0.999999999999996000,0.000783919597989949
0.157999999999999999,3.979005000000000000,3.979005000000000000,2387800.999999999999999999,2387801.000000000000000000,0.000000000000000000,16.020995000000000000,1.000000000000000000,0.999999999999996000,0.000793969849246231
0.159999999999999999,3.979005000000000000,3.979005000000000000,2387800.999999999999999999,2387801.000000000000000000,0.000000000000000000,16.020995000000000000,1.000000000000000000,0.999999999999996000,0.000804020100502512
0.161999999999999999,3.979005000000000000,3.979005000000000000,2387800.999999999999999999,2387801.000000000000000000,0.000000000000000000,16.020995000000000000,1.000000000000000000,0.999999999999996000,0.000814070351758793
0.163999999999999999,3.979005000000000000,3.979005000000000000,2387800.999999999999999999,2387801.000000000000000000,0.000000000000000000,16.020995000000000000,1.000000000000000000,0.999999999999996000,0.000824120603015075
0.165999999999999999,3.979005000000000000,3.979005000000000000,2387800.999999999999999999,2387801.000000000000000000,0.000000000000000000,16.020995000000000000,1.000000000000000000,0.999999999999996000,0.000834170854271356
0.167999999999999999,3.979005000000000000,3.979005000000000000,2387800.999999999999999999,2387801.000000000000000000,0.000000000000000000,16.020995000000000000,1.000000000000000000,0.999999999999996000,0.000844221105527638
0.169999999999999999,3.979005000000000000,3.979005000000000000,2387800.999999999999999999,2387801.000000000000000000,0.000000000000000000,16.020995000000000000,1.000000000000000000,0.999999999999996000,0.000854271356783919
0.171999999999999999,3.979005000000000000,3.979005000000000000,2387800.999999999999999999,2387801.000000000000000000,0.000000000000000000,16.020995000000000000,1.000000000000000000,0.999999999999996000,0.000864321608040201
0.173999999999999999,3.979005000000000000,3.979005000000000000,2387800.999999999999999999,2387801.000000000000000000,0.000000000000000000,16.020995000000000000,1.000000000000000000,0.999999999999996000,0.000874371859296482
0.175999999999999999,3.979005000000000000,3.979005000000000000,2387800.999999999999999999,2387801.000000000000000000,0.000000000000000000,16.020995000000000000,1.000000000000000000,0.999999999999996000,0.000884422110552763
0.177999999999999999,3.979005000000000000,3.979005000000000000,2387800.999999999999999999,2387801.000000000000000000,0.000000000000000000,16.020995000000000000,1.000000000000000000,0.999999999999996000,0.000894472361809045
0.179999999999999999,3.979005000000000000,3.979005000000000000,2387800.999999999999999999,2387801.000000000000000000,0.000000000000000000,16.020995000000000000,1.000000000000000000,0.999999999999996000,0.000904522613065326
0.181999999999999999,3.979005000000000000,3.979005000000000000,2387800.999999999999999999,2387801.000000000000000000,0.000000000000000000,16.020995000000000000,1.000000000000000000,0.999999999999996000,0.000914572864321608
0.183999999999999999,3.979005000000000000,3.979005000000000000,2387800.999999999999999999,2387801.000000000000000000,0.000000000000000000,16.020995000000000000,1.000000000000000000,0.999999999999996000,0.000924623115577889
0.185999999999999999,3.979005000000000000,3.979005000000000000,2387800.999999999999999999,2387801.000000000000000000,0.000000000000000000,16.020995000000000000,1.000000000000000000,0.999999999999996000,0.000934673366834170
0.187999999999999999,3.979005000000000000,3.979005000000000000,2387800.999999999999999999,2387801.000000000000000000,0.000000000000000000,16.020995000000000000,1.000000000000000000,0.999999999999996000,0.000944723618090452
0.189999999999999999,3.979005000000000000,3.979005000000000000,2387800.999999999999999999,2387801.000000000000000000,0.000000000000000000,16.020995000000000000,1.000000000000000000,0.999999999999996000,0.000954773869346733
0.191999999999999999,3.979005000000000000,3.979005000000000000,2387800.999999999999999999,2387801.000000000000000000,0.000000000000000000,16.020995000000000000,1.000000000000000000,0.999999999999996000,0.000964824120603015
0.193999999999999999,3.979005000000000000,3.979005000000000000,2387800.999999999999999999,2387801.000000000000000000,0.000000000000000000,16.020995000000000000,1.000000000000000000,0.999999999999996000,0.000974874371859296
0.195999999999999999,3.979005000000000000,3.979005000000000000,2387800.999999999999999999,2387801.000000000000000000,0.000000000000000000,16.020995000000000000,1.000000000000000000,0.999999999999996000,0.000984924623115577
0.197999999999999999,3.979005000000000000,3.979005000000000000,2387800.999999999999999999,2387801.000000000000000000,0.000000000000000000,16.020995000000000000,1.000000000000000000,0.999999999999996000,0.000994974874371859
0.199999999999999999,3.979005000000000000,3.979005000000000000,2387800.999999999999999999,2387801.000000000000000000,0.000000000000000000,16.020995000000000000,1.000000000000000000,0.999999999999996000,0.001005025125628140
0.201999999999999999,3.979005000000000000,3.979005000000000000,2387800.999999999999999999,2387801.000000000000000000,0.000000000000000000,16.020995000000000000,1.000000000000000000,0.999999999999996000,0.001015075376884422
0.203999999999999999,3.979005000000000000,3.979005000000000000,2387800.999999999999999999,2387801.000000000000000000,0.000000000000000000,16.020995000000000000,1.000000000000000000,0.999999999999996000,0.001025125628140703
0.205999999999999999,3.979005000000000000,3.979005000000000000,2387800.999999999999999999,2387801.000000000000000000,0.000000000000000000,16.020995000000000000,1.000000000000000000,0.999999999999996000,0.001035175879396984
0.207999999999999999,3.979005000000000000,3.979005000000000000,2387800.999999999999999999,2387801.000000000000000000,0.000000000000000000,16.020995000000000000,1.000000000000000000,0.999999999999996000,0.001045226130653266
0.209999999999999999,3.979005000000000000,3.979005000000000000,2387800.999999999999999999,2387801.000000000000000000,0.000000000000000000,16.020995000000000000,1.000000000000000000,0.999999999999996000,0.001055276381909547
0.211999999999999999,3.979005000000000000,3.979005000000000000,2387800.999999999999999999,2387801.000000000000000000,0.000000000000000000,16.020995000000000000,1.000000000000000000,0.999999999999996000,0.001065326633165829
0.213999999999999999,3.979005000000000000,3.979005000000000000,2387800.999999999999999999,2387801.000000000000000000,0.000000000000000000,16.020995000000000000,1.000000000000000000,0.999999999999996000,0.001075376884422110
0.215999999999999999,3.979005000000000000,3.979005000000000000,2387800.999999999999999999,2387801.000000000000000000,0.000000000000000000,16.020995000000000000,1.000000000000000000,0.999999999999996000,0.001085427135678391
0.217999999999999999,3.979005000000000000,3.979005000000000000,2387800.999999999999999999,2387801.000000000000000000,0.000000000000000000,16.020995000000000000,1.000000000000000000,0.999999999999996000,0.001095477386934673
0.219999999999999999,3.979005000000000000,3.979005000000000000,2387800.999999999999999999,2387801.000000000000000000,0.000000000000000000,16.020995000000000000,1.000000000000000000,0.999999999999996000,0.001105527638190954
0.221999999999999999,3.979005000000000000,3.979005000000000000,2387800.999999999999999999,2387801.000000000000000000,0.000000000000000000,16.020995000000000000,1.000000000000000000,0.999999999999996000,0.001115577889447236
0.223999999999999999,3.979005000000000000,3.979005000000000000,2387800.999999999999999999,2387801.000000000000000000,0.000000000000000000,16.020995000000000000,1.000000000000000000,0.999999999999996000,0.001125628140703517
0.225999999999999999,3.979005000000000000,3.979005000000000000,2387800.999999999999999999,2387801.000000000000000000,0.000000000000000000,16.020995000000000000,1.000000000000000000,0.999999999999996000,0.001135678391959798
0.227999999999999999,3.979005000000000000,3.979005000000000000,2387800.999999999999999999,2387801.000000000000000000,0.000000000000000000,16.020995000000000000,1.000000000000000000,0.999999999999996000,0.001145728643216080
0.229999999999999999,3.979005000000000000,3.979005000000000000,2387800.999999999999999999,2387801.000000000000000000,0.000000000000000000,16.020995000000000000,1.000000000000000000,0.999999999999996000,0.001155778894472361
0.231999999999999999,3.979005000000000000,3.979005000000000000,2387800.999999999999999999,2387801.000000000000000000,0.000000000000000000,16.020995000000000000,1.000000000000000000,0.999999999999996000,0.001165829145728643
0.233999999999999999,3.979005000000000000,3.979005000000000000,2387800.999999999999999999,2387801.000000000000000000,0.000000000000000000,16.020995000000000000,1.000000000000000000,0.999999999999996000,0.001175879396984924
0.235999999999999999,3.979005000000000000,3.979005000000000000,2387800.999999999999999999,2387801.000000000000000000,0.000000000000000000,16.020995000000000000,1.000000000000000000,0.999999999999996000,0.001185929648241206
0.237999999999999999,3.979005000000000000,3.979005000000000000,2387800.999999999999999999,2387801.000000000000000000,0.000000000000000000,16.020995000000000000,1.000000000000000000,0.999999999999996000,0.001195979899497487
0.239999999999999999,3.979005000000000000,3.979005000000000000,2387800.999999999999999999,2387801.000000000000000000,0.000000000000000000,16.020995000000000000,1.000000000000000000,0.999999999999996000,0.001206030150753768
0.241999999999999999,3.979005000000000000,3.979005000000000000,2387800.999999999999999999,2387801.000000000000000000,0.000000000000000000,16.020995000000000000,1.000000000000000000,0.999999999999996000,0.001216080402010050
0.243999999999999999,3.979005000000000000,3.979005000000000000,2387800.999999999999999999,2387801.000000000000000000,0.000000000000000000,16.020995000000000000,1.000000000000000000,0.999999999999996000,0.001226130653266331
0.245999999999999999,3.979005000000000000,3.979005000000000000,2387800.999999999999999999,2387801.000000000000000000,0.000000000000000000,16.020995000000000000,1.000000000000000000,0.999999999999996000,0.001236180904522613
0.247999999999999999,3.979005000000000000,3.979005000000000000,2387800.999999999999999999,2387801.000000000000000000,0.000000000000000000,16.020995000000000000,1.000000000000000000,0.999999999999996000,0.001246231155778894
0.249999999999999999,3.979005000000000000,3.979005000000000000,2387800.999999999999999999,2387801.000000000000000000,0.000000000000000000,16.020995000000000000,1.000000000000000000,0.999999999999996000,0.001256281407035175
0.251999999999999999,3.979005000000000000,3.979005000000000000,2387800.999999999999999999,2387801.000000000000000000,0.000000000000000000,16.020995000000000000,1.000000000000000000,0.999999999999996000,0.001266331658291457
0.253999999999999999,3.979005000000000000,3.979005000000000000,2387800.999999999999999999,2387801.000000000000000000,0.000000000000000000,16.020995000000000000,1.000000000000000000,0.999999999999996000,0.001276381909547738
0.255999999999999999,3.979005000000000000,3.979005000000000000,2387800.999999999999999999,2387801.000000000000000000,0.000000000000000000,16.020995000000000000,1.000000000000000000,0.999999999999996000,0.001286432160804020
0.257999999999999999,3.979005000000000000,3.979005000000000000,2387800.999999999999999999,2387801.000000000000000000,0.000000000000000000,16.020995000000000000,1.000000000000000000,0.999999999999996000,0.001296482412060301
0.259999999999999999,3.979005000000000000,3.979005000000000000,2387800.999999999999999999,2387801.000000000000000000,0.000000000000000000,16.020995000000000000,1.000000000000000000,0.999999999999996000,0.001306532663316582
0.261999999999999999,3.979005000000000000,3.979005000000000000,2387800.999999999999999999,2387801.000000000000000000,0.000000000000000000,16.020995000000000000,1.000000000000000000,0.999999999999996000,0.001316582914572864
0.263999999999999999,3.979005000000000000,3.979005000000000000,2387800.999999999999999999,2387801.000000000000000000,0.000000000000000000,16.020995000000000000,1.000000000000000000,0.999999999999996000,0.001326633165829145
0.265999999999999999,3.979005000000000000,3.979005000000000000,2387800.999999999999999999,2387801.000000000000000000,0.000000000000000000,16.020995000000000000,1.000000000000000000,0.999999999999996000,0.001336683417085427
0.267999999999999999,3.979005000000000000,3.979005000000000000,2387800.999999999999999999,2387801.000000000000000000,0.000000000000000000,16.020995000000000000,1.000000000000000000,0.999999999999996000,0.001346733668341708
0.269999999999999999,3.979005000000000000,3.979005000000000000,2387800.999999999999999999,2387801.000000000000000000,0.000000000000000000,16.020995000000000000,1.000000000000000000,0.999999999999996000,0.001356783919597989
0.271999999999999999,3.979005000000000000,3.979005000000000000,2387800.999999999999999999,2387801.000000000000000000,0.000000000000000000,16.020995000000000000,1.000000000000000000,0.999999999999996000,0.001366834170854271
0.273999999999999999,3.979005000000000000,3.979005000000000000,2387800.999999999999999999,2387801.000000000000000000,0.000000000000000000,16.020995000000000000,1.000000000000000000,0.999999999999996000,0.001376884422110552
0.275999999999999999,3.979005000000000000,3.979005000000000000,2387800.999999999999999999,2387801.000000000000000000,0.000000000000000000,16.020995000000000000,1.000000000000000000,0.999999999999996000,0.001386934673366834
0.277999999999999999,3.979005000000000000,3.979005000000000000,2387800.999999999999999999,2387801.000000000000000000,0.000000000000000000,16.020995000000000000,1.000000000000000000,0.999999999999996000,0.001396984924623115
0.279999999999999999,3.979005000000000000,3.979005000000000000,2387800.999999999999999999,2387801.000000000000000000,0.000000000000000000,16.020995000000000000,1.000000000000000000,0.999999999999996000,0.001407035175879396
0.281999999999999999,3.979005000000000000,3.979005000000000000,2387800.999999999999999999,2387801.000000000000000000,0.000000000000000000,16.020995000000000000,1.000000000000000000,0.999999999999996000,0.001417085427135678
0.283999999999999999,3.979005000000000000,3.979005000000000000,2387800.999999999999999999,2387801.000000000000000000,0.000000000000000000,16.020995000000000000,1.000000000000000000,0.999999999999996000,0.001427135678391959
0.285999999999999999,3.979005000000000000,3.979005000000000000,2387800.999999999999999999,2387801.000000000000000000,0.000000000000000000,16.020995000000000000,1.000000000000000000,0.999999999999996000,0.001437185929648241
0.287999999999999999,3.979005000000000000,3.979005000000000000,2387800.999999999999999999,2387801.000000000000000000,0.000000000000000000,16.020995000000000000,1.000000000000000000,0.999999999999996000,0.001447236180904522
0.289999999999999999,3.979005000000000000,3.979005000000000000,2387800.999999999999999999,2387801.000000000000000000,0.000000000000000000,16.020995000000000000,1.000000000000000000,0.999999999999996000,0.001457286432160804
0.291999999999999999,3.979005000000000000,3.979005000000000000,2387800.999999999999999999,2387801.000000000000000000,0.000000000000000000,16.020995000000000000,1.000000000000000000,0.999999999999996000,0.001467336683417085
0.293999999999999999,3.979005000000000000,3.979005000000000000,2387800.999999999999999999,2387801.000000000000000000,0.000000000000000000,16.020995000000000000,1.000000000000000000,0.999999999999996000,0.001477386934673366
0.295999999999999999,3.979005000000000000,3.979005000000000000,2387800.999999999999999999,2387801.000000000000000000,0.000000000000000000,16.020995000000000000,1.000000000000000000,0.999999999999996000,0.001487437185929648
0.297999999999999999,3.979005000000000000,3.979005000000000000,2387800.999999999999999999,2387801.000000000000000000,0.000000000000000000,16.020995000000000000,1.000000000000000000,0.999999999999996000,0.001497487437185929
0.299999999999999999,3.979005000000000000,3.979005000000000000,2387800.999999999999999999,2387801.000000000000000000,0.000000000000000000,16.020995000000000000,1.000000000000000000,0.999999999999996000,0.001507537688442211
0.301999999999999999,3.979005000000000000,3.979005000000000000,2387800.999999999999999999,2387801.000000000000000000,0.000000000000000000,16.020995000000000000,1.000000000000000000,0.999999999999996000,0.001517587939698492
0.303999999999999999,3.979005000000000000,3.979005000000000000,2387800.999999999999999999,2387801.000000000000000000,0.000000000000000000,16.020995000000000000,1.000000000000000000,0.999999999999996000,0.001527638190954773
0.305999999999999999,3.979005000000000000,3.979005000000000000,2387800.999999999999999999,2387801.000000000000000000,0.000000000000000000,16.020995000000000000,1.000000000000000000,0.999999999999996000,0.001537688442211055
0.307999999999999999,3.979005000000000000,3.979005000000000000,2387800.999999999999999999,2387801.000000000000000000,0.000000000000000000,16.020995000000000000,1.000000000000000000,0.999999999999996000,0.001547738693467336
0.309999999999999999,3.979005000000000000,3.979005000000000000,2387800.999999999999999999,2387801.000000000000000000,0.000000000000000000,16.020995000000000000,1.000000000000000000,0.999999999999996000,0.001557788944723618
0.311999999999999999,3.979005000000000000,3.979005000000000000,2387800.999999999999999999,2387801.000000000000000000,0.000000000000000000,16.020995000000000000,1.000000000000000000,0.999999999999996000,0.001567839195979899
0.313999999999999999,3.979005000000000000,3.979005000000000000,2387800.999999999999999999,2387801.000000000000000000,0.000000000000000000,16.020995000000000000,1.000000000000000000,0.999999999999996000,0.001577889447236180
0.315999999999999999,3.979005000000000000,3.979005000000000000,2387800.999999999999999999,2387801.000000000000000000,0.000000000000000000,16.020995000000000000,1.000000000000000000,0.999999999999996000,0.001587939698492462
0.317999999999999999,3.979005000000000000,3.979005000000000000,2387800.999999999999999999,2387801.000000000000000000,0.000000000000000000,16.020995000000000000,1.000000000000000000,0.999999999999996000,0.001597989949748743
0.319999999999999999,3.979005000000000000,3.979005000000000000,2387800.999999999999999999,2387801.000000000000000000,0.000000000000000000,16.020995000000000000,1.000000000000000000,0.999999999999996000,0.001608040201005025
0.321999999999999999,3.979005000000000000,3.979005000000000000,2387800.999999999999999999,2387801.000000000000000000,0.000000000000000000,16.020995000000000000,1.000000000000000000,0.999999999999996000,0.001618090452261306
0.323999999999999999,3.979005000000000000,3.979005000000000000,2387800.999999999999999999,2387801.000000000000000000,0.000000000000000000,16.020995000000000000,1.000000000000000000,0.999999999999996000,0.001628140703517587
0.325999999999999999,3.979005000000000000,3.979005000000000000,2387800.999999999999999999,2387801.000000000000000000,0.000000000000000000,16.020995000000000000,1.000000000000000000,0.999999999999996000,0.001638190954773869
0.327999999999999999,3.979005000000000000,3.979005000000000000,2387800.999999999999999999,2387801.000000000000000000,0.000000000000000000,16.020995000000000000,1.000000000000000000,0.999999999999996000,0.001648241206030150
0.329999999999999999,3.979005000000000000,3.979005000000000000,2387800.999999999999999999,2387801.000000000000000000,0.000000000000000000,16.020995000000000000,1.000000000000000000,0.999999999999996000,0.001658291457286432
0.331999999999999999,3.979005000000000000,3.979005000000000000,2387800.999999999999999999,2387801.000000000000000000,0.000000000000000000,16.020995000000000000,1.000000000000000000,0.999999999999996000,0.001668341708542713
0.333999999999999999,3.979005000000000000,3.979005000000000000,2387800.999999999999999999,2387801.000000000000000000,0.000000000000000000,16.020995000000000000,1.000000000000000000,0.999999999999996000,0.001678391959798994
0.335999999999999999,3.979005000000000000,3.979005000000000000,2387800.999999999999999999,2387801.000000000000000000,0.000000000000000000,16.020995000000000000,1.000000000000000000,0.999999999999996000,0.001688442211055276
0.337999999999999999,3.979005000000000000,3.979005000000000000,2387800.999999999999999999,2387801.000000000000000000,0.000000000000000000,16.020995000000000000,1.000000000000000000,0.999999999999996000,0.001698492462311557
0.339999999999999999,3.979005000000000000,3.979005000000000000,2387800.999999999999999999,2387801.000000000000000000,0.000000000000000000,16.020995000000000000,1.000000000000000000,0.999999999999996000,0.001708542713567839
0.341999999999999999,3.979005000000000000,3.979005000000000000,2387800.999999999999999999,2387801.000000000000000000,0.000000000000000000,16.020995000000000000,1.000000000000000000,0.999999999999996000,0.001718592964824120
0.343999999999999999,3.979005000000000000,3.979005000000000000,2387800.999999999999999999,2387801.000000000000000000,0.000000000000000000,16.020995000000000000,1.000000000000000000,0.999999999999996000,0.001728643216080402
0.345999999999999999,3.979005000000000000,3.979005000000000000,2387800.999999999999999999,2387801.000000000000000000,0.000000000000000000,16.020995000000000000,1.000000000000000000,0.999999999999996000,0.001738693467336683
0.347999999999999999,3.979005000000000000,3.979005000000000000,2387800.999999999999999999,2387801.000000000000000000,0.000000000000000000,16.020995000000000000,1.000000000000000000,0.999999999999996000,0.001748743718592964
0.349999999999999999,3.979005000000000000,3.979005000000000000,2387800.999999999999999999,2387801.000000000000000000,0.000000000000000000,16.020995000000000000,1.000000000000000000,0.999999999999996000,0.001758793969849246
0.351999999999999999,3.979005000000000000,3.979005000000000000,2387800.999999999999999999,2387801.000000000000000000,0.000000000000000000,16.020995000000000000,1.000000000000000000,0.999999999999996000,0.001768844221105527
0.353999999999999999,3.979005000000000000,3.979005000000000000,2387800.999999999999999999,2387801.000000000000000000,0.000000000000000000,16.020995000000000000,1.000000000000000000,0.999999999999996000,0.001778894472361809
0.355999999999999999,3.979005000000000000,3.979005000000000000,2387800.999999999999999999,2387801.000000000000000000,0.000000000000000000,16.020995000000000000,1.000000000000000000,0.999999999999996000,0.001788944723618090
0.357999999999999999,3.979005000000000000,3.979005000000000000,2387800.999999999999999999,2387801.000000000000000000,0.000000000000000000,16.020995000000000000,1.000000000000000000,0.999999999999996000,0.001798994974874371
0.359999999999999999,3.979005000000000000,3.979005000000000000,2387800.999999999999999999,2387801.000000000000000000,0.000000000000000000,16.020995000000000000,1.000000000000000000,0.999999999999996000,0.001809045226130653
0.361999999999999999,3.979005000000000000,3.979005000000000000,2387800.999999999999999999,2387801.000000000000000000,0.000000000000000000,16.020995000000000000,1.000000000000000000,0.999999999999996000,0.001819095477386934
0.363999999999999999,3.979005000000000000,3.979005000000000000,2387800.999999999999999999,2387801.000000000000000000,0.000000000000000000,16.020995000000000000,1.000000000000000000,0.999999999999996000,0.001829145728643216
0.365999999999999999,3.979005000000000000,3.979005000000000000,2387800.999999999999999999,2387801.000000000000000000,0.000000000000000000,16.020995000000000000,1.000000000000000000,0.999999999999996000,0.001839195979899497
0.367999999999999999,3.979005000000000000,3.979005000000000000,2387800.999999999999999999,2387801.000000000000000000,0.000000000000000000,16.020995000000000000,1.000000000000000000,0.999999999999996000,0.001849246231155778
0.369999999999999999,3.979005000000000000,3.979005000000000000,2387800.999999999999999999,2387801.000000000000000000,0.000000000000000000,16.020995000000000000,1.000000000000000000,0.999999999999996000,0.001859296482412060
0.371999999999999999,3.979005000000000000,3.979005000000000000,2387800.999999999999999999,2387801.000000000000000000,0.000000000000000000,16.020995000000000000,1.000000000000000000,0.999999999999996000,0.001869346733668341
0.373999999999999999,3.979005000000000000,3.979005000000000000,2387800.999999999999999999,2387801.000000000000000000,0.000000000000000000,16.020995000000000000,1.000000000000000000,0.999999999999996000,0.001879396984924623
0.375999999999999999,3.979005000000000000,3.979005000000000000,2387800.999999999999999999,2387801.000000000000000000,0.000000000000000000,16.020995000000000000,1.000000000000000000,0.999999999999996000,0.001889447236180904
0.377999999999999999,3.979005000000000000,3.979005000000000000,2387800.999999999999999999,2387801.000000000000000000,0.000000000000000000,16.020995000000000000,1.000000000000000000,0.999999999999996000,0.001899497487437185
0.379999999999999999,3.979005000000000000,3.979005000000000000,2387800.999999999999999999,2387801.000000000000000000,0.000000000000000000,16.020995000000000000,1.000000000000000000,0.999999999999996000,0.001909547738693467
0.381999999999999999,3.979005000000000000,3.979005000000000000,2387800.999999999999999999,2387801.000000000000000000,0.000000000000000000,16.020995000000000000,1.000000000000000000,0.999999999999996000,0.001919597989949748
0.383999999999999999,3.979005000000000000,3.979005000000000000,2387800.999999999999999999,2387801.000000000000000000,0.000000000000000000,16.020995000000000000,1.000000000000000000,0.999999999999996000,0.001929648241206030
0.385999999999999999,3.979005000000000000,3.979005000000000000,2387800.999999999999999999,2387801.000000000000000000,0.000000000000000000,16.020995000000000000,1.000000000000000000,0.999999999999996000,0.001939698492462311
0.387999999999999999,3.979005000000000000,3.979005000000000000,2387800.999999999999999999,2387801.000000000000000000,0.000000000000000000,16.020995000000000000,1.000000000000000000,0.999999999999996000,0.001949748743718592
0.389999999999999999,3.979005000000000000,3.979005000000000000,2387800.999999999999999999,2387801.000000000000000000,0.000000000000000000,16.020995000000000000,1.000000000000000000,0.999999999999996000,0.001959798994974874
0.391999999999999999,3.979005000000000000,3.979005000000000000,2387800.999999999999999999,2387801.000000000000000000,0.000000000000000000,16.020995000000000000,1.000000000000000000,0.999999999999996000,0.001969849246231155
0.393999999999999999,3.979005000000000000,3.979005000000000000,2387800.999999999999999999,2387801.000000000000000000,0.000000000000000000,16.020995000000000000,1.000000000000000000,0.999999999999996000,0.001979899497487437
0.395999999999999999,3.979005000000000000,3.979005000000000000,2387800.999999999999999999,2387801.000000000000000000,0.000000000000000000,16.020995000000000000,1.000000000000000000,0.999999999999996000,0.001989949748743718
0.398000000000000000,3.979005000000000000,3.979005000000000000,2387800.999999999999999999,2387801.000000000000000000,0.000000000000000000,16.020995000000000000,1.000000000000000000,0.999999999999996000,0.002000000000000000
0.399999999999999999,3.979005000000000000,3.979005000000000000,2387800.999999999999999999,2387801.000000000000000000,0.000000000000000000,16.020995000000000000,1.000000000000000000,0.999999999999996000,0.002010050251256281
0.401999999999999999,3.979005000000000000,3.979005000000000000,2387800.999999999999999999,2387801.000000000000000000,0.000000000000000000,16.020995000000000000,1.000000000000000000,0.999999999999996000,0.002020100502512562
0.403999999999999999,3.979005000000000000,3.979005000000000000,2387800.999999999999999999,2387801.000000000000000000,0.000000000000000000,16.020995000000000000,1.000000000000000000,0.999999999999996000,0.002030150753768844
0.405999999999999999,3.979005000000000000,3.979005000000000000,2387800.999999999999999999,2387801.000000000000000000,0.000000000000000000,16.020995000000000000,1.000000000000000000,0.999999999999996000,0.002040201005025125
0.407999999999999999,3.979005000000000000,3.979005000000000000,2387800.999999999999999999,2387801.000000000000000000,0.000000000000000000,16.020995000000000000,1.000000000000000000,0.999999999999996000,0.002050251256281407
0.409999999999999999,3.979005000000000000,3.979005000000000000,2387800.999999999999999999,2387801.000000000000000000,0.000000000000000000,16.020995000000000000,1.000000000000000000,0.999999999999996000,0.002060301507537688
0.411999999999999999,3.979005000000000000,3.979005000000000000,2387800.999999999999999999,2387801.000000000000000000,0.000000000000000000,16.020995000000000000,1.000000000000000000,0.999999999999996000,0.002070351758793969
0.413999999999999999,3.979005000000000000,3.979005000000000000,2387800.999999999999999999,2387801.000000000000000000,0.000000000000000000,16.020995000000000000,1.000000000000000000,0.999999999999996000,0.002080402010050251
0.415999999999999999,3.979005000000000000,3.979005000000000000,2387800.999999999999999999,2387801.000000000000000000,0.000000000000000000,16.020995000000000000,1.000000000000000000,0.999999999999996000,0.002090452261306532
0.417999999999999999,3.979005000000000000,3.979005000000000000,2387800.999999999999999999,2387801.000000000000000000,0.000000000000000000,16.020995000000000000,1.000000000000000000,0.999999999999996000,0.002100502512562814
0.419999999999999999,3.979005000000000000,3.979005000000000000,2387800.999999999999999999,2387801.000000000000000000,0.000000000000000000,16.020995000000000000,1.000000000000000000,0.999999999999996000,0.002110552763819095
0.421999999999999999,3.979005000000000000,3.979005000000000000,2387800.999999999999999999,2387801.000000000000000000,0.000000000000000000,16.020995000000000000,1.000000000000000000,0.999999999999996000,0.002120603015075376
0.423999999999999999,3.979005000000000000,3.979005000000000000,2387800.999999999999999999,2387801.000000000000000000,0.000000000000000000,16.020995000000000000,1.000000000000000000,0.999999999999996000,0.002130653266331658
0.425999999999999999,3.979005000000000000,3.979005000000000000,2387800.999999999999999999,2387801.000000000000000000,0.000000000000000000,16.020995000000000000,1.000000000000000000,0.999999999999996000,0.002140703517587939
0.427999999999999999,3.979005000000000000,3.979005000000000000,2387800.999999999999999999,2387801.000000000000000000,0.000000000000000000,16.020995000000000000,1.000000000000000000,0.999999999999996000,0.002150753768844221
0.429999999999999999,3.979005000000000000,3.979005000000000000,2387800.999999999999999999,2387801.000000000000000000,0.000000000000000000,16.020995000000000000,1.000000000000000000,0.999999999999996000,0.002160804020100502
0.431999999999999999,3.979005000000000000,3.979005000000000000,2387800.999999999999999999,2387801.000000000000000000,0.000000000000000000,16.020995000000000000,1.000000000000000000,0.999999999999996000,0.002170854271356783
0.433999999999999999,3.979005000000000000,3.979005000000000000,2387800.999999999999999999,2387801.000000000000000000,0.000000000000000000,16.020995000000000000,1.000000000000000000,0.999999999999996000,0.002180904522613065
0.435999999999999999,3.979005000000000000,3.979005000000000000,2387800.999999999999999999,2387801.000000000000000000,0.000000000000000000,16.020995000000000000,1.000000000000000000,0.999999999999996000,0.002190954773869346
0.437999999999999999,3.979005000000000000,3.979005000000000000,2387800.999999999999999999,2387801.000000000000000000,0.000000000000000000,16.020995000000000000,1.000000000000000000,0.999999999999996000,0.002201005025125628
0.439999999999999999,3.979005000000000000,3.979005000000000000,2387800.999999999999999999,2387801.000000000000000000,0.000000000000000000,16.020995000000000000,1.000000000000000000,0.999999999999996000,0.002211055276381909
0.441999999999999999,3.979005000000000000,3.979005000000000000,2387800.999999999999999999,2387801.000000000000000000,0.000000000000000000,16.020995000000000000,1.000000000000000000,0.999999999999996000,0.002221105527638190
0.443999999999999999,3.979005000000000000,3.979005000000000000,2387800.999999999999999999,2387801.000000000000000000,0.000000000000000000,16.020995000000000000,1.000000000000000000,0.999999999999996000,0.002231155778894472
0.445999999999999999,3.979005000000000000,3.979005000000000000,2387800.999999999999999999,2387801.000000000000000000,0.000000000000000000,16.020995000000000000,1.000000000000000000,0.999999999999996000,0.002241206030150753
0.447999999999999999,3.979005000000000000,3.979005000000000000,2387800.999999999999999999,2387801.000000000000000000,0.000000000000000000,16.020995000000000000,1.000000000000000000,0.999999999999996000,0.002251256281407035
0.449999999999999999,3.979005000000000000,3.979005000000000000,2387800.999999999999999999,2387801.000000000000000000,0.000000000000000000,16.020995000000000000,1.000000000000000000,0.999999999999996000,0.002261306532663316
0.451999999999999999,3.979005000000000000,3.979005000000000000,2387800.999999999999999999,2387801.000000000000000000,0.000000000000000000,16.020995000000000000,1.000000000000000000,0.999999999999996000,0.002271356783919597
0.453999999999999999,3.979005000000000000,3.979005000000000000,2387800.999999999999999999,2387801.000000000000000000,0.000000000000000000,16.020995000000000000,1.000000000000000000,0.999999999999996000,0.002281407035175879
0.455999999999999999,3.979005000000000000,3.979005000000000000,2387800.999999999999999999,2387801.000000000000000000,0.000000000000000000,16.020995000000000000,1.000000000000000000,0.999999999999996000,0.002291457286432160
0.457999999999999999,3.979005000000000000,3.979005000000000000,2387800.999999999999999999,2387801.000000000000000000,0.000000000000000000,16.020995000000000000,1.000000000000000000,0.999999999999996000,0.002301507537688442
0.459999999999999999,3.979005000000000000,3.979005000000000000,2387800.999999999999999999,2387801.000000000000000000,0.000000000000000000,16.020995000000000000,1.000000000000000000,0.999999999999996000,0.002311557788944723
0.461999999999999999,3.979005000000000000,3.979005000000000000,2387800.999999999999999999,2387801.000000000000000000,0.000000000000000000,16.020995000000000000,1.000000000000000000,0.999999999999996000,0.002321608040201005
0.463999999999999999,3.979005000000000000,3.979005000000000000,2387800.999999999999999999,2387801.000000000000000000,0.000000000000000000,16.020995000000000000,1.000000000000000000,0.999999999999996000,0.002331658291457286
0.465999999999999999,3.979005000000000000,3.979005000000000000,2387800.999999999999999999,2387801.000000000000000000,0.000000000000000000,16.020995000000000000,1.000000000000000000,0.999999999999996000,0.002341708542713567
0.467999999999999999,3.979005000000000000,3.979005000000000000,2387800.999999999999999999,2387801.000000000000000000,0.000000000000000000,16.020995000000000000,1.000000000000000000,0.999999999999996000,0.002351758793969849
0.469999999999999999,3.979005000000000000,3.979005000000000000,2387800.999999999999999999,2387801.000000000000000000,0.000000000000000000,16.020995000000000000,1.000000000000000000,0.999999999999996000,0.002361809045226130
0.471999999999999999,3.979005000000000000,3.979005000000000000,2387800.999999999999999999,2387801.000000000000000000,0.000000000000000000,16.020995000000000000,1.000000000000000000,0.999999999999996000,0.002371859296482412
0.473999999999999999,3.979005000000000000,3.979005000000000000,2387800.999999999999999999,2387801.000000000000000000,0.000000000000000000,16.020995000000000000,1.000000000000000000,0.999999999999996000,0.002381909547738693
0.475999999999999999,3.979005000000000000,3.979005000000000000,2387800.999999999999999999,2387801.000000000000000000,0.000000000000000000,16.020995000000000000,1.000000000000000000,0.999999999999996000,0.002391959798994974
0.477999999999999999,3.979005000000000000,3.979005000000000000,2387800.999999999999999999,2387801.000000000000000000,0.000000000000000000,16.020995000000000000,1.000000000000000000,0.999999999999996000,0.002402010050251256
0.479999999999999999,3.979005000000000000,3.979005000000000000,2387800.999999999999999999,2387801.000000000000000000,0.000000000000000000,16.020995000000000000,1.000000000000000000,0.999999999999996000,0.002412060301507537
0.481999999999999999,3.979005000000000000,3.979005000000000000,2387800.999999999999999999,2387801.000000000000000000,0.000000000000000000,16.020995000000000000,1.000000000000000000,0.999999999999996000,0.002422110552763819
0.483999999999999999,3.979005000000000000,3.979005000000000000,2387800.999999999999999999,2387801.000000000000000000,0.000000000000000000,16.020995000000000000,1.000000000000000000,0.999999999999996000,0.002432160804020100
0.485999999999999999,3.979005000000000000,3.979005000000000000,2387800.999999999999999999,2387801.000000000000000000,0.000000000000000000,16.020995000000000000,1.000000000000000000,0.999999999999996000,0.002442211055276381
0.487999999999999999,3.979005000000000000,3.979005000000000000,2387800.999999999999999999,2387801.000000000000000000,0.000000000000000000,16.020995000000000000,1.000000000000000000,0.999999999999996000,0.002452261306532663
0.489999999999999999,3.979005000000000000,3.979005000000000000,2387800.999999999999999999,2387801.000000000000000000,0.000000000000000000,16.020995000000000000,1.000000000000000000,0.999999999999996000,0.002462311557788944
0.491999999999999999,3.979005000000000000,3.979005000000000000,2387800.999999999999999999,2387801.000000000000000000,0.000000000000000000,16.020995000000000000,1.000000000000000000,0.999999999999996000,0.002472361809045226
0.493999999999999999,3.979005000000000000,3.979005000000000000,2387800.999999999999999999,2387801.000000000000000000,0.000000000000000000,16.020995000000000000,1.000000000000000000,0.999999999999996000,0.002482412060301507
0.495999999999999999,3.979005000000000000,3.979005000000000000,2387800.999999999999999999,2387801.000000000000000000,0.000000000000000000,16.020995000000000000,1.000000000000000000,0.999999999999996000,0.002492462311557788
0.497999999999999999,3.979005000000000000,3.979005000000000000,2387800.999999999999999999,2387801.000000000000000000,0.000000000000000000,16.020995000000000000,1.000000000000000000,0.999999999999996000,0.002502512562814070
0.499999999999999999,3.979005000000000000,3.979005000000000000,2387800.999999999999999999,2387801.000000000000000000,0.000000000000000000,16.020995000000000000,1.000000000000000000,0.999999999999996000,0.002512562814070351
0.501999999999999999,3.979005000000000000,3.979005000000000000,2387800.999999999999999999,2387801.000000000000000000,0.000000000000000000,16.020995000000000000,1.000000000000000000,0.999999999999996000,0.002522613065326633
0.503999999999999999,3.979005000000000000,3.979005000000000000,2387800.999999999999999999,2387801.000000000000000000,0.000000000000000000,16.020995000000000000,1.000000000000000000,0.999999999999996000,0.002532663316582914
0.505999999999999999,3.979005000000000000,3.979005000000000000,2387800.999999999999999999,2387801.000000000000000000,0.000000000000000000,16.020995000000000000,1.000000000000000000,0.999999999999996000,0.002542713567839195
0.507999999999999999,3.979005000000000000,3.979005000000000000,2387800.999999999999999999,2387801.000000000000000000,0.000000000000000000,16.020995000000000000,1.000000000000000000,0.999999999999996000,0.002552763819095477
0.509999999999999999,3.979005000000000000,3.979005000000000000,2387800.999999999999999999,2387801.000000000000000000,0.000000000000000000,16.020995000000000000,1.000000000000000000,0.999999999999996000,0.002562814070351758
0.511999999999999999,3.979005000000000000,3.979005000000000000,2387800.999999999999999999,2387801.000000000000000000,0.000000000000000000,16.020995000000000000,1.000000000000000000,0.999999999999996000,0.002572864321608040
0.513999999999999999,3.979005000000000000,3.979005000000000000,2387800.999999999999999999,2387801.000000000000000000,0.000000000000000000,16.020995000000000000,1.000000000000000000,0.999999999999996000,0.002582914572864321
0.515999999999999999,3.979005000000000000,3.979005000000000000,2387800.999999999999999999,2387801.000000000000000000,0.000000000000000000,16.020995000000000000,1.000000000000000000,0.999999999999996000,0.002592964824120603
0.517999999999999999,3.979005000000000000,3.979005000000000000,2387800.999999999999999999,2387801.000000000000000000,0.000000000000000000,16.020995000000000000,1.000000000000000000,0.999999999999996000,0.002603015075376884
0.519999999999999999,3.979005000000000000,3.979005000000000000,2387800.999999999999999999,2387801.000000000000000000,0.000000000000000000,16.020995000000000000,1.000000000000000000,0.999999999999996000,0.002613065326633165
0.521999999999999999,3.979005000000000000,3.979005000000000000,2387800.999999999999999999,2387801.000000000000000000,0.000000000000000000,16.020995000000000000,1.000000000000000000,0.999999999999996000,0.002623115577889447
0.523999999999999999,3.979005000000000000,3.979005000000000000,2387800.999999999999999999,2387801.000000000000000000,0.000000000000000000,16.020995000000000000,1.000000000000000000,0.999999999999996000,0.002633165829145728
0.525999999999999999,3.979005000000000000,3.979005000000000000,2387800.999999999999999999,2387801.000000000000000000,0.000000000000000000,16.020995000000000000,1.000000000000000000,0.999999999999996000,0.002643216080402010
0.527999999999999999,3.979005000000000000,3.979005000000000000,2387800.999999999999999999,2387801.000000000000000000,0.000000000000000000,16.020995000000000000,1.000000000000000000,0.999999999999996000,0.002653266331658291
0.529999999999999999,3.979005000000000000,3.979005000000000000,2387800.999999999999999999,2387801.000000000000000000,0.000000000000000000,16.020995000000000000,1.000000000000000000,0.999999999999996000,0.002663316582914572
0.531999999999999999,3.979005000000000000,3.979005000000000000,2387800.999999999999999999,2387801.000000000000000000,0.000000000000000000,16.020995000000000000,1.000000000000000000,0.999999999999996000,0.002673366834170854
0.533999999999999999,3.979005000000000000,3.979005000000000000,2387800.999999999999999999,2387801.000000000000000000,0.000000000000000000,16.020995000000000000,1.000000000000000000,0.999999999999996000,0.002683417085427135
0.535999999999999999,3.979005000000000000,3.979005000000000000,2387800.999999999999999999,2387801.000000000000000000,0.000000000000000000,16.020995000000000000,1.000000000000000000,0.999999999999996000,0.002693467336683417
0.537999999999999999,3.979005000000000000,3.979005000000000000,2387800.999999999999999999,2387801.000000000000000000,0.000000000000000000,16.020995000000000000,1.000000000000000000,0.999999999999996000,0.002703517587939698
0.539999999999999999,3.979005000000000000,3.979005000000000000,2387800.999999999999999999,2387801.000000000000000000,0.000000000000000000,16.020995000000000000,1.000000000000000000,0.999999999999996000,0.002713567839195979
0.541999999999999999,3.979005000000000000,3.979005000000000000,2387800.999999999999999999,2387801.000000000000000000,0.000000000000000000,16.020995000000000000,1.000000000000000000,0.999999999999996000,0.002723618090452261
0.543999999999999999,3.979005000000000000,3.979005000000000000,2387800.999999999999999999,2387801.000000000000000000,0.000000000000000000,16.020995000000000000,1.000000000000000000,0.999999999999996000,0.002733668341708542
0.545999999999999999,3.979005000000000000,3.979005000000000000,2387800.999999999999999999,2387801.000000000000000000,0.000000000000000000,16.020995000000000000,1.000000000000000000,0.999999999999996000,0.002743718592964824
0.547999999999999999,3.979005000000000000,3.979005000000000000,2387800.999999999999999999,2387801.000000000000000000,0.000000000000000000,16.020995000000000000,1.000000000000000000,0.999999999999996000,0.002753768844221105
0.549999999999999999,3.979005000000000000,3.979005000000000000,2387800.999999999999999999,2387801.000000000000000000,0.000000000000000000,16.020995000000000000,1.000000000000000000,0.999999999999996000,0.002763819095477386
0.551999999999999999,3.979005000000000000,3.979005000000000000,2387800.999999999999999999,2387801.000000000000000000,0.000000000000000000,16.020995000000000000,1.000000000000000000,0.999999999999996000,0.002773869346733668
0.553999999999999999,3.979005000000000000,3.979005000000000000,2387800.999999999999999999,2387801.000000000000000000,0.000000000000000000,16.020995000000000000,1.000000000000000000,0.999999999999996000,0.002783919597989949
0.555999999999999999,3.979005000000000000,3.979005000000000000,2387800.999999999999999999,2387801.000000000000000000,0.000000000000000000,16.020995000000000000,1.000000000000000000,0.999999999999996000,0.002793969849246231
0.557999999999999999,3.979005000000000000,3.979005000000000000,2387800.999999999999999999,2387801.000000000000000000,0.000000000000000000,16.020995000000000000,1.000000000000000000,0.999999999999996000,0.002804020100502512
0.559999999999999999,3.979005000000000000,3.979005000000000000,2387800.999999999999999999,2387801.000000000000000000,0.000000000000000000,16.020995000000000000,1.000000000000000000,0.999999999999996000,0.002814070351758793
0.561999999999999999,3.979005000000000000,3.979005000000000000,2387800.999999999999999999,2387801.000000000000000000,0.000000000000000000,16.020995000000000000,1.000000000000000000,0.999999999999996000,0.002824120603015075
0.563999999999999999,3.979005000000000000,3.979005000000000000,2387800.999999999999999999,2387801.000000000000000000,0.000000000000000000,16.020995000000000000,1.000000000000000000,0.999999999999996000,0.002834170854271356
0.565999999999999999,3.979005000000000000,3.979005000000000000,2387800.999999999999999999,2387801.000000000000000000,0.000000000000000000,16.020995000000000000,1.000000000000000000,0.999999999999996000,0.002844221105527638
0.567999999999999999,3.979005000000000000,3.979005000000000000,2387800.999999999999999999,2387801.000000000000000000,0.000000000000000000,16.020995000000000000,1.000000000000000000,0.999999999999996000,0.002854271356783919
0.569999999999999999,3.979005000000000000,3.979005000000000000,2387800.999999999999999999,2387801.000000000000000000,0.000000000000000000,16.020995000000000000,1.000000000000000000,0.999999999999996000,0.002864321608040201
0.571999999999999999,3.979005000000000000,3.979005000000000000,2387800.999999999999999999,2387801.000000000000000000,0.000000000000000000,16.020995000000000000,1.000000000000000000,0.999999999999996000,0.002874371859296482
0.573999999999999999,3.979005000000000000,3.979005000000000000,2387800.999999999999999999,2387801.000000000000000000,0.000000000000000000,16.020995000000000000,1.000000000000000000,0.999999999999996000,0.002884422110552763
0.575999999999999999,3.979005000000000000,3.979005000000000000,2387800.999999999999999999,2387801.000000000000000000,0.000000000000000000,16.020995000000000000,1.000000000000000000,0.999999999999996000,0.002894472361809045
0.577999999999999999,3.979005000000000000,3.979005000000000000,2387800.999999999999999999,2387801.000000000000000000,0.000000000000000000,16.020995000000000000,1.000000000000000000,0.999999999999996000,0.002904522613065326
0.579999999999999999,3.979005000000000000,3.979005000000000000,2387800.999999999999999999,2387801.000000000000000000,0.000000000000000000,16.020995000000000000,1.000000000000000000,0.999999999999996000,0.002914572864321608
0.581999999999999999,3.979005000000000000,3.979005000000000000,2387800.999999999999999999,2387801.000000000000000000,0.000000000000000000,16.020995000000000000,1.000000000000000000,0.999999999999996000,0.002924623115577889
0.583999999999999999,3.979005000000000000,3.979005000000000000,2387800.999999999999999999,2387801.000000000000000000,0.000000000000000000,16.020995000000000000,1.000000000000000000,0.999999999999996000,0.002934673366834170
0.585999999999999999,3.979005000000000000,3.979005000000000000,2387800.999999999999999999,2387801.000000000000000000,0.000000000000000000,16.020995000000000000,1.000000000000000000,0.999999999999996000,0.002944723618090452
0.587999999999999999,3.979005000000000000,3.979005000000000000,2387800.999999999999999999,2387801.000000000000000000,0.000000000000000000,16.020995000000000000,1.000000000000000000,0.999999999999996000,0.002954773869346733
0.589999999999999999,3.979005000000000000,3.979005000000000000,2387800.999999999999999999,2387801.000000000000000000,0.000000000000000000,16.020995000000000000,1.000000000000000000,0.999999999999996000,0.002964824120603015
0.591999999999999999,3.979005000000000000,3.979005000000000000,2387800.999999999999999999,2387801.000000000000000000,0.000000000000000000,16.020995000000000000,1.000000000000000000,0.999999999999996000,0.002974874371859296
0.593999999999999999,3.979005000000000000,3.979005000000000000,2387800.999999999999999999,2387801.000000000000000000,0.000000000000000000,16.020995000000000000,1.000000000000000000,0.999999999999996000,0.002984924623115577
0.595999999999999999,3.979005000000000000,3.979005000000000000,2387800.999999999999999999,2387801.000000000000000000,0.000000000000000000,16.020995000000000000,1.000000000000000000,0.999999999999996000,0.002994974874371859
0.597999999999999999,3.979005000000000000,3.979005000000000000,2387800.999999999999999999,2387801.000000000000000000,0.000000000000000000,16.020995000000000000,1.000000000000000000,0.999999999999996000,0.003005025125628140
0.599999999999999999,3.979005000000000000,3.979005000000000000,2387800.999999999999999999,2387801.000000000000000000,0.000000000000000000,16.020995000000000000,1.000000000000000000,0.999999999999996000,0.003015075376884422
0.601999999999999999,3.979005000000000000,3.979005000000000000,2387800.999999999999999999,2387801.000000000000000000,0.000000000000000000,16.020995000000000000,1.000000000000000000,0.999999999999996000,0.003025125628140703
0.603999999999999999,3.979005000000000000,3.979005000000000000,2387800.999999999999999999,2387801.000000000000000000,0.000000000000000000,16.020995000000000000,1.000000000000000000,0.999999999999996000,0.003035175879396984
0.605999999999999999,3.979005000000000000,3.979005000000000000,2387800.999999999999999999,2387801.000000000000000000,0.000000000000000000,16.020995000000000000,1.000000000000000000,0.999999999999996000,0.003045226130653266
0.607999999999999999,3.979005000000000000,3.979005000000000000,2387800.999999999999999999,2387801.000000000000000000,0.000000000000000000,16.020995000000000000,1.000000000000000000,0.999999999999996000,0.003055276381909547
0.609999999999999999,3.979005000000000000,3.979005000000000000,2387800.999999999999999999,2387801.000000000000000000,0.000000000000000000,16.020995000000000000,1.000000000000000000,0.999999999999996000,0.003065326633165829
0.611999999999999999,3.979005000000000000,3.979005000000000000,2387800.999999999999999999,2387801.000000000000000000,0.000000000000000000,16.020995000000000000,1.000000000000000000,0.999999999999996000,0.003075376884422110
0.613999999999999999,3.979005000000000000,3.979005000000000000,2387800.999999999999999999,2387801.000000000000000000,0.000000000000000000,16.020995000000000000,1.000000000000000000,0.999999999999996000,0.003085427135678391
0.615999999999999999,3.979005000000000000,3.979005000000000000,2387800.999999999999999999,2387801.000000000000000000,0.000000000000000000,16.020995000000000000,1.000000000000000000,0.999999999999996000,0.003095477386934673
0.617999999999999999,3.979005000000000000,3.979005000000000000,2387800.999999999999999999,2387801.000000000000000000,0.000000000000000000,16.020995000000000000,1.000000000000000000,0.999999999999996000,0.003105527638190954
0.619999999999999999,3.979005000000000000,3.979005000000000000,2387800.999999999999999999,2387801.000000000000000000,0.000000000000000000,16.020995000000000000,1.000000000000000000,0.999999999999996000,0.003115577889447236
0.621999999999999999,3.979005000000000000,3.979005000000000000,2387800.999999999999999999,2387801.000000000000000000,0.000000000000000000,16.020995000000000000,1.000000000000000000,0.999999999999996000,0.003125628140703517
0.623999999999999999,3.979005000000000000,3.979005000000000000,2387800.999999999999999999,2387801.000000000000000000,0.000000000000000000,16.020995000000000000,1.000000000000000000,0.999999999999996000,0.003135678391959798
0.625999999999999999,3.979005000000000000,3.979005000000000000,2387800.999999999999999999,2387801.000000000000000000,0.000000000000000000,16.020995000000000000,1.000000000000000000,0.999999999999996000,0.003145728643216080
0.627999999999999999,3.979005000000000000,3.979005000000000000,2387800.999999999999999999,2387801.000000000000000000,0.000000000000000000,16.020995000000000000,1.000000000000000000,0.999999999999996000,0.003155778894472361
0.629999999999999999,3.979005000000000000,3.979005000000000000,2387800.999999999999999999,2387801.000000000000000000,0.000000000000000000,16.020995000000000000,1.000000000000000000,0.999999999999996000,0.003165829145728643
0.631999999999999999,3.979005000000000000,3.979005000000000000,2387800.999999999999999999,2387801.000000000000000000,0.000000000000000000,16.020995000000000000,1.000000000000000000,0.999999999999996000,0.003175879396984924
0.633999999999999999,3.979005000000000000,3.979005000000000000,2387800.999999999999999999,2387801.000000000000000000,0.000000000000000000,16.020995000000000000,1.000000000000000000,0.999999999999996000,0.003185929648241206
0.635999999999999999,3.979005000000000000,3.979005000000000000,2387800.999999999999999999,2387801.000000000000000000,0.000000000000000000,16.020995000000000000,1.000000000000000000,0.999999999999996000,0.003195979899497487
0.637999999999999999,3.979005000000000000,3.979005000000000000,2387800.999999999999999999,2387801.000000000000000000,0.000000000000000000,16.020995000000000000,1.000000000000000000,0.999999999999996000,0.003206030150753768
0.639999999999999999,3.979005000000000000,3.979005000000000000,2387800.999999999999999999,2387801.000000000000000000,0.000000000000000000,16.020995000000000000,1.000000000000000000,0.999999999999996000,0.003216080402010050
0.641999999999999999,3.979005000000000000,3.979005000000000000,2387800.999999999999999999,2387801.000000000000000000,0.000000000000000000,16.020995000000000000,1.000000000000000000,0.999999999999996000,0.003226130653266331
0.643999999999999999,3.979005000000000000,3.979005000000000000,2387800.999999999999999999,2387801.000000000000000000,0.000000000000000000,16.020995000000000000,1.000000000000000000,0.999999999999996000,0.003236180904522613
0.645999999999999999,3.979005000000000000,3.979005000000000000,2387800.999999999999999999,2387801.000000000000000000,0.000000000000000000,16.020995000000000000,1.000000000000000000,0.999999999999996000,0.003246231155778894
0.647999999999999999,3.979005000000000000,3.979005000000000000,2387800.999999999999999999,2387801.000000000000000000,0.000000000000000000,16.020995000000000000,1.000000000000000000,0.999999999999996000,0.003256281407035175
0.649999999999999999,3.979005000000000000,3.979005000000000000,2387800.999999999999999999,2387801.000000000000000000,0.000000000000000000,16.020995000000000000,1.000000000000000000,0.999999999999996000,0.003266331658291457
0.651999999999999999,3.979005000000000000,3.979005000000000000,2387800.999999999999999999,2387801.000000000000000000,0.000000000000000000,16.020995000000000000,1.000000000000000000,0.999999999999996000,0.003276381909547738
0.653999999999999999,3.979005000000000000,3.979005000000000000,2387800.999999999999999999,2387801.000000000000000000,0.000000000000000000,16.020995000000000000,1.000000000000000000,0.999999999999996000,0.003286432160804020
0.655999999999999999,3.979005000000000000,3.979005000000000000,2387800.999999999999999999,2387801.000000000000000000,0.000000000000000000,16.020995000000000000,1.000000000000000000,0.999999999999996000,0.003296482412060301
0.657999999999999999,3.979005000000000000,3.979005000000000000,2387800.999999999999999999,2387801.000000000000000000,0.000000000000000000,16.020995000000000000,1.000000000000000000,0.999999999999996000,0.003306532663316582
0.659999999999999999,3.979005000000000000,3.979005000000000000,2387800.999999999999999999,2387801.000000000000000000,0.000000000000000000,16.020995000000000000,1.000000000000000000,0.999999999999996000,0.003316582914572864
0.661999999999999999,3.979005000000000000,3.979005000000000000,2387800.999999999999999999,2387801.000000000000000000,0.000000000000000000,16.020995000000000000,1.000000000000000000,0.999999999999996000,0.003326633165829145
0.663999999999999999,3.979005000000000000,3.979005000000000000,2387800.999999999999999999,2387801.000000000000000000,0.000000000000000000,16.020995000000000000,1.000000000000000000,0.999999999999996000,0.003336683417085427
0.665999999999999999,3.979005000000000000,3.979005000000000000,2387800.999999999999999999,2387801.000000000000000000,0.000000000000000000,16.020995000000000000,1.000000000000000000,0.999999999999996000,0.003346733668341708
0.667999999999999999,3.979005000000000000,3.979005000000000000,2387800.999999999999999999,2387801.000000000000000000,0.000000000000000000,16.020995000000000000,1.000000000000000000,0.999999999999996000,0.003356783919597989
0.669999999999999999,3.979005000000000000,3.979005000000000000,2387800.999999999999999999,2387801.000000000000000000,0.000000000000000000,16.020995000000000000,1.000000000000000000,0.999999999999996000,0.003366834170854271
0.671999999999999999,3.979005000000000000,3.979005000000000000,2387800.999999999999999999,2387801.000000000000000000,0.000000000000000000,16.020995000000000000,1.000000000000000000,0.999999999999996000,0.003376884422110552
0.673999999999999999,3.979005000000000000,3.979005000000000000,2387800.999999999999999999,2387801.000000000000000000,0.000000000000000000,16.020995000000000000,1.000000000000000000,0.999999999999996000,0.003386934673366834
0.675999999999999999,3.979005000000000000,3.979005000000000000,2387800.999999999999999999,2387801.000000000000000000,0.000000000000000000,16.020995000000000000,1.000000000000000000,0.999999999999996000,0.003396984924623115
0.677999999999999999,3.979005000000000000,3.979005000000000000,2387800.999999999999999999,2387801.000000000000000000,0.000000000000000000,16.020995000000000000,1.000000000000000000,0.999999999999996000,0.003407035175879396
0.679999999999999999,3.979005000000000000,3.979005000000000000,2387800.999999999999999999,2387801.000000000000000000,0.000000000000000000,16.020995000000000000,1.000000000000000000,0.999999999999996000,0.003417085427135678
0.681999999999999999,3.979005000000000000,3.979005000000000000,2387800.999999999999999999,2387801.000000000000000000,0.000000000000000000,16.020995000000000000,1.000000000000000000,0.999999999999996000,0.003427135678391959
0.683999999999999999,3.979005000000000000,3.979005000000000000,2387800.999999999999999999,2387801.000000000000000000,0.000000000000000000,16.020995000000000000,1.000000000000000000,0.999999999999996000,0.003437185929648241
0.685999999999999999,3.979005000000000000,3.979005000000000000,2387800.999999999999999999,2387801.000000000000000000,0.000000000000000000,16.020995000000000000,1.000000000000000000,0.999999999999996000,0.003447236180904522
0.687999999999999999,3.979005000000000000,3.979005000000000000,2387800.999999999999999999,2387801.000000000000000000,0.000000000000000000,16.020995000000000000,1.000000000000000000,0.999999999999996000,0.003457286432160804
0.689999999999999999,3.979005000000000000,3.979005000000000000,2387800.999999999999999999,2387801.000000000000000000,0.000000000000000000,16.020995000000000000,1.000000000000000000,0.999999999999996000,0.003467336683417085
0.691999999999999999,3.979005000000000000,3.979005000000000000,2387800.999999999999999999,2387801.000000000000000000,0.000000000000000000,16.020995000000000000,1.000000000000000000,0.999999999999996000,0.003477386934673366
0.693999999999999999,3.979005000000000000,3.979005000000000000,2387800.999999999999999999,2387801.000000000000000000,0.000000000000000000,16.020995000000000000,1.000000000000000000,0.999999999999996000,0.003487437185929648
0.695999999999999999,3.979005000000000000,3.979005000000000000,2387800.999999999999999999,2387801.000000000000000000,0.000000000000000000,16.020995000000000000,1.000000000000000000,0.999999999999996000,0.003497487437185929
0.697999999999999999,3.979005000000000000,3.979005000000000000,2387800.999999999999999999,2387801.000000000000000000,0.000000000000000000,16.020995000000000000,1.000000000000000000,0.999999999999996000,0.003507537688442211
0.699999999999999999,3.979005000000000000,3.979005000000000000,2387800.999999999999999999,2387801.000000000000000000,0.000000000000000000,16.020995000000000000,1.000000000000000000,0.999999999999996000,0.003517587939698492
0.701999999999999999,3.979005000000000000,3.979005000000000000,2387800.999999999999999999,2387801.000000000000000000,0.000000000000000000,16.020995000000000000,1.000000000000000000,0.999999999999996000,0.003527638190954773
0.703999999999999999,3.979005000000000000,3.979005000000000000,2387800.999999999999999999,2387801.000000000000000000,0.000000000000000000,16.020995000000000000,1.000000000000000000,0.999999999999996000,0.003537688442211055
0.705999999999999999,3.979005000000000000,3.979005000000000000,2387800.999999999999999999,2387801.000000000000000000,0.000000000000000000,16.020995000000000000,1.000000000000000000,0.999999999999996000,0.003547738693467336
0.707999999999999999,3.979005000000000000,3.979005000000000000,2387800.999999999999999999,2387801.000000000000000000,0.000000000000000000,16.020995000000000000,1.000000000000000000,0.999999999999996000,0.003557788944723618
0.709999999999999999,3.979005000000000000,3.979005000000000000,2387800.999999999999999999,2387801.000000000000000000,0.000000000000000000,16.020995000000000000,1.000000000000000000,0.999999999999996000,0.003567839195979899
0.711999999999999999,3.979005000000000000,3.979005000000000000,2387800.999999999999999999,2387801.000000000000000000,0.000000000000000000,16.020995000000000000,1.000000000000000000,0.999999999999996000,0.003577889447236180
0.713999999999999999,3.979005000000000000,3.979005000000000000,2387800.999999999999999999,2387801.000000000000000000,0.000000000000000000,16.020995000000000000,1.000000000000000000,0.999999999999996000,0.003587939698492462
0.715999999999999999,3.979005000000000000,3.979005000000000000,2387800.999999999999999999,2387801.000000000000000000,0.000000000000000000,16.020995000000000000,1.000000000000000000,0.999999999999996000,0.003597989949748743
0.717999999999999999,3.979005000000000000,3.979005000000000000,2387800.999999999999999999,2387801.000000000000000000,0.000000000000000000,16.020995000000000000,1.000000000000000000,0.999999999999996000,0.003608040201005025
0.719999999999999999,3.979005000000000000,3.979005000000000000,2387800.999999999999999999,2387801.000000000000000000,0.000000000000000000,16.020995000000000000,1.000000000000000000,0.999999999999996000,0.003618090452261306
0.721999999999999999,3.979005000000000000,3.979005000000000000,2387800.999999999999999999,2387801.000000000000000000,0.000000000000000000,16.020995000000000000,1.000000000000000000,0.999999999999996000,0.003628140703517587
0.723999999999999999,3.979005000000000000,3.979005000000000000,2387800.999999999999999999,2387801.000000000000000000,0.000000000000000000,16.020995000000000000,1.000000000000000000,0.999999999999996000,0.003638190954773869
0.725999999999999999,3.979005000000000000,3.979005000000000000,2387800.999999999999999999,2387801.000000000000000000,0.000000000000000000,16.020995000000000000,1.000000000000000000,0.999999999999996000,0.003648241206030150
0.727999999999999999,3.979005000000000000,3.979005000000000000,2387800.999999999999999999,2387801.000000000000000000,0.000000000000000000,16.020995000000000000,1.000000000000000000,0.999999999999996000,0.003658291457286432
0.729999999999999999,3.979005000000000000,3.979005000000000000,2387800.999999999999999999,2387801.000000000000000000,0.000000000000000000,16.020995000000000000,1.000000000000000000,0.999999999999996000,0.003668341708542713
0.731999999999999999,3.979005000000000000,3.979005000000000000,2387800.999999999999999999,2387801.000000000000000000,0.000000000000000000,16.020995000000000000,1.000000000000000000,0.999999999999996000,0.003678391959798994
0.733999999999999999,3.979005000000000000,3.979005000000000000,2387800.999999999999999999,2387801.000000000000000000,0.000000000000000000,16.020995000000000000,1.000000000000000000,0.999999999999996000,0.003688442211055276
0.735999999999999999,3.979005000000000000,3.979005000000000000,2387800.999999999999999999,2387801.000000000000000000,0.000000000000000000,16.020995000000000000,1.000000000000000000,0.999999999999996000,0.003698492462311557
0.737999999999999999,3.979005000000000000,3.979005000000000000,2387800.999999999999999999,2387801.000000000000000000,0.000000000000000000,16.020995000000000000,1.000000000000000000,0.999999999999996000,0.003708542713567839
0.739999999999999999,3.979005000000000000,3.979005000000000000,2387800.999999999999999999,2387801.000000000000000000,0.000000000000000000,16.020995000000000000,1.000000000000000000,0.999999999999996000,0.003718592964824120
0.741999999999999999,3.979005000000000000,3.979005000000000000,2387800.999999999999999999,2387801.000000000000000000,0.000000000000000000,16.020995000000000000,1.000000000000000000,0.999999999999996000,0.003728643216080402
0.743999999999999999,3.979005000000000000,3.979005000000000000,2387800.999999999999999999,2387801.000000000000000000,0.000000000000000000,16.020995000000000000,1.000000000000000000,0.999999999999996000,0.003738693467336683
0.745999999999999999,3.979005000000000000,3.979005000000000000,2387800.999999999999999999,2387801.000000000000000000,0.000000000000000000,16.020995000000000000,1.000000000000000000,0.999999999999996000,0.003748743718592964
0.747999999999999999,3.979005000000000000,3.979005000000000000,2387800.999999999999999999,2387801.000000000000000000,0.000000000000000000,16.020995000000000000,1.000000000000000000,0.999999999999996000,0.003758793969849246
0.749999999999999999,3.979005000000000000,3.979005000000000000,2387800.999999999999999999,2387801.000000000000000000,0.000000000000000000,16.020995000000000000,1.000000000000000000,0.999999999999996000,0.003768844221105527
0.751999999999999999,3.979005000000000000,3.979005000000000000,2387800.999999999999999999,2387801.000000000000000000,0.000000000000000000,16.020995000000000000,1.000000000000000000,0.999999999999996000,0.003778894472361809
0.753999999999999999,3.979005000000000000,3.979005000000000000,2387800.999999999999999999,2387801.000000000000000000,0.000000000000000000,16.020995000000000000,1.000000000000000000,0.999999999999996000,0.003788944723618090
0.755999999999999999,3.979005000000000000,3.979005000000000000,2387800.999999999999999999,2387801.000000000000000000,0.000000000000000000,16.020995000000000000,1.000000000000000000,0.999999999999996000,0.003798994974874371
0.757999999999999999,3.979005000000000000,3.979005000000000000,2387800.999999999999999999,2387801.000000000000000000,0.000000000000000000,16.020995000000000000,1.000000000000000000,0.999999999999996000,0.003809045226130653
0.759999999999999999,3.979005000000000000,3.979005000000000000,2387800.999999999999999999,2387801.000000000000000000,0.000000000000000000,16.020995000000000000,1.000000000000000000,0.999999999999996000,0.003819095477386934
0.761999999999999999,3.979005000000000000,3.979005000000000000,2387800.999999999999999999,2387801.000000000000000000,0.000000000000000000,16.020995000000000000,1.000000000000000000,0.999999999999996000,0.003829145728643216
0.763999999999999999,3.979005000000000000,3.979005000000000000,2387800.999999999999999999,2387801.000000000000000000,0.000000000000000000,16.020995000000000000,1.000000000000000000,0.999999999999996000,0.003839195979899497
0.765999999999999999,3.979005000000000000,3.979005000000000000,2387800.999999999999999999,2387801.000000000000000000,0.000000000000000000,16.020995000000000000,1.000000000000000000,0.999999999999996000,0.003849246231155778
0.767999999999999999,3.979005000000000000,3.979005000000000000,2387800.999999999999999999,2387801.000000000000000000,0.000000000000000000,16.020995000000000000,1.000000000000000000,0.999999999999996000,0.003859296482412060
0.769999999999999999,3.979005000000000000,3.979005000000000000,2387800.999999999999999999,2387801.000000000000000000,0.000000000000000000,16.020995000000000000,1.000000000000000000,0.999999999999996000,0.003869346733668341
0.771999999999999999,3.979005000000000000,3.979005000000000000,2387800.999999999999999999,2387801.000000000000000000,0.000000000000000000,16.020995000000000000,1.000000000000000000,0.999999999999996000,0.003879396984924623
0.773999999999999999,3.979005000000000000,3.979005000000000000,2387800.999999999999999999,2387801.000000000000000000,0.000000000000000000,16.020995000000000000,1.000000000000000000,0.999999999999996000,0.003889447236180904
0.775999999999999999,3.979005000000000000,3.979005000000000000,2387800.999999999999999999,2387801.000000000000000000,0.000000000000000000,16.020995000000000000,1.000000000000000000,0.999999999999996000,0.003899497487437185
0.777999999999999999,3.979005000000000000,3.979005000000000000,2387800.999999999999999999,2387801.000000000000000000,0.000000000000000000,16.020995000000000000,1.000000000000000000,0.999999999999996000,0.003909547738693467
0.779999999999999999,3.979005000000000000,3.979005000000000000,2387800.999999999999999999,2387801.000000000000000000,0.000000000000000000,16.020995000000000000,1.000000000000000000,0.999999999999996000,0.003919597989949748
0.781999999999999999,3.979005000000000000,3.979005000000000000,2387800.999999999999999999,2387801.000000000000000000,0.000000000000000000,16.020995000000000000,1.000000000000000000,0.999999999999996000,0.003929648241206030
0.783999999999999999,3.979005000000000000,3.979005000000000000,2387800.999999999999999999,2387801.000000000000000000,0.000000000000000000,16.020995000000000000,1.000000000000000000,0.999999999999996000,0.003939698492462311
0.785999999999999999,3.979005000000000000,3.979005000000000000,2387800.999999999999999999,2387801.000000000000000000,0.000000000000000000,16.020995000000000000,1.000000000000000000,0.999999999999996000,0.003949748743718592
0.787999999999999999,3.979005000000000000,3.979005000000000000,2387800.999999999999999999,2387801.000000000000000000,0.000000000000000000,16.020995000000000000,1.000000000000000000,0.999999999999996000,0.003959798994974874
0.789999999999999999,3.979005000000000000,3.979005000000000000,2387800.999999999999999999,2387801.000000000000000000,0.000000000000000000,16.020995000000000000,1.000000000000000000,0.999999999999996000,0.003969849246231155
0.791999999999999999,3.979005000000000000,3.979005000000000000,2387800.999999999999999999,2387801.000000000000000000,0.000000000000000000,16.020995000000000000,1.000000000000000000,0.999999999999996000,0.003979899497487437
0.793999999999999999,3.979005000000000000,3.979005000000000000,2387800.999999999999999999,2387801.000000000000000000,0.000000000000000000,16.020995000000000000,1.000000000000000000,0.999999999999996000,0.003989949748743718
0.796000000000000000,3.979005000000000000,3.979005000000000000,2387800.999999999999999999,2387801.000000000000000000,0.000000000000000000,16.020995000000000000,1.000000000000000000,0.999999999999996000,0.004000000000000000
0.797999999999999999,3.979005000000000000,3.979005000000000000,2387800.999999999999999999,2387801.000000000000000000,0.000000000000000000,16.020995000000000000,1.000000000000000000,0.999999999999996000,0.004010050251256281
0.799999999999999999,3.979005000000000000,3.979005000000000000,2387800.999999999999999999,2387801.000000000000000000,0.000000000000000000,16.020995000000000000,1.000000000000000000,0.999999999999996000,0.004020100502512562
0.801999999999999999,3.979005000000000000,3.979005000000000000,2387800.999999999999999999,2387801.000000000000000000,0.000000000000000000,16.020995000000000000,1.000000000000000000,0.999999999999996000,0.004030150753768844
0.803999999999999999,3.979005000000000000,3.979005000000000000,2387800.999999999999999999,2387801.000000000000000000,0.000000000000000000,16.020995000000000000,1.000000000000000000,0.999999999999996000,0.004040201005025125
0.805999999999999999,3.979005000000000000,3.979005000000000000,2387800.999999999999999999,2387801.000000000000000000,0.000000000000000000,16.020995000000000000,1.000000000000000000,0.999999999999996000,0.004050251256281407
0.807999999999999999,3.979005000000000000,3.979005000000000000,2387800.999999999999999999,2387801.000000000000000000,0.000000000000000000,16.020995000000000000,1.000000000000000000,0.999999999999996000,0.004060301507537688
0.809999999999999999,3.979005000000000000,3.979005000000000000,2387800.999999999999999999,2387801.000000000000000000,0.000000000000000000,16.020995000000000000,1.000000000000000000,0.999999999999996000,0.004070351758793969
0.811999999999999999,3.979005000000000000,3.979005000000000000,2387800.999999999999999999,2387801.000000000000000000,0.000000000000000000,16.020995000000000000,1.000000000000000000,0.999999999999996000,0.004080402010050251
0.813999999999999999,3.979005000000000000,3.979005000000000000,2387800.999999999999999999,2387801.000000000000000000,0.000000000000000000,16.020995000000000000,1.000000000000000000,0.999999999999996000,0.004090452261306532
0.815999999999999999,3.979005000000000000,3.979005000000000000,2387800.999999999999999999,2387801.000000000000000000,0.000000000000000000,16.020995000000000000,1.000000000000000000,0.999999999999996000,0.004100502512562814
0.817999999999999999,3.979005000000000000,3.979005000000000000,2387800.999999999999999999,2387801.000000000000000000,0.000000000000000000,16.020995000000000000,1.000000000000000000,0.999999999999996000,0.004110552763819095
0.819999999999999999,3.979005000000000000,3.979005000000000000,2387800.999999999999999999,2387801.000000000000000000,0.000000000000000000,16.020995000000000000,1.000000000000000000,0.999999999999996000,0.004120603015075376
0.821999999999999999,3.979005000000000000,3.979005000000000000,2387800.999999999999999999,2387801.000000000000000000,0.000000000000000000,16.020995000000000000,1.000000000000000000,0.999999999999996000,0.004130653266331658
0.823999999999999999,3.979005000000000000,3.979005000000000000,2387800.999999999999999999,2387801.000000000000000000,0.000000000000000000,16.020995000000000000,1.000000000000000000,0.999999999999996000,0.004140703517587939
0.825999999999999999,3.979005000000000000,3.979005000000000000,2387800.999999999999999999,2387801.000000000000000000,0.000000000000000000,16.020995000000000000,1.000000000000000000,0.999999999999996000,0.004150753768844221
0.827999999999999999,3.979005000000000000,3.979005000000000000,2387800.999999999999999999,2387801.000000000000000000,0.000000000000000000,16.020995000000000000,1.000000000000000000,0.999999999999996000,0.004160804020100502
0.829999999999999999,3.979005000000000000,3.979005000000000000,2387800.999999999999999999,2387801.000000000000000000,0.000000000000000000,16.020995000000000000,1.000000000000000000,0.999999999999996000,0.004170854271356783
0.831999999999999999,3.979005000000000000,3.979005000000000000,2387800.999999999999999999,2387801.000000000000000000,0.000000000000000000,16.020995000000000000,1.000000000000000000,0.999999999999996000,0.004180904522613065
0.833999999999999999,3.979005000000000000,3.979005000000000000,2387800.999999999999999999,2387801.000000000000000000,0.000000000000000000,16.020995000000000000,1.000000000000000000,0.999999999999996000,0.004190954773869346
0.835999999999999999,3.979005000000000000,3.979005000000000000,2387800.999999999999999999,2387801.000000000000000000,0.000000000000000000,16.020995000000000000,1.000000000000000000,0.999999999999996000,0.004201005025125628
0.837999999999999999,3.979005000000000000,3.979005000000000000,2387800.999999999999999999,2387801.000000000000000000,0.000000000000000000,16.020995000000000000,1.000000000000000000,0.999999999999996000,0.004211055276381909
0.839999999999999999,3.979005000000000000,3.979005000000000000,2387800.999999999999999999,2387801.000000000000000000,0.000000000000000000,16.020995000000000000,1.000000000000000000,0.999999999999996000,0.004221105527638190
0.841999999999999999,3.979005000000000000,3.979005000000000000,2387800.999999999999999999,2387801.000000000000000000,0.000000000000000000,16.020995000000000000,1.000000000000000000,0.999999999999996000,0.004231155778894472
0.843999999999999999,3.979005000000000000,3.979005000000000000,2387800.999999999999999999,2387801.000000000000000000,0.000000000000000000,16.020995000000000000,1.000000000000000000,0.999999999999996000,0.004241206030150753
0.845999999999999999,3.979005000000000000,3.979005000000000000,2387800.999999999999999999,2387801.000000000000000000,0.000000000000000000,16.020995000000000000,1.000000000000000000,0.999999999999996000,0.004251256281407035
0.847999999999999999,3.979005000000000000,3.979005000000000000,2387800.999999999999999999,2387801.000000000000000000,0.000000000000000000,16.020995000000000000,1.000000000000000000,0.999999999999996000,0.004261306532663316
0.849999999999999999,3.979005000000000000,3.979005000000000000,2387800.999999999999999999,2387801.000000000000000000,0.000000000000000000,16.020995000000000000,1.000000000000000000,0.999999999999996000,0.004271356783919597
0.851999999999999999,3.979005000000000000,3.979005000000000000,2387800.999999999999999999,2387801.000000000000000000,0.000000000000000000,16.020995000000000000,1.000000000000000000,0.999999999999996000,0.004281407035175879
0.853999999999999999,3.979005000000000000,3.979005000000000000,2387800.999999999999999999,2387801.000000000000000000,0.000000000000000000,16.020995000000000000,1.000000000000000000,0.999999999999996000,0.004291457286432160
0.855999999999999999,3.979005000000000000,3.979005000000000000,2387800.999999999999999999,2387801.000000000000000000,0.000000000000000000,16.020995000000000000,1.000000000000000000,0.999999999999996000,0.004301507537688442
0.857999999999999999,3.979005000000000000,3.979005000000000000,2387800.999999999999999999,2387801.000000000000000000,0.000000000000000000,16.020995000000000000,1.000000000000000000,0.999999999999996000,0.004311557788944723
0.859999999999999999,3.979005000000000000,3.979005000000000000,2387800.999999999999999999,2387801.000000000000000000,0.000000000000000000,16.020995000000000000,1.000000000000000000,0.999999999999996000,0.004321608040201005
0.861999999999999999,3.979005000000000000,3.979005000000000000,2387800.999999999999999999,2387801.000000000000000000,0.000000000000000000,16.020995000000000000,1.000000000000000000,0.999999999999996000,0.004331658291457286
0.863999999999999999,3.979005000000000000,3.979005000000000000,2387800.999999999999999999,2387801.000000000000000000,0.000000000000000000,16.020995000000000000,1.000000000000000000,0.999999999999996000,0.004341708542713567
0.865999999999999999,3.979005000000000000,3.979005000000000000,2387800.999999999999999999,2387801.000000000000000000,0.000000000000000000,16.020995000000000000,1.000000000000000000,0.999999999999996000,0.004351758793969849
0.867999999999999999,3.979005000000000000,3.979005000000000000,2387800.999999999999999999,2387801.000000000000000000,0.000000000000000000,16.020995000000000000,1.000000000000000000,0.999999999999996000,0.004361809045226130
0.869999999999999999,3.979005000000000000,3.979005000000000000,2387800.999999999999999999,2387801.000000000000000000,0.000000000000000000,16.020995000000000000,1.000000000000000000,0.999999999999996000,0.004371859296482412
0.871999999999999999,3.979005000000000000,3.979005000000000000,2387800.999999999999999999,2387801.000000000000000000,0.000000000000000000,16.020995000000000000,1.000000000000000000,0.999999999999996000,0.004381909547738693
0.873999999999999999,3.979005000000000000,3.979005000000000000,2387800.999999999999999999,2387801.000000000000000000,0.000000000000000000,16.020995000000000000,1.000000000000000000,0.999999999999996000,0.004391959798994974
0.875999999999999999,3.979005000000000000,3.979005000000000000,2387800.999999999999999999,2387801.000000000000000000,0.000000000000000000,16.020995000000000000,1.000000000000000000,0.999999999999996000,0.004402010050251256
0.877999999999999999,3.979005000000000000,3.979005000000000000,2387800.999999999999999999,2387801.000000000000000000,0.000000000000000000,16.020995000000000000,1.000000000000000000,0.999999999999996000,0.004412060301507537
0.879999999999999999,3.979005000000000000,3.979005000000000000,2387800.999999999999999999,2387801.000000000000000000,0.000000000000000000,16.020995000000000000,1.000000000000000000,0.999999999999996000,0.004422110552763819
0.881999999999999999,3.979005000000000000,3.979005000000000000,2387800.999999999999999999,2387801.000000000000000000,0.000000000000000000,16.020995000000000000,1.000000000000000000,0.999999999999996000,0.004432160804020100
0.883999999999999999,3.979005000000000000,3.979005000000000000,2387800.999999999999999999,2387801.000000000000000000,0.000000000000000000,16.020995000000000000,1.000000000000000000,0.999999999999996000,0.004442211055276381
0.885999999999999999,3.979005000000000000,3.979005000000000000,2387800.999999999999999999,2387801.000000000000000000,0.000000000000000000,16.020995000000000000,1.000000000000000000,0.999999999999996000,0.004452261306532663
0.887999999999999999,3.979005000000000000,3.979005000000000000,2387800.999999999999999999,2387801.000000000000000000,0.000000000000000000,16.020995000000000000,1.000000000000000000,0.999999999999996000,0.004462311557788944
0.889999999999999999,3.979005000000000000,3.979005000000000000,2387800.999999999999999999,2387801.000000000000000000,0.000000000000000000,16.020995000000000000,1.000000000000000000,0.999999999999996000,0.004472361809045226
0.891999999999999999,3.979005000000000000,3.979005000000000000,2387800.999999999999999999,2387801.000000000000000000,0.000000000000000000,16.020995000000000000,1.000000000000000000,0.999999999999996000,0.004482412060301507
0.893999999999999999,3.979005000000000000,3.979005000000000000,2387800.999999999999999999,2387801.000000000000000000,0.000000000000000000,16.020995000000000000,1.000000000000000000,0.999999999999996000,0.004492462311557788
0.895999999999999999,3.979005000000000000,3.979005000000000000,2387800.999999999999999999,2387801.000000000000000000,0.000000000000000000,16.020995000000000000,1.000000000000000000,0.999999999999996000,0.004502512562814070
0.897999999999999999,3.979005000000000000,3.979005000000000000,2387800.999999999999999999,2387801.000000000000000000,0.000000000000000000,16.020995000000000000,1.000000000000000000,0.999999999999996000,0.004512562814070351
0.899999999999999999,3.979005000000000000,3.979005000000000000,2387800.999999999999999999,2387801.000000000000000000,0.000000000000000000,16.020995000000000000,1.000000000000000000,0.999999999999996000,0.004522613065326633
0.901999999999999999,3.979005000000000000,3.979005000000000000,2387800.999999999999999999,2387801.000000000000000000,0.000000000000000000,16.020995000000000000,1.000000000000000000,0.999999999999996000,0.004532663316582914
0.903999999999999999,3.979005000000000000,3.979005000000000000,2387800.999999999999999999,2387801.000000000000000000,0.000000000000000000,16.020995000000000000,1.000000000000000000,0.999999999999996000,0.004542713567839195
0.905999999999999999,3.979005000000000000,3.979005000000000000,2387800.999999999999999999,2387801.000000000000000000,0.000000000000000000,16.020995000000000000,1.000000000000000000,0.999999999999996000,0.004552763819095477
0.907999999999999999,3.979005000000000000,3.979005000000000000,2387800.999999999999999999,2387801.000000000000000000,0.000000000000000000,16.020995000000000000,1.000000000000000000,0.999999999999996000,0.004562814070351758
0.909999999999999999,3.979005000000000000,3.979005000000000000,2387800.999999999999999999,2387801.000000000000000000,0.000000000000000000,16.020995000000000000,1.000000000000000000,0.999999999999996000,0.004572864321608040
0.911999999999999999,3.979005000000000000,3.979005000000000000,2387800.999999999999999999,2387801.000000000000000000,0.000000000000000000,16.020995000000000000,1.000000000000000000,0.999999999999996000,0.004582914572864321
0.913999999999999999,3.979005000000000000,3.979005000000000000,2387800.999999999999999999,2387801.000000000000000000,0.000000000000000000,16.020995000000000000,1.000000000000000000,0.999999999999996000,0.004592964824120603
0.915999999999999999,3.979005000000000000,3.979005000000000000,2387800.999999999999999999,2387801.000000000000000000,0.000000000000000000,16.020995000000000000,1.000000000000000000,0.999999999999996000,0.004603015075376884
0.917999999999999999,3.979005000000000000,3.979005000000000000,2387800.999999999999999999,2387801.000000000000000000,0.000000000000000000,16.020995000000000000,1.000000000000000000,0.999999999999996000,0.004613065326633165
0.919999999999999999,3.979005000000000000,3.979005000000000000,2387800.999999999999999999,2387801.000000000000000000,0.000000000000000000,16.020995000000000000,1.000000000000000000,0.999999999999996000,0.004623115577889447
0.921999999999999999,3.979005000000000000,3.979005000000000000,2387800.999999999999999999,2387801.000000000000000000,0.000000000000000000,16.020995000000000000,1.000000000000000000,0.999999999999996000,0.004633165829145728
0.923999999999999999,3.979005000000000000,3.979005000000000000,2387800.999999999999999999,2387801.000000000000000000,0.000000000000000000,16.020995000000000000,1.000000000000000000,0.999999999999996000,0.004643216080402010
0.925999999999999999,3.979005000000000000,3.979005000000000000,2387800.999999999999999999,2387801.000000000000000000,0.000000000000000000,16.020995000000000000,1.000000000000000000,0.999999999999996000,0.004653266331658291
0.927999999999999999,3.979005000000000000,3.979005000000000000,2387800.999999999999999999,2387801.000000000000000000,0.000000000000000000,16.020995000000000000,1.000000000000000000,0.999999999999996000,0.004663316582914572
0.929999999999999999,3.979005000000000000,3.979005000000000000,2387800.999999999999999999,2387801.000000000000000000,0.000000000000000000,16.020995000000000000,1.000000000000000000,0.999999999999996000,0.004673366834170854
0.931999999999999999,3.979005000000000000,3.979005000000000000,2387800.999999999999999999,2387801.000000000000000000,0.000000000000000000,16.020995000000000000,1.000000000000000000,0.999999999999996000,0.004683417085427135
0.933999999999999999,3.979005000000000000,3.979005000000000000,2387800.999999999999999999,2387801.000000000000000000,0.000000000000000000,16.020995000000000000,1.000000000000000000,0.999999999999996000,0.004693467336683417
0.935999999999999999,3.979005000000000000,3.979005000000000000,2387800.999999999999999999,2387801.000000000000000000,0.000000000000000000,16.020995000000000000,1.000000000000000000,0.999999999999996000,0.004703517587939698
0.937999999999999999,3.979005000000000000,3.979005000000000000,2387800.999999999999999999,2387801.000000000000000000,0.000000000000000000,16.020995000000000000,1.000000000000000000,0.999999999999996000,0.004713567839195979
0.939999999999999999,3.979005000000000000,3.979005000000000000,2387800.999999999999999999,2387801.000000000000000000,0.000000000000000000,16.020995000000000000,1.000000000000000000,0.999999999999996000,0.004723618090452261
0.941999999999999999,3.979005000000000000,3.979005000000000000,2387800.999999999999999999,2387801.000000000000000000,0.000000000000000000,16.020995000000000000,1.000000000000000000,0.999999999999996000,0.004733668341708542
0.943999999999999999,3.979005000000000000,3.979005000000000000,2387800.999999999999999999,2387801.000000000000000000,0.000000000000000000,16.020995000000000000,1.000000000000000000,0.999999999999996000,0.004743718592964824
0.945999999999999999,3.979005000000000000,3.979005000000000000,2387800.999999999999999999,2387801.000000000000000000,0.000000000000000000,16.020995000000000000,1.000000000000000000,0.999999999999996000,0.004753768844221105
0.947999999999999999,3.979005000000000000,3.979005000000000000,2387800.999999999999999999,2387801.000000000000000000,0.000000000000000000,16.020995000000000000,1.000000000000000000,0.999999999999996000,0.004763819095477386
0.949999999999999999,3.979005000000000000,3.979005000000000000,2387800.999999999999999999,2387801.000000000000000000,0.000000000000000000,16.020995000000000000,1.000000000000000000,0.999999999999996000,0.004773869346733668
0.951999999999999999,3.979005000000000000,3.979005000000000000,2387800.999999999999999999,2387801.000000000000000000,0.000000000000000000,16.020995000000000000,1.000000000000000000,0.999999999999996000,0.004783919597989949
0.953999999999999999,3.979005000000000000,3.979005000000000000,2387800.999999999999999999,2387801.000000000000000000,0.000000000000000000,16.020995000000000000,1.000000000000000000,0.999999999999996000,0.004793969849246231
0.955999999999999999,3.979005000000000000,3.979005000000000000,2387800.999999999999999999,2387801.000000000000000000,0.000000000000000000,16.020995000000000000,1.000000000000000000,0.999999999999996000,0.004804020100502512
0.957999999999999999,3.979005000000000000,3.979005000000000000,2387800.999999999999999999,2387801.000000000000000000,0.000000000000000000,16.020995000000000000,1.000000000000000000,0.999999999999996000,0.004814070351758793
0.959999999999999999,3.979005000000000000,3.979005000000000000,2387800.999999999999999999,2387801.000000000000000000,0.000000000000000000,16.020995000000000000,1.000000000000000000,0.999999999999996000,0.004824120603015075
0.961999999999999999,3.979005000000000000,3.979005000000000000,2387800.999999999999999999,2387801.000000000000000000,0.000000000000000000,16.020995000000000000,1.000000000000000000,0.999999999999996000,0.004834170854271356
0.963999999999999999,3.979005000000000000,3.979005000000000000,2387800.999999999999999999,2387801.000000000000000000,0.000000000000000000,16.020995000000000000,1.000000000000000000,0.999999999999996000,0.004844221105527638
0.965999999999999999,3.979005000000000000,3.979005000000000000,2387800.999999999999999999,2387801.000000000000000000,0.000000000000000000,16.020995000000000000,1.000000000000000000,0.999999999999996000,0.004854271356783919
0.967999999999999999,3.979005000000000000,3.979005000000000000,2387800.999999999999999999,2387801.000000000000000000,0.000000000000000000,16.020995000000000000,1.000000000000000000,0.999999999999996000,0.004864321608040201
0.969999999999999999,3.979005000000000000,3.979005000000000000,2387800.999999999999999999,2387801.000000000000000000,0.000000000000000000,16.020995000000000000,1.000000000000000000,0.999999999999996000,0.004874371859296482
0.971999999999999999,3.979005000000000000,3.979005000000000000,2387800.999999999999999999,2387801.000000000000000000,0.000000000000000000,16.020995000000000000,1.000000000000000000,0.999999999999996000,0.004884422110552763
0.973999999999999999,3.979005000000000000,3.979005000000000000,2387800.999999999999999999,2387801.000000000000000000,0.000000000000000000,16.020995000000000000,1.000000000000000000,0.999999999999996000,0.004894472361809045
0.975999999999999999,3.979005000000000000,3.979005000000000000,2387800.999999999999999999,2387801.000000000000000000,0.000000000000000000,16.020995000000000000,1.000000000000000000,0.999999999999996000,0.004904522613065326
0.977999999999999999,3.979005000000000000,3.979005000000000000,2387800.999999999999999999,2387801.000000000000000000,0.000000000000000000,16.020995000000000000,1.000000000000000000,0.999999999999996000,0.004914572864321608
0.979999999999999999,3.979005000000000000,3.979005000000000000,2387800.999999999999999999,2387801.000000000000000000,0.000000000000000000,16.020995000000000000,1.000000000000000000,0.999999999999996000,0.004924623115577889
0.981999999999999999,3.979005000000000000,3.979005000000000000,2387800.999999999999999999,2387801.000000000000000000,0.000000000000000000,16.020995000000000000,1.000000000000000000,0.999999999999996000,0.004934673366834170
0.983999999999999999,3.979005000000000000,3.979005000000000000,2387800.999999999999999999,2387801.000000000000000000,0.000000000000000000,16.020995000000000000,1.000000000000000000,0.999999999999996000,0.004944723618090452
0.985999999999999999,3.979005000000000000,3.979005000000000000,2387800.999999999999999999,2387801.000000000000000000,0.000000000000000000,16.020995000000000000,1.000000000000000000,0.999999999999996000,0.004954773869346733
0.987999999999999999,3.979005000000000000,3.979005000000000000,2387800.999999999999999999,2387801.000000000000000000,0.000000000000000000,16.020995000000000000,1.000000000000000000,0.999999999999996000,0.004964824120603015
0.989999999999999999,3.979005000000000000,3.979005000000000000,2387800.999999999999999999,2387801.000000000000000000,0.000000000000000000,16.020995000000000000,1.000000000000000000,0.999999999999996000,0.004974874371859296
0.991999999999999999,3.979005000000000000,3.979005000000000000,2387800.999999999999999999,2387801.000000000000000000,0.000000000000000000,16.020995000000000000,1.000000000000000000,0.999999999999996000,0.004984924623115577
0.993999999999999999,3.979005000000000000,3.979005000000000000,2387800.999999999999999999,2387801.000000000000000000,0.000000000000000000,16.020995000000000000,1.000000000000000000,0.999999999999996000,0.004994974874371859
0.995999999999999999,3.979005000000000000,3.979005000000000000,2387800.999999999999999999,2387801.000000000000000000,0.000000000000000000,16.020995000000000000,1.000000000000000000,0.999999999999996000,0.005005025125628140
0.997999999999999999,3.979005000000000000,3.979005000000000000,2387800.999999999999999999,2387801.000000000000000000,0.000000000000000000,16.020995000000000000,1.000000000000000000,0.999999999999996000,0.005015075376884422
0.999999999999999999,3.979005000000000000,3.979005000000000000,2387800.999999999999999999,2387801.000000000000000000,0.000000000000000000,16.020995000000000000,1.000000000000000000,0.999999999999996000,0.005025125628140703
1.001999999999999999,2.882988372593710019,2.882988372593710019,1238037.578288098907875810,1238037.578288098907875811,0.000000000000000000,17.117011627406289981,1096.729297146836740000,3290.187891440510196000,0.007035175879396984
1.003999999999999999,2.322004856563190966,2.322004856563190966,777097.625329814579542962,777097.625329814579542963,0.000000000000000000,17.677995143436809034,1656.992084432719868000,4970.976253298159580000,0.009045226130653266
1.005999999999999999,2.056340836370398019,2.056340836370398019,564185.149469623750346988,564185.149469623750346989,0.000000000000000000,17.943659163629601981,1920.925747348120192000,5762.777242044360540000,0.011055276381909547
1.007999999999999999,1.898198404657369898,1.898198404657369898,441550.151975683584516798,441550.151975683584516799,0.000000000000000000,18.101801595342630102,2077.001013171227276000,6231.003039513681804000,0.013065326633165829
1.009999999999999999,1.791179117911790032,1.791179117911790032,361818.181818181587680436,361818.181818181587680437,0.000000000000000000,18.208820882088209968,2181.818181818182980000,6545.454545454548928000,0.015075376884422110
1.011999999999999999,1.712470629922255643,1.712470629922255643,305827.107790821655348944,305827.107790821655348944,0.000000000000000000,18.287529370077744357,2258.271077908218380000,6774.813233724655128000,0.017085427135678391
1.013999999999999999,1.651085148530572174,1.651085148530572174,264347.422201578979132908,264347.422201578979132908,0.000000000000000000,18.348914851469427826,2317.386592351758604000,6952.159777055275764000,0.019095477386934673
1.015999999999999999,1.601076849357644789,1.601076849357644789,232384.868421052446172728,232384.868421052446172728,0.000000000000000000,18.398923150642355211,2365.131578947369740000,7095.394736842109172000,0.021105527638190954
1.017999999999999999,1.558947430210470614,1.558947430210470614,207001.106602729448383690,207001.106602729448383691,0.000000000000000000,18.441052569789529386,2405.016599040945640000,7215.049797122836860000,0.023115577889447236
1.019999999999999999,1.522504207926202807,1.522504207926202807,186354.515050167224114434,186354.515050167224114435,0.000000000000000000,18.477495792073797193,2439.241917502787068000,7317.725752508361192000,0.025125628140703517
1.021999999999999999,1.490302964634270846,1.490302964634270846,169232.181095136090050310,169232.181095136090050311,0.000000000000000000,18.509697035365729154,2469.256653410829340000,7407.769960232488008000,0.027135678391959798
1.023999999999999999,1.461353667559188229,1.461353667559188229,154802.705749718146436833,154802.705749718146436834,0.000000000000000000,18.538646332440811771,2496.054114994363068000,7488.162344983089192000,0.029145728643216080
1.025999999999999999,1.434954912370687424,1.434954912370687424,142477.136137966964618512,142477.136137966964618513,0.000000000000000000,18.565045087629312576,2520.337949655954472000,7561.013848967863404000,0.031155778894472361
1.027999999999999999,1.410595863318555421,1.410595863318555421,131826.595226497725124032,131826.595226497725124032,0.000000000000000000,18.589404136681444579,2542.620555284949772000,7627.861665854849316000,0.033165829145728643
1.029999999999999999,1.387895628300361821,1.387895628300361821,122531.356898517659544997,122531.356898517659544998,0.000000000000000000,18.612104371699638179,2563.283922462942032000,7689.851767388826036000,0.035175879396984924
1.031999999999999999,1.366564393385366968,1.366564393385366968,114348.198970840437008094,114348.198970840437008094,0.000000000000000000,18.633435606614633032,2582.618639222413352000,7747.855917667240020000,0.037185929648241206
1.033999999999999999,1.346377719542434977,1.346377719542434977,107088.812462067520767147,107088.812462067520767147,0.000000000000000000,18.653622280457565023,2600.849686425248472000,7802.549059275745416000,0.039195979899497487
1.035999999999999999,1.327159078978305167,1.327159078978305167,100605.132133282255267422,100605.132133282255267423,0.000000000000000000,18.672840921021694833,2618.153963998468184000,7854.461891995404552000,0.041206030150753768
1.037999999999999999,1.308767705807444590,1.308767705807444590,94779.131067078662640447,94779.131067078662640447,0.000000000000000000,18.691232294192555410,2634.672483790826648000,7904.017451372479896000,0.043216080402010050
1.039999999999999999,1.291089965397923284,1.291089965397923284,89515.570934256014914410,89515.570934256014914410,0.000000000000000000,18.708910034602076716,2650.519031141869128000,7951.557093425607360000,0.045226130653266331
1.041999999999999999,1.274033108217055393,1.274033108217055393,84736.755240138620616960,84736.755240138620616961,0.000000000000000000,18.725966891782944607,2665.786433404852540000,7997.359300214557608000,0.047236180904522613
1.043999999999999999,1.257520673413861839,1.257520673413861839,80378.668349637046928769,80378.668349637046928769,0.000000000000000000,18.742479326586138161,2680.551172820028380000,8041.653518460085116000,0.049246231155778894
1.045999999999999999,1.241489055220474605,1.241489055220474605,76388.091280036261754151,76388.091280036261754151,0.000000000000000000,18.758510944779525395,2694.876832401390512000,8084.630497204171500000,0.051256281407035175
1.047999999999999999,1.225884902853296083,1.225884902853296083,72720.417633410620661605,72720.417633410620661606,0.000000000000000000,18.774115097146703917,2708.816705336427840000,8126.450116009283520000,0.053266331658291457
1.049999999999999999,1.210663127039433211,1.210663127039433211,69337.979094076629527212,69337.979094076629527213,0.000000000000000000,18.789336872960566789,2722.415795586527764000,8167.247386759583292000,0.055276381909547738
1.051999999999999999,1.195785354228366511,1.195785354228366511,66208.746981486398537619,66208.746981486398537619,0.000000000000000000,18.804214645771633489,2735.712369197747164000,8207.137107593241480000,0.057286432160804020
1.053999999999999999,1.181218715424248137,1.181218715424248137,63305.314884262248397287,63305.314884262248397288,0.000000000000000000,18.818781284575751863,2748.739169791801468000,8246.217509375404356000,0.059296482412060301
1.055999999999999999,1.166934888071932191,1.166934888071932191,60604.093859211167184691,60604.093859211167184692,0.000000000000000000,18.833065111928067809,2761.524380096522216000,8284.573140289566624000,0.061306532663316582
1.057999999999999999,1.152909331388328933,1.152909331388328933,58084.670124231048484716,58084.670124231048484717,0.000000000000000000,18.847090668611671067,2774.092389337837172000,8322.277168013511492000,0.063316582914572864
1.059999999999999999,1.139120671055238263,1.139120671055238263,55729.288214702426185309,55729.288214702426185310,0.000000000000000000,18.860879328944761737,2786.464410735123052000,8359.393232205369132000,0.065326633165829145
1.061999999999999999,1.125550200309197722,1.125550200309197722,53522.431913210507092896,53522.431913210507092896,0.000000000000000000,18.874449799690802278,2798.658982182544740000,8395.976946547634184000,0.067336683417085427
1.063999999999999999,1.112181472524430856,1.112181472524430856,51450.482033304105943809,51450.482033304105943809,0.000000000000000000,18.887818527475569144,2810.692375109553332000,8432.077125328659984000,0.069346733668341708
1.065999999999999999,1.098999966293911651,1.098999966293911651,49501.435101520133907804,49501.435101520133907805,0.000000000000000000,18.901000033706088349,2822.578930583608220000,8467.736791750824612000,0.071356783919597989
1.067999999999999999,1.085992808390708462,1.085992808390708462,47664.670658682602015196,47664.670658682602015197,0.000000000000000000,18.914007191609291538,2834.331337325350112000,8502.994011976050300000,0.073366834170854271
1.069999999999999999,1.073148543265916386,1.073148543265916386,45930.757651781221973877,45930.757651781221973877,0.000000000000000000,18.926851456734083614,2845.960863020572324000,8537.882589061716936000,0.075376884422110552
1.071999999999999999,1.060456940211087716,1.060456940211087716,44291.292463881274486938,44291.292463881274486939,0.000000000000000000,18.939543059788912284,2857.477547832878356000,8572.432643498635032000,0.077386934673366834
1.073999999999999999,1.047908831194923164,1.047908831194923164,42738.762710253702310809,42738.762710253702310809,0.000000000000000000,18.952091168805076836,2868.890367132314092000,8606.671101396942228000,0.079396984924623115
1.075999999999999999,1.035495973828334873,1.035495973828334873,41266.432142195864454384,41266.432142195864454385,0.000000000000000000,18.964504026171665127,2880.207369005740376000,8640.622107017221080000,0.081407035175879396
1.077999999999999999,1.023210935029104641,1.023210935029104641,39868.242938362944938631,39868.242938362944938631,0.000000000000000000,18.976789064970895359,2891.435790993593160000,8674.307372980779456000,0.083417085427135678
1.079999999999999999,1.011046991827507529,1.011046991827507529,38538.732394366169552931,38538.732394366169552932,0.000000000000000000,18.988953008172492471,2902.582159624413936000,8707.746478873241796000,0.085427135678391959
1.081999999999999999,0.998998046436712295,0.998998046436712295,37272.961594638714313965,37272.961594638714313965,0.000000000000000000,19.001001953563287705,2913.652375633645520000,8740.957126900936536000,0.087437185929648241
1.083999999999999999,0.987058553250408851,0.987058553250408851,36066.454103037411174720,36066.454103037411174721,0.000000000000000000,19.012941446749591149,2924.651787212619900000,8773.955361637859700000,0.089447236180904522
1.085999999999999999,0.975223455857901705,0.975223455857901705,34915.143067967513949711,34915.143067967513949712,0.000000000000000000,19.024776544142098295,2935.585253204340448000,8806.755759613021332000,0.091457286432160804
1.087999999999999999,0.963488132508533252,0.963488132508533252,33815.325424815619089741,33815.325424815619089742,0.000000000000000000,19.036511867491466748,2946.457197819814892000,8839.371593459444640000,0.093467336683417085
1.089999999999999999,0.951848348731743520,0.951848348731743520,32763.622108976856355647,32763.622108976856355647,0.000000000000000000,19.048151651268256480,2957.271658173265888000,8871.814974519797628000,0.095477386934673366
1.091999999999999999,0.940300216040587037,0.940300216040587037,31756.943378855290277013,31756.943378855290277013,0.000000000000000000,19.059699783959412963,2968.032325712240152000,8904.096977136720444000,0.097487437185929648
1.093999999999999999,0.928840155826300361,0.928840155826300361,30792.458499211290867294,30792.458499211290867294,0.000000000000000000,19.071159844173699639,2978.742582438218496000,8936.227747314655476000,0.099497487437185929
1.095999999999999999,0.917464867698044588,0.917464867698044588,29867.569158328422211585,29867.569158328422211586,0.000000000000000000,19.082535132301955412,2989.405532666274500000,8968.216597998823464000,0.101507537688442211
1.097999999999999999,0.906171301641979041,0.906171301641979041,28979.886093288145467093,28979.886093288145467094,0.000000000000000000,19.093828698358020959,3000.024030951866344000,9000.072092855599008000,0.103517587939698492
1.099999999999999999,0.894956633472534242,0.894956633472534242,28127.208480565362259944,28127.208480565362259945,0.000000000000000000,19.105043366527465758,3010.600706713781236000,9031.802120141343672000,0.105527638190954773
1.101999999999999999,0.883818243130295509,0.883818243130295509,27307.505717651934372427,27307.505717651934372428,0.000000000000000000,19.116181756869704491,3021.137986000416428000,9063.413958001249260000,0.107537688442211055
1.103999999999999999,0.872753695448531460,0.872753695448531460,26518.901278215928489167,26518.901278215928489168,0.000000000000000000,19.127246304551468540,3031.638110778714840000,9094.914332336144508000,0.109547738693467336
1.105999999999999999,0.861760723066681314,0.861760723066681314,25759.658370587825398624,25759.658370587825398625,0.000000000000000000,19.138239276933318686,3042.103156068593432000,9126.309468205780272000,0.111557788944723618
1.107999999999999999,0.850837211216165908,0.850837211216165908,25028.167168871995460662,25028.167168871995460663,0.000000000000000000,19.149162788783834092,3052.535045198480572000,9157.605135595441716000,0.113567839195979899
1.109999999999999999,0.839981184143293870,0.839981184143293870,24322.933419105813951687,24322.933419105813951687,0.000000000000000000,19.160018815856706130,3062.935563418033972000,9188.806690254101904000,0.115577889447236180
1.111999999999999999,0.829190792967243634,0.829190792967243634,23642.568250758331578486,23642.568250758331578487,0.000000000000000000,19.170809207032756366,3073.306370070778972000,9219.919110212336880000,0.117587939698492462
1.113999999999999999,0.818464304799076336,0.818464304799076336,22985.779047382463328909,22985.779047382463328910,0.000000000000000000,19.181535695200923664,3083.649009501335636000,9250.947028504006896000,0.119597989949748743
1.115999999999999999,0.807800092971464597,0.807800092971464597,22351.361250152590913496,22351.361250152590913496,0.000000000000000000,19.192199907028535403,3093.964920848085936000,9281.894762544257784000,0.121608040201005025
1.117999999999999999,0.797196628248952998,0.797196628248952998,21738.190984934864966560,21738.190984934864966561,0.000000000000000000,19.202803371751047002,3104.255446851930196000,9312.766340555790552000,0.123618090452261306
1.119999999999999999,0.786652470905717654,0.786652470905717654,21145.218417945690670326,21145.218417945690670326,0.000000000000000000,19.213347529094282346,3114.521841794569068000,9343.565525383707192000,0.125628140703517587
1.121999999999999999,0.776166263572445751,0.776166263572445751,20571.461757361042812225,20571.461757361042812226,0.000000000000000000,19.223833736427554249,3124.765278665041072000,9374.295835995123168000,0.127638190954773869
1.123999999999999999,0.765736724766511042,0.765736724766511042,20016.001828780428431851,20016.001828780428431852,0.000000000000000000,19.234263275233488958,3134.986855640644808000,9404.960566921934400000,0.129648241206030150
1.125999999999999999,0.755362643030374883,0.755362643030374883,19477.977161500812078315,19477.977161500812078316,0.000000000000000000,19.244637356969625117,3145.187601957585808000,9435.562805872757400000,0.131658291457286432
1.127999999999999999,0.745042871612455923,0.745042871612455923,18956.579530350006568017,18956.579530350006568018,0.000000000000000000,19.254957128387544077,3155.368483237336396000,9466.105449712009164000,0.133668341708542713
1.129999999999999999,0.734776323632686121,0.734776323632686121,18451.049904554118299772,18451.049904554118299772,0.000000000000000000,19.265223676367313879,3165.530406326698172000,9496.591218980094492000,0.135678391959798994
1.131999999999999999,0.724561967681910796,0.724561967681910796,17960.674760932621039071,17960.674760932621039071,0.000000000000000000,19.275438032318089204,3175.674223702589924000,9527.022671107769760000,0.137688442211055276
1.133999999999999999,0.714398823810304342,0.714398823810304342,17484.782723760110781573,17484.782723760110781573,0.000000000000000000,19.285601176189695658,3185.800737486547612000,9557.402212459642812000,0.139698492462311557
1.135999999999999999,0.704285959865178728,0.704285959865178728,17022.741498017936948593,17022.741498017936948594,0.000000000000000000,19.295714040134821272,3195.910703108700464000,9587.732109326101392000,0.141708542713567839
1.137999999999999999,0.694222488143113241,0.694222488143113241,16573.955066577542844022,16573.955066577542844023,0.000000000000000000,19.305777511856886759,3206.004832656419224000,9618.014497969257660000,0.143718592964824120
1.139999999999999999,0.684207562325309686,0.684207562325309686,16137.861125190063086742,16137.861125190063086742,0.000000000000000000,19.315792437674690314,3216.083797938841160000,9648.251393816523468000,0.145728643216080402
1.141999999999999999,0.674240374668526438,0.674240374668526438,15713.928732070555188030,15713.928732070555188030,0.000000000000000000,19.325759625331473562,3226.148233295017896000,9678.444699885053652000,0.147738693467336683
1.143999999999999999,0.664320153427014373,0.664320153427014373,15301.656151419552637026,15301.656151419552637026,0.000000000000000000,19.335679846572985627,3236.198738170347292000,9708.596214511041864000,0.149748743718592964
1.145999999999999999,0.654446160483509121,0.654446160483509121,14900.568872465591793109,14900.568872465591793110,0.000000000000000000,19.345553839516490879,3246.235879483315120000,9738.707638449945360000,0.151758793969849246
1.147999999999999999,0.644617689169723456,0.644617689169723456,14510.217787585147662927,14510.217787585147662927,0.000000000000000000,19.355382310830276544,3256.260193802168312000,9768.780581406504924000,0.153768844221105527
1.149999999999999999,0.634834062258811211,0.634834062258811211,14130.177514792894766760,14130.177514792894766761,0.000000000000000000,19.365165937741188789,3266.272189349112668000,9798.816568047337992000,0.155778894472361809
1.151999999999999999,0.625094630114135289,0.625094630114135289,13760.044851429627935640,13760.044851429627935640,0.000000000000000000,19.374905369885864711,3276.272347847754920000,9828.817043543264736000,0.157788944723618090
1.153999999999999999,0.615398768980258860,0.615398768980258860,13399.437347230542109642,13399.437347230542109643,0.000000000000000000,19.384601231019741140,3286.261126227920876000,9858.783378683762616000,0.159798994974874371
1.155999999999999999,0.605745879403524389,0.605745879403524389,13047.991986157904427613,13047.991986157904427614,0.000000000000000000,19.394254120596475611,3296.238958200528444000,9888.716874601585308000,0.161809045226130653
1.157999999999999999,0.596135384770853064,0.596135384770853064,12705.363967447506449716,12705.363967447506449717,0.000000000000000000,19.403864615229146936,3306.206255713921760000,9918.618767141765268000,0.163819095477386934
1.159999999999999999,0.586566729956513673,0.586566729956513673,12371.225577264652031604,12371.225577264652031605,0.000000000000000000,19.413433270043486327,3316.163410301953904000,9948.490230905861712000,0.165829145728643216
1.161999999999999999,0.577039380067625012,0.577039380067625012,12045.265143208028774493,12045.265143208028774493,0.000000000000000000,19.422960619932374988,3326.110794333085160000,9978.332382999255468000,0.167839195979899497
1.163999999999999999,0.567552819280040978,0.567552819280040978,11727.186064650314234298,11727.186064650314234299,0.000000000000000000,19.432447180719959022,3336.048762168876684000,10008.146286506630040000,0.169849246231155778
1.165999999999999999,0.558106549757066558,0.558106549757066558,11416.705912574379159718,11416.705912574379159719,0.000000000000000000,19.441893450242933442,3345.977651239457680000,10037.932953718373028000,0.171859296482412060
1.167999999999999999,0.548700090644176389,0.548700090644176389,11113.555593162971628687,11113.555593162971628687,0.000000000000000000,19.451299909355823611,3355.897783042816056000,10067.693349128448144000,0.173869346733668341
1.169999999999999999,0.539332977133520522,0.539332977133520522,10817.478569935183132126,10817.478569935183132127,0.000000000000000000,19.460667022866479478,3365.809464074151744000,10097.428392222455220000,0.175879396984924623
1.171999999999999999,0.530004759592610302,0.530004759592610302,10528.230139704055581513,10528.230139704055581514,0.000000000000000000,19.469995240407389698,3375.712986690915300000,10127.138960072745888000,0.177889447236180904
1.173999999999999999,0.520715002752050493,0.520715002752050493,10245.576758059898549253,10245.576758059898549253,0.000000000000000000,19.479284997247949507,3385.608629918686148000,10156.825889756058444000,0.179899497487437185
1.175999999999999999,0.511463284947678320,0.511463284947678320,9969.295410471873578166,9969.295410471873578167,0.000000000000000000,19.488536715052321680,3395.496660202543008000,10186.489980607629024000,0.181909547738693467
1.177999999999999999,0.502249197412864754,0.502249197412864754,9699.173025448437410811,9699.173025448437410812,0.000000000000000000,19.497750802587135246,3405.377332108186248000,10216.131996324558744000,0.183919597989949748
1.179999999999999999,0.493072343617113504,0.493072343617113504,9435.005926511253076654,9435.005926511253076655,0.000000000000000000,19.506927656382886496,3415.250888976689508000,10245.752666930068512000,0.185929648241206030
1.181999999999999999,0.483932338647433616,0.483932338647433616,9176.599320020318754652,9176.599320020318754653,0.000000000000000000,19.516067661352566384,3425.117563536415540000,10275.352690609246620000,0.187939698492462311
1.183999999999999999,0.474828808629256921,0.474828808629256921,8923.766816143495251669,8923.766816143495251670,0.000000000000000000,19.525171191370743079,3434.977578475336484000,10304.932735426009440000,0.189949748743718593
1.185999999999999999,0.465761390183958559,0.465761390183958559,8676.329980494892984242,8676.329980494892984242,0.000000000000000000,19.534238609816041441,3444.831146976708688000,10334.493440930126064000,0.191959798994974874
1.187999999999999999,0.456729729920274239,0.456729729920274239,8434.117914175426962237,8434.117914175426962237,0.000000000000000000,19.543270270079725761,3454.678473220818292000,10364.035419662454864000,0.193969849246231155
1.189999999999999999,0.447733483957147531,0.447733483957147531,8196.966860138547159385,8196.966860138547159386,0.000000000000000000,19.552266516042852469,3464.519752855270788000,10393.559258565812364000,0.195979899497487437
1.191999999999999999,0.438772317475729708,0.438772317475729708,7964.719833975682435477,7964.719833975682435478,0.000000000000000000,19.561227682524270292,3474.355173436110740000,10423.065520308332220000,0.197989949748743718
1.194000000000000000,0.429845904298459041,0.429845904298459041,7737.226277372262768915,7737.226277372262768915,0.000000000000000000,19.570154095701540959,3484.184914841849148000,10452.554744525547444000,0.200000000000000000
1.195999999999999999,0.420953926493292261,0.420953926493292261,7514.341732626530539068,7514.341732626530539068,0.000000000000000000,19.579046073506707739,3494.009149662334124000,10482.027448987002372000,0.202010050251256281
1.197999999999999999,0.412096074001341182,0.412096074001341182,7295.927536752808929913,7295.927536752808929914,0.000000000000000000,19.587903925998658818,3503.828043564214332000,10511.484130692642996000,0.204020100502512562
1.199999999999999999,0.403272044286278866,0.403272044286278866,7081.850533807824015376,7081.850533807824015377,0.000000000000000000,19.596727955713721134,3513.641755634638552000,10540.925266903915644000,0.206030150753768844
1.201999999999999999,0.394481542004032497,0.394481542004032497,6871.982804186189336811,6871.982804186189336812,0.000000000000000000,19.605518457995967503,3523.450438704676316000,10570.351316114028948000,0.208040201005025125
1.203999999999999999,0.385724278691379011,0.385724278691379011,6666.201409728521569692,6666.201409728521569693,0.000000000000000000,19.614275721308620989,3533.254239653848912000,10599.762718961546724000,0.210050251256281407
1.205999999999999999,0.376999972472174069,0.376999972472174069,6464.388153575003771665,6464.388153575003771666,0.000000000000000000,19.623000027527825931,3543.053299697043288000,10629.159899091129852000,0.212060301507537688
1.207999999999999999,0.368308347780042473,0.368308347780042473,6266.429353778750878971,6266.429353778750878971,0.000000000000000000,19.631691652219957527,3552.847754654983608000,10658.543263964950812000,0.214070351758793969
1.209999999999999999,0.359649135096437113,0.359649135096437113,6072.215629767752240919,6072.215629767752240919,0.000000000000000000,19.640350864903562887,3562.637735209357880000,10687.913205628073628000,0.216080402010050251
1.211999999999999999,0.351022070703073218,0.351022070703073218,5881.641700812784513026,5881.641700812784513026,0.000000000000000000,19.648977929296926782,3572.423367143593224000,10717.270101430779648000,0.218090452261306532
1.213999999999999999,0.342426896447796407,0.342426896447796407,5694.606195720888281211,5694.606195720888281212,0.000000000000000000,19.657573103552203593,3582.204771570226292000,10746.614314710678852000,0.220100502512562814
1.215999999999999999,0.333863359523032649,0.333863359523032649,5511.011473031778820234,5511.011473031778820235,0.000000000000000000,19.666136640476967351,3591.982065145720900000,10775.946195437162688000,0.222110552763819095
1.217999999999999999,0.325331212256015946,0.325331212256015946,5330.763451047005707212,5330.763451047005707212,0.000000000000000000,19.674668787743984054,3601.755360273540276000,10805.266080820620828000,0.224120603015075376
1.219999999999999999,0.316830211910056271,0.316830211910056271,5153.771447070248761365,5153.771447070248761365,0.000000000000000000,19.683169788089943729,3611.524765296212408000,10834.574295888637212000,0.226130653266331658
1.221999999999999999,0.308360120496155718,0.308360120496155718,4979.948025281528100078,4979.948025281528100079,0.000000000000000000,19.691639879503844282,3621.290384677083124000,10863.871154031249360000,0.228140703517587939
1.223999999999999999,0.299920704594339412,0.299920704594339412,4809.208852709232898236,4809.208852709232898236,0.000000000000000000,19.700079295405660588,3631.052319172390508000,10893.156957517171512000,0.230150753768844221
1.225999999999999999,0.291511735184100801,0.291511735184100801,4641.472562801397205222,4641.472562801397205223,0.000000000000000000,19.708488264815899199,3640.810665994263732000,10922.431997982791196000,0.232160804020100502
1.227999999999999999,0.283132987483413608,0.283132987483413608,4476.660626132599723698,4476.660626132599723699,0.000000000000000000,19.716867012516586392,3650.565518965194056000,10951.696556895582168000,0.234170854271356783
1.229999999999999999,0.274784240795791768,0.274784240795791768,4314.697227814772928543,4314.697227814772928543,0.000000000000000000,19.725215759204208232,3660.316968664498616000,10980.950905993495836000,0.236180904522613065
1.231999999999999999,0.266465278364921998,0.266465278364921998,4155.509151209922827119,4155.509151209922827120,0.000000000000000000,19.733534721635078002,3670.065102567252356000,11010.195307701757068000,0.238190954773869346
1.233999999999999999,0.258175887236417659,0.258175887236417659,3999.025667569950565344,3999.025667569950565345,0.000000000000000000,19.741824112763582341,3679.810005176141312000,11039.430015528423924000,0.240201005025125628
1.235999999999999999,0.249915858126280921,0.249915858126280921,3845.178431254148004816,3845.178431254148004817,0.000000000000000000,19.750084141873719079,3689.551758146650028000,11068.655274439950072000,0.242211055276381909
1.237999999999999999,0.241684985295681623,0.241684985295681623,3693.901380198195706401,3693.901380198195706401,0.000000000000000000,19.758315014704318377,3699.290440405976028000,11097.871321217928072000,0.244221105527638190
1.239999999999999999,0.233483066431690931,0.233483066431690931,3545.130641330164367727,3545.130641330164367727,0.000000000000000000,19.766516933568309069,3709.026128266033408000,11127.078384798100224000,0.246231155778894472
1.241999999999999999,0.225309902533630486,0.225309902533630486,3398.804440649017010610,3398.804440649017010610,0.000000000000000000,19.774690097466369514,3718.758895530885360000,11156.276686592656068000,0.248241206030150753
1.243999999999999999,0.217165297804718039,0.217165297804718039,3254.863017699629444958,3254.863017699629444958,0.000000000000000000,19.782834702195281961,3728.488813598925384000,11185.466440796776140000,0.250251256281407035
1.245999999999999999,0.209049059548715614,0.209049059548715614,3113.248544195613462523,3113.248544195613462524,0.000000000000000000,19.790950940451284386,3738.215951560100844000,11214.647854680302532000,0.252261306532663316
1.247999999999999999,0.200960998071298038,0.200960998071298038,2973.905046557074550089,2973.905046557074550090,0.000000000000000000,19.799039001928701962,3747.940376288462356000,11243.821128865387068000,0.254271356783919598
1.249999999999999999,0.192900926585887273,0.192900926585887273,2836.778332145401082389,2836.778332145401082390,0.000000000000000000,19.807099073414112727,3757.662152530292368000,11272.986457590877104000,0.256281407035175879
1.251999999999999999,0.184868661123703375,0.184868661123703375,2701.815918990777747765,2701.815918990777747766,0.000000000000000000,19.815131338876296625,3767.381342988063692000,11302.144028964191064000,0.258291457286432160
1.253999999999999999,0.176864020447806583,0.176864020447806583,2568.966968821036188456,2568.966968821036188457,0.000000000000000000,19.823135979552193417,3777.098008400452808000,11331.294025201358412000,0.260301507537688442
1.255999999999999999,0.168886825970915403,0.168886825970915403,2438.182223212295970963,2438.182223212295970964,0.000000000000000000,19.831113174029084597,3786.812207618623368000,11360.436622855870092000,0.262311557788944723
1.257999999999999999,0.160936901676799497,0.160936901676799497,2309.413942692932730697,2309.413942692932730698,0.000000000000000000,19.839063098323200503,3796.523997678981136000,11389.571993036943408000,0.264321608040201005
1.259999999999999999,0.153014074045058362,0.153014074045058362,2182.615848642719284632,2182.615848642719284633,0.000000000000000000,19.846985925954941638,3806.233433872589408000,11418.700301617768224000,0.266331658291457286
1.261999999999999999,0.145118171979107492,0.145118171979107492,2057.743067838580399656,2057.743067838580399657,0.000000000000000000,19.854881828020892508,3815.940569811423460000,11447.821709434270380000,0.268341708542713567
1.263999999999999999,0.137249026737207351,0.137249026737207351,1934.752079507398803453,1934.752079507398803454,0.000000000000000000,19.862750973262792649,3825.645457491628044000,11476.936372474884132000,0.270351758793969849
1.265999999999999999,0.129406471866376313,0.129406471866376313,1813.600664754602363212,1813.600664754602363213,0.000000000000000000,19.870593528133623687,3835.348147353937272000,11506.044442061811816000,0.272361809045226130
1.267999999999999999,0.121590343139040434,0.121590343139040434,1694.247858245090907580,1694.247858245090907581,0.000000000000000000,19.878409656860959566,3845.048688341403748000,11535.146065024211232000,0.274371859296482412
1.269999999999999999,0.113800478492281416,0.113800478492281416,1576.653902020335267915,1576.653902020335267916,0.000000000000000000,19.886199521507718584,3854.747127954575476000,11564.241383863726428000,0.276381909547738693
1.271999999999999999,0.106036717969552405,0.106036717969552405,1460.780201342281527021,1460.780201342281527021,0.000000000000000000,19.893963282030447595,3864.443512304250592000,11593.330536912751764000,0.278391959798994974
1.273999999999999999,0.098298903664737281,0.098298903664737281,1346.589282461024704710,1346.589282461024704711,0.000000000000000000,19.901701096335262719,3874.137886161934372000,11622.413658485803116000,0.280402010050251256
1.275999999999999999,0.090586879668438266,0.090586879668438266,1234.044752209187498145,1234.044752209187498145,0.000000000000000000,19.909413120331561734,3883.830293008113336000,11651.490879024340008000,0.282412060301507537
1.277999999999999999,0.082900492016381238,0.082900492016381238,1123.111259331468804454,1123.111259331468804455,0.000000000000000000,19.917099507983618762,3893.520775078457060000,11680.562325235371180000,0.284422110552763819
1.279999999999999999,0.075239588639836970,0.075239588639836970,1013.754457463066552065,1013.754457463066552066,0.000000000000000000,19.924760411360163030,3903.209373408048920000,11709.628120224146760000,0.286432160804020100
1.281999999999999999,0.067604019317959282,0.067604019317959282,905.940969675510117723,905.940969675510117724,0.000000000000000000,19.932395980682040718,3912.896127873744924000,11738.688383621234760000,0.288442211055276381
1.283999999999999999,0.059993635631948817,0.059993635631948817,799.638354513034067781,799.638354513034067782,0.000000000000000000,19.940006364368051183,3922.581077234751476000,11767.743231704254416000,0.290452261306532663
1.285999999999999999,0.052408290920955228,0.052408290920955228,694.815073446890977608,694.815073446890977608,0.000000000000000000,19.947591709079044772,3932.264259171509120000,11796.792777514527360000,0.292462311557788944
1.287999999999999999,0.044847840239635609,0.044847840239635609,591.440459679017048097,591.440459679017048097,0.000000000000000000,19.955152159760364391,3941.945710322964152000,11825.837130968892456000,0.294472361809045226
1.289999999999999999,0.037312140317291431,0.037312140317291431,489.484688230229976553,489.484688230229976554,0.000000000000000000,19.962687859682708569,3951.625466322305580000,11854.876398966916740000,0.296482412060301507
1.291999999999999999,0.029801049518510558,0.029801049518510558,388.918747251673150380,388.918747251673150380,0.000000000000000000,19.970198950481489442,3961.303561831240560000,11883.910685493721680000,0.298492462311557788
1.293999999999999999,0.022314427805244895,0.022314427805244895,289.714410501540756088,289.714410501540756089,0.000000000000000000,19.977685572194755105,3970.980030572877492000,11912.940091718632476000,0.300502512562814070
1.295999999999999999,0.014852136700257343,0.014852136700257343,191.844210932227753155,191.844210932227753155,0.000000000000000000,19.985147863299742657,3980.654905363282896000,11941.964716089848688000,0.302512562814070351
1.297999999999999999,0.007414039251876626,0.007414039251876626,95.281415335998621562,95.281415335998621563,0.000000000000000000,19.992585960748123374,3990.328218141773004000,11970.984654425319012000,0.304522613065326633
1.301999999999999999,0.000000000000000000,0.000000000000000000,0.000000000000000000,0.000000000000000000,0.000000000000000000,20.000000000000000000,4000.000000000000000000,12000.000000000000000000,0.308542713567839195
1.303999999999999999,0.000000000000000000,0.000000000000000000,0.000000000000000000,0.000000000000000000,0.000000000000000000,20.000000000000000000,4000.000000000000000000,12000.000000000000000000,0.310552763819095477
1.305999999999999999,0.000000000000000000,0.000000000000000000,0.000000000000000000,0.000000000000000000,0.000000000000000000,20.000000000000000000,4000.000000000000000000,12000.000000000000000000,0.312562814070351758
1.307999999999999999,0.000000000000000000,0.000000000000000000,0.000000000000000000,0.000000000000000000,0.000000000000000000,20.000000000000000000,4000.000000000000000000,12000.000000000000000000,0.314572864321608040
1.309999999999999999,0.000000000000000000,0.000000000000000000,0.000000000000000000,0.000000000000000000,0.000000000000000000,20.000000000000000000,4000.000000000000000000,12000.000000000000000000,0.316582914572864321
1.311999999999999999,0.000000000000000000,0.000000000000000000,0.000000000000000000,0.000000000000000000,0.000000000000000000,20.000000000000000000,4000.000000000000000000,12000.000000000000000000,0.318592964824120603
1.313999999999999999,0.000000000000000000,0.000000000000000000,0.000000000000000000,0.000000000000000000,0.000000000000000000,20.000000000000000000,4000.000000000000000000,12000.000000000000000000,0.320603015075376884
1.315999999999999999,0.000000000000000000,0.000000000000000000,0.000000000000000000,0.000000000000000000,0.000000000000000000,20.000000000000000000,4000.000000000000000000,12000.000000000000000000,0.322613065326633165
1.317999999999999999,0.000000000000000000,0.000000000000000000,0.000000000000000000,0.000000000000000000,0.000000000000000000,20.000000000000000000,4000.000000000000000000,12000.000000000000000000,0.324623115577889447
1.319999999999999999,0.000000000000000000,0.000000000000000000,0.000000000000000000,0.000000000000000000,0.000000000000000000,20.000000000000000000,4000.000000000000000000,12000.000000000000000000,0.326633165829145728
1.321999999999999999,0.000000000000000000,0.000000000000000000,0.000000000000000000,0.000000000000000000,0.000000000000000000,20.000000000000000000,4000.000000000000000000,12000.000000000000000000,0.328643216080402010
1.323999999999999999,0.000000000000000000,0.000000000000000000,0.000000000000000000,0.000000000000000000,0.000000000000000000,20.000000000000000000,4000.000000000000000000,12000.000000000000000000,0.330653266331658291
1.325999999999999999,0.000000000000000000,0.000000000000000000,0.000000000000000000,0.000000000000000000,0.000000000000000000,20.000000000000000000,4000.000000000000000000,12000.000000000000000000,0.332663316582914572
1.327999999999999999,0.000000000000000000,0.000000000000000000,0.000000000000000000,0.000000000000000000,0.000000000000000000,20.000000000000000000,4000.000000000000000000,12000.000000000000000000,0.334673366834170854
1.329999999999999999,0.000000000000000000,0.000000000000000000,0.000000000000000000,0.000000000000000000,0.000000000000000000,20.000000000000000000,4000.000000000000000000,12000.000000000000000000,0.336683417085427135
1.331999999999999999,0.000000000000000000,0.000000000000000000,0.000000000000000000,0.000000000000000000,0.000000000000000000,20.000000000000000000,4000.000000000000000000,12000.000000000000000000,0.338693467336683417
1.333999999999999999,0.000000000000000000,0.000000000000000000,0.000000000000000000,0.000000000000000000,0.000000000000000000,20.000000000000000000,4000.000000000000000000,12000.000000000000000000,0.340703517587939698
1.335999999999999999,0.000000000000000000,0.000000000000000000,0.000000000000000000,0.000000000000000000,0.000000000000000000,20.000000000000000000,4000.000000000000000000,12000.000000000000000000,0.342713567839195979
1.337999999999999999,0.000000000000000000,0.000000000000000000,0.000000000000000000,0.000000000000000000,0.000000000000000000,20.000000000000000000,4000.000000000000000000,12000.000000000000000000,0.344723618090452261
1.339999999999999999,0.000000000000000000,0.000000000000000000,0.000000000000000000,0.000000000000000000,0.000000000000000000,20.000000000000000000,4000.000000000000000000,12000.000000000000000000,0.346733668341708542
1.341999999999999999,0.000000000000000000,0.000000000000000000,0.000000000000000000,0.000000000000000000,0.000000000000000000,20.000000000000000000,4000.000000000000000000,12000.000000000000000000,0.348743718592964824
1.343999999999999999,0.000000000000000000,0.000000000000000000,0.000000000000000000,0.000000000000000000,0.000000000000000000,20.000000000000000000,4000.000000000000000000,12000.000000000000000000,0.350753768844221105
1.345999999999999999,0.000000000000000000,0.000000000000000000,0.000000000000000000,0.000000000000000000,0.000000000000000000,20.000000000000000000,4000.000000000000000000,12000.000000000000000000,0.352763819095477386
1.347999999999999999,0.000000000000000000,0.000000000000000000,0.000000000000000000,0.000000000000000000,0.000000000000000000,20.000000000000000000,4000.000000000000000000,12000.000000000000000000,0.354773869346733668
1.349999999999999999,0.000000000000000000,0.000000000000000000,0.000000000000000000,0.000000000000000000,0.000000000000000000,20.000000000000000000,4000.000000000000000000,12000.000000000000000000,0.356783919597989949
1.351999999999999999,0.000000000000000000,0.000000000000000000,0.000000000000000000,0.000000000000000000,0.000000000000000000,20.000000000000000000,4000.000000000000000000,12000.000000000000000000,0.358793969849246231
1.353999999999999999,0.000000000000000000,0.000000000000000000,0.000000000000000000,0.000000000000000000,0.000000000000000000,20.000000000000000000,4000.000000000000000000,12000.000000000000000000,0.360804020100502512
1.355999999999999999,0.000000000000000000,0.000000000000000000,0.000000000000000000,0.000000000000000000,0.000000000000000000,20.000000000000000000,4000.000000000000000000,12000.000000000000000000,0.362814070351758793
1.357999999999999999,0.000000000000000000,0.000000000000000000,0.000000000000000000,0.000000000000000000,0.000000000000000000,20.000000000000000000,4000.000000000000000000,12000.000000000000000000,0.364824120603015075
1.359999999999999999,0.000000000000000000,0.000000000000000000,0.000000000000000000,0.000000000000000000,0.000000000000000000,20.000000000000000000,4000.000000000000000000,12000.000000000000000000,0.366834170854271356
1.361999999999999999,0.000000000000000000,0.000000000000000000,0.000000000000000000,0.000000000000000000,0.000000000000000000,20.000000000000000000,4000.000000000000000000,12000.000000000000000000,0.368844221105527638
1.363999999999999999,0.000000000000000000,0.000000000000000000,0.000000000000000000,0.000000000000000000,0.000000000000000000,20.000000000000000000,4000.000000000000000000,12000.000000000000000000,0.370854271356783919
1.365999999999999999,0.000000000000000000,0.000000000000000000,0.000000000000000000,0.000000000000000000,0.000000000000000000,20.000000000000000000,4000.000000000000000000,12000.000000000000000000,0.372864321608040201
1.367999999999999999,0.000000000000000000,0.000000000000000000,0.000000000000000000,0.000000000000000000,0.000000000000000000,20.000000000000000000,4000.000000000000000000,12000.000000000000000000,0.374874371859296482
1.369999999999999999,0.000000000000000000,0.000000000000000000,0.000000000000000000,0.000000000000000000,0.000000000000000000,20.000000000000000000,4000.000000000000000000,12000.000000000000000000,0.376884422110552763
1.371999999999999999,0.000000000000000000,0.000000000000000000,0.000000000000000000,0.000000000000000000,0.000000000000000000,20.000000000000000000,4000.000000000000000000,12000.000000000000000000,0.378894472361809045
1.373999999999999999,0.000000000000000000,0.000000000000000000,0.000000000000000000,0.000000000000000000,0.000000000000000000,20.000000000000000000,4000.000000000000000000,12000.000000000000000000,0.380904522613065326
1.375999999999999999,0.000000000000000000,0.000000000000000000,0.000000000000000000,0.000000000000000000,0.000000000000000000,20.000000000000000000,4000.000000000000000000,12000.000000000000000000,0.382914572864321608
1.377999999999999999,0.000000000000000000,0.000000000000000000,0.000000000000000000,0.000000000000000000,0.000000000000000000,20.000000000000000000,4000.000000000000000000,12000.000000000000000000,0.384924623115577889
1.379999999999999999,0.000000000000000000,0.000000000000000000,0.000000000000000000,0.000000000000000000,0.000000000000000000,20.000000000000000000,4000.000000000000000000,12000.000000000000000000,0.386934673366834170
1.381999999999999999,0.000000000000000000,0.000000000000000000,0.000000000000000000,0.000000000000000000,0.000000000000000000,20.000000000000000000,4000.000000000000000000,12000.000000000000000000,0.388944723618090452
1.383999999999999999,0.000000000000000000,0.000000000000000000,0.000000000000000000,0.000000000000000000,0.000000000000000000,20.000000000000000000,4000.000000000000000000,12000.000000000000000000,0.390954773869346733
1.385999999999999999,0.000000000000000000,0.000000000000000000,0.000000000000000000,0.000000000000000000,0.000000000000000000,20.000000000000000000,4000.000000000000000000,12000.000000000000000000,0.392964824120603015
1.387999999999999999,0.000000000000000000,0.000000000000000000,0.000000000000000000,0.000000000000000000,0.000000000000000000,20.000000000000000000,4000.000000000000000000,12000.000000000000000000,0.394974874371859296
1.389999999999999999,0.000000000000000000,0.000000000000000000,0.000000000000000000,0.000000000000000000,0.000000000000000000,20.000000000000000000,4000.000000000000000000,12000.000000000000000000,0.396984924623115577
1.391999999999999999,0.000000000000000000,0.000000000000000000,0.000000000000000000,0.000000000000000000,0.000000000000000000,20.000000000000000000,4000.000000000000000000,12000.000000000000000000,0.398994974874371859
1.393999999999999999,0.000000000000000000,0.000000000000000000,0.000000000000000000,0.000000000000000000,0.000000000000000000,20.000000000000000000,4000.000000000000000000,12000.000000000000000000,0.401005025125628140
1.395999999999999999,0.000000000000000000,0.000000000000000000,0.000000000000000000,0.000000000000000000,0.000000000000000000,20.000000000000000000,4000.000000000000000000,12000.000000000000000000,0.403015075376884422
1.397999999999999999,0.000000000000000000,0.000000000000000000,0.000000000000000000,0.000000000000000000,0.000000000000000000,20.000000000000000000,4000.000000000000000000,12000.000000000000000000,0.405025125628140703
1.399999999999999999,0.000000000000000000,0.000000000000000000,0.000000000000000000,0.000000000000000000,0.000000000000000000,20.000000000000000000,4000.000000000000000000,12000.000000000000000000,0.407035175879396984
1.401999999999999999,0.000000000000000000,0.000000000000000000,0.000000000000000000,0.000000000000000000,0.000000000000000000,20.000000000000000000,4000.000000000000000000,12000.000000000000000000,0.409045226130653266
1.403999999999999999,0.000000000000000000,0.000000000000000000,0.000000000000000000,0.000000000000000000,0.000000000000000000,20.000000000000000000,4000.000000000000000000,12000.000000000000000000,0.411055276381909547
1.405999999999999999,0.000000000000000000,0.000000000000000000,0.000000000000000000,0.000000000000000000,0.000000000000000000,20.000000000000000000,4000.000000000000000000,12000.000000000000000000,0.413065326633165829
1.407999999999999999,0.000000000000000000,0.000000000000000000,0.000000000000000000,0.000000000000000000,0.000000000000000000,20.000000000000000000,4000.000000000000000000,12000.000000000000000000,0.415075376884422110
1.409999999999999999,0.000000000000000000,0.000000000000000000,0.000000000000000000,0.000000000000000000,0.000000000000000000,20.000000000000000000,4000.000000000000000000,12000.000000000000000000,0.417085427135678391
1.411999999999999999,0.000000000000000000,0.000000000000000000,0.000000000000000000,0.000000000000000000,0.000000000000000000,20.000000000000000000,4000.000000000000000000,12000.000000000000000000,0.419095477386934673
1.413999999999999999,0.000000000000000000,0.000000000000000000,0.000000000000000000,0.000000000000000000,0.000000000000000000,20.000000000000000000,4000.000000000000000000,12000.000000000000000000,0.421105527638190954
1.415999999999999999,0.000000000000000000,0.000000000000000000,0.000000000000000000,0.000000000000000000,0.000000000000000000,20.000000000000000000,4000.000000000000000000,12000.000000000000000000,0.423115577889447236
1.417999999999999999,0.000000000000000000,0.000000000000000000,0.000000000000000000,0.000000000000000000,0.000000000000000000,20.000000000000000000,4000.000000000000000000,12000.000000000000000000,0.425125628140703517
1.419999999999999999,0.000000000000000000,0.000000000000000000,0.000000000000000000,0.000000000000000000,0.000000000000000000,20.000000000000000000,4000.000000000000000000,12000.000000000000000000,0.427135678391959798
1.421999999999999999,0.000000000000000000,0.000000000000000000,0.000000000000000000,0.000000000000000000,0.000000000000000000,20.000000000000000000,4000.000000000000000000,12000.000000000000000000,0.429145728643216080
1.423999999999999999,0.000000000000000000,0.000000000000000000,0.000000000000000000,0.000000000000000000,0.000000000000000000,20.000000000000000000,4000.000000000000000000,12000.000000000000000000,0.431155778894472361
1.425999999999999999,0.000000000000000000,0.000000000000000000,0.000000000000000000,0.000000000000000000,0.000000000000000000,20.000000000000000000,4000.000000000000000000,12000.000000000000000000,0.433165829145728643
1.427999999999999999,0.000000000000000000,0.000000000000000000,0.000000000000000000,0.000000000000000000,0.000000000000000000,20.000000000000000000,4000.000000000000000000,12000.000000000000000000,0.435175879396984924
1.429999999999999999,0.000000000000000000,0.000000000000000000,0.000000000000000000,0.000000000000000000,0.000000000000000000,20.000000000000000000,4000.000000000000000000,12000.000000000000000000,0.437185929648241206
1.431999999999999999,0.000000000000000000,0.000000000000000000,0.000000000000000000,0.000000000000000000,0.000000000000000000,20.000000000000000000,4000.000000000000000000,12000.000000000000000000,0.439195979899497487
1.433999999999999999,0.000000000000000000,0.000000000000000000,0.000000000000000000,0.000000000000000000,0.000000000000000000,20.000000000000000000,4000.000000000000000000,12000.000000000000000000,0.441206030150753768
1.435999999999999999,0.000000000000000000,0.000000000000000000,0.000000000000000000,0.000000000000000000,0.000000000000000000,20.000000000000000000,4000.000000000000000000,12000.000000000000000000,0.443216080402010050
1.437999999999999999,0.000000000000000000,0.000000000000000000,0.000000000000000000,0.000000000000000000,0.000000000000000000,20.000000000000000000,4000.000000000000000000,12000.000000000000000000,0.445226130653266331
1.439999999999999999,0.000000000000000000,0.000000000000000000,0.000000000000000000,0.000000000000000000,0.000000000000000000,20.000000000000000000,4000.000000000000000000,12000.000000000000000000,0.447236180904522613
1.441999999999999999,0.000000000000000000,0.000000000000000000,0.000000000000000000,0.000000000000000000,0.000000000000000000,20.000000000000000000,4000.000000000000000000,12000.000000000000000000,0.449246231155778894
1.443999999999999999,0.000000000000000000,0.000000000000000000,0.000000000000000000,0.000000000000000000,0.000000000000000000,20.000000000000000000,4000.000000000000000000,12000.000000000000000000,0.451256281407035175
1.445999999999999999,0.000000000000000000,0.000000000000000000,0.000000000000000000,0.000000000000000000,0.000000000000000000,20.000000000000000000,4000.000000000000000000,12000.000000000000000000,0.453266331658291457
1.447999999999999999,0.000000000000000000,0.000000000000000000,0.000000000000000000,0.000000000000000000,0.000000000000000000,20.000000000000000000,4000.000000000000000000,12000.000000000000000000,0.455276381909547738
1.449999999999999999,0.000000000000000000,0.000000000000000000,0.000000000000000000,0.000000000000000000,0.000000000000000000,20.000000000000000000,4000.000000000000000000,12000.000000000000000000,0.457286432160804020
1.451999999999999999,0.000000000000000000,0.000000000000000000,0.000000000000000000,0.000000000000000000,0.000000000000000000,20.000000000000000000,4000.000000000000000000,12000.000000000000000000,0.459296482412060301
1.453999999999999999,0.000000000000000000,0.000000000000000000,0.000000000000000000,0.000000000000000000,0.000000000000000000,20.000000000000000000,4000.000000000000000000,12000.000000000000000000,0.461306532663316582
1.455999999999999999,0.000000000000000000,0.000000000000000000,0.000000000000000000,0.000000000000000000,0.000000000000000000,20.000000000000000000,4000.000000000000000000,12000.000000000000000000,0.463316582914572864
1.457999999999999999,0.000000000000000000,0.000000000000000000,0.000000000000000000,0.000000000000000000,0.000000000000000000,20.000000000000000000,4000.000000000000000000,12000.000000000000000000,0.465326633165829145
1.459999999999999999,0.000000000000000000,0.000000000000000000,0.000000000000000000,0.000000000000000000,0.000000000000000000,20.000000000000000000,4000.000000000000000000,12000.000000000000000000,0.467336683417085427
1.461999999999999999,0.000000000000000000,0.000000000000000000,0.000000000000000000,0.000000000000000000,0.000000000000000000,20.000000000000000000,4000.000000000000000000,12000.000000000000000000,0.469346733668341708
1.463999999999999999,0.000000000000000000,0.000000000000000000,0.000000000000000000,0.000000000000000000,0.000000000000000000,20.000000000000000000,4000.000000000000000000,12000.000000000000000000,0.471356783919597989
1.465999999999999999,0.000000000000000000,0.000000000000000000,0.000000000000000000,0.000000000000000000,0.000000000000000000,20.000000000000000000,4000.000000000000000000,12000.000000000000000000,0.473366834170854271
1.467999999999999999,0.000000000000000000,0.000000000000000000,0.000000000000000000,0.000000000000000000,0.000000000000000000,20.000000000000000000,4000.000000000000000000,12000.000000000000000000,0.475376884422110552
1.469999999999999999,0.000000000000000000,0.000000000000000000,0.000000000000000000,0.000000000000000000,0.000000000000000000,20.000000000000000000,4000.000000000000000000,12000.000000000000000000,0.477386934673366834
1.471999999999999999,0.000000000000000000,0.000000000000000000,0.000000000000000000,0.000000000000000000,0.000000000000000000,20.000000000000000000,4000.000000000000000000,12000.000000000000000000,0.479396984924623115
1.473999999999999999,0.000000000000000000,0.000000000000000000,0.000000000000000000,0.000000000000000000,0.000000000000000000,20.000000000000000000,4000.000000000000000000,12000.000000000000000000,0.481407035175879396
1.475999999999999999,0.000000000000000000,0.000000000000000000,0.000000000000000000,0.000000000000000000,0.000000000000000000,20.000000000000000000,4000.000000000000000000,12000.000000000000000000,0.483417085427135678
1.477999999999999999,0.000000000000000000,0.000000000000000000,0.000000000000000000,0.000000000000000000,0.000000000000000000,20.000000000000000000,4000.000000000000000000,12000.000000000000000000,0.485427135678391959
1.479999999999999999,0.000000000000000000,0.000000000000000000,0.000000000000000000,0.000000000000000000,0.000000000000000000,20.000000000000000000,4000.000000000000000000,12000.000000000000000000,0.487437185929648241
1.481999999999999999,0.000000000000000000,0.000000000000000000,0.000000000000000000,0.000000000000000000,0.000000000000000000,20.000000000000000000,4000.000000000000000000,12000.000000000000000000,0.489447236180904522
1.483999999999999999,0.000000000000000000,0.000000000000000000,0.000000000000000000,0.000000000000000000,0.000000000000000000,20.000000000000000000,4000.000000000000000000,12000.000000000000000000,0.491457286432160804
1.485999999999999999,0.000000000000000000,0.000000000000000000,0.000000000000000000,0.000000000000000000,0.000000000000000000,20.000000000000000000,4000.000000000000000000,12000.000000000000000000,0.493467336683417085
1.487999999999999999,0.000000000000000000,0.000000000000000000,0.000000000000000000,0.000000000000000000,0.000000000000000000,20.000000000000000000,4000.000000000000000000,12000.000000000000000000,0.495477386934673366
1.489999999999999999,0.000000000000000000,0.000000000000000000,0.000000000000000000,0.000000000000000000,0.000000000000000000,20.000000000000000000,4000.000000000000000000,12000.000000000000000000,0.497487437185929648
1.491999999999999999,0.000000000000000000,0.000000000000000000,0.000000000000000000,0.000000000000000000,0.000000000000000000,20.000000000000000000,4000.000000000000000000,12000.000000000000000000,0.499497487437185929
1.493999999999999999,0.000000000000000000,0.000000000000000000,0.000000000000000000,0.000000000000000000,0.000000000000000000,20.000000000000000000,4000.000000000000000000,12000.000000000000000000,0.501507537688442211
1.495999999999999999,0.000000000000000000,0.000000000000000000,0.000000000000000000,0.000000000000000000,0.000000000000000000,20.000000000000000000,4000.000000000000000000,12000.000000000000000000,0.503517587939698492
1.497999999999999999,0.000000000000000000,0.000000000000000000,0.000000000000000000,0.000000000000000000,0.000000000000000000,20.000000000000000000,4000.000000000000000000,12000.000000000000000000,0.505527638190954773
1.499999999999999999,0.000000000000000000,0.000000000000000000,0.000000000000000000,0.000000000000000000,0.000000000000000000,20.000000000000000000,4000.000000000000000000,12000.000000000000000000,0.507537688442211055
1.501999999999999999,0.000000000000000000,0.000000000000000000,0.000000000000000000,0.000000000000000000,0.000000000000000000,20.000000000000000000,4000.000000000000000000,12000.000000000000000000,0.509547738693467336
1.503999999999999999,0.000000000000000000,0.000000000000000000,0.000000000000000000,0.000000000000000000,0.000000000000000000,20.000000000000000000,4000.000000000000000000,12000.000000000000000000,0.511557788944723618
1.505999999999999999,0.000000000000000000,0.000000000000000000,0.000000000000000000,0.000000000000000000,0.000000000000000000,20.000000000000000000,4000.000000000000000000,12000.000000000000000000,0.513567839195979899
1.507999999999999999,0.000000000000000000,0.000000000000000000,0.000000000000000000,0.000000000000000000,0.000000000000000000,20.000000000000000000,4000.000000000000000000,12000.000000000000000000,0.515577889447236180
1.509999999999999999,0.000000000000000000,0.000000000000000000,0.000000000000000000,0.000000000000000000,0.000000000000000000,20.000000000000000000,4000.000000000000000000,12000.000000000000000000,0.517587939698492462
1.511999999999999999,0.000000000000000000,0.000000000000000000,0.000000000000000000,0.000000000000000000,0.000000000000000000,20.000000000000000000,4000.000000000000000000,12000.000000000000000000,0.519597989949748743
1.513999999999999999,0.000000000000000000,0.000000000000000000,0.000000000000000000,0.000000000000000000,0.000000000000000000,20.000000000000000000,4000.000000000000000000,12000.000000000000000000,0.521608040201005025
1.515999999999999999,0.000000000000000000,0.000000000000000000,0.000000000000000000,0.000000000000000000,0.000000000000000000,20.000000000000000000,4000.000000000000000000,12000.000000000000000000,0.523618090452261306
1.517999999999999999,0.000000000000000000,0.000000000000000000,0.000000000000000000,0.000000000000000000,0.000000000000000000,20.000000000000000000,4000.000000000000000000,12000.000000000000000000,0.525628140703517587
1.519999999999999999,0.000000000000000000,0.000000000000000000,0.000000000000000000,0.000000000000000000,0.000000000000000000,20.000000000000000000,4000.000000000000000000,12000.000000000000000000,0.527638190954773869
1.521999999999999999,0.000000000000000000,0.000000000000000000,0.000000000000000000,0.000000000000000000,0.000000000000000000,20.000000000000000000,4000.000000000000000000,12000.000000000000000000,0.529648241206030150
1.523999999999999999,0.000000000000000000,0.000000000000000000,0.000000000000000000,0.000000000000000000,0.000000000000000000,20.000000000000000000,4000.000000000000000000,12000.000000000000000000,0.531658291457286432
1.525999999999999999,0.000000000000000000,0.000000000000000000,0.000000000000000000,0.000000000000000000,0.000000000000000000,20.000000000000000000,4000.000000000000000000,12000.000000000000000000,0.533668341708542713
1.527999999999999999,0.000000000000000000,0.000000000000000000,0.000000000000000000,0.000000000000000000,0.000000000000000000,20.000000000000000000,4000.000000000000000000,12000.000000000000000000,0.535678391959798994
1.529999999999999999,0.000000000000000000,0.000000000000000000,0.000000000000000000,0.000000000000000000,0.000000000000000000,20.000000000000000000,4000.000000000000000000,12000.000000000000000000,0.537688442211055276
1.531999999999999999,0.000000000000000000,0.000000000000000000,0.000000000000000000,0.000000000000000000,0.000000000000000000,20.000000000000000000,4000.000000000000000000,12000.000000000000000000,0.539698492462311557
1.533999999999999999,0.000000000000000000,0.000000000000000000,0.000000000000000000,0.000000000000000000,0.000000000000000000,20.000000000000000000,4000.000000000000000000,12000.000000000000000000,0.541708542713567839
1.535999999999999999,0.000000000000000000,0.000000000000000000,0.000000000000000000,0.000000000000000000,0.000000000000000000,20.000000000000000000,4000.000000000000000000,12000.000000000000000000,0.543718592964824120
1.537999999999999999,0.000000000000000000,0.000000000000000000,0.000000000000000000,0.000000000000000000,0.000000000000000000,20.000000000000000000,4000.000000000000000000,12000.000000000000000000,0.545728643216080402
1.539999999999999999,0.000000000000000000,0.000000000000000000,0.000000000000000000,0.000000000000000000,0.000000000000000000,20.000000000000000000,4000.000000000000000000,12000.000000000000000000,0.547738693467336683
1.541999999999999999,0.000000000000000000,0.000000000000000000,0.000000000000000000,0.000000000000000000,0.000000000000000000,20.000000000000000000,4000.000000000000000000,12000.000000000000000000,0.549748743718592964
1.543999999999999999,0.000000000000000000,0.000000000000000000,0.000000000000000000,0.000000000000000000,0.000000000000000000,20.000000000000000000,4000.000000000000000000,12000.000000000000000000,0.551758793969849246
1.545999999999999999,0.000000000000000000,0.000000000000000000,0.000000000000000000,0.000000000000000000,0.000000000000000000,20.000000000000000000,4000.000000000000000000,12000.000000000000000000,0.553768844221105527
1.547999999999999999,0.000000000000000000,0.000000000000000000,0.000000000000000000,0.000000000000000000,0.000000000000000000,20.000000000000000000,4000.000000000000000000,12000.000000000000000000,0.555778894472361809
1.549999999999999999,0.000000000000000000,0.000000000000000000,0.000000000000000000,0.000000000000000000,0.000000000000000000,20.000000000000000000,4000.000000000000000000,12000.000000000000000000,0.557788944723618090
1.551999999999999999,0.000000000000000000,0.000000000000000000,0.000000000000000000,0.000000000000000000,0.000000000000000000,20.000000000000000000,4000.000000000000000000,12000.000000000000000000,0.559798994974874371
1.553999999999999999,0.000000000000000000,0.000000000000000000,0.000000000000000000,0.000000000000000000,0.000000000000000000,20.000000000000000000,4000.000000000000000000,12000.000000000000000000,0.561809045226130653
1.555999999999999999,0.000000000000000000,0.000000000000000000,0.000000000000000000,0.000000000000000000,0.000000000000000000,20.000000000000000000,4000.000000000000000000,12000.000000000000000000,0.563819095477386934
1.557999999999999999,0.000000000000000000,0.000000000000000000,0.000000000000000000,0.000000000000000000,0.000000000000000000,20.000000000000000000,4000.000000000000000000,12000.000000000000000000,0.565829145728643216
1.559999999999999999,0.000000000000000000,0.000000000000000000,0.000000000000000000,0.000000000000000000,0.000000000000000000,20.000000000000000000,4000.000000000000000000,12000.000000000000000000,0.567839195979899497
1.561999999999999999,0.000000000000000000,0.000000000000000000,0.000000000000000000,0.000000000000000000,0.000000000000000000,20.000000000000000000,4000.000000000000000000,12000.000000000000000000,0.569849246231155778
1.563999999999999999,0.000000000000000000,0.000000000000000000,0.000000000000000000,0.000000000000000000,0.000000000000000000,20.000000000000000000,4000.000000000000000000,12000.000000000000000000,0.571859296482412060
1.565999999999999999,0.000000000000000000,0.000000000000000000,0.000000000000000000,0.000000000000000000,0.000000000000000000,20.000000000000000000,4000.000000000000000000,12000.000000000000000000,0.573869346733668341
1.567999999999999999,0.000000000000000000,0.000000000000000000,0.000000000000000000,0.000000000000000000,0.000000000000000000,20.000000000000000000,4000.000000000000000000,12000.000000000000000000,0.575879396984924623
1.569999999999999999,0.000000000000000000,0.000000000000000000,0.000000000000000000,0.000000000000000000,0.000000000000000000,20.000000000000000000,4000.000000000000000000,12000.000000000000000000,0.577889447236180904
1.571999999999999999,0.000000000000000000,0.000000000000000000,0.000000000000000000,0.000000000000000000,0.000000000000000000,20.000000000000000000,4000.000000000000000000,12000.000000000000000000,0.579899497487437185
1.573999999999999999,0.000000000000000000,0.000000000000000000,0.000000000000000000,0.000000000000000000,0.000000000000000000,20.000000000000000000,4000.000000000000000000,12000.000000000000000000,0.581909547738693467
1.575999999999999999,0.000000000000000000,0.000000000000000000,0.000000000000000000,0.000000000000000000,0.000000000000000000,20.000000000000000000,4000.000000000000000000,12000.000000000000000000,0.583919597989949748
1.577999999999999999,0.000000000000000000,0.000000000000000000,0.000000000000000000,0.000000000000000000,0.000000000000000000,20.000000000000000000,4000.000000000000000000,12000.000000000000000000,0.585929648241206030
1.579999999999999999,0.000000000000000000,0.000000000000000000,0.000000000000000000,0.000000000000000000,0.000000000000000000,20.000000000000000000,4000.000000000000000000,12000.000000000000000000,0.587939698492462311
1.581999999999999999,0.000000000000000000,0.000000000000000000,0.000000000000000000,0.000000000000000000,0.000000000000000000,20.000000000000000000,4000.000000000000000000,12000.000000000000000000,0.589949748743718592
1.583999999999999999,0.000000000000000000,0.000000000000000000,0.000000000000000000,0.000000000000000000,0.000000000000000000,20.000000000000000000,4000.000000000000000000,12000.000000000000000000,0.591959798994974874
1.585999999999999999,0.000000000000000000,0.000000000000000000,0.000000000000000000,0.000000000000000000,0.000000000000000000,20.000000000000000000,4000.000000000000000000,12000.000000000000000000,0.593969849246231155
1.587999999999999999,0.000000000000000000,0.000000000000000000,0.000000000000000000,0.000000000000000000,0.000000000000000000,20.000000000000000000,4000.000000000000000000,12000.000000000000000000,0.595979899497487437
1.589999999999999999,0.000000000000000000,0.000000000000000000,0.000000000000000000,0.000000000000000000,0.000000000000000000,20.000000000000000000,4000.000000000000000000,12000.000000000000000000,0.597989949748743718
1.592000000000000000,0.000000000000000000,0.000000000000000000,0.000000000000000000,0.000000000000000000,0.000000000000000000,20.000000000000000000,4000.000000000000000000,12000.000000000000000000,0.600000000000000000
1.593999999999999999,0.000000000000000000,0.000000000000000000,0.000000000000000000,0.000000000000000000,0.000000000000000000,20.000000000000000000,4000.000000000000000000,12000.000000000000000000,0.602010050251256281
1.595999999999999999,0.000000000000000000,0.000000000000000000,0.000000000000000000,0.000000000000000000,0.000000000000000000,20.000000000000000000,4000.000000000000000000,12000.000000000000000000,0.604020100502512562
1.597999999999999999,0.000000000000000000,0.000000000000000000,0.000000000000000000,0.000000000000000000,0.000000000000000000,20.000000000000000000,4000.000000000000000000,12000.000000000000000000,0.606030150753768844
1.599999999999999999,0.000000000000000000,0.000000000000000000,0.000000000000000000,0.000000000000000000,0.000000000000000000,20.000000000000000000,4000.000000000000000000,12000.000000000000000000,0.608040201005025125
