collateral ratio swept to,collateral ratio before the rebalance,collateral ratio after the rebalance,minter pegged before,minter pegged after,StabilityPoolCollateral pegged before,StabilityPoolCollateral pegged after,StabilityPoolLeveraged pegged before,StabilityPoolLeveraged pegged after,leveraged token price before,leveraged token price after
0.002000000000000000,0.002000000000000000,0.003999600039996000,20000.000000000000000000,10001.000000000000000000,0.000000000000000000,0.000000000000000000,10000.000000000000000000,1.000000000000000000,0.000040000000000000,0.000001568778176726
0.004000000000000000,0.004000000000000000,0.007999200079992000,20000.000000000000000000,10001.000000000000000000,0.000000000000000000,0.000000000000000000,10000.000000000000000000,1.000000000000000000,0.000080000000000000,0.000003137556353453
0.006000000000000000,0.006000000000000000,0.011998800119988001,20000.000000000000000000,10001.000000000000000000,0.000000000000000000,0.000000000000000000,10000.000000000000000000,1.000000000000000000,0.000120000000000000,0.000004706334530180
0.008000000000000000,0.008000000000000000,0.015998400159984001,20000.000000000000000000,10001.000000000000000000,0.000000000000000000,0.000000000000000000,10000.000000000000000000,1.000000000000000000,0.000160000000000000,0.000006275112706907
0.010000000000000000,0.010000000000000000,0.019998000199980001,20000.000000000000000000,10001.000000000000000000,0.000000000000000000,0.000000000000000000,10000.000000000000000000,1.000000000000000000,0.000200000000000000,0.000007843890883633
0.012000000000000000,0.012000000000000000,0.023997600239976002,20000.000000000000000000,10001.000000000000000000,0.000000000000000000,0.000000000000000000,10000.000000000000000000,1.000000000000000000,0.000240000000000000,0.000009412669060360
0.014000000000000000,0.014000000000000000,0.027997200279972002,20000.000000000000000000,10001.000000000000000000,0.000000000000000000,0.000000000000000000,10000.000000000000000000,1.000000000000000000,0.000280000000000000,0.000010981447237087
0.016000000000000000,0.016000000000000000,0.031996800319968003,20000.000000000000000000,10001.000000000000000000,0.000000000000000000,0.000000000000000000,10000.000000000000000000,1.000000000000000000,0.000320000000000000,0.000012550225413814
0.018000000000000000,0.018000000000000000,0.035996400359964003,20000.000000000000000000,10001.000000000000000000,0.000000000000000000,0.000000000000000000,10000.000000000000000000,1.000000000000000000,0.000360000000000000,0.000014119003590541
0.020000000000000000,0.020000000000000000,0.039996000399960003,20000.000000000000000000,10001.000000000000000000,0.000000000000000000,0.000000000000000000,10000.000000000000000000,1.000000000000000000,0.000400000000000000,0.000015687781767267
0.022000000000000000,0.022000000000000000,0.043995600439956004,20000.000000000000000000,10001.000000000000000000,0.000000000000000000,0.000000000000000000,10000.000000000000000000,1.000000000000000000,0.000440000000000000,0.000017256559943994
0.024000000000000000,0.024000000000000000,0.047995200479952004,20000.000000000000000000,10001.000000000000000000,0.000000000000000000,0.000000000000000000,10000.000000000000000000,1.000000000000000000,0.000480000000000000,0.000018825338120721
0.026000000000000000,0.026000000000000000,0.051994800519948005,20000.000000000000000000,10001.000000000000000000,0.000000000000000000,0.000000000000000000,10000.000000000000000000,1.000000000000000000,0.000520000000000000,0.000020394116297448
0.028000000000000000,0.028000000000000000,0.055994400559944005,20000.000000000000000000,10001.000000000000000000,0.000000000000000000,0.000000000000000000,10000.000000000000000000,1.000000000000000000,0.000560000000000000,0.000021962894474174
0.030000000000000000,0.030000000000000000,0.059994000599940005,20000.000000000000000000,10001.000000000000000000,0.000000000000000000,0.000000000000000000,10000.000000000000000000,1.000000000000000000,0.000600000000000000,0.000023531672650901
0.032000000000000000,0.032000000000000000,0.063993600639936006,20000.000000000000000000,10001.000000000000000000,0.000000000000000000,0.000000000000000000,10000.000000000000000000,1.000000000000000000,0.000640000000000000,0.000025100450827628
0.034000000000000000,0.034000000000000000,0.067993200679932006,20000.000000000000000000,10001.000000000000000000,0.000000000000000000,0.000000000000000000,10000.000000000000000000,1.000000000000000000,0.000680000000000000,0.000026669229004355
0.036000000000000000,0.036000000000000000,0.071992800719928007,20000.000000000000000000,10001.000000000000000000,0.000000000000000000,0.000000000000000000,10000.000000000000000000,1.000000000000000000,0.000720000000000000,0.000028238007181082
0.038000000000000000,0.038000000000000000,0.075992400759924007,20000.000000000000000000,10001.000000000000000000,0.000000000000000000,0.000000000000000000,10000.000000000000000000,1.000000000000000000,0.000760000000000000,0.000029806785357808
0.040000000000000000,0.040000000000000000,0.079992000799920007,20000.000000000000000000,10001.000000000000000000,0.000000000000000000,0.000000000000000000,10000.000000000000000000,1.000000000000000000,0.000800000000000000,0.000031375563534535
0.042000000000000000,0.042000000000000000,0.083991600839916008,20000.000000000000000000,10001.000000000000000000,0.000000000000000000,0.000000000000000000,10000.000000000000000000,1.000000000000000000,0.000840000000000000,0.000032944341711262
0.044000000000000000,0.044000000000000000,0.087991200879912008,20000.000000000000000000,10001.000000000000000000,0.000000000000000000,0.000000000000000000,10000.000000000000000000,1.000000000000000000,0.000880000000000000,0.000034513119887989
0.046000000000000000,0.046000000000000000,0.091990800919908009,20000.000000000000000000,10001.000000000000000000,0.000000000000000000,0.000000000000000000,10000.000000000000000000,1.000000000000000000,0.000920000000000000,0.000036081898064716
0.048000000000000000,0.048000000000000000,0.095990400959904009,20000.000000000000000000,10001.000000000000000000,0.000000000000000000,0.000000000000000000,10000.000000000000000000,1.000000000000000000,0.000960000000000000,0.000037650676241442
0.050000000000000000,0.050000000000000000,0.099990000999900009,20000.000000000000000000,10001.000000000000000000,0.000000000000000000,0.000000000000000000,10000.000000000000000000,1.000000000000000000,0.001000000000000000,0.000039219454418169
0.052000000000000000,0.052000000000000000,0.103989601039896010,20000.000000000000000000,10001.000000000000000000,0.000000000000000000,0.000000000000000000,10000.000000000000000000,1.000000000000000000,0.001040000000000000,0.000040788232594896
0.054000000000000000,0.054000000000000000,0.107989201079892010,20000.000000000000000000,10001.000000000000000000,0.000000000000000000,0.000000000000000000,10000.000000000000000000,1.000000000000000000,0.001080000000000000,0.000042357010771623
0.056000000000000000,0.056000000000000000,0.111988801119888011,20000.000000000000000000,10001.000000000000000000,0.000000000000000000,0.000000000000000000,10000.000000000000000000,1.000000000000000000,0.001120000000000000,0.000043925788948349
0.058000000000000000,0.058000000000000000,0.115988401159884011,20000.000000000000000000,10001.000000000000000000,0.000000000000000000,0.000000000000000000,10000.000000000000000000,1.000000000000000000,0.001160000000000000,0.000045494567125076
0.060000000000000000,0.060000000000000000,0.119988001199880011,20000.000000000000000000,10001.000000000000000000,0.000000000000000000,0.000000000000000000,10000.000000000000000000,1.000000000000000000,0.001200000000000000,0.000047063345301803
0.062000000000000000,0.062000000000000000,0.123987601239876012,20000.000000000000000000,10001.000000000000000000,0.000000000000000000,0.000000000000000000,10000.000000000000000000,1.000000000000000000,0.001240000000000000,0.000048632123478530
0.064000000000000000,0.064000000000000000,0.127987201279872012,20000.000000000000000000,10001.000000000000000000,0.000000000000000000,0.000000000000000000,10000.000000000000000000,1.000000000000000000,0.001280000000000000,0.000050200901655257
0.066000000000000000,0.066000000000000000,0.131986801319868013,20000.000000000000000000,10001.000000000000000000,0.000000000000000000,0.000000000000000000,10000.000000000000000000,1.000000000000000000,0.001320000000000000,0.000051769679831983
0.068000000000000000,0.068000000000000000,0.135986401359864013,20000.000000000000000000,10001.000000000000000000,0.000000000000000000,0.000000000000000000,10000.000000000000000000,1.000000000000000000,0.001360000000000000,0.000053338458008710
0.070000000000000000,0.070000000000000000,0.139986001399860013,20000.000000000000000000,10001.000000000000000000,0.000000000000000000,0.000000000000000000,10000.000000000000000000,1.000000000000000000,0.001400000000000000,0.000054907236185437
0.072000000000000000,0.072000000000000000,0.143985601439856014,20000.000000000000000000,10001.000000000000000000,0.000000000000000000,0.000000000000000000,10000.000000000000000000,1.000000000000000000,0.001440000000000000,0.000056476014362164
0.074000000000000000,0.074000000000000000,0.147985201479852014,20000.000000000000000000,10001.000000000000000000,0.000000000000000000,0.000000000000000000,10000.000000000000000000,1.000000000000000000,0.001480000000000000,0.000058044792538890
0.076000000000000000,0.076000000000000000,0.151984801519848015,20000.000000000000000000,10001.000000000000000000,0.000000000000000000,0.000000000000000000,10000.000000000000000000,1.000000000000000000,0.001520000000000000,0.000059613570715617
0.078000000000000000,0.078000000000000000,0.155984401559844015,20000.000000000000000000,10001.000000000000000000,0.000000000000000000,0.000000000000000000,10000.000000000000000000,1.000000000000000000,0.001560000000000000,0.000061182348892344
0.080000000000000000,0.080000000000000000,0.159984001599840015,20000.000000000000000000,10001.000000000000000000,0.000000000000000000,0.000000000000000000,10000.000000000000000000,1.000000000000000000,0.001600000000000000,0.000062751127069071
0.082000000000000000,0.082000000000000000,0.163983601639836016,20000.000000000000000000,10001.000000000000000000,0.000000000000000000,0.000000000000000000,10000.000000000000000000,1.000000000000000000,0.001640000000000000,0.000064319905245798
0.084000000000000000,0.084000000000000000,0.167983201679832016,20000.000000000000000000,10001.000000000000000000,0.000000000000000000,0.000000000000000000,10000.000000000000000000,1.000000000000000000,0.001680000000000000,0.000065888683422524
0.086000000000000000,0.086000000000000000,0.171982801719828017,20000.000000000000000000,10001.000000000000000000,0.000000000000000000,0.000000000000000000,10000.000000000000000000,1.000000000000000000,0.001720000000000000,0.000067457461599251
0.088000000000000000,0.088000000000000000,0.175982401759824017,20000.000000000000000000,10001.000000000000000000,0.000000000000000000,0.000000000000000000,10000.000000000000000000,1.000000000000000000,0.001760000000000000,0.000069026239775978
0.090000000000000000,0.090000000000000000,0.179982001799820017,20000.000000000000000000,10001.000000000000000000,0.000000000000000000,0.000000000000000000,10000.000000000000000000,1.000000000000000000,0.001800000000000000,0.000070595017952705
0.092000000000000000,0.092000000000000000,0.183981601839816018,20000.000000000000000000,10001.000000000000000000,0.000000000000000000,0.000000000000000000,10000.000000000000000000,1.000000000000000000,0.001840000000000000,0.000072163796129432
0.094000000000000000,0.094000000000000000,0.187981201879812018,20000.000000000000000000,10001.000000000000000000,0.000000000000000000,0.000000000000000000,10000.000000000000000000,1.000000000000000000,0.001880000000000000,0.000073732574306158
0.096000000000000000,0.096000000000000000,0.191980801919808019,20000.000000000000000000,10001.000000000000000000,0.000000000000000000,0.000000000000000000,10000.000000000000000000,1.000000000000000000,0.001920000000000000,0.000075301352482885
0.098000000000000000,0.098000000000000000,0.195980401959804019,20000.000000000000000000,10001.000000000000000000,0.000000000000000000,0.000000000000000000,10000.000000000000000000,1.000000000000000000,0.001960000000000000,0.000076870130659612
0.100000000000000000,0.100000000000000000,0.199980001999800019,20000.000000000000000000,10001.000000000000000000,0.000000000000000000,0.000000000000000000,10000.000000000000000000,1.000000000000000000,0.002000000000000000,0.000078438908836339
0.102000000000000000,0.102000000000000000,0.203979602039796020,20000.000000000000000000,10001.000000000000000000,0.000000000000000000,0.000000000000000000,10000.000000000000000000,1.000000000000000000,0.002040000000000000,0.000080007687013065
0.104000000000000000,0.104000000000000000,0.207979202079792020,20000.000000000000000000,10001.000000000000000000,0.000000000000000000,0.000000000000000000,10000.000000000000000000,1.000000000000000000,0.002080000000000000,0.000081576465189792
0.106000000000000000,0.106000000000000000,0.211978802119788021,20000.000000000000000000,10001.000000000000000000,0.000000000000000000,0.000000000000000000,10000.000000000000000000,1.000000000000000000,0.002120000000000000,0.000083145243366519
0.108000000000000000,0.108000000000000000,0.215978402159784021,20000.000000000000000000,10001.000000000000000000,0.000000000000000000,0.000000000000000000,10000.000000000000000000,1.000000000000000000,0.002160000000000000,0.000084714021543246
0.110000000000000000,0.110000000000000000,0.219978002199780021,20000.000000000000000000,10001.000000000000000000,0.000000000000000000,0.000000000000000000,10000.000000000000000000,1.000000000000000000,0.002200000000000000,0.000086282799719973
0.112000000000000000,0.112000000000000000,0.223977602239776022,20000.000000000000000000,10001.000000000000000000,0.000000000000000000,0.000000000000000000,10000.000000000000000000,1.000000000000000000,0.002240000000000000,0.000087851577896699
0.114000000000000000,0.114000000000000000,0.227977202279772022,20000.000000000000000000,10001.000000000000000000,0.000000000000000000,0.000000000000000000,10000.000000000000000000,1.000000000000000000,0.002280000000000000,0.000089420356073426
0.116000000000000000,0.116000000000000000,0.231976802319768023,20000.000000000000000000,10001.000000000000000000,0.000000000000000000,0.000000000000000000,10000.000000000000000000,1.000000000000000000,0.002320000000000000,0.000090989134250153
0.118000000000000000,0.118000000000000000,0.235976402359764023,20000.000000000000000000,10001.000000000000000000,0.000000000000000000,0.000000000000000000,10000.000000000000000000,1.000000000000000000,0.002360000000000000,0.000092557912426880
0.120000000000000000,0.120000000000000000,0.239976002399760023,20000.000000000000000000,10001.000000000000000000,0.000000000000000000,0.000000000000000000,10000.000000000000000000,1.000000000000000000,0.002400000000000000,0.000094126690603607
0.122000000000000000,0.122000000000000000,0.243975602439756024,20000.000000000000000000,10001.000000000000000000,0.000000000000000000,0.000000000000000000,10000.000000000000000000,1.000000000000000000,0.002440000000000000,0.000095695468780333
0.124000000000000000,0.124000000000000000,0.247975202479752024,20000.000000000000000000,10001.000000000000000000,0.000000000000000000,0.000000000000000000,10000.000000000000000000,1.000000000000000000,0.002480000000000000,0.000097264246957060
0.126000000000000000,0.126000000000000000,0.251974802519748025,20000.000000000000000000,10001.000000000000000000,0.000000000000000000,0.000000000000000000,10000.000000000000000000,1.000000000000000000,0.002520000000000000,0.000098833025133787
0.128000000000000000,0.128000000000000000,0.255974402559744025,20000.000000000000000000,10001.000000000000000000,0.000000000000000000,0.000000000000000000,10000.000000000000000000,1.000000000000000000,0.002560000000000000,0.000100401803310514
0.130000000000000000,0.130000000000000000,0.259974002599740025,20000.000000000000000000,10001.000000000000000000,0.000000000000000000,0.000000000000000000,10000.000000000000000000,1.000000000000000000,0.002600000000000000,0.000101970581487240
0.132000000000000000,0.132000000000000000,0.263973602639736026,20000.000000000000000000,10001.000000000000000000,0.000000000000000000,0.000000000000000000,10000.000000000000000000,1.000000000000000000,0.002640000000000000,0.000103539359663967
0.134000000000000000,0.134000000000000000,0.267973202679732026,20000.000000000000000000,10001.000000000000000000,0.000000000000000000,0.000000000000000000,10000.000000000000000000,1.000000000000000000,0.002680000000000000,0.000105108137840694
0.136000000000000000,0.136000000000000000,0.271972802719728027,20000.000000000000000000,10001.000000000000000000,0.000000000000000000,0.000000000000000000,10000.000000000000000000,1.000000000000000000,0.002720000000000000,0.000106676916017421
0.138000000000000000,0.138000000000000000,0.275972402759724027,20000.000000000000000000,10001.000000000000000000,0.000000000000000000,0.000000000000000000,10000.000000000000000000,1.000000000000000000,0.002760000000000000,0.000108245694194148
0.140000000000000000,0.140000000000000000,0.279972002799720027,20000.000000000000000000,10001.000000000000000000,0.000000000000000000,0.000000000000000000,10000.000000000000000000,1.000000000000000000,0.002800000000000000,0.000109814472370874
0.142000000000000000,0.142000000000000000,0.283971602839716028,20000.000000000000000000,10001.000000000000000000,0.000000000000000000,0.000000000000000000,10000.000000000000000000,1.000000000000000000,0.002840000000000000,0.000111383250547601
0.144000000000000000,0.144000000000000000,0.287971202879712028,20000.000000000000000000,10001.000000000000000000,0.000000000000000000,0.000000000000000000,10000.000000000000000000,1.000000000000000000,0.002880000000000000,0.000112952028724328
0.146000000000000000,0.146000000000000000,0.291970802919708029,20000.000000000000000000,10001.000000000000000000,0.000000000000000000,0.000000000000000000,10000.000000000000000000,1.000000000000000000,0.002920000000000000,0.000114520806901055
0.148000000000000000,0.148000000000000000,0.295970402959704029,20000.000000000000000000,10001.000000000000000000,0.000000000000000000,0.000000000000000000,10000.000000000000000000,1.000000000000000000,0.002960000000000000,0.000116089585077781
0.150000000000000000,0.150000000000000000,0.299970002999700029,20000.000000000000000000,10001.000000000000000000,0.000000000000000000,0.000000000000000000,10000.000000000000000000,1.000000000000000000,0.003000000000000000,0.000117658363254508
0.152000000000000000,0.152000000000000000,0.303969603039696030,20000.000000000000000000,10001.000000000000000000,0.000000000000000000,0.000000000000000000,10000.000000000000000000,1.000000000000000000,0.003040000000000000,0.000119227141431235
0.154000000000000000,0.154000000000000000,0.307969203079692030,20000.000000000000000000,10001.000000000000000000,0.000000000000000000,0.000000000000000000,10000.000000000000000000,1.000000000000000000,0.003080000000000000,0.000120795919607962
0.156000000000000000,0.156000000000000000,0.311968803119688031,20000.000000000000000000,10001.000000000000000000,0.000000000000000000,0.000000000000000000,10000.000000000000000000,1.000000000000000000,0.003120000000000000,0.000122364697784689
0.158000000000000000,0.158000000000000000,0.315968403159684031,20000.000000000000000000,10001.000000000000000000,0.000000000000000000,0.000000000000000000,10000.000000000000000000,1.000000000000000000,0.003160000000000000,0.000123933475961415
0.160000000000000000,0.160000000000000000,0.319968003199680031,20000.000000000000000000,10001.000000000000000000,0.000000000000000000,0.000000000000000000,10000.000000000000000000,1.000000000000000000,0.003200000000000000,0.000125502254138142
0.162000000000000000,0.162000000000000000,0.323967603239676032,20000.000000000000000000,10001.000000000000000000,0.000000000000000000,0.000000000000000000,10000.000000000000000000,1.000000000000000000,0.003240000000000000,0.000127071032314869
0.164000000000000000,0.164000000000000000,0.327967203279672032,20000.000000000000000000,10001.000000000000000000,0.000000000000000000,0.000000000000000000,10000.000000000000000000,1.000000000000000000,0.003280000000000000,0.000128639810491596
0.166000000000000000,0.166000000000000000,0.331966803319668033,20000.000000000000000000,10001.000000000000000000,0.000000000000000000,0.000000000000000000,10000.000000000000000000,1.000000000000000000,0.003320000000000000,0.000130208588668323
0.168000000000000000,0.168000000000000000,0.335966403359664033,20000.000000000000000000,10001.000000000000000000,0.000000000000000000,0.000000000000000000,10000.000000000000000000,1.000000000000000000,0.003360000000000000,0.000131777366845049
0.170000000000000000,0.170000000000000000,0.339966003399660033,20000.000000000000000000,10001.000000000000000000,0.000000000000000000,0.000000000000000000,10000.000000000000000000,1.000000000000000000,0.003400000000000000,0.000133346145021776
0.172000000000000000,0.172000000000000000,0.343965603439656034,20000.000000000000000000,10001.000000000000000000,0.000000000000000000,0.000000000000000000,10000.000000000000000000,1.000000000000000000,0.003440000000000000,0.000134914923198503
0.174000000000000000,0.174000000000000000,0.347965203479652034,20000.000000000000000000,10001.000000000000000000,0.000000000000000000,0.000000000000000000,10000.000000000000000000,1.000000000000000000,0.003480000000000000,0.000136483701375230
0.176000000000000000,0.176000000000000000,0.351964803519648035,20000.000000000000000000,10001.000000000000000000,0.000000000000000000,0.000000000000000000,10000.000000000000000000,1.000000000000000000,0.003520000000000000,0.000138052479551956
0.178000000000000000,0.178000000000000000,0.355964403559644035,20000.000000000000000000,10001.000000000000000000,0.000000000000000000,0.000000000000000000,10000.000000000000000000,1.000000000000000000,0.003560000000000000,0.000139621257728683
0.180000000000000000,0.180000000000000000,0.359964003599640035,20000.000000000000000000,10001.000000000000000000,0.000000000000000000,0.000000000000000000,10000.000000000000000000,1.000000000000000000,0.003600000000000000,0.000141190035905410
0.182000000000000000,0.182000000000000000,0.363963603639636036,20000.000000000000000000,10001.000000000000000000,0.000000000000000000,0.000000000000000000,10000.000000000000000000,1.000000000000000000,0.003640000000000000,0.000142758814082137
0.184000000000000000,0.184000000000000000,0.367963203679632036,20000.000000000000000000,10001.000000000000000000,0.000000000000000000,0.000000000000000000,10000.000000000000000000,1.000000000000000000,0.003680000000000000,0.000144327592258864
0.186000000000000000,0.186000000000000000,0.371962803719628037,20000.000000000000000000,10001.000000000000000000,0.000000000000000000,0.000000000000000000,10000.000000000000000000,1.000000000000000000,0.003720000000000000,0.000145896370435590
0.188000000000000000,0.188000000000000000,0.375962403759624037,20000.000000000000000000,10001.000000000000000000,0.000000000000000000,0.000000000000000000,10000.000000000000000000,1.000000000000000000,0.003760000000000000,0.000147465148612317
0.190000000000000000,0.190000000000000000,0.379962003799620037,20000.000000000000000000,10001.000000000000000000,0.000000000000000000,0.000000000000000000,10000.000000000000000000,1.000000000000000000,0.003800000000000000,0.000149033926789044
0.192000000000000000,0.192000000000000000,0.383961603839616038,20000.000000000000000000,10001.000000000000000000,0.000000000000000000,0.000000000000000000,10000.000000000000000000,1.000000000000000000,0.003840000000000000,0.000150602704965771
0.194000000000000000,0.194000000000000000,0.387961203879612038,20000.000000000000000000,10001.000000000000000000,0.000000000000000000,0.000000000000000000,10000.000000000000000000,1.000000000000000000,0.003880000000000000,0.000152171483142498
0.196000000000000000,0.196000000000000000,0.391960803919608039,20000.000000000000000000,10001.000000000000000000,0.000000000000000000,0.000000000000000000,10000.000000000000000000,1.000000000000000000,0.003920000000000000,0.000153740261319224
0.198000000000000000,0.198000000000000000,0.395960403959604039,20000.000000000000000000,10001.000000000000000000,0.000000000000000000,0.000000000000000000,10000.000000000000000000,1.000000000000000000,0.003960000000000000,0.000155309039495951
0.200000000000000000,0.200000000000000000,0.399960003999600039,20000.000000000000000000,10001.000000000000000000,0.000000000000000000,0.000000000000000000,10000.000000000000000000,1.000000000000000000,0.004000000000000000,0.000156877817672678
0.202000000000000000,0.202000000000000000,0.403959604039596040,20000.000000000000000000,10001.000000000000000000,0.000000000000000000,0.000000000000000000,10000.000000000000000000,1.000000000000000000,0.004040000000000000,0.000158446595849405
0.204000000000000000,0.204000000000000000,0.407959204079592040,20000.000000000000000000,10001.000000000000000000,0.000000000000000000,0.000000000000000000,10000.000000000000000000,1.000000000000000000,0.004080000000000000,0.000160015374026131
0.206000000000000000,0.206000000000000000,0.411958804119588041,20000.000000000000000000,10001.000000000000000000,0.000000000000000000,0.000000000000000000,10000.000000000000000000,1.000000000000000000,0.004120000000000000,0.000161584152202858
0.208000000000000000,0.208000000000000000,0.415958404159584041,20000.000000000000000000,10001.000000000000000000,0.000000000000000000,0.000000000000000000,10000.000000000000000000,1.000000000000000000,0.004160000000000000,0.000163152930379585
0.210000000000000000,0.210000000000000000,0.419958004199580041,20000.000000000000000000,10001.000000000000000000,0.000000000000000000,0.000000000000000000,10000.000000000000000000,1.000000000000000000,0.004200000000000000,0.000164721708556312
0.212000000000000000,0.212000000000000000,0.423957604239576042,20000.000000000000000000,10001.000000000000000000,0.000000000000000000,0.000000000000000000,10000.000000000000000000,1.000000000000000000,0.004240000000000000,0.000166290486733039
0.214000000000000000,0.214000000000000000,0.427957204279572042,20000.000000000000000000,10001.000000000000000000,0.000000000000000000,0.000000000000000000,10000.000000000000000000,1.000000000000000000,0.004280000000000000,0.000167859264909765
0.216000000000000000,0.216000000000000000,0.431956804319568043,20000.000000000000000000,10001.000000000000000000,0.000000000000000000,0.000000000000000000,10000.000000000000000000,1.000000000000000000,0.004320000000000000,0.000169428043086492
0.218000000000000000,0.218000000000000000,0.435956404359564043,20000.000000000000000000,10001.000000000000000000,0.000000000000000000,0.000000000000000000,10000.000000000000000000,1.000000000000000000,0.004360000000000000,0.000170996821263219
0.220000000000000000,0.220000000000000000,0.439956004399560043,20000.000000000000000000,10001.000000000000000000,0.000000000000000000,0.000000000000000000,10000.000000000000000000,1.000000000000000000,0.004400000000000000,0.000172565599439946
0.222000000000000000,0.222000000000000000,0.443955604439556044,20000.000000000000000000,10001.000000000000000000,0.000000000000000000,0.000000000000000000,10000.000000000000000000,1.000000000000000000,0.004440000000000000,0.000174134377616672
0.224000000000000000,0.224000000000000000,0.447955204479552044,20000.000000000000000000,10001.000000000000000000,0.000000000000000000,0.000000000000000000,10000.000000000000000000,1.000000000000000000,0.004480000000000000,0.000175703155793399
0.226000000000000000,0.226000000000000000,0.451954804519548045,20000.000000000000000000,10001.000000000000000000,0.000000000000000000,0.000000000000000000,10000.000000000000000000,1.000000000000000000,0.004520000000000000,0.000177271933970126
0.228000000000000000,0.228000000000000000,0.455954404559544045,20000.000000000000000000,10001.000000000000000000,0.000000000000000000,0.000000000000000000,10000.000000000000000000,1.000000000000000000,0.004560000000000000,0.000178840712146853
0.230000000000000000,0.230000000000000000,0.459954004599540045,20000.000000000000000000,10001.000000000000000000,0.000000000000000000,0.000000000000000000,10000.000000000000000000,1.000000000000000000,0.004600000000000000,0.000180409490323580
0.232000000000000000,0.232000000000000000,0.463953604639536046,20000.000000000000000000,10001.000000000000000000,0.000000000000000000,0.000000000000000000,10000.000000000000000000,1.000000000000000000,0.004640000000000000,0.000181978268500306
0.234000000000000000,0.234000000000000000,0.467953204679532046,20000.000000000000000000,10001.000000000000000000,0.000000000000000000,0.000000000000000000,10000.000000000000000000,1.000000000000000000,0.004680000000000000,0.000183547046677033
0.236000000000000000,0.236000000000000000,0.471952804719528047,20000.000000000000000000,10001.000000000000000000,0.000000000000000000,0.000000000000000000,10000.000000000000000000,1.000000000000000000,0.004720000000000000,0.000185115824853760
0.238000000000000000,0.238000000000000000,0.475952404759524047,20000.000000000000000000,10001.000000000000000000,0.000000000000000000,0.000000000000000000,10000.000000000000000000,1.000000000000000000,0.004760000000000000,0.000186684603030487
0.240000000000000000,0.240000000000000000,0.479952004799520047,20000.000000000000000000,10001.000000000000000000,0.000000000000000000,0.000000000000000000,10000.000000000000000000,1.000000000000000000,0.004800000000000000,0.000188253381207214
0.242000000000000000,0.242000000000000000,0.483951604839516048,20000.000000000000000000,10001.000000000000000000,0.000000000000000000,0.000000000000000000,10000.000000000000000000,1.000000000000000000,0.004840000000000000,0.000189822159383940
0.244000000000000000,0.244000000000000000,0.487951204879512048,20000.000000000000000000,10001.000000000000000000,0.000000000000000000,0.000000000000000000,10000.000000000000000000,1.000000000000000000,0.004880000000000000,0.000191390937560667
0.246000000000000000,0.246000000000000000,0.491950804919508049,20000.000000000000000000,10001.000000000000000000,0.000000000000000000,0.000000000000000000,10000.000000000000000000,1.000000000000000000,0.004920000000000000,0.000192959715737394
0.248000000000000000,0.248000000000000000,0.495950404959504049,20000.000000000000000000,10001.000000000000000000,0.000000000000000000,0.000000000000000000,10000.000000000000000000,1.000000000000000000,0.004960000000000000,0.000194528493914121
0.250000000000000000,0.250000000000000000,0.499950004999500049,20000.000000000000000000,10001.000000000000000000,0.000000000000000000,0.000000000000000000,10000.000000000000000000,1.000000000000000000,0.005000000000000000,0.000196097272090847
0.252000000000000000,0.252000000000000000,0.503949605039496050,20000.000000000000000000,10001.000000000000000000,0.000000000000000000,0.000000000000000000,10000.000000000000000000,1.000000000000000000,0.005040000000000000,0.000197666050267574
0.254000000000000000,0.254000000000000000,0.507949205079492050,20000.000000000000000000,10001.000000000000000000,0.000000000000000000,0.000000000000000000,10000.000000000000000000,1.000000000000000000,0.005080000000000000,0.000199234828444301
0.256000000000000000,0.256000000000000000,0.511948805119488051,20000.000000000000000000,10001.000000000000000000,0.000000000000000000,0.000000000000000000,10000.000000000000000000,1.000000000000000000,0.005120000000000000,0.000200803606621028
0.258000000000000000,0.258000000000000000,0.515948405159484051,20000.000000000000000000,10001.000000000000000000,0.000000000000000000,0.000000000000000000,10000.000000000000000000,1.000000000000000000,0.005160000000000000,0.000202372384797755
0.260000000000000000,0.260000000000000000,0.519948005199480051,20000.000000000000000000,10001.000000000000000000,0.000000000000000000,0.000000000000000000,10000.000000000000000000,1.000000000000000000,0.005200000000000000,0.000203941162974481
0.262000000000000000,0.262000000000000000,0.523947605239476052,20000.000000000000000000,10001.000000000000000000,0.000000000000000000,0.000000000000000000,10000.000000000000000000,1.000000000000000000,0.005240000000000000,0.000205509941151208
0.264000000000000000,0.264000000000000000,0.527947205279472052,20000.000000000000000000,10001.000000000000000000,0.000000000000000000,0.000000000000000000,10000.000000000000000000,1.000000000000000000,0.005280000000000000,0.000207078719327935
0.266000000000000000,0.266000000000000000,0.531946805319468053,20000.000000000000000000,10001.000000000000000000,0.000000000000000000,0.000000000000000000,10000.000000000000000000,1.000000000000000000,0.005320000000000000,0.000208647497504662
0.268000000000000000,0.268000000000000000,0.535946405359464053,20000.000000000000000000,10001.000000000000000000,0.000000000000000000,0.000000000000000000,10000.000000000000000000,1.000000000000000000,0.005360000000000000,0.000210216275681388
0.270000000000000000,0.270000000000000000,0.539946005399460053,20000.000000000000000000,10001.000000000000000000,0.000000000000000000,0.000000000000000000,10000.000000000000000000,1.000000000000000000,0.005400000000000000,0.000211785053858115
0.272000000000000000,0.272000000000000000,0.543945605439456054,20000.000000000000000000,10001.000000000000000000,0.000000000000000000,0.000000000000000000,10000.000000000000000000,1.000000000000000000,0.005440000000000000,0.000213353832034842
0.274000000000000000,0.274000000000000000,0.547945205479452054,20000.000000000000000000,10001.000000000000000000,0.000000000000000000,0.000000000000000000,10000.000000000000000000,1.000000000000000000,0.005480000000000000,0.000214922610211569
0.276000000000000000,0.276000000000000000,0.551944805519448055,20000.000000000000000000,10001.000000000000000000,0.000000000000000000,0.000000000000000000,10000.000000000000000000,1.000000000000000000,0.005520000000000000,0.000216491388388296
0.278000000000000000,0.278000000000000000,0.555944405559444055,20000.000000000000000000,10001.000000000000000000,0.000000000000000000,0.000000000000000000,10000.000000000000000000,1.000000000000000000,0.005560000000000000,0.000218060166565022
0.280000000000000000,0.280000000000000000,0.559944005599440055,20000.000000000000000000,10001.000000000000000000,0.000000000000000000,0.000000000000000000,10000.000000000000000000,1.000000000000000000,0.005600000000000000,0.000219628944741749
0.282000000000000000,0.282000000000000000,0.563943605639436056,20000.000000000000000000,10001.000000000000000000,0.000000000000000000,0.000000000000000000,10000.000000000000000000,1.000000000000000000,0.005640000000000000,0.000221197722918476
0.284000000000000000,0.284000000000000000,0.567943205679432056,20000.000000000000000000,10001.000000000000000000,0.000000000000000000,0.000000000000000000,10000.000000000000000000,1.000000000000000000,0.005680000000000000,0.000222766501095203
0.286000000000000000,0.286000000000000000,0.571942805719428057,20000.000000000000000000,10001.000000000000000000,0.000000000000000000,0.000000000000000000,10000.000000000000000000,1.000000000000000000,0.005720000000000000,0.000224335279271930
0.288000000000000000,0.288000000000000000,0.575942405759424057,20000.000000000000000000,10001.000000000000000000,0.000000000000000000,0.000000000000000000,10000.000000000000000000,1.000000000000000000,0.005760000000000000,0.000225904057448656
0.290000000000000000,0.290000000000000000,0.579942005799420057,20000.000000000000000000,10001.000000000000000000,0.000000000000000000,0.000000000000000000,10000.000000000000000000,1.000000000000000000,0.005800000000000000,0.000227472835625383
0.292000000000000000,0.292000000000000000,0.583941605839416058,20000.000000000000000000,10001.000000000000000000,0.000000000000000000,0.000000000000000000,10000.000000000000000000,1.000000000000000000,0.005840000000000000,0.000229041613802110
0.294000000000000000,0.294000000000000000,0.587941205879412058,20000.000000000000000000,10001.000000000000000000,0.000000000000000000,0.000000000000000000,10000.000000000000000000,1.000000000000000000,0.005880000000000000,0.000230610391978837
0.296000000000000000,0.296000000000000000,0.591940805919408059,20000.000000000000000000,10001.000000000000000000,0.000000000000000000,0.000000000000000000,10000.000000000000000000,1.000000000000000000,0.005920000000000000,0.000232179170155563
0.298000000000000000,0.298000000000000000,0.595940405959404059,20000.000000000000000000,10001.000000000000000000,0.000000000000000000,0.000000000000000000,10000.000000000000000000,1.000000000000000000,0.005960000000000000,0.000233747948332290
0.300000000000000000,0.300000000000000000,0.599940005999400059,20000.000000000000000000,10001.000000000000000000,0.000000000000000000,0.000000000000000000,10000.000000000000000000,1.000000000000000000,0.006000000000000000,0.000235316726509017
0.302000000000000000,0.302000000000000000,0.603939606039396060,20000.000000000000000000,10001.000000000000000000,0.000000000000000000,0.000000000000000000,10000.000000000000000000,1.000000000000000000,0.006040000000000000,0.000236885504685744
0.304000000000000000,0.304000000000000000,0.607939206079392060,20000.000000000000000000,10001.000000000000000000,0.000000000000000000,0.000000000000000000,10000.000000000000000000,1.000000000000000000,0.006080000000000000,0.000238454282862471
0.306000000000000000,0.306000000000000000,0.611938806119388061,20000.000000000000000000,10001.000000000000000000,0.000000000000000000,0.000000000000000000,10000.000000000000000000,1.000000000000000000,0.006120000000000000,0.000240023061039197
0.308000000000000000,0.308000000000000000,0.615938406159384061,20000.000000000000000000,10001.000000000000000000,0.000000000000000000,0.000000000000000000,10000.000000000000000000,1.000000000000000000,0.006160000000000000,0.000241591839215924
0.310000000000000000,0.310000000000000000,0.619938006199380061,20000.000000000000000000,10001.000000000000000000,0.000000000000000000,0.000000000000000000,10000.000000000000000000,1.000000000000000000,0.006200000000000000,0.000243160617392651
0.312000000000000000,0.312000000000000000,0.623937606239376062,20000.000000000000000000,10001.000000000000000000,0.000000000000000000,0.000000000000000000,10000.000000000000000000,1.000000000000000000,0.006240000000000000,0.000244729395569378
0.314000000000000000,0.314000000000000000,0.627937206279372062,20000.000000000000000000,10001.000000000000000000,0.000000000000000000,0.000000000000000000,10000.000000000000000000,1.000000000000000000,0.006280000000000000,0.000246298173746105
0.316000000000000000,0.316000000000000000,0.631936806319368063,20000.000000000000000000,10001.000000000000000000,0.000000000000000000,0.000000000000000000,10000.000000000000000000,1.000000000000000000,0.006320000000000000,0.000247866951922831
0.318000000000000000,0.318000000000000000,0.635936406359364063,20000.000000000000000000,10001.000000000000000000,0.000000000000000000,0.000000000000000000,10000.000000000000000000,1.000000000000000000,0.006360000000000000,0.000249435730099558
0.320000000000000000,0.320000000000000000,0.639936006399360063,20000.000000000000000000,10001.000000000000000000,0.000000000000000000,0.000000000000000000,10000.000000000000000000,1.000000000000000000,0.006400000000000000,0.000251004508276285
0.322000000000000000,0.322000000000000000,0.643935606439356064,20000.000000000000000000,10001.000000000000000000,0.000000000000000000,0.000000000000000000,10000.000000000000000000,1.000000000000000000,0.006440000000000000,0.000252573286453012
0.324000000000000000,0.324000000000000000,0.647935206479352064,20000.000000000000000000,10001.000000000000000000,0.000000000000000000,0.000000000000000000,10000.000000000000000000,1.000000000000000000,0.006480000000000000,0.000254142064629738
0.326000000000000000,0.326000000000000000,0.651934806519348065,20000.000000000000000000,10001.000000000000000000,0.000000000000000000,0.000000000000000000,10000.000000000000000000,1.000000000000000000,0.006520000000000000,0.000255710842806465
0.328000000000000000,0.328000000000000000,0.655934406559344065,20000.000000000000000000,10001.000000000000000000,0.000000000000000000,0.000000000000000000,10000.000000000000000000,1.000000000000000000,0.006560000000000000,0.000257279620983192
0.330000000000000000,0.330000000000000000,0.659934006599340065,20000.000000000000000000,10001.000000000000000000,0.000000000000000000,0.000000000000000000,10000.000000000000000000,1.000000000000000000,0.006600000000000000,0.000258848399159919
0.332000000000000000,0.332000000000000000,0.663933606639336066,20000.000000000000000000,10001.000000000000000000,0.000000000000000000,0.000000000000000000,10000.000000000000000000,1.000000000000000000,0.006640000000000000,0.000260417177336646
0.334000000000000000,0.334000000000000000,0.667933206679332066,20000.000000000000000000,10001.000000000000000000,0.000000000000000000,0.000000000000000000,10000.000000000000000000,1.000000000000000000,0.006680000000000000,0.000261985955513372
0.336000000000000000,0.336000000000000000,0.671932806719328067,20000.000000000000000000,10001.000000000000000000,0.000000000000000000,0.000000000000000000,10000.000000000000000000,1.000000000000000000,0.006720000000000000,0.000263554733690099
0.338000000000000000,0.338000000000000000,0.675932406759324067,20000.000000000000000000,10001.000000000000000000,0.000000000000000000,0.000000000000000000,10000.000000000000000000,1.000000000000000000,0.006760000000000000,0.000265123511866826
0.340000000000000000,0.340000000000000000,0.679932006799320067,20000.000000000000000000,10001.000000000000000000,0.000000000000000000,0.000000000000000000,10000.000000000000000000,1.000000000000000000,0.006800000000000000,0.000266692290043553
0.342000000000000000,0.342000000000000000,0.683931606839316068,20000.000000000000000000,10001.000000000000000000,0.000000000000000000,0.000000000000000000,10000.000000000000000000,1.000000000000000000,0.006840000000000000,0.000268261068220279
0.344000000000000000,0.344000000000000000,0.687931206879312068,20000.000000000000000000,10001.000000000000000000,0.000000000000000000,0.000000000000000000,10000.000000000000000000,1.000000000000000000,0.006880000000000000,0.000269829846397006
0.346000000000000000,0.346000000000000000,0.691930806919308069,20000.000000000000000000,10001.000000000000000000,0.000000000000000000,0.000000000000000000,10000.000000000000000000,1.000000000000000000,0.006920000000000000,0.000271398624573733
0.348000000000000000,0.348000000000000000,0.695930406959304069,20000.000000000000000000,10001.000000000000000000,0.000000000000000000,0.000000000000000000,10000.000000000000000000,1.000000000000000000,0.006960000000000000,0.000272967402750460
0.350000000000000000,0.350000000000000000,0.699930006999300069,20000.000000000000000000,10001.000000000000000000,0.000000000000000000,0.000000000000000000,10000.000000000000000000,1.000000000000000000,0.007000000000000000,0.000274536180927187
0.352000000000000000,0.352000000000000000,0.703929607039296070,20000.000000000000000000,10001.000000000000000000,0.000000000000000000,0.000000000000000000,10000.000000000000000000,1.000000000000000000,0.007040000000000000,0.000276104959103913
0.354000000000000000,0.354000000000000000,0.707929207079292070,20000.000000000000000000,10001.000000000000000000,0.000000000000000000,0.000000000000000000,10000.000000000000000000,1.000000000000000000,0.007080000000000000,0.000277673737280640
0.356000000000000000,0.356000000000000000,0.711928807119288071,20000.000000000000000000,10001.000000000000000000,0.000000000000000000,0.000000000000000000,10000.000000000000000000,1.000000000000000000,0.007120000000000000,0.000279242515457367
0.358000000000000000,0.358000000000000000,0.715928407159284071,20000.000000000000000000,10001.000000000000000000,0.000000000000000000,0.000000000000000000,10000.000000000000000000,1.000000000000000000,0.007160000000000000,0.000280811293634094
0.360000000000000000,0.360000000000000000,0.719928007199280071,20000.000000000000000000,10001.000000000000000000,0.000000000000000000,0.000000000000000000,10000.000000000000000000,1.000000000000000000,0.007200000000000000,0.000282380071810821
0.362000000000000000,0.362000000000000000,0.723927607239276072,20000.000000000000000000,10001.000000000000000000,0.000000000000000000,0.000000000000000000,10000.000000000000000000,1.000000000000000000,0.007240000000000000,0.000283948849987547
0.364000000000000000,0.364000000000000000,0.727927207279272072,20000.000000000000000000,10001.000000000000000000,0.000000000000000000,0.000000000000000000,10000.000000000000000000,1.000000000000000000,0.007280000000000000,0.000285517628164274
0.366000000000000000,0.366000000000000000,0.731926807319268073,20000.000000000000000000,10001.000000000000000000,0.000000000000000000,0.000000000000000000,10000.000000000000000000,1.000000000000000000,0.007320000000000000,0.000287086406341001
0.368000000000000000,0.368000000000000000,0.735926407359264073,20000.000000000000000000,10001.000000000000000000,0.000000000000000000,0.000000000000000000,10000.000000000000000000,1.000000000000000000,0.007360000000000000,0.000288655184517728
0.370000000000000000,0.370000000000000000,0.739926007399260073,20000.000000000000000000,10001.000000000000000000,0.000000000000000000,0.000000000000000000,10000.000000000000000000,1.000000000000000000,0.007400000000000000,0.000290223962694454
0.372000000000000000,0.372000000000000000,0.743925607439256074,20000.000000000000000000,10001.000000000000000000,0.000000000000000000,0.000000000000000000,10000.000000000000000000,1.000000000000000000,0.007440000000000000,0.000291792740871181
0.374000000000000000,0.374000000000000000,0.747925207479252074,20000.000000000000000000,10001.000000000000000000,0.000000000000000000,0.000000000000000000,10000.000000000000000000,1.000000000000000000,0.007480000000000000,0.000293361519047908
0.376000000000000000,0.376000000000000000,0.751924807519248075,20000.000000000000000000,10001.000000000000000000,0.000000000000000000,0.000000000000000000,10000.000000000000000000,1.000000000000000000,0.007520000000000000,0.000294930297224635
0.378000000000000000,0.378000000000000000,0.755924407559244075,20000.000000000000000000,10001.000000000000000000,0.000000000000000000,0.000000000000000000,10000.000000000000000000,1.000000000000000000,0.007560000000000000,0.000296499075401362
0.380000000000000000,0.380000000000000000,0.759924007599240075,20000.000000000000000000,10001.000000000000000000,0.000000000000000000,0.000000000000000000,10000.000000000000000000,1.000000000000000000,0.007600000000000000,0.000298067853578088
0.382000000000000000,0.382000000000000000,0.763923607639236076,20000.000000000000000000,10001.000000000000000000,0.000000000000000000,0.000000000000000000,10000.000000000000000000,1.000000000000000000,0.007640000000000000,0.000299636631754815
0.384000000000000000,0.384000000000000000,0.767923207679232076,20000.000000000000000000,10001.000000000000000000,0.000000000000000000,0.000000000000000000,10000.000000000000000000,1.000000000000000000,0.007680000000000000,0.000301205409931542
0.386000000000000000,0.386000000000000000,0.771922807719228077,20000.000000000000000000,10001.000000000000000000,0.000000000000000000,0.000000000000000000,10000.000000000000000000,1.000000000000000000,0.007720000000000000,0.000302774188108269
0.388000000000000000,0.388000000000000000,0.775922407759224077,20000.000000000000000000,10001.000000000000000000,0.000000000000000000,0.000000000000000000,10000.000000000000000000,1.000000000000000000,0.007760000000000000,0.000304342966284996
0.390000000000000000,0.390000000000000000,0.779922007799220077,20000.000000000000000000,10001.000000000000000000,0.000000000000000000,0.000000000000000000,10000.000000000000000000,1.000000000000000000,0.007800000000000000,0.000305911744461722
0.392000000000000000,0.392000000000000000,0.783921607839216078,20000.000000000000000000,10001.000000000000000000,0.000000000000000000,0.000000000000000000,10000.000000000000000000,1.000000000000000000,0.007840000000000000,0.000307480522638449
0.394000000000000000,0.394000000000000000,0.787921207879212078,20000.000000000000000000,10001.000000000000000000,0.000000000000000000,0.000000000000000000,10000.000000000000000000,1.000000000000000000,0.007880000000000000,0.000309049300815176
0.396000000000000000,0.396000000000000000,0.791920807919208079,20000.000000000000000000,10001.000000000000000000,0.000000000000000000,0.000000000000000000,10000.000000000000000000,1.000000000000000000,0.007920000000000000,0.000310618078991903
0.398000000000000000,0.398000000000000000,0.795920407959204079,20000.000000000000000000,10001.000000000000000000,0.000000000000000000,0.000000000000000000,10000.000000000000000000,1.000000000000000000,0.007960000000000000,0.000312186857168629
0.400000000000000000,0.400000000000000000,0.799920007999200079,20000.000000000000000000,10001.000000000000000000,0.000000000000000000,0.000000000000000000,10000.000000000000000000,1.000000000000000000,0.008000000000000000,0.000313755635345356
0.402000000000000000,0.402000000000000000,0.803919608039196080,20000.000000000000000000,10001.000000000000000000,0.000000000000000000,0.000000000000000000,10000.000000000000000000,1.000000000000000000,0.008040000000000000,0.000315324413522083
0.404000000000000000,0.404000000000000000,0.807919208079192080,20000.000000000000000000,10001.000000000000000000,0.000000000000000000,0.000000000000000000,10000.000000000000000000,1.000000000000000000,0.008080000000000000,0.000316893191698810
0.406000000000000000,0.406000000000000000,0.811918808119188081,20000.000000000000000000,10001.000000000000000000,0.000000000000000000,0.000000000000000000,10000.000000000000000000,1.000000000000000000,0.008120000000000000,0.000318461969875537
0.408000000000000000,0.408000000000000000,0.815918408159184081,20000.000000000000000000,10001.000000000000000000,0.000000000000000000,0.000000000000000000,10000.000000000000000000,1.000000000000000000,0.008160000000000000,0.000320030748052263
0.410000000000000000,0.410000000000000000,0.819918008199180081,20000.000000000000000000,10001.000000000000000000,0.000000000000000000,0.000000000000000000,10000.000000000000000000,1.000000000000000000,0.008200000000000000,0.000321599526228990
0.412000000000000000,0.412000000000000000,0.823917608239176082,20000.000000000000000000,10001.000000000000000000,0.000000000000000000,0.000000000000000000,10000.000000000000000000,1.000000000000000000,0.008240000000000000,0.000323168304405717
0.414000000000000000,0.414000000000000000,0.827917208279172082,20000.000000000000000000,10001.000000000000000000,0.000000000000000000,0.000000000000000000,10000.000000000000000000,1.000000000000000000,0.008280000000000000,0.000324737082582444
0.416000000000000000,0.416000000000000000,0.831916808319168083,20000.000000000000000000,10001.000000000000000000,0.000000000000000000,0.000000000000000000,10000.000000000000000000,1.000000000000000000,0.008320000000000000,0.000326305860759170
0.418000000000000000,0.418000000000000000,0.835916408359164083,20000.000000000000000000,10001.000000000000000000,0.000000000000000000,0.000000000000000000,10000.000000000000000000,1.000000000000000000,0.008360000000000000,0.000327874638935897
0.420000000000000000,0.420000000000000000,0.839916008399160083,20000.000000000000000000,10001.000000000000000000,0.000000000000000000,0.000000000000000000,10000.000000000000000000,1.000000000000000000,0.008400000000000000,0.000329443417112624
0.422000000000000000,0.422000000000000000,0.843915608439156084,20000.000000000000000000,10001.000000000000000000,0.000000000000000000,0.000000000000000000,10000.000000000000000000,1.000000000000000000,0.008440000000000000,0.000331012195289351
0.424000000000000000,0.424000000000000000,0.847915208479152084,20000.000000000000000000,10001.000000000000000000,0.000000000000000000,0.000000000000000000,10000.000000000000000000,1.000000000000000000,0.008480000000000000,0.000332580973466078
0.426000000000000000,0.426000000000000000,0.851914808519148085,20000.000000000000000000,10001.000000000000000000,0.000000000000000000,0.000000000000000000,10000.000000000000000000,1.000000000000000000,0.008520000000000000,0.000334149751642804
0.428000000000000000,0.428000000000000000,0.855914408559144085,20000.000000000000000000,10001.000000000000000000,0.000000000000000000,0.000000000000000000,10000.000000000000000000,1.000000000000000000,0.008560000000000000,0.000335718529819531
0.430000000000000000,0.430000000000000000,0.859914008599140085,20000.000000000000000000,10001.000000000000000000,0.000000000000000000,0.000000000000000000,10000.000000000000000000,1.000000000000000000,0.008600000000000000,0.000337287307996258
0.432000000000000000,0.432000000000000000,0.863913608639136086,20000.000000000000000000,10001.000000000000000000,0.000000000000000000,0.000000000000000000,10000.000000000000000000,1.000000000000000000,0.008640000000000000,0.000338856086172985
0.434000000000000000,0.434000000000000000,0.867913208679132086,20000.000000000000000000,10001.000000000000000000,0.000000000000000000,0.000000000000000000,10000.000000000000000000,1.000000000000000000,0.008680000000000000,0.000340424864349712
0.436000000000000000,0.436000000000000000,0.871912808719128087,20000.000000000000000000,10001.000000000000000000,0.000000000000000000,0.000000000000000000,10000.000000000000000000,1.000000000000000000,0.008720000000000000,0.000341993642526438
0.438000000000000000,0.438000000000000000,0.875912408759124087,20000.000000000000000000,10001.000000000000000000,0.000000000000000000,0.000000000000000000,10000.000000000000000000,1.000000000000000000,0.008760000000000000,0.000343562420703165
0.440000000000000000,0.440000000000000000,0.879912008799120087,20000.000000000000000000,10001.000000000000000000,0.000000000000000000,0.000000000000000000,10000.000000000000000000,1.000000000000000000,0.008800000000000000,0.000345131198879892
0.442000000000000000,0.442000000000000000,0.883911608839116088,20000.000000000000000000,10001.000000000000000000,0.000000000000000000,0.000000000000000000,10000.000000000000000000,1.000000000000000000,0.008840000000000000,0.000346699977056619
0.444000000000000000,0.444000000000000000,0.887911208879112088,20000.000000000000000000,10001.000000000000000000,0.000000000000000000,0.000000000000000000,10000.000000000000000000,1.000000000000000000,0.008880000000000000,0.000348268755233345
0.446000000000000000,0.446000000000000000,0.891910808919108089,20000.000000000000000000,10001.000000000000000000,0.000000000000000000,0.000000000000000000,10000.000000000000000000,1.000000000000000000,0.008920000000000000,0.000349837533410072
0.448000000000000000,0.448000000000000000,0.895910408959104089,20000.000000000000000000,10001.000000000000000000,0.000000000000000000,0.000000000000000000,10000.000000000000000000,1.000000000000000000,0.008960000000000000,0.000351406311586799
0.450000000000000000,0.450000000000000000,0.899910008999100089,20000.000000000000000000,10001.000000000000000000,0.000000000000000000,0.000000000000000000,10000.000000000000000000,1.000000000000000000,0.009000000000000000,0.000352975089763526
0.452000000000000000,0.452000000000000000,0.903909609039096090,20000.000000000000000000,10001.000000000000000000,0.000000000000000000,0.000000000000000000,10000.000000000000000000,1.000000000000000000,0.009040000000000000,0.000354543867940253
0.454000000000000000,0.454000000000000000,0.907909209079092090,20000.000000000000000000,10001.000000000000000000,0.000000000000000000,0.000000000000000000,10000.000000000000000000,1.000000000000000000,0.009080000000000000,0.000356112646116979
0.456000000000000000,0.456000000000000000,0.911908809119088091,20000.000000000000000000,10001.000000000000000000,0.000000000000000000,0.000000000000000000,10000.000000000000000000,1.000000000000000000,0.009120000000000000,0.000357681424293706
0.458000000000000000,0.458000000000000000,0.915908409159084091,20000.000000000000000000,10001.000000000000000000,0.000000000000000000,0.000000000000000000,10000.000000000000000000,1.000000000000000000,0.009160000000000000,0.000359250202470433
0.460000000000000000,0.460000000000000000,0.919908009199080091,20000.000000000000000000,10001.000000000000000000,0.000000000000000000,0.000000000000000000,10000.000000000000000000,1.000000000000000000,0.009200000000000000,0.000360818980647160
0.462000000000000000,0.462000000000000000,0.923907609239076092,20000.000000000000000000,10001.000000000000000000,0.000000000000000000,0.000000000000000000,10000.000000000000000000,1.000000000000000000,0.009240000000000000,0.000362387758823887
0.464000000000000000,0.464000000000000000,0.927907209279072092,20000.000000000000000000,10001.000000000000000000,0.000000000000000000,0.000000000000000000,10000.000000000000000000,1.000000000000000000,0.009280000000000000,0.000363956537000613
0.466000000000000000,0.466000000000000000,0.931906809319068093,20000.000000000000000000,10001.000000000000000000,0.000000000000000000,0.000000000000000000,10000.000000000000000000,1.000000000000000000,0.009320000000000000,0.000365525315177340
0.468000000000000000,0.468000000000000000,0.935906409359064093,20000.000000000000000000,10001.000000000000000000,0.000000000000000000,0.000000000000000000,10000.000000000000000000,1.000000000000000000,0.009360000000000000,0.000367094093354067
0.470000000000000000,0.470000000000000000,0.939906009399060093,20000.000000000000000000,10001.000000000000000000,0.000000000000000000,0.000000000000000000,10000.000000000000000000,1.000000000000000000,0.009400000000000000,0.000368662871530794
0.472000000000000000,0.472000000000000000,0.943905609439056094,20000.000000000000000000,10001.000000000000000000,0.000000000000000000,0.000000000000000000,10000.000000000000000000,1.000000000000000000,0.009440000000000000,0.000370231649707520
0.474000000000000000,0.474000000000000000,0.947905209479052094,20000.000000000000000000,10001.000000000000000000,0.000000000000000000,0.000000000000000000,10000.000000000000000000,1.000000000000000000,0.009480000000000000,0.000371800427884247
0.476000000000000000,0.476000000000000000,0.951904809519048095,20000.000000000000000000,10001.000000000000000000,0.000000000000000000,0.000000000000000000,10000.000000000000000000,1.000000000000000000,0.009520000000000000,0.000373369206060974
0.478000000000000000,0.478000000000000000,0.955904409559044095,20000.000000000000000000,10001.000000000000000000,0.000000000000000000,0.000000000000000000,10000.000000000000000000,1.000000000000000000,0.009560000000000000,0.000374937984237701
0.480000000000000000,0.480000000000000000,0.959904009599040095,20000.000000000000000000,10001.000000000000000000,0.000000000000000000,0.000000000000000000,10000.000000000000000000,1.000000000000000000,0.009600000000000000,0.000376506762414428
0.482000000000000000,0.482000000000000000,0.963903609639036096,20000.000000000000000000,10001.000000000000000000,0.000000000000000000,0.000000000000000000,10000.000000000000000000,1.000000000000000000,0.009640000000000000,0.000378075540591154
0.484000000000000000,0.484000000000000000,0.967903209679032096,20000.000000000000000000,10001.000000000000000000,0.000000000000000000,0.000000000000000000,10000.000000000000000000,1.000000000000000000,0.009680000000000000,0.000379644318767881
0.486000000000000000,0.486000000000000000,0.971902809719028097,20000.000000000000000000,10001.000000000000000000,0.000000000000000000,0.000000000000000000,10000.000000000000000000,1.000000000000000000,0.009720000000000000,0.000381213096944608
0.488000000000000000,0.488000000000000000,0.975902409759024097,20000.000000000000000000,10001.000000000000000000,0.000000000000000000,0.000000000000000000,10000.000000000000000000,1.000000000000000000,0.009760000000000000,0.000382781875121335
0.490000000000000000,0.490000000000000000,0.979902009799020097,20000.000000000000000000,10001.000000000000000000,0.000000000000000000,0.000000000000000000,10000.000000000000000000,1.000000000000000000,0.009800000000000000,0.000384350653298061
0.492000000000000000,0.492000000000000000,0.983901609839016098,20000.000000000000000000,10001.000000000000000000,0.000000000000000000,0.000000000000000000,10000.000000000000000000,1.000000000000000000,0.009840000000000000,0.000385919431474788
0.494000000000000000,0.494000000000000000,0.987901209879012098,20000.000000000000000000,10001.000000000000000000,0.000000000000000000,0.000000000000000000,10000.000000000000000000,1.000000000000000000,0.009880000000000000,0.000387488209651515
0.496000000000000000,0.496000000000000000,0.991900809919008099,20000.000000000000000000,10001.000000000000000000,0.000000000000000000,0.000000000000000000,10000.000000000000000000,1.000000000000000000,0.009920000000000000,0.000389056987828242
0.498000000000000000,0.498000000000000000,0.995900409959004099,20000.000000000000000000,10001.000000000000000000,0.000000000000000000,0.000000000000000000,10000.000000000000000000,1.000000000000000000,0.009960000000000000,0.000390625766004969
0.500000000000000000,0.500000000000000000,0.999900009999000099,20000.000000000000000000,10001.000000000000000000,0.000000000000000000,0.000000000000000000,10000.000000000000000000,1.000000000000000000,0.010000000000000000,0.000392194544181695
0.502000000000000000,0.502000000000000000,1.003899610038996100,20000.000000000000000000,10001.000000000000000000,0.000000000000000000,0.000000000000000000,10000.000000000000000000,1.000000000000000000,0.010040000000000000,0.000393763322358422
0.504000000000000000,0.504000000000000000,1.007899210078992100,20000.000000000000000000,10001.000000000000000000,0.000000000000000000,0.000000000000000000,10000.000000000000000000,1.000000000000000000,0.010080000000000000,0.000395332100535149
0.506000000000000000,0.506000000000000000,1.011898810118988101,20000.000000000000000000,10001.000000000000000000,0.000000000000000000,0.000000000000000000,10000.000000000000000000,1.000000000000000000,0.010120000000000000,0.000396900878711876
0.508000000000000000,0.508000000000000000,1.015898410158984101,20000.000000000000000000,10001.000000000000000000,0.000000000000000000,0.000000000000000000,10000.000000000000000000,1.000000000000000000,0.010160000000000000,0.000406326322624223
0.510000000000000000,0.510000000000000000,1.019898010198980101,20000.000000000000000000,10001.000000000000000000,0.000000000000000000,0.000000000000000000,10000.000000000000000000,1.000000000000000000,0.010200000000000000,0.000434512565301923
0.512000000000000000,0.512000000000000000,1.023897610238976102,20000.000000000000000000,10001.000000000000000000,0.000000000000000000,0.000000000000000000,10000.000000000000000000,1.000000000000000000,0.010240000000000000,0.000481530106861340
0.514000000000000000,0.514000000000000000,1.027897210278972102,20000.000000000000000000,10001.000000000000000000,0.000000000000000000,0.000000000000000000,10000.000000000000000000,1.000000000000000000,0.010280000000000000,0.000547378947302474
0.516000000000000000,0.516000000000000000,1.031896810318968103,20000.000000000000000000,10001.000000000000000000,0.000000000000000000,0.000000000000000000,10000.000000000000000000,1.000000000000000000,0.010320000000000000,0.000625550297969804
0.518000000000000000,0.518000000000000000,1.035896410358964103,20000.000000000000000000,10001.000000000000000000,0.000000000000000000,0.000000000000000000,10000.000000000000000000,1.000000000000000000,0.010360000000000000,0.000703989206806144
0.520000000000000000,0.520000000000000000,1.039896010398960103,20000.000000000000000000,10001.000000000000000000,0.000000000000000000,0.000000000000000000,10000.000000000000000000,1.000000000000000000,0.010400000000000000,0.000782428115642483
0.522000000000000000,0.522000000000000000,1.043895610438956104,20000.000000000000000000,10001.000000000000000000,0.000000000000000000,0.000000000000000000,10000.000000000000000000,1.000000000000000000,0.010440000000000000,0.000860867024478822
0.524000000000000000,0.524000000000000000,1.047895210478952104,20000.000000000000000000,10001.000000000000000000,0.000000000000000000,0.000000000000000000,10000.000000000000000000,1.000000000000000000,0.010480000000000000,0.000939305933315161
0.526000000000000000,0.526000000000000000,1.051894810518948105,20000.000000000000000000,10001.000000000000000000,0.000000000000000000,0.000000000000000000,10000.000000000000000000,1.000000000000000000,0.010520000000000000,0.001017744842151500
0.528000000000000000,0.528000000000000000,1.055894410558944105,20000.000000000000000000,10001.000000000000000000,0.000000000000000000,0.000000000000000000,10000.000000000000000000,1.000000000000000000,0.010560000000000000,0.001096183750987840
0.530000000000000000,0.530000000000000000,1.059894010598940105,20000.000000000000000000,10001.000000000000000000,0.000000000000000000,0.000000000000000000,10000.000000000000000000,1.000000000000000000,0.010600000000000000,0.001174622659824179
0.532000000000000000,0.532000000000000000,1.063893610638936106,20000.000000000000000000,10001.000000000000000000,0.000000000000000000,0.000000000000000000,10000.000000000000000000,1.000000000000000000,0.010640000000000000,0.001253061568660518
0.534000000000000000,0.534000000000000000,1.067893210678932106,20000.000000000000000000,10001.000000000000000000,0.000000000000000000,0.000000000000000000,10000.000000000000000000,1.000000000000000000,0.010680000000000000,0.001331500477496857
0.536000000000000000,0.536000000000000000,1.071892810718928107,20000.000000000000000000,10001.000000000000000000,0.000000000000000000,0.000000000000000000,10000.000000000000000000,1.000000000000000000,0.010720000000000000,0.001409939386333196
0.538000000000000000,0.538000000000000000,1.075892410758924107,20000.000000000000000000,10001.000000000000000000,0.000000000000000000,0.000000000000000000,10000.000000000000000000,1.000000000000000000,0.010760000000000000,0.001488378295169535
0.540000000000000000,0.540000000000000000,1.079892010798920107,20000.000000000000000000,10001.000000000000000000,0.000000000000000000,0.000000000000000000,10000.000000000000000000,1.000000000000000000,0.010800000000000000,0.001566817204005875
0.542000000000000000,0.542000000000000000,1.083891610838916108,20000.000000000000000000,10001.000000000000000000,0.000000000000000000,0.000000000000000000,10000.000000000000000000,1.000000000000000000,0.010840000000000000,0.001645256112842214
0.544000000000000000,0.544000000000000000,1.087891210878912108,20000.000000000000000000,10001.000000000000000000,0.000000000000000000,0.000000000000000000,10000.000000000000000000,1.000000000000000000,0.010880000000000000,0.001723695021678553
0.546000000000000000,0.546000000000000000,1.091890810918908109,20000.000000000000000000,10001.000000000000000000,0.000000000000000000,0.000000000000000000,10000.000000000000000000,1.000000000000000000,0.010920000000000000,0.001802133930514892
0.548000000000000000,0.548000000000000000,1.095890410958904109,20000.000000000000000000,10001.000000000000000000,0.000000000000000000,0.000000000000000000,10000.000000000000000000,1.000000000000000000,0.010960000000000000,0.001880572839351231
0.550000000000000000,0.550000000000000000,1.099890010998900109,20000.000000000000000000,10001.000000000000000000,0.000000000000000000,0.000000000000000000,10000.000000000000000000,1.000000000000000000,0.011000000000000000,0.001959011748187570
0.552000000000000000,0.552000000000000000,1.103889611038896110,20000.000000000000000000,10001.000000000000000000,0.000000000000000000,0.000000000000000000,10000.000000000000000000,1.000000000000000000,0.011040000000000000,0.002037450657023910
0.554000000000000000,0.554000000000000000,1.107889211078892110,20000.000000000000000000,10001.000000000000000000,0.000000000000000000,0.000000000000000000,10000.000000000000000000,1.000000000000000000,0.011080000000000000,0.002115889565860249
0.556000000000000000,0.556000000000000000,1.111888811118888111,20000.000000000000000000,10001.000000000000000000,0.000000000000000000,0.000000000000000000,10000.000000000000000000,1.000000000000000000,0.011120000000000000,0.002194328474696588
0.558000000000000000,0.558000000000000000,1.115888411158884111,20000.000000000000000000,10001.000000000000000000,0.000000000000000000,0.000000000000000000,10000.000000000000000000,1.000000000000000000,0.011160000000000000,0.002272767383532927
0.560000000000000000,0.560000000000000000,1.119888011198880111,20000.000000000000000000,10001.000000000000000000,0.000000000000000000,0.000000000000000000,10000.000000000000000000,1.000000000000000000,0.011200000000000000,0.002351206292369266
0.562000000000000000,0.562000000000000000,1.123887611238876112,20000.000000000000000000,10001.000000000000000000,0.000000000000000000,0.000000000000000000,10000.000000000000000000,1.000000000000000000,0.011240000000000000,0.002429645201205606
0.564000000000000000,0.564000000000000000,1.127887211278872112,20000.000000000000000000,10001.000000000000000000,0.000000000000000000,0.000000000000000000,10000.000000000000000000,1.000000000000000000,0.011280000000000000,0.002508084110041945
0.566000000000000000,0.566000000000000000,1.131886811318868113,20000.000000000000000000,10001.000000000000000000,0.000000000000000000,0.000000000000000000,10000.000000000000000000,1.000000000000000000,0.011320000000000000,0.002586523018878284
0.568000000000000000,0.568000000000000000,1.135886411358864113,20000.000000000000000000,10001.000000000000000000,0.000000000000000000,0.000000000000000000,10000.000000000000000000,1.000000000000000000,0.011360000000000000,0.002664961927714623
0.570000000000000000,0.570000000000000000,1.139886011398860113,20000.000000000000000000,10001.000000000000000000,0.000000000000000000,0.000000000000000000,10000.000000000000000000,1.000000000000000000,0.011400000000000000,0.002743400836550962
0.572000000000000000,0.572000000000000000,1.143885611438856114,20000.000000000000000000,10001.000000000000000000,0.000000000000000000,0.000000000000000000,10000.000000000000000000,1.000000000000000000,0.011440000000000000,0.002821839745387301
0.574000000000000000,0.574000000000000000,1.147885211478852114,20000.000000000000000000,10001.000000000000000000,0.000000000000000000,0.000000000000000000,10000.000000000000000000,1.000000000000000000,0.011480000000000000,0.002900278654223641
0.576000000000000000,0.576000000000000000,1.151884811518848115,20000.000000000000000000,10001.000000000000000000,0.000000000000000000,0.000000000000000000,10000.000000000000000000,1.000000000000000000,0.011520000000000000,0.002978717563059980
0.578000000000000000,0.578000000000000000,1.155884411558844115,20000.000000000000000000,10001.000000000000000000,0.000000000000000000,0.000000000000000000,10000.000000000000000000,1.000000000000000000,0.011560000000000000,0.003057156471896319
0.580000000000000000,0.580000000000000000,1.159884011598840115,20000.000000000000000000,10001.000000000000000000,0.000000000000000000,0.000000000000000000,10000.000000000000000000,1.000000000000000000,0.011600000000000000,0.003135595380732658
0.582000000000000000,0.582000000000000000,1.163883611638836116,20000.000000000000000000,10001.000000000000000000,0.000000000000000000,0.000000000000000000,10000.000000000000000000,1.000000000000000000,0.011640000000000000,0.003214034289568997
0.584000000000000000,0.584000000000000000,1.167883211678832116,20000.000000000000000000,10001.000000000000000000,0.000000000000000000,0.000000000000000000,10000.000000000000000000,1.000000000000000000,0.011680000000000000,0.003292473198405336
0.586000000000000000,0.586000000000000000,1.171882811718828117,20000.000000000000000000,10001.000000000000000000,0.000000000000000000,0.000000000000000000,10000.000000000000000000,1.000000000000000000,0.011720000000000000,0.003370912107241676
0.588000000000000000,0.588000000000000000,1.175882411758824117,20000.000000000000000000,10001.000000000000000000,0.000000000000000000,0.000000000000000000,10000.000000000000000000,1.000000000000000000,0.011760000000000000,0.003449351016078015
0.590000000000000000,0.590000000000000000,1.179882011798820117,20000.000000000000000000,10001.000000000000000000,0.000000000000000000,0.000000000000000000,10000.000000000000000000,1.000000000000000000,0.011800000000000000,0.003527789924914354
0.592000000000000000,0.592000000000000000,1.183881611838816118,20000.000000000000000000,10001.000000000000000000,0.000000000000000000,0.000000000000000000,10000.000000000000000000,1.000000000000000000,0.011840000000000000,0.003606228833750693
0.594000000000000000,0.594000000000000000,1.187881211878812118,20000.000000000000000000,10001.000000000000000000,0.000000000000000000,0.000000000000000000,10000.000000000000000000,1.000000000000000000,0.011880000000000000,0.003684667742587032
0.596000000000000000,0.596000000000000000,1.191880811918808119,20000.000000000000000000,10001.000000000000000000,0.000000000000000000,0.000000000000000000,10000.000000000000000000,1.000000000000000000,0.011920000000000000,0.003763106651423372
0.598000000000000000,0.598000000000000000,1.195880411958804119,20000.000000000000000000,10001.000000000000000000,0.000000000000000000,0.000000000000000000,10000.000000000000000000,1.000000000000000000,0.011960000000000000,0.003841545560259711
0.600000000000000000,0.600000000000000000,1.199880011998800119,20000.000000000000000000,10001.000000000000000000,0.000000000000000000,0.000000000000000000,10000.000000000000000000,1.000000000000000000,0.012000000000000000,0.003919984469096050
0.602000000000000000,0.602000000000000000,1.203879612038796120,20000.000000000000000000,10001.000000000000000000,0.000000000000000000,0.000000000000000000,10000.000000000000000000,1.000000000000000000,0.012040000000000000,0.003998423377932389
0.604000000000000000,0.604000000000000000,1.207879212078792120,20000.000000000000000000,10001.000000000000000000,0.000000000000000000,0.000000000000000000,10000.000000000000000000,1.000000000000000000,0.012080000000000000,0.004076862286768728
0.606000000000000000,0.606000000000000000,1.211878812118788121,20000.000000000000000000,10001.000000000000000000,0.000000000000000000,0.000000000000000000,10000.000000000000000000,1.000000000000000000,0.012120000000000000,0.004155301195605067
0.608000000000000000,0.608000000000000000,1.215878412158784121,20000.000000000000000000,10001.000000000000000000,0.000000000000000000,0.000000000000000000,10000.000000000000000000,1.000000000000000000,0.012160000000000000,0.004233740104441407
0.610000000000000000,0.610000000000000000,1.219878012198780121,20000.000000000000000000,10001.000000000000000000,0.000000000000000000,0.000000000000000000,10000.000000000000000000,1.000000000000000000,0.012200000000000000,0.004312179013277746
0.612000000000000000,0.612000000000000000,1.223877612238776122,20000.000000000000000000,10001.000000000000000000,0.000000000000000000,0.000000000000000000,10000.000000000000000000,1.000000000000000000,0.012240000000000000,0.004390617922114085
0.614000000000000000,0.614000000000000000,1.227877212278772122,20000.000000000000000000,10001.000000000000000000,0.000000000000000000,0.000000000000000000,10000.000000000000000000,1.000000000000000000,0.012280000000000000,0.004469056830950424
0.616000000000000000,0.616000000000000000,1.231876812318768123,20000.000000000000000000,10001.000000000000000000,0.000000000000000000,0.000000000000000000,10000.000000000000000000,1.000000000000000000,0.012320000000000000,0.004547495739786763
0.618000000000000000,0.618000000000000000,1.235876412358764123,20000.000000000000000000,10001.000000000000000000,0.000000000000000000,0.000000000000000000,10000.000000000000000000,1.000000000000000000,0.012360000000000000,0.004625934648623103
0.620000000000000000,0.620000000000000000,1.239876012398760123,20000.000000000000000000,10001.000000000000000000,0.000000000000000000,0.000000000000000000,10000.000000000000000000,1.000000000000000000,0.012400000000000000,0.004704373557459442
0.622000000000000000,0.622000000000000000,1.243875612438756124,20000.000000000000000000,10001.000000000000000000,0.000000000000000000,0.000000000000000000,10000.000000000000000000,1.000000000000000000,0.012440000000000000,0.004782812466295781
0.624000000000000000,0.624000000000000000,1.247875212478752124,20000.000000000000000000,10001.000000000000000000,0.000000000000000000,0.000000000000000000,10000.000000000000000000,1.000000000000000000,0.012480000000000000,0.004861251375132120
0.626000000000000000,0.626000000000000000,1.251874812518748125,20000.000000000000000000,10001.000000000000000000,0.000000000000000000,0.000000000000000000,10000.000000000000000000,1.000000000000000000,0.012520000000000000,0.004939690283968459
0.628000000000000000,0.628000000000000000,1.255874412558744125,20000.000000000000000000,10001.000000000000000000,0.000000000000000000,0.000000000000000000,10000.000000000000000000,1.000000000000000000,0.012560000000000000,0.005018129192804798
0.630000000000000000,0.630000000000000000,1.259874012598740125,20000.000000000000000000,10001.000000000000000000,0.000000000000000000,0.000000000000000000,10000.000000000000000000,1.000000000000000000,0.012600000000000000,0.005096568101641138
0.632000000000000000,0.632000000000000000,1.263873612638736126,20000.000000000000000000,10001.000000000000000000,0.000000000000000000,0.000000000000000000,10000.000000000000000000,1.000000000000000000,0.012640000000000000,0.005175007010477477
0.634000000000000000,0.634000000000000000,1.267873212678732126,20000.000000000000000000,10001.000000000000000000,0.000000000000000000,0.000000000000000000,10000.000000000000000000,1.000000000000000000,0.012680000000000000,0.005253445919313816
0.636000000000000000,0.636000000000000000,1.271872812718728127,20000.000000000000000000,10001.000000000000000000,0.000000000000000000,0.000000000000000000,10000.000000000000000000,1.000000000000000000,0.012720000000000000,0.005331884828150155
0.638000000000000000,0.638000000000000000,1.275872412758724127,20000.000000000000000000,10001.000000000000000000,0.000000000000000000,0.000000000000000000,10000.000000000000000000,1.000000000000000000,0.012760000000000000,0.005410323736986494
0.640000000000000000,0.640000000000000000,1.279872012798720127,20000.000000000000000000,10001.000000000000000000,0.000000000000000000,0.000000000000000000,10000.000000000000000000,1.000000000000000000,0.012800000000000000,0.005488762645822833
0.642000000000000000,0.642000000000000000,1.283871612838716128,20000.000000000000000000,10001.000000000000000000,0.000000000000000000,0.000000000000000000,10000.000000000000000000,1.000000000000000000,0.012840000000000000,0.005567201554659173
0.644000000000000000,0.644000000000000000,1.287871212878712128,20000.000000000000000000,10001.000000000000000000,0.000000000000000000,0.000000000000000000,10000.000000000000000000,1.000000000000000000,0.012880000000000000,0.005645640463495512
0.646000000000000000,0.646000000000000000,1.291870812918708129,20000.000000000000000000,10001.000000000000000000,0.000000000000000000,0.000000000000000000,10000.000000000000000000,1.000000000000000000,0.012920000000000000,0.005724079372331851
0.648000000000000000,0.648000000000000000,1.295870412958704129,20000.000000000000000000,10001.000000000000000000,0.000000000000000000,0.000000000000000000,10000.000000000000000000,1.000000000000000000,0.012960000000000000,0.005802518281168190
0.650000000000000000,0.650000000000000000,1.299870012998700129,20000.000000000000000000,10001.000000000000000000,0.000000000000000000,0.000000000000000000,10000.000000000000000000,1.000000000000000000,0.013000000000000000,0.005880957190004529
0.652000000000000000,0.652000000000000000,1.300000000000000000,20000.000000000000000000,10030.769230769230769230,0.000000000000000000,0.000000000000000000,10000.000000000000000000,30.769230769230769230,0.013040000000000000,0.005917947476703376
0.654000000000000000,0.654000000000000000,1.300000000000000000,20000.000000000000000000,10061.538461538461538461,0.000000000000000000,0.000000000000000000,10000.000000000000000000,61.538461538461538461,0.013080000000000000,0.005953753717302907
0.656000000000000000,0.656000000000000000,1.300000000000000000,20000.000000000000000000,10092.307692307692307692,0.000000000000000000,0.000000000000000000,10000.000000000000000000,92.307692307692307692,0.013120000000000000,0.005989773557341124
0.658000000000000000,0.658000000000000000,1.300000000000000000,20000.000000000000000000,10123.076923076923076923,0.000000000000000000,0.000000000000000000,10000.000000000000000000,123.076923076923076923,0.013160000000000000,0.006026008913853104
0.660000000000000000,0.660000000000000000,1.300000000000000000,20000.000000000000000000,10153.846153846153846153,0.000000000000000000,0.000000000000000000,10000.000000000000000000,153.846153846153846153,0.013200000000000000,0.006062461726883037
0.662000000000000000,0.662000000000000000,1.300000000000000000,20000.000000000000000000,10184.615384615384615384,0.000000000000000000,0.000000000000000000,10000.000000000000000000,184.615384615384615384,0.013240000000000000,0.006099133959830477
0.664000000000000000,0.664000000000000000,1.300000000000000000,20000.000000000000000000,10215.384615384615384615,0.000000000000000000,0.000000000000000000,10000.000000000000000000,215.384615384615384615,0.013280000000000000,0.006136027599802858
0.666000000000000000,0.666000000000000000,1.300000000000000000,20000.000000000000000000,10246.153846153846153846,0.000000000000000000,0.000000000000000000,10000.000000000000000000,246.153846153846153846,0.013320000000000000,0.006173144657974417
0.668000000000000000,0.668000000000000000,1.300000000000000000,20000.000000000000000000,10276.923076923076923076,0.000000000000000000,0.000000000000000000,10000.000000000000000000,276.923076923076923076,0.013360000000000000,0.006210487169951654
0.670000000000000000,0.670000000000000000,1.300000000000000000,20000.000000000000000000,10307.692307692307692307,0.000000000000000000,0.000000000000000000,10000.000000000000000000,307.692307692307692307,0.013400000000000000,0.006248057196145477
0.672000000000000000,0.672000000000000000,1.300000000000000000,20000.000000000000000000,10338.461538461538461538,0.000000000000000000,0.000000000000000000,10000.000000000000000000,338.461538461538461538,0.013440000000000000,0.006285856822150162
0.674000000000000000,0.674000000000000000,1.300000000000000000,20000.000000000000000000,10369.230769230769230769,0.000000000000000000,0.000000000000000000,10000.000000000000000000,369.230769230769230769,0.013480000000000000,0.006323888159129292
0.676000000000000000,0.676000000000000000,1.300000000000000000,20000.000000000000000000,10400.000000000000000000,0.000000000000000000,0.000000000000000000,10000.000000000000000000,400.000000000000000000,0.013520000000000000,0.006362153344208809
0.678000000000000000,0.678000000000000000,1.300000000000000000,20000.000000000000000000,10430.769230769230769230,0.000000000000000000,0.000000000000000000,10000.000000000000000000,430.769230769230769230,0.013560000000000000,0.006400654540877336
0.680000000000000000,0.680000000000000000,1.300000000000000000,20000.000000000000000000,10461.538461538461538461,0.000000000000000000,0.000000000000000000,10000.000000000000000000,461.538461538461538461,0.013600000000000000,0.006439393939393939
0.682000000000000000,0.682000000000000000,1.300000000000000000,20000.000000000000000000,10492.307692307692307692,0.000000000000000000,0.000000000000000000,10000.000000000000000000,492.307692307692307692,0.013640000000000000,0.006478373757203470
0.684000000000000000,0.684000000000000000,1.300000000000000000,20000.000000000000000000,10523.076923076923076923,0.000000000000000000,0.000000000000000000,10000.000000000000000000,523.076923076923076923,0.013680000000000000,0.006517596239359674
0.686000000000000000,0.686000000000000000,1.300000000000000000,20000.000000000000000000,10553.846153846153846153,0.000000000000000000,0.000000000000000000,10000.000000000000000000,553.846153846153846153,0.013720000000000000,0.006557063658956222
0.688000000000000000,0.688000000000000000,1.300000000000000000,20000.000000000000000000,10584.615384615384615384,0.000000000000000000,0.000000000000000000,10000.000000000000000000,584.615384615384615384,0.013760000000000000,0.006596778317565839
0.690000000000000000,0.690000000000000000,1.300000000000000000,20000.000000000000000000,10615.384615384615384615,0.000000000000000000,0.000000000000000000,10000.000000000000000000,615.384615384615384615,0.013800000000000000,0.006636742545687720
0.692000000000000000,0.692000000000000000,1.300000000000000000,20000.000000000000000000,10646.153846153846153846,0.000000000000000000,0.000000000000000000,10000.000000000000000000,646.153846153846153846,0.013840000000000000,0.006676958703203396
0.694000000000000000,0.694000000000000000,1.300000000000000000,20000.000000000000000000,10676.923076923076923076,0.000000000000000000,0.000000000000000000,10000.000000000000000000,676.923076923076923076,0.013880000000000000,0.006717429179841259
0.696000000000000000,0.696000000000000000,1.300000000000000000,20000.000000000000000000,10707.692307692307692307,0.000000000000000000,0.000000000000000000,10000.000000000000000000,707.692307692307692307,0.013920000000000000,0.006758156395649922
0.698000000000000000,0.698000000000000000,1.300000000000000000,20000.000000000000000000,10738.461538461538461538,0.000000000000000000,0.000000000000000000,10000.000000000000000000,738.461538461538461538,0.013960000000000000,0.006799142801480615
0.700000000000000000,0.700000000000000000,1.300000000000000000,20000.000000000000000000,10769.230769230769230769,0.000000000000000000,0.000000000000000000,10000.000000000000000000,769.230769230769230769,0.014000000000000000,0.006840390879478827
0.702000000000000000,0.702000000000000000,1.300000000000000000,20000.000000000000000000,10800.000000000000000000,0.000000000000000000,0.000000000000000000,10000.000000000000000000,800.000000000000000000,0.014040000000000000,0.006881903143585386
0.704000000000000000,0.704000000000000000,1.300000000000000000,20000.000000000000000000,10830.769230769230769230,0.000000000000000000,0.000000000000000000,10000.000000000000000000,830.769230769230769230,0.014080000000000000,0.006923682140047206
0.706000000000000000,0.706000000000000000,1.300000000000000000,20000.000000000000000000,10861.538461538461538461,0.000000000000000000,0.000000000000000000,10000.000000000000000000,861.538461538461538461,0.014120000000000000,0.006965730447937906
0.708000000000000000,0.708000000000000000,1.300000000000000000,20000.000000000000000000,10892.307692307692307692,0.000000000000000000,0.000000000000000000,10000.000000000000000000,892.307692307692307692,0.014160000000000000,0.007008050679688531
0.710000000000000000,0.710000000000000000,1.300000000000000000,20000.000000000000000000,10923.076923076923076923,0.000000000000000000,0.000000000000000000,10000.000000000000000000,923.076923076923076923,0.014200000000000000,0.007050645481628599
0.712000000000000000,0.712000000000000000,1.300000000000000000,20000.000000000000000000,10953.846153846153846153,0.000000000000000000,0.000000000000000000,10000.000000000000000000,953.846153846153846153,0.014240000000000000,0.007093517534537725
0.714000000000000000,0.714000000000000000,1.300000000000000000,20000.000000000000000000,10984.615384615384615384,0.000000000000000000,0.000000000000000000,10000.000000000000000000,984.615384615384615384,0.014280000000000000,0.007136669554208036
0.716000000000000000,0.716000000000000000,1.300000000000000000,20000.000000000000000000,11015.384615384615384615,0.000000000000000000,0.000000000000000000,10000.000000000000000000,1015.384615384615384615,0.014320000000000000,0.007180104292017649
0.718000000000000000,0.718000000000000000,1.300000000000000000,20000.000000000000000000,11046.153846153846153846,0.000000000000000000,0.000000000000000000,10000.000000000000000000,1046.153846153846153846,0.014360000000000000,0.007223824535515460
0.720000000000000000,0.720000000000000000,1.300000000000000000,20000.000000000000000000,11076.923076923076923076,0.000000000000000000,0.000000000000000000,10000.000000000000000000,1076.923076923076923076,0.014400000000000000,0.007267833109017496
0.722000000000000000,0.722000000000000000,1.300000000000000000,20000.000000000000000000,11107.692307692307692307,0.000000000000000000,0.000000000000000000,10000.000000000000000000,1107.692307692307692307,0.014440000000000000,0.007312132874215110
0.724000000000000000,0.724000000000000000,1.300000000000000000,20000.000000000000000000,11138.461538461538461538,0.000000000000000000,0.000000000000000000,10000.000000000000000000,1138.461538461538461538,0.014480000000000000,0.007356726730795285
0.726000000000000000,0.726000000000000000,1.300000000000000000,20000.000000000000000000,11169.230769230769230769,0.000000000000000000,0.000000000000000000,10000.000000000000000000,1169.230769230769230769,0.014520000000000000,0.007401617617073336
0.728000000000000000,0.728000000000000000,1.300000000000000000,20000.000000000000000000,11200.000000000000000000,0.000000000000000000,0.000000000000000000,10000.000000000000000000,1200.000000000000000000,0.014560000000000000,0.007446808510638297
0.730000000000000000,0.730000000000000000,1.300000000000000000,20000.000000000000000000,11230.769230769230769230,0.000000000000000000,0.000000000000000000,10000.000000000000000000,1230.769230769230769230,0.014600000000000000,0.007492302429011289
0.732000000000000000,0.732000000000000000,1.300000000000000000,20000.000000000000000000,11261.538461538461538461,0.000000000000000000,0.000000000000000000,10000.000000000000000000,1261.538461538461538461,0.014640000000000000,0.007538102430317176
0.734000000000000000,0.734000000000000000,1.300000000000000000,20000.000000000000000000,11292.307692307692307692,0.000000000000000000,0.000000000000000000,10000.000000000000000000,1292.307692307692307692,0.014680000000000000,0.007584211613969828
0.736000000000000000,0.736000000000000000,1.300000000000000000,20000.000000000000000000,11323.076923076923076923,0.000000000000000000,0.000000000000000000,10000.000000000000000000,1323.076923076923076923,0.014720000000000000,0.007630633121371302
0.738000000000000000,0.738000000000000000,1.300000000000000000,20000.000000000000000000,11353.846153846153846153,0.000000000000000000,0.000000000000000000,10000.000000000000000000,1353.846153846153846153,0.014760000000000000,0.007677370136625286
0.740000000000000000,0.740000000000000000,1.300000000000000000,20000.000000000000000000,11384.615384615384615384,0.000000000000000000,0.000000000000000000,10000.000000000000000000,1384.615384615384615384,0.014800000000000000,0.007724425887265135
0.742000000000000000,0.742000000000000000,1.300000000000000000,20000.000000000000000000,11415.384615384615384615,0.000000000000000000,0.000000000000000000,10000.000000000000000000,1415.384615384615384615,0.014840000000000000,0.007771803644996857
0.744000000000000000,0.744000000000000000,1.300000000000000000,20000.000000000000000000,11446.153846153846153846,0.000000000000000000,0.000000000000000000,10000.000000000000000000,1446.153846153846153846,0.014880000000000000,0.007819506726457399
0.746000000000000000,0.746000000000000000,1.300000000000000000,20000.000000000000000000,11476.923076923076923076,0.000000000000000000,0.000000000000000000,10000.000000000000000000,1476.923076923076923076,0.014920000000000000,0.007867538493988609
0.748000000000000000,0.748000000000000000,1.300000000000000000,20000.000000000000000000,11507.692307692307692307,0.000000000000000000,0.000000000000000000,10000.000000000000000000,1507.692307692307692307,0.014960000000000000,0.007915902356427261
0.750000000000000000,0.750000000000000000,1.300000000000000000,20000.000000000000000000,11538.461538461538461538,0.000000000000000000,0.000000000000000000,10000.000000000000000000,1538.461538461538461538,0.015000000000000000,0.007964601769911504
0.752000000000000000,0.752000000000000000,1.300000000000000000,20000.000000000000000000,11569.230769230769230769,0.000000000000000000,0.000000000000000000,10000.000000000000000000,1569.230769230769230769,0.015040000000000000,0.008013640238704177
0.754000000000000000,0.754000000000000000,1.300000000000000000,20000.000000000000000000,11600.000000000000000000,0.000000000000000000,0.000000000000000000,10000.000000000000000000,1600.000000000000000000,0.015080000000000000,0.008063021316033364
0.756000000000000000,0.756000000000000000,1.300000000000000000,20000.000000000000000000,11630.769230769230769230,0.000000000000000000,0.000000000000000000,10000.000000000000000000,1630.769230769230769230,0.015120000000000000,0.008112748604950636
0.758000000000000000,0.758000000000000000,1.300000000000000000,20000.000000000000000000,11661.538461538461538461,0.000000000000000000,0.000000000000000000,10000.000000000000000000,1661.538461538461538461,0.015160000000000000,0.008162825759207409
0.760000000000000000,0.760000000000000000,1.300000000000000000,20000.000000000000000000,11692.307692307692307692,0.000000000000000000,0.000000000000000000,10000.000000000000000000,1692.307692307692307692,0.015200000000000000,0.008213256484149855
0.762000000000000000,0.762000000000000000,1.300000000000000000,20000.000000000000000000,11723.076923076923076923,0.000000000000000000,0.000000000000000000,10000.000000000000000000,1723.076923076923076923,0.015240000000000000,0.008264044537632853
0.764000000000000000,0.764000000000000000,1.300000000000000000,20000.000000000000000000,11753.846153846153846153,0.000000000000000000,0.000000000000000000,10000.000000000000000000,1753.846153846153846153,0.015280000000000000,0.008315193730953417
0.766000000000000000,0.766000000000000000,1.300000000000000000,20000.000000000000000000,11784.615384615384615384,0.000000000000000000,0.000000000000000000,10000.000000000000000000,1784.615384615384615384,0.015320000000000000,0.008366707929804121
0.768000000000000000,0.768000000000000000,1.300000000000000000,20000.000000000000000000,11815.384615384615384615,0.000000000000000000,0.000000000000000000,10000.000000000000000000,1815.384615384615384615,0.015360000000000000,0.008418591055247003
0.770000000000000000,0.770000000000000000,1.300000000000000000,20000.000000000000000000,11846.153846153846153846,0.000000000000000000,0.000000000000000000,10000.000000000000000000,1846.153846153846153846,0.015400000000000000,0.008470847084708470
0.772000000000000000,0.772000000000000000,1.300000000000000000,20000.000000000000000000,11876.923076923076923076,0.000000000000000000,0.000000000000000000,10000.000000000000000000,1876.923076923076923076,0.015440000000000000,0.008523480052995730
0.774000000000000000,0.774000000000000000,1.300000000000000000,20000.000000000000000000,11907.692307692307692307,0.000000000000000000,0.000000000000000000,10000.000000000000000000,1907.692307692307692307,0.015480000000000000,0.008576494053335303
0.776000000000000000,0.776000000000000000,1.300000000000000000,20000.000000000000000000,11938.461538461538461538,0.000000000000000000,0.000000000000000000,10000.000000000000000000,1938.461538461538461538,0.015520000000000000,0.008629893238434163
0.778000000000000000,0.778000000000000000,1.300000000000000000,20000.000000000000000000,11969.230769230769230769,0.000000000000000000,0.000000000000000000,10000.000000000000000000,1969.230769230769230769,0.015560000000000000,0.008683681821564104
0.780000000000000000,0.780000000000000000,1.300000000000000000,20000.000000000000000000,12000.000000000000000000,0.000000000000000000,0.000000000000000000,10000.000000000000000000,2000.000000000000000000,0.015600000000000000,0.008737864077669902
0.782000000000000000,0.782000000000000000,1.300000000000000000,20000.000000000000000000,12030.769230769230769230,0.000000000000000000,0.000000000000000000,10000.000000000000000000,2030.769230769230769230,0.015640000000000000,0.008792444344501911
0.784000000000000000,0.784000000000000000,1.300000000000000000,20000.000000000000000000,12061.538461538461538461,0.000000000000000000,0.000000000000000000,10000.000000000000000000,2061.538461538461538461,0.015680000000000000,0.008847427023773698
0.786000000000000000,0.786000000000000000,1.300000000000000000,20000.000000000000000000,12092.307692307692307692,0.000000000000000000,0.000000000000000000,10000.000000000000000000,2092.307692307692307692,0.015720000000000000,0.008902816582345390
0.788000000000000000,0.788000000000000000,1.300000000000000000,20000.000000000000000000,12123.076923076923076923,0.000000000000000000,0.000000000000000000,10000.000000000000000000,2123.076923076923076923,0.015760000000000000,0.008958617553433378
0.790000000000000000,0.790000000000000000,1.300000000000000000,20000.000000000000000000,12153.846153846153846153,0.000000000000000000,0.000000000000000000,10000.000000000000000000,2153.846153846153846153,0.015800000000000000,0.009014834537847090
0.792000000000000000,0.792000000000000000,1.300000000000000000,20000.000000000000000000,12184.615384615384615384,0.000000000000000000,0.000000000000000000,10000.000000000000000000,2184.615384615384615384,0.015840000000000000,0.009071472205253512
0.794000000000000000,0.794000000000000000,1.300000000000000000,20000.000000000000000000,12215.384615384615384615,0.000000000000000000,0.000000000000000000,10000.000000000000000000,2215.384615384615384615,0.015880000000000000,0.009128535295470223
0.796000000000000000,0.796000000000000000,1.300000000000000000,20000.000000000000000000,12246.153846153846153846,0.000000000000000000,0.000000000000000000,10000.000000000000000000,2246.153846153846153846,0.015920000000000000,0.009186028619787659
0.798000000000000000,0.798000000000000000,1.300000000000000000,20000.000000000000000000,12276.923076923076923076,0.000000000000000000,0.000000000000000000,10000.000000000000000000,2276.923076923076923076,0.015960000000000000,0.009243957062321414
0.800000000000000000,0.800000000000000000,1.300000000000000000,20000.000000000000000000,12307.692307692307692307,0.000000000000000000,0.000000000000000000,10000.000000000000000000,2307.692307692307692307,0.016000000000000000,0.009302325581395348
0.802000000000000000,0.802000000000000000,1.300000000000000000,20000.000000000000000000,12338.461538461538461538,0.000000000000000000,0.000000000000000000,10000.000000000000000000,2338.461538461538461538,0.016040000000000000,0.009361139210956345
0.804000000000000000,0.804000000000000000,1.300000000000000000,20000.000000000000000000,12369.230769230769230769,0.000000000000000000,0.000000000000000000,10000.000000000000000000,2369.230769230769230769,0.016080000000000000,0.009420403062021559
0.806000000000000000,0.806000000000000000,1.300000000000000000,20000.000000000000000000,12400.000000000000000000,0.000000000000000000,0.000000000000000000,10000.000000000000000000,2400.000000000000000000,0.016120000000000000,0.009480122324159021
0.808000000000000000,0.808000000000000000,1.300000000000000000,20000.000000000000000000,12430.769230769230769230,0.000000000000000000,0.000000000000000000,10000.000000000000000000,2430.769230769230769230,0.016160000000000000,0.009540302267002518
0.810000000000000000,0.810000000000000000,1.300000000000000000,20000.000000000000000000,12461.538461538461538461,0.000000000000000000,0.000000000000000000,10000.000000000000000000,2461.538461538461538461,0.016200000000000000,0.009600948241801659
0.812000000000000000,0.812000000000000000,1.300000000000000000,20000.000000000000000000,12492.307692307692307692,0.000000000000000000,0.000000000000000000,10000.000000000000000000,2492.307692307692307692,0.016240000000000000,0.009662065683008091
0.814000000000000000,0.814000000000000000,1.300000000000000000,20000.000000000000000000,12523.076923076923076923,0.000000000000000000,0.000000000000000000,10000.000000000000000000,2523.076923076923076923,0.016280000000000000,0.009723660109898861
0.816000000000000000,0.816000000000000000,1.300000000000000000,20000.000000000000000000,12553.846153846153846153,0.000000000000000000,0.000000000000000000,10000.000000000000000000,2553.846153846153846153,0.016320000000000000,0.009785737128237927
0.818000000000000000,0.818000000000000000,1.300000000000000000,20000.000000000000000000,12584.615384615384615384,0.000000000000000000,0.000000000000000000,10000.000000000000000000,2584.615384615384615384,0.016360000000000000,0.009848302431976884
0.820000000000000000,0.820000000000000000,1.300000000000000000,20000.000000000000000000,12615.384615384615384615,0.000000000000000000,0.000000000000000000,10000.000000000000000000,2615.384615384615384615,0.016400000000000000,0.009911361804995970
0.822000000000000000,0.822000000000000000,1.300000000000000000,20000.000000000000000000,12646.153846153846153846,0.000000000000000000,0.000000000000000000,10000.000000000000000000,2646.153846153846153846,0.016440000000000000,0.009974921122886497
0.824000000000000000,0.824000000000000000,1.300000000000000000,20000.000000000000000000,12676.923076923076923076,0.000000000000000000,0.000000000000000000,10000.000000000000000000,2676.923076923076923076,0.016480000000000000,0.010038986354775828
0.826000000000000000,0.826000000000000000,1.300000000000000000,20000.000000000000000000,12707.692307692307692307,0.000000000000000000,0.000000000000000000,10000.000000000000000000,2707.692307692307692307,0.016520000000000000,0.010103563565196118
0.828000000000000000,0.828000000000000000,1.300000000000000000,20000.000000000000000000,12738.461538461538461538,0.000000000000000000,0.000000000000000000,10000.000000000000000000,2738.461538461538461538,0.016560000000000000,0.010168658915998035
0.830000000000000000,0.830000000000000000,1.300000000000000000,20000.000000000000000000,12769.230769230769230769,0.000000000000000000,0.000000000000000000,10000.000000000000000000,2769.230769230769230769,0.016600000000000000,0.010234278668310727
0.832000000000000000,0.832000000000000000,1.300000000000000000,20000.000000000000000000,12800.000000000000000000,0.000000000000000000,0.000000000000000000,10000.000000000000000000,2800.000000000000000000,0.016640000000000000,0.010300429184549356
0.834000000000000000,0.834000000000000000,1.300000000000000000,20000.000000000000000000,12830.769230769230769230,0.000000000000000000,0.000000000000000000,10000.000000000000000000,2830.769230769230769230,0.016680000000000000,0.010367116930471533
0.836000000000000000,0.836000000000000000,1.300000000000000000,20000.000000000000000000,12861.538461538461538461,0.000000000000000000,0.000000000000000000,10000.000000000000000000,2861.538461538461538461,0.016720000000000000,0.010434348477284073
0.838000000000000000,0.838000000000000000,1.300000000000000000,20000.000000000000000000,12892.307692307692307692,0.000000000000000000,0.000000000000000000,10000.000000000000000000,2892.307692307692307692,0.016760000000000000,0.010502130503801487
0.840000000000000000,0.840000000000000000,1.300000000000000000,20000.000000000000000000,12923.076923076923076923,0.000000000000000000,0.000000000000000000,10000.000000000000000000,2923.076923076923076923,0.016800000000000000,0.010570469798657718
0.842000000000000000,0.842000000000000000,1.300000000000000000,20000.000000000000000000,12953.846153846153846153,0.000000000000000000,0.000000000000000000,10000.000000000000000000,2953.846153846153846153,0.016840000000000000,0.010639373262572656
0.844000000000000000,0.844000000000000000,1.300000000000000000,20000.000000000000000000,12984.615384615384615384,0.000000000000000000,0.000000000000000000,10000.000000000000000000,2984.615384615384615384,0.016880000000000000,0.010708847910675012
0.846000000000000000,0.846000000000000000,1.300000000000000000,20000.000000000000000000,13015.384615384615384615,0.000000000000000000,0.000000000000000000,10000.000000000000000000,3015.384615384615384615,0.016920000000000000,0.010778900874883207
0.848000000000000000,0.848000000000000000,1.300000000000000000,20000.000000000000000000,13046.153846153846153846,0.000000000000000000,0.000000000000000000,10000.000000000000000000,3046.153846153846153846,0.016960000000000000,0.010849539406345957
0.850000000000000000,0.850000000000000000,1.300000000000000000,20000.000000000000000000,13076.923076923076923076,0.000000000000000000,0.000000000000000000,10000.000000000000000000,3076.923076923076923076,0.017000000000000000,0.010920770877944325
0.852000000000000000,0.852000000000000000,1.300000000000000000,20000.000000000000000000,13107.692307692307692307,0.000000000000000000,0.000000000000000000,10000.000000000000000000,3107.692307692307692307,0.017040000000000000,0.010992602786857044
0.854000000000000000,0.854000000000000000,1.300000000000000000,20000.000000000000000000,13138.461538461538461538,0.000000000000000000,0.000000000000000000,10000.000000000000000000,3138.461538461538461538,0.017080000000000000,0.011065042757190982
0.856000000000000000,0.856000000000000000,1.300000000000000000,20000.000000000000000000,13169.230769230769230769,0.000000000000000000,0.000000000000000000,10000.000000000000000000,3169.230769230769230769,0.017120000000000000,0.011138098542678695
0.858000000000000000,0.858000000000000000,1.300000000000000000,20000.000000000000000000,13200.000000000000000000,0.000000000000000000,0.000000000000000000,10000.000000000000000000,3200.000000000000000000,0.017160000000000000,0.011211778029445073
0.860000000000000000,0.860000000000000000,1.300000000000000000,20000.000000000000000000,13230.769230769230769230,0.000000000000000000,0.000000000000000000,10000.000000000000000000,3230.769230769230769230,0.017200000000000000,0.011286089238845144
0.862000000000000000,0.862000000000000000,1.300000000000000000,20000.000000000000000000,13261.538461538461538461,0.000000000000000000,0.000000000000000000,10000.000000000000000000,3261.538461538461538461,0.017240000000000000,0.011361040330375186
0.864000000000000000,0.864000000000000000,1.300000000000000000,20000.000000000000000000,13292.307692307692307692,0.000000000000000000,0.000000000000000000,10000.000000000000000000,3292.307692307692307692,0.017280000000000000,0.011436639604659371
0.866000000000000000,0.866000000000000000,1.300000000000000000,20000.000000000000000000,13323.076923076923076923,0.000000000000000000,0.000000000000000000,10000.000000000000000000,3323.076923076923076923,0.017320000000000000,0.011512895506514224
0.868000000000000000,0.868000000000000000,1.300000000000000000,20000.000000000000000000,13353.846153846153846153,0.000000000000000000,0.000000000000000000,10000.000000000000000000,3353.846153846153846153,0.017360000000000000,0.011589816628093288
0.870000000000000000,0.870000000000000000,1.300000000000000000,20000.000000000000000000,13384.615384615384615384,0.000000000000000000,0.000000000000000000,10000.000000000000000000,3384.615384615384615384,0.017400000000000000,0.011667411712114438
0.872000000000000000,0.872000000000000000,1.300000000000000000,20000.000000000000000000,13415.384615384615384615,0.000000000000000000,0.000000000000000000,10000.000000000000000000,3415.384615384615384615,0.017440000000000000,0.011745689655172413
0.874000000000000000,0.874000000000000000,1.300000000000000000,20000.000000000000000000,13446.153846153846153846,0.000000000000000000,0.000000000000000000,10000.000000000000000000,3446.153846153846153846,0.017480000000000000,0.011824659511139172
0.876000000000000000,0.876000000000000000,1.300000000000000000,20000.000000000000000000,13476.923076923076923076,0.000000000000000000,0.000000000000000000,10000.000000000000000000,3476.923076923076923076,0.017520000000000000,0.011904330494654828
0.878000000000000000,0.878000000000000000,1.300000000000000000,20000.000000000000000000,13507.692307692307692307,0.000000000000000000,0.000000000000000000,10000.000000000000000000,3507.692307692307692307,0.017560000000000000,0.011984711984711984
0.880000000000000000,0.880000000000000000,1.300000000000000000,20000.000000000000000000,13538.461538461538461538,0.000000000000000000,0.000000000000000000,10000.000000000000000000,3538.461538461538461538,0.017600000000000000,0.012065813528336380
0.882000000000000000,0.882000000000000000,1.300000000000000000,20000.000000000000000000,13569.230769230769230769,0.000000000000000000,0.000000000000000000,10000.000000000000000000,3569.230769230769230769,0.017640000000000000,0.012147644844366908
0.884000000000000000,0.884000000000000000,1.300000000000000000,20000.000000000000000000,13600.000000000000000000,0.000000000000000000,0.000000000000000000,10000.000000000000000000,3600.000000000000000000,0.017680000000000000,0.012230215827338129
0.886000000000000000,0.886000000000000000,1.300000000000000000,20000.000000000000000000,13630.769230769230769230,0.000000000000000000,0.000000000000000000,10000.000000000000000000,3630.769230769230769230,0.017720000000000000,0.012313536551468544
0.888000000000000000,0.888000000000000000,1.300000000000000000,20000.000000000000000000,13661.538461538461538461,0.000000000000000000,0.000000000000000000,10000.000000000000000000,3661.538461538461538461,0.017760000000000000,0.012397617274758004
0.890000000000000000,0.890000000000000000,1.300000000000000000,20000.000000000000000000,13692.307692307692307692,0.000000000000000000,0.000000000000000000,10000.000000000000000000,3692.307692307692307692,0.017800000000000000,0.012482468443197755
0.892000000000000000,0.892000000000000000,1.300000000000000000,20000.000000000000000000,13723.076923076923076923,0.000000000000000000,0.000000000000000000,10000.000000000000000000,3723.076923076923076923,0.017840000000000000,0.012568100695096749
0.894000000000000000,0.894000000000000000,1.300000000000000000,20000.000000000000000000,13753.846153846153846153,0.000000000000000000,0.000000000000000000,10000.000000000000000000,3753.846153846153846153,0.017880000000000000,0.012654524865527979
0.896000000000000000,0.896000000000000000,1.300000000000000000,20000.000000000000000000,13784.615384615384615384,0.000000000000000000,0.000000000000000000,10000.000000000000000000,3784.615384615384615384,0.017920000000000000,0.012741751990898748
0.898000000000000000,0.898000000000000000,1.300000000000000000,20000.000000000000000000,13815.384615384615384615,0.000000000000000000,0.000000000000000000,10000.000000000000000000,3815.384615384615384615,0.017960000000000000,0.012829793313648918
0.900000000000000000,0.900000000000000000,1.300000000000000000,20000.000000000000000000,13846.153846153846153846,0.000000000000000000,0.000000000000000000,10000.000000000000000000,3846.153846153846153846,0.018000000000000000,0.012918660287081339
0.902000000000000000,0.902000000000000000,1.300000000000000000,20000.000000000000000000,13876.923076923076923076,0.000000000000000000,0.000000000000000000,10000.000000000000000000,3876.923076923076923076,0.018040000000000000,0.013008364580328814
0.904000000000000000,0.904000000000000000,1.300000000000000000,20000.000000000000000000,13907.692307692307692307,0.000000000000000000,0.000000000000000000,10000.000000000000000000,3907.692307692307692307,0.018080000000000000,0.013098918083462132
0.906000000000000000,0.906000000000000000,1.300000000000000000,20000.000000000000000000,13938.461538461538461538,0.000000000000000000,0.000000000000000000,10000.000000000000000000,3938.461538461538461538,0.018120000000000000,0.013190332912743861
0.908000000000000000,0.908000000000000000,1.300000000000000000,20000.000000000000000000,13969.230769230769230769,0.000000000000000000,0.000000000000000000,10000.000000000000000000,3969.230769230769230769,0.018160000000000000,0.013282621416032767
0.910000000000000000,0.910000000000000000,1.300000000000000000,20000.000000000000000000,14000.000000000000000000,0.000000000000000000,0.000000000000000000,10000.000000000000000000,4000.000000000000000000,0.018200000000000000,0.013375796178343949
0.912000000000000000,0.912000000000000000,1.300000000000000000,20000.000000000000000000,14030.769230769230769230,0.000000000000000000,0.000000000000000000,10000.000000000000000000,4030.769230769230769230,0.018240000000000000,0.013469870027569909
0.914000000000000000,0.914000000000000000,1.300000000000000000,20000.000000000000000000,14061.538461538461538461,0.000000000000000000,0.000000000000000000,10000.000000000000000000,4061.538461538461538461,0.018280000000000000,0.013564856040368061
0.916000000000000000,0.916000000000000000,1.300000000000000000,20000.000000000000000000,14092.307692307692307692,0.000000000000000000,0.000000000000000000,10000.000000000000000000,4092.307692307692307692,0.018320000000000000,0.013660767548220322
0.918000000000000000,0.918000000000000000,1.300000000000000000,20000.000000000000000000,14123.076923076923076923,0.000000000000000000,0.000000000000000000,10000.000000000000000000,4123.076923076923076923,0.018360000000000000,0.013757618143670696
0.920000000000000000,0.920000000000000000,1.300000000000000000,20000.000000000000000000,14153.846153846153846153,0.000000000000000000,0.000000000000000000,10000.000000000000000000,4153.846153846153846153,0.018400000000000000,0.013855421686746987
0.922000000000000000,0.922000000000000000,1.300000000000000000,20000.000000000000000000,14184.615384615384615384,0.000000000000000000,0.000000000000000000,10000.000000000000000000,4184.615384615384615384,0.018440000000000000,0.013954192311572999
0.924000000000000000,0.924000000000000000,1.300000000000000000,20000.000000000000000000,14215.384615384615384615,0.000000000000000000,0.000000000000000000,10000.000000000000000000,4215.384615384615384615,0.018480000000000000,0.014053944433177854
0.926000000000000000,0.926000000000000000,1.300000000000000000,20000.000000000000000000,14246.153846153846153846,0.000000000000000000,0.000000000000000000,10000.000000000000000000,4246.153846153846153846,0.018520000000000000,0.014154692754509324
0.928000000000000000,0.928000000000000000,1.300000000000000000,20000.000000000000000000,14276.923076923076923076,0.000000000000000000,0.000000000000000000,10000.000000000000000000,4276.923076923076923076,0.018560000000000000,0.014256452273658336
0.930000000000000000,0.930000000000000000,1.300000000000000000,20000.000000000000000000,14307.692307692307692307,0.000000000000000000,0.000000000000000000,10000.000000000000000000,4307.692307692307692307,0.018600000000000000,0.014359238291302110
0.932000000000000000,0.932000000000000000,1.300000000000000000,20000.000000000000000000,14338.461538461538461538,0.000000000000000000,0.000000000000000000,10000.000000000000000000,4338.461538461538461538,0.018640000000000000,0.014463066418373680
0.934000000000000000,0.934000000000000000,1.300000000000000000,20000.000000000000000000,14369.230769230769230769,0.000000000000000000,0.000000000000000000,10000.000000000000000000,4369.230769230769230769,0.018680000000000000,0.014567952583965893
0.936000000000000000,0.936000000000000000,1.300000000000000000,20000.000000000000000000,14400.000000000000000000,0.000000000000000000,0.000000000000000000,10000.000000000000000000,4400.000000000000000000,0.018720000000000000,0.014673913043478260
0.938000000000000000,0.938000000000000000,1.300000000000000000,20000.000000000000000000,14430.769230769230769230,0.000000000000000000,0.000000000000000000,10000.000000000000000000,4430.769230769230769230,0.018760000000000000,0.014780964387015442
0.940000000000000000,0.940000000000000000,1.300000000000000000,20000.000000000000000000,14461.538461538461538461,0.000000000000000000,0.000000000000000000,10000.000000000000000000,4461.538461538461538461,0.018800000000000000,0.014889123548046462
0.942000000000000000,0.942000000000000000,1.300000000000000000,20000.000000000000000000,14492.307692307692307692,0.000000000000000000,0.000000000000000000,10000.000000000000000000,4492.307692307692307692,0.018840000000000000,0.014998407812334147
0.944000000000000000,0.944000000000000000,1.300000000000000000,20000.000000000000000000,14523.076923076923076923,0.000000000000000000,0.000000000000000000,10000.000000000000000000,4523.076923076923076923,0.018880000000000000,0.015108834827144686
0.946000000000000000,0.946000000000000000,1.300000000000000000,20000.000000000000000000,14553.846153846153846153,0.000000000000000000,0.000000000000000000,10000.000000000000000000,4553.846153846153846153,0.018920000000000000,0.015220422610747613
0.948000000000000000,0.948000000000000000,1.300000000000000000,20000.000000000000000000,14584.615384615384615384,0.000000000000000000,0.000000000000000000,10000.000000000000000000,4584.615384615384615384,0.018960000000000000,0.015333189562216950
0.950000000000000000,0.950000000000000000,1.300000000000000000,20000.000000000000000000,14615.384615384615384615,0.000000000000000000,0.000000000000000000,10000.000000000000000000,4615.384615384615384615,0.019000000000000000,0.015447154471544715
0.952000000000000000,0.952000000000000000,1.300000000000000000,20000.000000000000000000,14646.153846153846153846,0.000000000000000000,0.000000000000000000,10000.000000000000000000,4646.153846153846153846,0.019040000000000000,0.015562336530078465
0.954000000000000000,0.954000000000000000,1.300000000000000000,20000.000000000000000000,14676.923076923076923076,0.000000000000000000,0.000000000000000000,10000.000000000000000000,4676.923076923076923076,0.019080000000000000,0.015678755341295058
0.956000000000000000,0.956000000000000000,1.300000000000000000,20000.000000000000000000,14707.692307692307692307,0.000000000000000000,0.000000000000000000,10000.000000000000000000,4707.692307692307692307,0.019120000000000000,0.015796430931923331
0.958000000000000000,0.958000000000000000,1.300000000000000000,20000.000000000000000000,14738.461538461538461538,0.000000000000000000,0.000000000000000000,10000.000000000000000000,4738.461538461538461538,0.019160000000000000,0.015915383763428951
0.960000000000000000,0.960000000000000000,1.300000000000000000,20000.000000000000000000,14769.230769230769230769,0.000000000000000000,0.000000000000000000,10000.000000000000000000,4769.230769230769230769,0.019200000000000000,0.016035634743875278
0.962000000000000000,0.962000000000000000,1.300000000000000000,20000.000000000000000000,14800.000000000000000000,0.000000000000000000,0.000000000000000000,10000.000000000000000000,4800.000000000000000000,0.019240000000000000,0.016157205240174672
0.964000000000000000,0.964000000000000000,1.300000000000000000,20000.000000000000000000,14830.769230769230769230,0.000000000000000000,0.000000000000000000,10000.000000000000000000,4830.769230769230769230,0.019280000000000000,0.016280117090745327
0.966000000000000000,0.966000000000000000,1.300000000000000000,20000.000000000000000000,14861.538461538461538461,0.000000000000000000,0.000000000000000000,10000.000000000000000000,4861.538461538461538461,0.019320000000000000,0.016404392618589380
0.968000000000000000,0.968000000000000000,1.300000000000000000,20000.000000000000000000,14892.307692307692307692,0.000000000000000000,0.000000000000000000,10000.000000000000000000,4892.307692307692307692,0.019360000000000000,0.016530054644808743
0.970000000000000000,0.970000000000000000,1.300000000000000000,20000.000000000000000000,14923.076923076923076923,0.000000000000000000,0.000000000000000000,10000.000000000000000000,4923.076923076923076923,0.019400000000000000,0.016657126502575844
0.972000000000000000,0.972000000000000000,1.300000000000000000,20000.000000000000000000,14953.846153846153846153,0.000000000000000000,0.000000000000000000,10000.000000000000000000,4953.846153846153846153,0.019440000000000000,0.016785632051577250
0.974000000000000000,0.974000000000000000,1.300000000000000000,20000.000000000000000000,14984.615384615384615384,0.000000000000000000,0.000000000000000000,10000.000000000000000000,4984.615384615384615384,0.019480000000000000,0.016915595692948940
0.976000000000000000,0.976000000000000000,1.300000000000000000,20000.000000000000000000,15015.384615384615384615,0.000000000000000000,0.000000000000000000,10000.000000000000000000,5015.384615384615384615,0.019520000000000000,0.017047042384722869
0.978000000000000000,0.978000000000000000,1.300000000000000000,20000.000000000000000000,15046.153846153846153846,0.000000000000000000,0.000000000000000000,10000.000000000000000000,5046.153846153846153846,0.019560000000000000,0.017179997657805363
0.980000000000000000,0.980000000000000000,1.300000000000000000,20000.000000000000000000,15076.923076923076923076,0.000000000000000000,0.000000000000000000,10000.000000000000000000,5076.923076923076923076,0.019600000000000000,0.017314487632508833
0.982000000000000000,0.982000000000000000,1.300000000000000000,20000.000000000000000000,15107.692307692307692307,0.000000000000000000,0.000000000000000000,10000.000000000000000000,5107.692307692307692307,0.019640000000000000,0.017450539035659282
0.984000000000000000,0.984000000000000000,1.300000000000000000,20000.000000000000000000,15138.461538461538461538,0.000000000000000000,0.000000000000000000,10000.000000000000000000,5138.461538461538461538,0.019680000000000000,0.017588179218303145
0.986000000000000000,0.986000000000000000,1.300000000000000000,20000.000000000000000000,15169.230769230769230769,0.000000000000000000,0.000000000000000000,10000.000000000000000000,5169.230769230769230769,0.019720000000000000,0.017727436174038115
0.988000000000000000,0.988000000000000000,1.300000000000000000,20000.000000000000000000,15200.000000000000000000,0.000000000000000000,0.000000000000000000,10000.000000000000000000,5200.000000000000000000,0.019760000000000000,0.017868338557993730
0.990000000000000000,0.990000000000000000,1.300000000000000000,20000.000000000000000000,15230.769230769230769230,0.000000000000000000,0.000000000000000000,10000.000000000000000000,5230.769230769230769230,0.019800000000000000,0.018010915706488781
0.992000000000000000,0.992000000000000000,1.300000000000000000,20000.000000000000000000,15261.538461538461538461,0.000000000000000000,0.000000000000000000,10000.000000000000000000,5261.538461538461538461,0.019840000000000000,0.018155197657393850
0.994000000000000000,0.994000000000000000,1.300000000000000000,20000.000000000000000000,15292.307692307692307692,0.000000000000000000,0.000000000000000000,10000.000000000000000000,5292.307692307692307692,0.019880000000000000,0.018301215171228673
0.996000000000000000,0.996000000000000000,1.300000000000000000,20000.000000000000000000,15323.076923076923076923,0.000000000000000000,0.000000000000000000,10000.000000000000000000,5323.076923076923076923,0.019920000000000000,0.018448999753025438
0.998000000000000000,0.998000000000000000,1.300000000000000000,20000.000000000000000000,15353.846153846153846153,0.000000000000000000,0.000000000000000000,10000.000000000000000000,5353.846153846153846153,0.019960000000000000,0.018598583674990682
1.000000000000000000,1.000000000000000000,1.300000000000000000,20000.000000000000000000,15384.615384615384615384,0.000000000000000000,0.000000000000000000,10000.000000000000000000,5384.615384615384615384,0.020000000000000000,0.018750000000000000
1.002000000000000000,1.002000000000000000,1.300000000000000000,20000.000000000000000000,15415.384615384615384615,0.000000000000000000,0.000000000000000000,10000.000000000000000000,5415.384615384615384615,0.020040000000000000,0.018903282605961514
1.004000000000000000,1.004000000000000000,1.300000000000000000,20000.000000000000000000,15446.153846153846153846,0.000000000000000000,0.000000000000000000,10000.000000000000000000,5446.153846153846153846,0.020080000000000000,0.019058466211085801
1.006000000000000000,1.006000000000000000,1.300000000000000000,20000.000000000000000000,15476.923076923076923076,0.000000000000000000,0.000000000000000000,10000.000000000000000000,5476.923076923076923076,0.020120000000000000,0.019215586400101871
1.008000000000000000,1.008000000000000000,1.300000000000000000,20000.000000000000000000,15507.692307692307692307,0.000000000000000000,0.000000000000000000,10000.000000000000000000,5507.692307692307692307,0.020160000000000000,0.019374679651460789
1.010000000000000000,1.010000000000000000,1.300000000000000000,20000.000000000000000000,15538.461538461538461538,0.000000000000000000,0.000000000000000000,10000.000000000000000000,5538.461538461538461538,0.020200000000000000,0.019535783365570599
1.012000000000000000,1.012000000000000000,1.300000000000000000,20000.000000000000000000,15569.230769230769230769,0.000000000000000000,0.000000000000000000,10000.000000000000000000,5569.230769230769230769,0.020240000000000000,0.019698935894108486
1.014000000000000000,1.014000000000000000,1.300000000000000000,20000.000000000000000000,15600.000000000000000000,0.000000000000000000,0.000000000000000000,10000.000000000000000000,5600.000000000000000000,0.020372450000000000,0.019948709487422906
1.016000000000000000,1.016000000000000000,1.300000000000000000,20000.000000000000000000,15630.769230769230769230,0.000000000000000000,0.000000000000000000,10000.000000000000000000,5630.769230769230769230,0.020743200000000000,0.020420340798416502
1.018000000000000000,1.018000000000000000,1.300000000000000000,20000.000000000000000000,15661.538461538461538461,0.000000000000000000,0.000000000000000000,10000.000000000000000000,5661.538461538461538461,0.021354050000000000,0.021117947823673361
1.020000000000000000,1.020000000000000000,1.300000000000000000,20000.000000000000000000,15692.307692307692307692,0.000000000000000000,0.000000000000000000,10000.000000000000000000,5692.307692307692307692,0.022205000000000000,0.022042984067106765
1.022000000000000000,1.022000000000000000,1.300000000000000000,20000.000000000000000000,15723.076923076923076923,0.000000000000000000,0.000000000000000000,10000.000000000000000000,5723.076923076923076923,0.023296050000000000,0.023195840104774025
1.024000000000000000,1.024000000000000000,1.300000000000000000,20000.000000000000000000,15753.846153846153846153,0.000000000000000000,0.000000000000000000,10000.000000000000000000,5753.846153846153846153,0.024627200000000000,0.024575820152002214
1.026000000000000000,1.026000000000000000,1.300000000000000000,20000.000000000000000000,15784.615384615384615384,0.000000000000000000,0.000000000000000000,10000.000000000000000000,5784.615384615384615384,0.026198450000000000,0.026181131181723290
1.028000000000000000,1.028000000000000000,1.300000000000000000,20000.000000000000000000,15815.384615384615384615,0.000000000000000000,0.000000000000000000,10000.000000000000000000,5815.384615384615384615,0.028009800000000000,0.028008885043088592
1.030000000000000000,1.030000000000000000,1.300000000000000000,20000.000000000000000000,15846.153846153846153846,0.000000000000000000,0.000000000000000000,10000.000000000000000000,5846.153846153846153846,0.030000000000000000,0.030000000000000000
1.032000000000000000,1.032000000000000000,1.300000000000000000,20000.000000000000000000,15876.923076923076923076,0.000000000000000000,0.000000000000000000,10000.000000000000000000,5876.923076923076923076,0.032000000000000000,0.032000000000000000
1.034000000000000000,1.034000000000000000,1.300000000000000000,20000.000000000000000000,15907.692307692307692307,0.000000000000000000,0.000000000000000000,10000.000000000000000000,5907.692307692307692307,0.034000000000000000,0.034000000000000000
1.036000000000000000,1.036000000000000000,1.300000000000000000,20000.000000000000000000,15938.461538461538461538,0.000000000000000000,0.000000000000000000,10000.000000000000000000,5938.461538461538461538,0.036000000000000000,0.036000000000000000
1.038000000000000000,1.038000000000000000,1.300000000000000000,20000.000000000000000000,15969.230769230769230769,0.000000000000000000,0.000000000000000000,10000.000000000000000000,5969.230769230769230769,0.038000000000000000,0.038000000000000000
1.040000000000000000,1.040000000000000000,1.300000000000000000,20000.000000000000000000,16000.000000000000000000,0.000000000000000000,0.000000000000000000,10000.000000000000000000,6000.000000000000000000,0.040000000000000000,0.040000000000000000
1.042000000000000000,1.042000000000000000,1.300000000000000000,20000.000000000000000000,16030.769230769230769230,0.000000000000000000,0.000000000000000000,10000.000000000000000000,6030.769230769230769230,0.042000000000000000,0.042000000000000000
1.044000000000000000,1.044000000000000000,1.300000000000000000,20000.000000000000000000,16061.538461538461538461,0.000000000000000000,0.000000000000000000,10000.000000000000000000,6061.538461538461538461,0.044000000000000000,0.044000000000000000
1.046000000000000000,1.046000000000000000,1.300000000000000000,20000.000000000000000000,16092.307692307692307692,0.000000000000000000,0.000000000000000000,10000.000000000000000000,6092.307692307692307692,0.046000000000000000,0.046000000000000000
1.048000000000000000,1.048000000000000000,1.300000000000000000,20000.000000000000000000,16123.076923076923076923,0.000000000000000000,0.000000000000000000,10000.000000000000000000,6123.076923076923076923,0.048000000000000000,0.048000000000000000
1.050000000000000000,1.050000000000000000,1.300000000000000000,20000.000000000000000000,16153.846153846153846153,0.000000000000000000,0.000000000000000000,10000.000000000000000000,6153.846153846153846153,0.050000000000000000,0.050000000000000000
1.052000000000000000,1.052000000000000000,1.300000000000000000,20000.000000000000000000,16184.615384615384615384,0.000000000000000000,0.000000000000000000,10000.000000000000000000,6184.615384615384615384,0.052000000000000000,0.052000000000000000
1.054000000000000000,1.054000000000000000,1.300000000000000000,20000.000000000000000000,16215.384615384615384615,0.000000000000000000,0.000000000000000000,10000.000000000000000000,6215.384615384615384615,0.054000000000000000,0.054000000000000000
1.056000000000000000,1.056000000000000000,1.300000000000000000,20000.000000000000000000,16246.153846153846153846,0.000000000000000000,0.000000000000000000,10000.000000000000000000,6246.153846153846153846,0.056000000000000000,0.056000000000000000
1.058000000000000000,1.058000000000000000,1.300000000000000000,20000.000000000000000000,16276.923076923076923076,0.000000000000000000,0.000000000000000000,10000.000000000000000000,6276.923076923076923076,0.058000000000000000,0.058000000000000000
1.060000000000000000,1.060000000000000000,1.300000000000000000,20000.000000000000000000,16307.692307692307692307,0.000000000000000000,0.000000000000000000,10000.000000000000000000,6307.692307692307692307,0.060000000000000000,0.060000000000000000
1.062000000000000000,1.062000000000000000,1.300000000000000000,20000.000000000000000000,16338.461538461538461538,0.000000000000000000,0.000000000000000000,10000.000000000000000000,6338.461538461538461538,0.062000000000000000,0.062000000000000000
1.064000000000000000,1.064000000000000000,1.300000000000000000,20000.000000000000000000,16369.230769230769230769,0.000000000000000000,0.000000000000000000,10000.000000000000000000,6369.230769230769230769,0.064000000000000000,0.064000000000000000
1.066000000000000000,1.066000000000000000,1.300000000000000000,20000.000000000000000000,16400.000000000000000000,0.000000000000000000,0.000000000000000000,10000.000000000000000000,6400.000000000000000000,0.066000000000000000,0.066000000000000000
1.068000000000000000,1.068000000000000000,1.300000000000000000,20000.000000000000000000,16430.769230769230769230,0.000000000000000000,0.000000000000000000,10000.000000000000000000,6430.769230769230769230,0.068000000000000000,0.068000000000000000
1.070000000000000000,1.070000000000000000,1.300000000000000000,20000.000000000000000000,16461.538461538461538461,0.000000000000000000,0.000000000000000000,10000.000000000000000000,6461.538461538461538461,0.070000000000000000,0.070000000000000000
1.072000000000000000,1.072000000000000000,1.300000000000000000,20000.000000000000000000,16492.307692307692307692,0.000000000000000000,0.000000000000000000,10000.000000000000000000,6492.307692307692307692,0.072000000000000000,0.072000000000000000
1.074000000000000000,1.074000000000000000,1.300000000000000000,20000.000000000000000000,16523.076923076923076923,0.000000000000000000,0.000000000000000000,10000.000000000000000000,6523.076923076923076923,0.074000000000000000,0.074000000000000000
1.076000000000000000,1.076000000000000000,1.300000000000000000,20000.000000000000000000,16553.846153846153846153,0.000000000000000000,0.000000000000000000,10000.000000000000000000,6553.846153846153846153,0.076000000000000000,0.076000000000000000
1.078000000000000000,1.078000000000000000,1.300000000000000000,20000.000000000000000000,16584.615384615384615384,0.000000000000000000,0.000000000000000000,10000.000000000000000000,6584.615384615384615384,0.078000000000000000,0.078000000000000000
1.080000000000000000,1.080000000000000000,1.300000000000000000,20000.000000000000000000,16615.384615384615384615,0.000000000000000000,0.000000000000000000,10000.000000000000000000,6615.384615384615384615,0.080000000000000000,0.080000000000000000
1.082000000000000000,1.082000000000000000,1.300000000000000000,20000.000000000000000000,16646.153846153846153846,0.000000000000000000,0.000000000000000000,10000.000000000000000000,6646.153846153846153846,0.082000000000000000,0.082000000000000000
1.084000000000000000,1.084000000000000000,1.300000000000000000,20000.000000000000000000,16676.923076923076923076,0.000000000000000000,0.000000000000000000,10000.000000000000000000,6676.923076923076923076,0.084000000000000000,0.084000000000000000
1.086000000000000000,1.086000000000000000,1.300000000000000000,20000.000000000000000000,16707.692307692307692307,0.000000000000000000,0.000000000000000000,10000.000000000000000000,6707.692307692307692307,0.086000000000000000,0.086000000000000000
1.088000000000000000,1.088000000000000000,1.300000000000000000,20000.000000000000000000,16738.461538461538461538,0.000000000000000000,0.000000000000000000,10000.000000000000000000,6738.461538461538461538,0.088000000000000000,0.088000000000000000
1.090000000000000000,1.090000000000000000,1.300000000000000000,20000.000000000000000000,16769.230769230769230769,0.000000000000000000,0.000000000000000000,10000.000000000000000000,6769.230769230769230769,0.090000000000000000,0.090000000000000000
1.092000000000000000,1.092000000000000000,1.300000000000000000,20000.000000000000000000,16800.000000000000000000,0.000000000000000000,0.000000000000000000,10000.000000000000000000,6800.000000000000000000,0.092000000000000000,0.092000000000000000
1.094000000000000000,1.094000000000000000,1.300000000000000000,20000.000000000000000000,16830.769230769230769230,0.000000000000000000,0.000000000000000000,10000.000000000000000000,6830.769230769230769230,0.094000000000000000,0.094000000000000000
1.096000000000000000,1.096000000000000000,1.300000000000000000,20000.000000000000000000,16861.538461538461538461,0.000000000000000000,0.000000000000000000,10000.000000000000000000,6861.538461538461538461,0.096000000000000000,0.096000000000000000
1.098000000000000000,1.098000000000000000,1.300000000000000000,20000.000000000000000000,16892.307692307692307692,0.000000000000000000,0.000000000000000000,10000.000000000000000000,6892.307692307692307692,0.098000000000000000,0.098000000000000000
1.100000000000000000,1.100000000000000000,1.300000000000000000,20000.000000000000000000,16923.076923076923076923,0.000000000000000000,0.000000000000000000,10000.000000000000000000,6923.076923076923076923,0.100000000000000000,0.100000000000000000
1.102000000000000000,1.102000000000000000,1.300000000000000000,20000.000000000000000000,16953.846153846153846153,0.000000000000000000,0.000000000000000000,10000.000000000000000000,6953.846153846153846153,0.102000000000000000,0.102000000000000000
1.104000000000000000,1.104000000000000000,1.300000000000000000,20000.000000000000000000,16984.615384615384615384,0.000000000000000000,0.000000000000000000,10000.000000000000000000,6984.615384615384615384,0.104000000000000000,0.104000000000000000
1.106000000000000000,1.106000000000000000,1.300000000000000000,20000.000000000000000000,17015.384615384615384615,0.000000000000000000,0.000000000000000000,10000.000000000000000000,7015.384615384615384615,0.106000000000000000,0.106000000000000000
1.108000000000000000,1.108000000000000000,1.300000000000000000,20000.000000000000000000,17046.153846153846153846,0.000000000000000000,0.000000000000000000,10000.000000000000000000,7046.153846153846153846,0.108000000000000000,0.108000000000000000
1.110000000000000000,1.110000000000000000,1.300000000000000000,20000.000000000000000000,17076.923076923076923076,0.000000000000000000,0.000000000000000000,10000.000000000000000000,7076.923076923076923076,0.110000000000000000,0.110000000000000000
1.112000000000000000,1.112000000000000000,1.300000000000000000,20000.000000000000000000,17107.692307692307692307,0.000000000000000000,0.000000000000000000,10000.000000000000000000,7107.692307692307692307,0.112000000000000000,0.112000000000000000
1.114000000000000000,1.114000000000000000,1.300000000000000000,20000.000000000000000000,17138.461538461538461538,0.000000000000000000,0.000000000000000000,10000.000000000000000000,7138.461538461538461538,0.114000000000000000,0.114000000000000000
1.116000000000000000,1.116000000000000000,1.300000000000000000,20000.000000000000000000,17169.230769230769230769,0.000000000000000000,0.000000000000000000,10000.000000000000000000,7169.230769230769230769,0.116000000000000000,0.116000000000000000
1.118000000000000000,1.118000000000000000,1.300000000000000000,20000.000000000000000000,17200.000000000000000000,0.000000000000000000,0.000000000000000000,10000.000000000000000000,7200.000000000000000000,0.118000000000000000,0.118000000000000000
1.120000000000000000,1.120000000000000000,1.300000000000000000,20000.000000000000000000,17230.769230769230769230,0.000000000000000000,0.000000000000000000,10000.000000000000000000,7230.769230769230769230,0.120000000000000000,0.120000000000000000
1.122000000000000000,1.122000000000000000,1.300000000000000000,20000.000000000000000000,17261.538461538461538461,0.000000000000000000,0.000000000000000000,10000.000000000000000000,7261.538461538461538461,0.122000000000000000,0.122000000000000000
1.124000000000000000,1.124000000000000000,1.300000000000000000,20000.000000000000000000,17292.307692307692307692,0.000000000000000000,0.000000000000000000,10000.000000000000000000,7292.307692307692307692,0.124000000000000000,0.124000000000000000
1.126000000000000000,1.126000000000000000,1.300000000000000000,20000.000000000000000000,17323.076923076923076923,0.000000000000000000,0.000000000000000000,10000.000000000000000000,7323.076923076923076923,0.126000000000000000,0.126000000000000000
1.128000000000000000,1.128000000000000000,1.300000000000000000,20000.000000000000000000,17353.846153846153846153,0.000000000000000000,0.000000000000000000,10000.000000000000000000,7353.846153846153846153,0.128000000000000000,0.128000000000000000
1.130000000000000000,1.130000000000000000,1.300000000000000000,20000.000000000000000000,17384.615384615384615384,0.000000000000000000,0.000000000000000000,10000.000000000000000000,7384.615384615384615384,0.130000000000000000,0.130000000000000000
1.132000000000000000,1.132000000000000000,1.300000000000000000,20000.000000000000000000,17415.384615384615384615,0.000000000000000000,0.000000000000000000,10000.000000000000000000,7415.384615384615384615,0.132000000000000000,0.132000000000000000
1.134000000000000000,1.134000000000000000,1.300000000000000000,20000.000000000000000000,17446.153846153846153846,0.000000000000000000,0.000000000000000000,10000.000000000000000000,7446.153846153846153846,0.134000000000000000,0.134000000000000000
1.136000000000000000,1.136000000000000000,1.300000000000000000,20000.000000000000000000,17476.923076923076923076,0.000000000000000000,0.000000000000000000,10000.000000000000000000,7476.923076923076923076,0.136000000000000000,0.136000000000000000
1.138000000000000000,1.138000000000000000,1.300000000000000000,20000.000000000000000000,17507.692307692307692307,0.000000000000000000,0.000000000000000000,10000.000000000000000000,7507.692307692307692307,0.138000000000000000,0.138000000000000000
1.140000000000000000,1.140000000000000000,1.300000000000000000,20000.000000000000000000,17538.461538461538461538,0.000000000000000000,0.000000000000000000,10000.000000000000000000,7538.461538461538461538,0.140000000000000000,0.140000000000000000
1.142000000000000000,1.142000000000000000,1.300000000000000000,20000.000000000000000000,17569.230769230769230769,0.000000000000000000,0.000000000000000000,10000.000000000000000000,7569.230769230769230769,0.142000000000000000,0.142000000000000000
1.144000000000000000,1.144000000000000000,1.300000000000000000,20000.000000000000000000,17600.000000000000000000,0.000000000000000000,0.000000000000000000,10000.000000000000000000,7600.000000000000000000,0.144000000000000000,0.144000000000000000
1.146000000000000000,1.146000000000000000,1.300000000000000000,20000.000000000000000000,17630.769230769230769230,0.000000000000000000,0.000000000000000000,10000.000000000000000000,7630.769230769230769230,0.146000000000000000,0.146000000000000000
1.148000000000000000,1.148000000000000000,1.300000000000000000,20000.000000000000000000,17661.538461538461538461,0.000000000000000000,0.000000000000000000,10000.000000000000000000,7661.538461538461538461,0.148000000000000000,0.148000000000000000
1.150000000000000000,1.150000000000000000,1.300000000000000000,20000.000000000000000000,17692.307692307692307692,0.000000000000000000,0.000000000000000000,10000.000000000000000000,7692.307692307692307692,0.150000000000000000,0.150000000000000000
1.152000000000000000,1.152000000000000000,1.300000000000000000,20000.000000000000000000,17723.076923076923076923,0.000000000000000000,0.000000000000000000,10000.000000000000000000,7723.076923076923076923,0.152000000000000000,0.152000000000000000
1.154000000000000000,1.154000000000000000,1.300000000000000000,20000.000000000000000000,17753.846153846153846153,0.000000000000000000,0.000000000000000000,10000.000000000000000000,7753.846153846153846153,0.154000000000000000,0.154000000000000000
1.156000000000000000,1.156000000000000000,1.300000000000000000,20000.000000000000000000,17784.615384615384615384,0.000000000000000000,0.000000000000000000,10000.000000000000000000,7784.615384615384615384,0.156000000000000000,0.156000000000000000
1.158000000000000000,1.158000000000000000,1.300000000000000000,20000.000000000000000000,17815.384615384615384615,0.000000000000000000,0.000000000000000000,10000.000000000000000000,7815.384615384615384615,0.158000000000000000,0.158000000000000000
1.160000000000000000,1.160000000000000000,1.300000000000000000,20000.000000000000000000,17846.153846153846153846,0.000000000000000000,0.000000000000000000,10000.000000000000000000,7846.153846153846153846,0.160000000000000000,0.160000000000000000
1.162000000000000000,1.162000000000000000,1.300000000000000000,20000.000000000000000000,17876.923076923076923076,0.000000000000000000,0.000000000000000000,10000.000000000000000000,7876.923076923076923076,0.162000000000000000,0.162000000000000000
1.164000000000000000,1.164000000000000000,1.300000000000000000,20000.000000000000000000,17907.692307692307692307,0.000000000000000000,0.000000000000000000,10000.000000000000000000,7907.692307692307692307,0.164000000000000000,0.164000000000000000
1.166000000000000000,1.166000000000000000,1.300000000000000000,20000.000000000000000000,17938.461538461538461538,0.000000000000000000,0.000000000000000000,10000.000000000000000000,7938.461538461538461538,0.166000000000000000,0.166000000000000000
1.168000000000000000,1.168000000000000000,1.300000000000000000,20000.000000000000000000,17969.230769230769230769,0.000000000000000000,0.000000000000000000,10000.000000000000000000,7969.230769230769230769,0.168000000000000000,0.168000000000000000
1.170000000000000000,1.170000000000000000,1.300000000000000000,20000.000000000000000000,18000.000000000000000000,0.000000000000000000,0.000000000000000000,10000.000000000000000000,8000.000000000000000000,0.170000000000000000,0.170000000000000000
1.172000000000000000,1.172000000000000000,1.300000000000000000,20000.000000000000000000,18030.769230769230769230,0.000000000000000000,0.000000000000000000,10000.000000000000000000,8030.769230769230769230,0.172000000000000000,0.172000000000000000
1.174000000000000000,1.174000000000000000,1.300000000000000000,20000.000000000000000000,18061.538461538461538461,0.000000000000000000,0.000000000000000000,10000.000000000000000000,8061.538461538461538461,0.174000000000000000,0.174000000000000000
1.176000000000000000,1.176000000000000000,1.300000000000000000,20000.000000000000000000,18092.307692307692307692,0.000000000000000000,0.000000000000000000,10000.000000000000000000,8092.307692307692307692,0.176000000000000000,0.176000000000000000
1.178000000000000000,1.178000000000000000,1.300000000000000000,20000.000000000000000000,18123.076923076923076923,0.000000000000000000,0.000000000000000000,10000.000000000000000000,8123.076923076923076923,0.178000000000000000,0.178000000000000000
1.180000000000000000,1.180000000000000000,1.300000000000000000,20000.000000000000000000,18153.846153846153846153,0.000000000000000000,0.000000000000000000,10000.000000000000000000,8153.846153846153846153,0.180000000000000000,0.180000000000000000
1.182000000000000000,1.182000000000000000,1.300000000000000000,20000.000000000000000000,18184.615384615384615384,0.000000000000000000,0.000000000000000000,10000.000000000000000000,8184.615384615384615384,0.182000000000000000,0.182000000000000000
1.184000000000000000,1.184000000000000000,1.300000000000000000,20000.000000000000000000,18215.384615384615384615,0.000000000000000000,0.000000000000000000,10000.000000000000000000,8215.384615384615384615,0.184000000000000000,0.184000000000000000
1.186000000000000000,1.186000000000000000,1.300000000000000000,20000.000000000000000000,18246.153846153846153846,0.000000000000000000,0.000000000000000000,10000.000000000000000000,8246.153846153846153846,0.186000000000000000,0.186000000000000000
1.188000000000000000,1.188000000000000000,1.300000000000000000,20000.000000000000000000,18276.923076923076923076,0.000000000000000000,0.000000000000000000,10000.000000000000000000,8276.923076923076923076,0.188000000000000000,0.188000000000000000
1.190000000000000000,1.190000000000000000,1.300000000000000000,20000.000000000000000000,18307.692307692307692307,0.000000000000000000,0.000000000000000000,10000.000000000000000000,8307.692307692307692307,0.190000000000000000,0.190000000000000000
1.192000000000000000,1.192000000000000000,1.300000000000000000,20000.000000000000000000,18338.461538461538461538,0.000000000000000000,0.000000000000000000,10000.000000000000000000,8338.461538461538461538,0.192000000000000000,0.192000000000000000
1.194000000000000000,1.194000000000000000,1.300000000000000000,20000.000000000000000000,18369.230769230769230769,0.000000000000000000,0.000000000000000000,10000.000000000000000000,8369.230769230769230769,0.194000000000000000,0.194000000000000000
1.196000000000000000,1.196000000000000000,1.300000000000000000,20000.000000000000000000,18400.000000000000000000,0.000000000000000000,0.000000000000000000,10000.000000000000000000,8400.000000000000000000,0.196000000000000000,0.196000000000000000
1.198000000000000000,1.198000000000000000,1.300000000000000000,20000.000000000000000000,18430.769230769230769230,0.000000000000000000,0.000000000000000000,10000.000000000000000000,8430.769230769230769230,0.198000000000000000,0.198000000000000000
1.200000000000000000,1.200000000000000000,1.300000000000000000,20000.000000000000000000,18461.538461538461538461,0.000000000000000000,0.000000000000000000,10000.000000000000000000,8461.538461538461538461,0.200000000000000000,0.200000000000000000
1.202000000000000000,1.202000000000000000,1.300000000000000000,20000.000000000000000000,18492.307692307692307692,0.000000000000000000,0.000000000000000000,10000.000000000000000000,8492.307692307692307692,0.202000000000000000,0.202000000000000000
1.204000000000000000,1.204000000000000000,1.300000000000000000,20000.000000000000000000,18523.076923076923076923,0.000000000000000000,0.000000000000000000,10000.000000000000000000,8523.076923076923076923,0.204000000000000000,0.204000000000000000
1.206000000000000000,1.206000000000000000,1.300000000000000000,20000.000000000000000000,18553.846153846153846153,0.000000000000000000,0.000000000000000000,10000.000000000000000000,8553.846153846153846153,0.206000000000000000,0.206000000000000000
1.208000000000000000,1.208000000000000000,1.300000000000000000,20000.000000000000000000,18584.615384615384615384,0.000000000000000000,0.000000000000000000,10000.000000000000000000,8584.615384615384615384,0.208000000000000000,0.208000000000000000
1.210000000000000000,1.210000000000000000,1.300000000000000000,20000.000000000000000000,18615.384615384615384615,0.000000000000000000,0.000000000000000000,10000.000000000000000000,8615.384615384615384615,0.210000000000000000,0.210000000000000000
1.212000000000000000,1.212000000000000000,1.300000000000000000,20000.000000000000000000,18646.153846153846153846,0.000000000000000000,0.000000000000000000,10000.000000000000000000,8646.153846153846153846,0.212000000000000000,0.212000000000000000
1.214000000000000000,1.214000000000000000,1.300000000000000000,20000.000000000000000000,18676.923076923076923076,0.000000000000000000,0.000000000000000000,10000.000000000000000000,8676.923076923076923076,0.214000000000000000,0.214000000000000000
1.216000000000000000,1.216000000000000000,1.300000000000000000,20000.000000000000000000,18707.692307692307692307,0.000000000000000000,0.000000000000000000,10000.000000000000000000,8707.692307692307692307,0.216000000000000000,0.216000000000000000
1.218000000000000000,1.218000000000000000,1.300000000000000000,20000.000000000000000000,18738.461538461538461538,0.000000000000000000,0.000000000000000000,10000.000000000000000000,8738.461538461538461538,0.218000000000000000,0.218000000000000000
1.220000000000000000,1.220000000000000000,1.300000000000000000,20000.000000000000000000,18769.230769230769230769,0.000000000000000000,0.000000000000000000,10000.000000000000000000,8769.230769230769230769,0.220000000000000000,0.220000000000000000
1.222000000000000000,1.222000000000000000,1.300000000000000000,20000.000000000000000000,18800.000000000000000000,0.000000000000000000,0.000000000000000000,10000.000000000000000000,8800.000000000000000000,0.222000000000000000,0.222000000000000000
1.224000000000000000,1.224000000000000000,1.300000000000000000,20000.000000000000000000,18830.769230769230769230,0.000000000000000000,0.000000000000000000,10000.000000000000000000,8830.769230769230769230,0.224000000000000000,0.224000000000000000
1.226000000000000000,1.226000000000000000,1.300000000000000000,20000.000000000000000000,18861.538461538461538461,0.000000000000000000,0.000000000000000000,10000.000000000000000000,8861.538461538461538461,0.226000000000000000,0.226000000000000000
1.228000000000000000,1.228000000000000000,1.300000000000000000,20000.000000000000000000,18892.307692307692307692,0.000000000000000000,0.000000000000000000,10000.000000000000000000,8892.307692307692307692,0.228000000000000000,0.228000000000000000
1.230000000000000000,1.230000000000000000,1.300000000000000000,20000.000000000000000000,18923.076923076923076923,0.000000000000000000,0.000000000000000000,10000.000000000000000000,8923.076923076923076923,0.230000000000000000,0.230000000000000000
1.232000000000000000,1.232000000000000000,1.300000000000000000,20000.000000000000000000,18953.846153846153846153,0.000000000000000000,0.000000000000000000,10000.000000000000000000,8953.846153846153846153,0.232000000000000000,0.232000000000000000
1.234000000000000000,1.234000000000000000,1.300000000000000000,20000.000000000000000000,18984.615384615384615384,0.000000000000000000,0.000000000000000000,10000.000000000000000000,8984.615384615384615384,0.234000000000000000,0.234000000000000000
1.236000000000000000,1.236000000000000000,1.300000000000000000,20000.000000000000000000,19015.384615384615384615,0.000000000000000000,0.000000000000000000,10000.000000000000000000,9015.384615384615384615,0.236000000000000000,0.236000000000000000
1.238000000000000000,1.238000000000000000,1.300000000000000000,20000.000000000000000000,19046.153846153846153846,0.000000000000000000,0.000000000000000000,10000.000000000000000000,9046.153846153846153846,0.238000000000000000,0.238000000000000000
1.240000000000000000,1.240000000000000000,1.300000000000000000,20000.000000000000000000,19076.923076923076923076,0.000000000000000000,0.000000000000000000,10000.000000000000000000,9076.923076923076923076,0.240000000000000000,0.240000000000000000
1.242000000000000000,1.242000000000000000,1.300000000000000000,20000.000000000000000000,19107.692307692307692307,0.000000000000000000,0.000000000000000000,10000.000000000000000000,9107.692307692307692307,0.242000000000000000,0.242000000000000000
1.244000000000000000,1.244000000000000000,1.300000000000000000,20000.000000000000000000,19138.461538461538461538,0.000000000000000000,0.000000000000000000,10000.000000000000000000,9138.461538461538461538,0.244000000000000000,0.244000000000000000
1.246000000000000000,1.246000000000000000,1.300000000000000000,20000.000000000000000000,19169.230769230769230769,0.000000000000000000,0.000000000000000000,10000.000000000000000000,9169.230769230769230769,0.246000000000000000,0.246000000000000000
1.248000000000000000,1.248000000000000000,1.300000000000000000,20000.000000000000000000,19200.000000000000000000,0.000000000000000000,0.000000000000000000,10000.000000000000000000,9200.000000000000000000,0.248000000000000000,0.248000000000000000
1.250000000000000000,1.250000000000000000,1.300000000000000000,20000.000000000000000000,19230.769230769230769230,0.000000000000000000,0.000000000000000000,10000.000000000000000000,9230.769230769230769230,0.250000000000000000,0.250000000000000000
1.252000000000000000,1.252000000000000000,1.300000000000000000,20000.000000000000000000,19261.538461538461538461,0.000000000000000000,0.000000000000000000,10000.000000000000000000,9261.538461538461538461,0.252000000000000000,0.252000000000000000
1.254000000000000000,1.254000000000000000,1.300000000000000000,20000.000000000000000000,19292.307692307692307692,0.000000000000000000,0.000000000000000000,10000.000000000000000000,9292.307692307692307692,0.254000000000000000,0.254000000000000000
1.256000000000000000,1.256000000000000000,1.300000000000000000,20000.000000000000000000,19323.076923076923076923,0.000000000000000000,0.000000000000000000,10000.000000000000000000,9323.076923076923076923,0.256000000000000000,0.256000000000000000
1.258000000000000000,1.258000000000000000,1.300000000000000000,20000.000000000000000000,19353.846153846153846153,0.000000000000000000,0.000000000000000000,10000.000000000000000000,9353.846153846153846153,0.258000000000000000,0.258000000000000000
1.260000000000000000,1.260000000000000000,1.300000000000000000,20000.000000000000000000,19384.615384615384615384,0.000000000000000000,0.000000000000000000,10000.000000000000000000,9384.615384615384615384,0.260000000000000000,0.260000000000000000
1.262000000000000000,1.262000000000000000,1.300000000000000000,20000.000000000000000000,19415.384615384615384615,0.000000000000000000,0.000000000000000000,10000.000000000000000000,9415.384615384615384615,0.262000000000000000,0.262000000000000000
1.264000000000000000,1.264000000000000000,1.300000000000000000,20000.000000000000000000,19446.153846153846153846,0.000000000000000000,0.000000000000000000,10000.000000000000000000,9446.153846153846153846,0.264000000000000000,0.264000000000000000
1.266000000000000000,1.266000000000000000,1.300000000000000000,20000.000000000000000000,19476.923076923076923076,0.000000000000000000,0.000000000000000000,10000.000000000000000000,9476.923076923076923076,0.266000000000000000,0.266000000000000000
1.268000000000000000,1.268000000000000000,1.300000000000000000,20000.000000000000000000,19507.692307692307692307,0.000000000000000000,0.000000000000000000,10000.000000000000000000,9507.692307692307692307,0.268000000000000000,0.268000000000000000
1.270000000000000000,1.270000000000000000,1.300000000000000000,20000.000000000000000000,19538.461538461538461538,0.000000000000000000,0.000000000000000000,10000.000000000000000000,9538.461538461538461538,0.270000000000000000,0.270000000000000000
1.272000000000000000,1.272000000000000000,1.300000000000000000,20000.000000000000000000,19569.230769230769230769,0.000000000000000000,0.000000000000000000,10000.000000000000000000,9569.230769230769230769,0.272000000000000000,0.272000000000000000
1.274000000000000000,1.274000000000000000,1.300000000000000000,20000.000000000000000000,19600.000000000000000000,0.000000000000000000,0.000000000000000000,10000.000000000000000000,9600.000000000000000000,0.274000000000000000,0.274000000000000000
1.276000000000000000,1.276000000000000000,1.300000000000000000,20000.000000000000000000,19630.769230769230769230,0.000000000000000000,0.000000000000000000,10000.000000000000000000,9630.769230769230769230,0.276000000000000000,0.276000000000000000
1.278000000000000000,1.278000000000000000,1.300000000000000000,20000.000000000000000000,19661.538461538461538461,0.000000000000000000,0.000000000000000000,10000.000000000000000000,9661.538461538461538461,0.278000000000000000,0.278000000000000000
1.280000000000000000,1.280000000000000000,1.300000000000000000,20000.000000000000000000,19692.307692307692307692,0.000000000000000000,0.000000000000000000,10000.000000000000000000,9692.307692307692307692,0.280000000000000000,0.280000000000000000
1.282000000000000000,1.282000000000000000,1.300000000000000000,20000.000000000000000000,19723.076923076923076923,0.000000000000000000,0.000000000000000000,10000.000000000000000000,9723.076923076923076923,0.282000000000000000,0.282000000000000000
1.284000000000000000,1.284000000000000000,1.300000000000000000,20000.000000000000000000,19753.846153846153846153,0.000000000000000000,0.000000000000000000,10000.000000000000000000,9753.846153846153846153,0.284000000000000000,0.284000000000000000
1.286000000000000000,1.286000000000000000,1.300000000000000000,20000.000000000000000000,19784.615384615384615384,0.000000000000000000,0.000000000000000000,10000.000000000000000000,9784.615384615384615384,0.286000000000000000,0.286000000000000000
1.288000000000000000,1.288000000000000000,1.300000000000000000,20000.000000000000000000,19815.384615384615384615,0.000000000000000000,0.000000000000000000,10000.000000000000000000,9815.384615384615384615,0.288000000000000000,0.288000000000000000
1.290000000000000000,1.290000000000000000,1.300000000000000000,20000.000000000000000000,19846.153846153846153846,0.000000000000000000,0.000000000000000000,10000.000000000000000000,9846.153846153846153846,0.290000000000000000,0.290000000000000000
1.292000000000000000,1.292000000000000000,1.300000000000000000,20000.000000000000000000,19876.923076923076923076,0.000000000000000000,0.000000000000000000,10000.000000000000000000,9876.923076923076923076,0.292000000000000000,0.292000000000000000
1.294000000000000000,1.294000000000000000,1.300000000000000000,20000.000000000000000000,19907.692307692307692307,0.000000000000000000,0.000000000000000000,10000.000000000000000000,9907.692307692307692307,0.294000000000000000,0.294000000000000000
1.296000000000000000,1.296000000000000000,1.300000000000000000,20000.000000000000000000,19938.461538461538461538,0.000000000000000000,0.000000000000000000,10000.000000000000000000,9938.461538461538461538,0.296000000000000000,0.296000000000000000
1.298000000000000000,1.298000000000000000,1.300000000000000000,20000.000000000000000000,19969.230769230769230769,0.000000000000000000,0.000000000000000000,10000.000000000000000000,9969.230769230769230769,0.298000000000000000,0.298000000000000000
1.300000000000000000,1.300000000000000000,1.300000000000000000,20000.000000000000000000,20000.000000000000000000,0.000000000000000000,0.000000000000000000,10000.000000000000000000,10000.000000000000000000,0.300000000000000000,0.300000000000000000
1.302000000000000000,1.302000000000000000,1.302000000000000000,20000.000000000000000000,20000.000000000000000000,0.000000000000000000,0.000000000000000000,10000.000000000000000000,10000.000000000000000000,0.302000000000000000,0.302000000000000000
1.304000000000000000,1.304000000000000000,1.304000000000000000,20000.000000000000000000,20000.000000000000000000,0.000000000000000000,0.000000000000000000,10000.000000000000000000,10000.000000000000000000,0.304000000000000000,0.304000000000000000
1.306000000000000000,1.306000000000000000,1.306000000000000000,20000.000000000000000000,20000.000000000000000000,0.000000000000000000,0.000000000000000000,10000.000000000000000000,10000.000000000000000000,0.306000000000000000,0.306000000000000000
1.308000000000000000,1.308000000000000000,1.308000000000000000,20000.000000000000000000,20000.000000000000000000,0.000000000000000000,0.000000000000000000,10000.000000000000000000,10000.000000000000000000,0.308000000000000000,0.308000000000000000
1.310000000000000000,1.310000000000000000,1.310000000000000000,20000.000000000000000000,20000.000000000000000000,0.000000000000000000,0.000000000000000000,10000.000000000000000000,10000.000000000000000000,0.310000000000000000,0.310000000000000000
1.312000000000000000,1.312000000000000000,1.312000000000000000,20000.000000000000000000,20000.000000000000000000,0.000000000000000000,0.000000000000000000,10000.000000000000000000,10000.000000000000000000,0.312000000000000000,0.312000000000000000
1.314000000000000000,1.314000000000000000,1.314000000000000000,20000.000000000000000000,20000.000000000000000000,0.000000000000000000,0.000000000000000000,10000.000000000000000000,10000.000000000000000000,0.314000000000000000,0.314000000000000000
1.316000000000000000,1.316000000000000000,1.316000000000000000,20000.000000000000000000,20000.000000000000000000,0.000000000000000000,0.000000000000000000,10000.000000000000000000,10000.000000000000000000,0.316000000000000000,0.316000000000000000
1.318000000000000000,1.318000000000000000,1.318000000000000000,20000.000000000000000000,20000.000000000000000000,0.000000000000000000,0.000000000000000000,10000.000000000000000000,10000.000000000000000000,0.318000000000000000,0.318000000000000000
1.320000000000000000,1.320000000000000000,1.320000000000000000,20000.000000000000000000,20000.000000000000000000,0.000000000000000000,0.000000000000000000,10000.000000000000000000,10000.000000000000000000,0.320000000000000000,0.320000000000000000
1.322000000000000000,1.322000000000000000,1.322000000000000000,20000.000000000000000000,20000.000000000000000000,0.000000000000000000,0.000000000000000000,10000.000000000000000000,10000.000000000000000000,0.322000000000000000,0.322000000000000000
1.324000000000000000,1.324000000000000000,1.324000000000000000,20000.000000000000000000,20000.000000000000000000,0.000000000000000000,0.000000000000000000,10000.000000000000000000,10000.000000000000000000,0.324000000000000000,0.324000000000000000
1.326000000000000000,1.326000000000000000,1.326000000000000000,20000.000000000000000000,20000.000000000000000000,0.000000000000000000,0.000000000000000000,10000.000000000000000000,10000.000000000000000000,0.326000000000000000,0.326000000000000000
1.328000000000000000,1.328000000000000000,1.328000000000000000,20000.000000000000000000,20000.000000000000000000,0.000000000000000000,0.000000000000000000,10000.000000000000000000,10000.000000000000000000,0.328000000000000000,0.328000000000000000
1.330000000000000000,1.330000000000000000,1.330000000000000000,20000.000000000000000000,20000.000000000000000000,0.000000000000000000,0.000000000000000000,10000.000000000000000000,10000.000000000000000000,0.330000000000000000,0.330000000000000000
1.332000000000000000,1.332000000000000000,1.332000000000000000,20000.000000000000000000,20000.000000000000000000,0.000000000000000000,0.000000000000000000,10000.000000000000000000,10000.000000000000000000,0.332000000000000000,0.332000000000000000
1.334000000000000000,1.334000000000000000,1.334000000000000000,20000.000000000000000000,20000.000000000000000000,0.000000000000000000,0.000000000000000000,10000.000000000000000000,10000.000000000000000000,0.334000000000000000,0.334000000000000000
1.336000000000000000,1.336000000000000000,1.336000000000000000,20000.000000000000000000,20000.000000000000000000,0.000000000000000000,0.000000000000000000,10000.000000000000000000,10000.000000000000000000,0.336000000000000000,0.336000000000000000
1.338000000000000000,1.338000000000000000,1.338000000000000000,20000.000000000000000000,20000.000000000000000000,0.000000000000000000,0.000000000000000000,10000.000000000000000000,10000.000000000000000000,0.338000000000000000,0.338000000000000000
1.340000000000000000,1.340000000000000000,1.340000000000000000,20000.000000000000000000,20000.000000000000000000,0.000000000000000000,0.000000000000000000,10000.000000000000000000,10000.000000000000000000,0.340000000000000000,0.340000000000000000
1.342000000000000000,1.342000000000000000,1.342000000000000000,20000.000000000000000000,20000.000000000000000000,0.000000000000000000,0.000000000000000000,10000.000000000000000000,10000.000000000000000000,0.342000000000000000,0.342000000000000000
1.344000000000000000,1.344000000000000000,1.344000000000000000,20000.000000000000000000,20000.000000000000000000,0.000000000000000000,0.000000000000000000,10000.000000000000000000,10000.000000000000000000,0.344000000000000000,0.344000000000000000
1.346000000000000000,1.346000000000000000,1.346000000000000000,20000.000000000000000000,20000.000000000000000000,0.000000000000000000,0.000000000000000000,10000.000000000000000000,10000.000000000000000000,0.346000000000000000,0.346000000000000000
1.348000000000000000,1.348000000000000000,1.348000000000000000,20000.000000000000000000,20000.000000000000000000,0.000000000000000000,0.000000000000000000,10000.000000000000000000,10000.000000000000000000,0.348000000000000000,0.348000000000000000
1.350000000000000000,1.350000000000000000,1.350000000000000000,20000.000000000000000000,20000.000000000000000000,0.000000000000000000,0.000000000000000000,10000.000000000000000000,10000.000000000000000000,0.350000000000000000,0.350000000000000000
1.352000000000000000,1.352000000000000000,1.352000000000000000,20000.000000000000000000,20000.000000000000000000,0.000000000000000000,0.000000000000000000,10000.000000000000000000,10000.000000000000000000,0.352000000000000000,0.352000000000000000
1.354000000000000000,1.354000000000000000,1.354000000000000000,20000.000000000000000000,20000.000000000000000000,0.000000000000000000,0.000000000000000000,10000.000000000000000000,10000.000000000000000000,0.354000000000000000,0.354000000000000000
1.356000000000000000,1.356000000000000000,1.356000000000000000,20000.000000000000000000,20000.000000000000000000,0.000000000000000000,0.000000000000000000,10000.000000000000000000,10000.000000000000000000,0.356000000000000000,0.356000000000000000
1.358000000000000000,1.358000000000000000,1.358000000000000000,20000.000000000000000000,20000.000000000000000000,0.000000000000000000,0.000000000000000000,10000.000000000000000000,10000.000000000000000000,0.358000000000000000,0.358000000000000000
1.360000000000000000,1.360000000000000000,1.360000000000000000,20000.000000000000000000,20000.000000000000000000,0.000000000000000000,0.000000000000000000,10000.000000000000000000,10000.000000000000000000,0.360000000000000000,0.360000000000000000
1.362000000000000000,1.362000000000000000,1.362000000000000000,20000.000000000000000000,20000.000000000000000000,0.000000000000000000,0.000000000000000000,10000.000000000000000000,10000.000000000000000000,0.362000000000000000,0.362000000000000000
1.364000000000000000,1.364000000000000000,1.364000000000000000,20000.000000000000000000,20000.000000000000000000,0.000000000000000000,0.000000000000000000,10000.000000000000000000,10000.000000000000000000,0.364000000000000000,0.364000000000000000
1.366000000000000000,1.366000000000000000,1.366000000000000000,20000.000000000000000000,20000.000000000000000000,0.000000000000000000,0.000000000000000000,10000.000000000000000000,10000.000000000000000000,0.366000000000000000,0.366000000000000000
1.368000000000000000,1.368000000000000000,1.368000000000000000,20000.000000000000000000,20000.000000000000000000,0.000000000000000000,0.000000000000000000,10000.000000000000000000,10000.000000000000000000,0.368000000000000000,0.368000000000000000
1.370000000000000000,1.370000000000000000,1.370000000000000000,20000.000000000000000000,20000.000000000000000000,0.000000000000000000,0.000000000000000000,10000.000000000000000000,10000.000000000000000000,0.370000000000000000,0.370000000000000000
1.372000000000000000,1.372000000000000000,1.372000000000000000,20000.000000000000000000,20000.000000000000000000,0.000000000000000000,0.000000000000000000,10000.000000000000000000,10000.000000000000000000,0.372000000000000000,0.372000000000000000
1.374000000000000000,1.374000000000000000,1.374000000000000000,20000.000000000000000000,20000.000000000000000000,0.000000000000000000,0.000000000000000000,10000.000000000000000000,10000.000000000000000000,0.374000000000000000,0.374000000000000000
1.376000000000000000,1.376000000000000000,1.376000000000000000,20000.000000000000000000,20000.000000000000000000,0.000000000000000000,0.000000000000000000,10000.000000000000000000,10000.000000000000000000,0.376000000000000000,0.376000000000000000
1.378000000000000000,1.378000000000000000,1.378000000000000000,20000.000000000000000000,20000.000000000000000000,0.000000000000000000,0.000000000000000000,10000.000000000000000000,10000.000000000000000000,0.378000000000000000,0.378000000000000000
1.380000000000000000,1.380000000000000000,1.380000000000000000,20000.000000000000000000,20000.000000000000000000,0.000000000000000000,0.000000000000000000,10000.000000000000000000,10000.000000000000000000,0.380000000000000000,0.380000000000000000
1.382000000000000000,1.382000000000000000,1.382000000000000000,20000.000000000000000000,20000.000000000000000000,0.000000000000000000,0.000000000000000000,10000.000000000000000000,10000.000000000000000000,0.382000000000000000,0.382000000000000000
1.384000000000000000,1.384000000000000000,1.384000000000000000,20000.000000000000000000,20000.000000000000000000,0.000000000000000000,0.000000000000000000,10000.000000000000000000,10000.000000000000000000,0.384000000000000000,0.384000000000000000
1.386000000000000000,1.386000000000000000,1.386000000000000000,20000.000000000000000000,20000.000000000000000000,0.000000000000000000,0.000000000000000000,10000.000000000000000000,10000.000000000000000000,0.386000000000000000,0.386000000000000000
1.388000000000000000,1.388000000000000000,1.388000000000000000,20000.000000000000000000,20000.000000000000000000,0.000000000000000000,0.000000000000000000,10000.000000000000000000,10000.000000000000000000,0.388000000000000000,0.388000000000000000
1.390000000000000000,1.390000000000000000,1.390000000000000000,20000.000000000000000000,20000.000000000000000000,0.000000000000000000,0.000000000000000000,10000.000000000000000000,10000.000000000000000000,0.390000000000000000,0.390000000000000000
1.392000000000000000,1.392000000000000000,1.392000000000000000,20000.000000000000000000,20000.000000000000000000,0.000000000000000000,0.000000000000000000,10000.000000000000000000,10000.000000000000000000,0.392000000000000000,0.392000000000000000
1.394000000000000000,1.394000000000000000,1.394000000000000000,20000.000000000000000000,20000.000000000000000000,0.000000000000000000,0.000000000000000000,10000.000000000000000000,10000.000000000000000000,0.394000000000000000,0.394000000000000000
1.396000000000000000,1.396000000000000000,1.396000000000000000,20000.000000000000000000,20000.000000000000000000,0.000000000000000000,0.000000000000000000,10000.000000000000000000,10000.000000000000000000,0.396000000000000000,0.396000000000000000
1.398000000000000000,1.398000000000000000,1.398000000000000000,20000.000000000000000000,20000.000000000000000000,0.000000000000000000,0.000000000000000000,10000.000000000000000000,10000.000000000000000000,0.398000000000000000,0.398000000000000000
1.400000000000000000,1.400000000000000000,1.400000000000000000,20000.000000000000000000,20000.000000000000000000,0.000000000000000000,0.000000000000000000,10000.000000000000000000,10000.000000000000000000,0.400000000000000000,0.400000000000000000
1.402000000000000000,1.402000000000000000,1.402000000000000000,20000.000000000000000000,20000.000000000000000000,0.000000000000000000,0.000000000000000000,10000.000000000000000000,10000.000000000000000000,0.402000000000000000,0.402000000000000000
1.404000000000000000,1.404000000000000000,1.404000000000000000,20000.000000000000000000,20000.000000000000000000,0.000000000000000000,0.000000000000000000,10000.000000000000000000,10000.000000000000000000,0.404000000000000000,0.404000000000000000
1.406000000000000000,1.406000000000000000,1.406000000000000000,20000.000000000000000000,20000.000000000000000000,0.000000000000000000,0.000000000000000000,10000.000000000000000000,10000.000000000000000000,0.406000000000000000,0.406000000000000000
1.408000000000000000,1.408000000000000000,1.408000000000000000,20000.000000000000000000,20000.000000000000000000,0.000000000000000000,0.000000000000000000,10000.000000000000000000,10000.000000000000000000,0.408000000000000000,0.408000000000000000
1.410000000000000000,1.410000000000000000,1.410000000000000000,20000.000000000000000000,20000.000000000000000000,0.000000000000000000,0.000000000000000000,10000.000000000000000000,10000.000000000000000000,0.410000000000000000,0.410000000000000000
1.412000000000000000,1.412000000000000000,1.412000000000000000,20000.000000000000000000,20000.000000000000000000,0.000000000000000000,0.000000000000000000,10000.000000000000000000,10000.000000000000000000,0.412000000000000000,0.412000000000000000
1.414000000000000000,1.414000000000000000,1.414000000000000000,20000.000000000000000000,20000.000000000000000000,0.000000000000000000,0.000000000000000000,10000.000000000000000000,10000.000000000000000000,0.414000000000000000,0.414000000000000000
1.416000000000000000,1.416000000000000000,1.416000000000000000,20000.000000000000000000,20000.000000000000000000,0.000000000000000000,0.000000000000000000,10000.000000000000000000,10000.000000000000000000,0.416000000000000000,0.416000000000000000
1.418000000000000000,1.418000000000000000,1.418000000000000000,20000.000000000000000000,20000.000000000000000000,0.000000000000000000,0.000000000000000000,10000.000000000000000000,10000.000000000000000000,0.418000000000000000,0.418000000000000000
1.420000000000000000,1.420000000000000000,1.420000000000000000,20000.000000000000000000,20000.000000000000000000,0.000000000000000000,0.000000000000000000,10000.000000000000000000,10000.000000000000000000,0.420000000000000000,0.420000000000000000
1.422000000000000000,1.422000000000000000,1.422000000000000000,20000.000000000000000000,20000.000000000000000000,0.000000000000000000,0.000000000000000000,10000.000000000000000000,10000.000000000000000000,0.422000000000000000,0.422000000000000000
1.424000000000000000,1.424000000000000000,1.424000000000000000,20000.000000000000000000,20000.000000000000000000,0.000000000000000000,0.000000000000000000,10000.000000000000000000,10000.000000000000000000,0.424000000000000000,0.424000000000000000
1.426000000000000000,1.426000000000000000,1.426000000000000000,20000.000000000000000000,20000.000000000000000000,0.000000000000000000,0.000000000000000000,10000.000000000000000000,10000.000000000000000000,0.426000000000000000,0.426000000000000000
1.428000000000000000,1.428000000000000000,1.428000000000000000,20000.000000000000000000,20000.000000000000000000,0.000000000000000000,0.000000000000000000,10000.000000000000000000,10000.000000000000000000,0.428000000000000000,0.428000000000000000
1.430000000000000000,1.430000000000000000,1.430000000000000000,20000.000000000000000000,20000.000000000000000000,0.000000000000000000,0.000000000000000000,10000.000000000000000000,10000.000000000000000000,0.430000000000000000,0.430000000000000000
1.432000000000000000,1.432000000000000000,1.432000000000000000,20000.000000000000000000,20000.000000000000000000,0.000000000000000000,0.000000000000000000,10000.000000000000000000,10000.000000000000000000,0.432000000000000000,0.432000000000000000
1.434000000000000000,1.434000000000000000,1.434000000000000000,20000.000000000000000000,20000.000000000000000000,0.000000000000000000,0.000000000000000000,10000.000000000000000000,10000.000000000000000000,0.434000000000000000,0.434000000000000000
1.436000000000000000,1.436000000000000000,1.436000000000000000,20000.000000000000000000,20000.000000000000000000,0.000000000000000000,0.000000000000000000,10000.000000000000000000,10000.000000000000000000,0.436000000000000000,0.436000000000000000
1.438000000000000000,1.438000000000000000,1.438000000000000000,20000.000000000000000000,20000.000000000000000000,0.000000000000000000,0.000000000000000000,10000.000000000000000000,10000.000000000000000000,0.438000000000000000,0.438000000000000000
1.440000000000000000,1.440000000000000000,1.440000000000000000,20000.000000000000000000,20000.000000000000000000,0.000000000000000000,0.000000000000000000,10000.000000000000000000,10000.000000000000000000,0.440000000000000000,0.440000000000000000
1.442000000000000000,1.442000000000000000,1.442000000000000000,20000.000000000000000000,20000.000000000000000000,0.000000000000000000,0.000000000000000000,10000.000000000000000000,10000.000000000000000000,0.442000000000000000,0.442000000000000000
1.444000000000000000,1.444000000000000000,1.444000000000000000,20000.000000000000000000,20000.000000000000000000,0.000000000000000000,0.000000000000000000,10000.000000000000000000,10000.000000000000000000,0.444000000000000000,0.444000000000000000
1.446000000000000000,1.446000000000000000,1.446000000000000000,20000.000000000000000000,20000.000000000000000000,0.000000000000000000,0.000000000000000000,10000.000000000000000000,10000.000000000000000000,0.446000000000000000,0.446000000000000000
1.448000000000000000,1.448000000000000000,1.448000000000000000,20000.000000000000000000,20000.000000000000000000,0.000000000000000000,0.000000000000000000,10000.000000000000000000,10000.000000000000000000,0.448000000000000000,0.448000000000000000
1.450000000000000000,1.450000000000000000,1.450000000000000000,20000.000000000000000000,20000.000000000000000000,0.000000000000000000,0.000000000000000000,10000.000000000000000000,10000.000000000000000000,0.450000000000000000,0.450000000000000000
1.452000000000000000,1.452000000000000000,1.452000000000000000,20000.000000000000000000,20000.000000000000000000,0.000000000000000000,0.000000000000000000,10000.000000000000000000,10000.000000000000000000,0.452000000000000000,0.452000000000000000
1.454000000000000000,1.454000000000000000,1.454000000000000000,20000.000000000000000000,20000.000000000000000000,0.000000000000000000,0.000000000000000000,10000.000000000000000000,10000.000000000000000000,0.454000000000000000,0.454000000000000000
1.456000000000000000,1.456000000000000000,1.456000000000000000,20000.000000000000000000,20000.000000000000000000,0.000000000000000000,0.000000000000000000,10000.000000000000000000,10000.000000000000000000,0.456000000000000000,0.456000000000000000
1.458000000000000000,1.458000000000000000,1.458000000000000000,20000.000000000000000000,20000.000000000000000000,0.000000000000000000,0.000000000000000000,10000.000000000000000000,10000.000000000000000000,0.458000000000000000,0.458000000000000000
1.460000000000000000,1.460000000000000000,1.460000000000000000,20000.000000000000000000,20000.000000000000000000,0.000000000000000000,0.000000000000000000,10000.000000000000000000,10000.000000000000000000,0.460000000000000000,0.460000000000000000
1.462000000000000000,1.462000000000000000,1.462000000000000000,20000.000000000000000000,20000.000000000000000000,0.000000000000000000,0.000000000000000000,10000.000000000000000000,10000.000000000000000000,0.462000000000000000,0.462000000000000000
1.464000000000000000,1.464000000000000000,1.464000000000000000,20000.000000000000000000,20000.000000000000000000,0.000000000000000000,0.000000000000000000,10000.000000000000000000,10000.000000000000000000,0.464000000000000000,0.464000000000000000
1.466000000000000000,1.466000000000000000,1.466000000000000000,20000.000000000000000000,20000.000000000000000000,0.000000000000000000,0.000000000000000000,10000.000000000000000000,10000.000000000000000000,0.466000000000000000,0.466000000000000000
1.468000000000000000,1.468000000000000000,1.468000000000000000,20000.000000000000000000,20000.000000000000000000,0.000000000000000000,0.000000000000000000,10000.000000000000000000,10000.000000000000000000,0.468000000000000000,0.468000000000000000
1.470000000000000000,1.470000000000000000,1.470000000000000000,20000.000000000000000000,20000.000000000000000000,0.000000000000000000,0.000000000000000000,10000.000000000000000000,10000.000000000000000000,0.470000000000000000,0.470000000000000000
1.472000000000000000,1.472000000000000000,1.472000000000000000,20000.000000000000000000,20000.000000000000000000,0.000000000000000000,0.000000000000000000,10000.000000000000000000,10000.000000000000000000,0.472000000000000000,0.472000000000000000
1.474000000000000000,1.474000000000000000,1.474000000000000000,20000.000000000000000000,20000.000000000000000000,0.000000000000000000,0.000000000000000000,10000.000000000000000000,10000.000000000000000000,0.474000000000000000,0.474000000000000000
1.476000000000000000,1.476000000000000000,1.476000000000000000,20000.000000000000000000,20000.000000000000000000,0.000000000000000000,0.000000000000000000,10000.000000000000000000,10000.000000000000000000,0.476000000000000000,0.476000000000000000
1.478000000000000000,1.478000000000000000,1.478000000000000000,20000.000000000000000000,20000.000000000000000000,0.000000000000000000,0.000000000000000000,10000.000000000000000000,10000.000000000000000000,0.478000000000000000,0.478000000000000000
1.480000000000000000,1.480000000000000000,1.480000000000000000,20000.000000000000000000,20000.000000000000000000,0.000000000000000000,0.000000000000000000,10000.000000000000000000,10000.000000000000000000,0.480000000000000000,0.480000000000000000
1.482000000000000000,1.482000000000000000,1.482000000000000000,20000.000000000000000000,20000.000000000000000000,0.000000000000000000,0.000000000000000000,10000.000000000000000000,10000.000000000000000000,0.482000000000000000,0.482000000000000000
1.484000000000000000,1.484000000000000000,1.484000000000000000,20000.000000000000000000,20000.000000000000000000,0.000000000000000000,0.000000000000000000,10000.000000000000000000,10000.000000000000000000,0.484000000000000000,0.484000000000000000
1.486000000000000000,1.486000000000000000,1.486000000000000000,20000.000000000000000000,20000.000000000000000000,0.000000000000000000,0.000000000000000000,10000.000000000000000000,10000.000000000000000000,0.486000000000000000,0.486000000000000000
1.488000000000000000,1.488000000000000000,1.488000000000000000,20000.000000000000000000,20000.000000000000000000,0.000000000000000000,0.000000000000000000,10000.000000000000000000,10000.000000000000000000,0.488000000000000000,0.488000000000000000
1.490000000000000000,1.490000000000000000,1.490000000000000000,20000.000000000000000000,20000.000000000000000000,0.000000000000000000,0.000000000000000000,10000.000000000000000000,10000.000000000000000000,0.490000000000000000,0.490000000000000000
1.492000000000000000,1.492000000000000000,1.492000000000000000,20000.000000000000000000,20000.000000000000000000,0.000000000000000000,0.000000000000000000,10000.000000000000000000,10000.000000000000000000,0.492000000000000000,0.492000000000000000
1.494000000000000000,1.494000000000000000,1.494000000000000000,20000.000000000000000000,20000.000000000000000000,0.000000000000000000,0.000000000000000000,10000.000000000000000000,10000.000000000000000000,0.494000000000000000,0.494000000000000000
1.496000000000000000,1.496000000000000000,1.496000000000000000,20000.000000000000000000,20000.000000000000000000,0.000000000000000000,0.000000000000000000,10000.000000000000000000,10000.000000000000000000,0.496000000000000000,0.496000000000000000
1.498000000000000000,1.498000000000000000,1.498000000000000000,20000.000000000000000000,20000.000000000000000000,0.000000000000000000,0.000000000000000000,10000.000000000000000000,10000.000000000000000000,0.498000000000000000,0.498000000000000000
1.500000000000000000,1.500000000000000000,1.500000000000000000,20000.000000000000000000,20000.000000000000000000,0.000000000000000000,0.000000000000000000,10000.000000000000000000,10000.000000000000000000,0.500000000000000000,0.500000000000000000
1.502000000000000000,1.502000000000000000,1.502000000000000000,20000.000000000000000000,20000.000000000000000000,0.000000000000000000,0.000000000000000000,10000.000000000000000000,10000.000000000000000000,0.502000000000000000,0.502000000000000000
1.504000000000000000,1.504000000000000000,1.504000000000000000,20000.000000000000000000,20000.000000000000000000,0.000000000000000000,0.000000000000000000,10000.000000000000000000,10000.000000000000000000,0.504000000000000000,0.504000000000000000
1.506000000000000000,1.506000000000000000,1.506000000000000000,20000.000000000000000000,20000.000000000000000000,0.000000000000000000,0.000000000000000000,10000.000000000000000000,10000.000000000000000000,0.506000000000000000,0.506000000000000000
1.508000000000000000,1.508000000000000000,1.508000000000000000,20000.000000000000000000,20000.000000000000000000,0.000000000000000000,0.000000000000000000,10000.000000000000000000,10000.000000000000000000,0.508000000000000000,0.508000000000000000
1.510000000000000000,1.510000000000000000,1.510000000000000000,20000.000000000000000000,20000.000000000000000000,0.000000000000000000,0.000000000000000000,10000.000000000000000000,10000.000000000000000000,0.510000000000000000,0.510000000000000000
1.512000000000000000,1.512000000000000000,1.512000000000000000,20000.000000000000000000,20000.000000000000000000,0.000000000000000000,0.000000000000000000,10000.000000000000000000,10000.000000000000000000,0.512000000000000000,0.512000000000000000
1.514000000000000000,1.514000000000000000,1.514000000000000000,20000.000000000000000000,20000.000000000000000000,0.000000000000000000,0.000000000000000000,10000.000000000000000000,10000.000000000000000000,0.514000000000000000,0.514000000000000000
1.516000000000000000,1.516000000000000000,1.516000000000000000,20000.000000000000000000,20000.000000000000000000,0.000000000000000000,0.000000000000000000,10000.000000000000000000,10000.000000000000000000,0.516000000000000000,0.516000000000000000
1.518000000000000000,1.518000000000000000,1.518000000000000000,20000.000000000000000000,20000.000000000000000000,0.000000000000000000,0.000000000000000000,10000.000000000000000000,10000.000000000000000000,0.518000000000000000,0.518000000000000000
1.520000000000000000,1.520000000000000000,1.520000000000000000,20000.000000000000000000,20000.000000000000000000,0.000000000000000000,0.000000000000000000,10000.000000000000000000,10000.000000000000000000,0.520000000000000000,0.520000000000000000
1.522000000000000000,1.522000000000000000,1.522000000000000000,20000.000000000000000000,20000.000000000000000000,0.000000000000000000,0.000000000000000000,10000.000000000000000000,10000.000000000000000000,0.522000000000000000,0.522000000000000000
1.524000000000000000,1.524000000000000000,1.524000000000000000,20000.000000000000000000,20000.000000000000000000,0.000000000000000000,0.000000000000000000,10000.000000000000000000,10000.000000000000000000,0.524000000000000000,0.524000000000000000
1.526000000000000000,1.526000000000000000,1.526000000000000000,20000.000000000000000000,20000.000000000000000000,0.000000000000000000,0.000000000000000000,10000.000000000000000000,10000.000000000000000000,0.526000000000000000,0.526000000000000000
1.528000000000000000,1.528000000000000000,1.528000000000000000,20000.000000000000000000,20000.000000000000000000,0.000000000000000000,0.000000000000000000,10000.000000000000000000,10000.000000000000000000,0.528000000000000000,0.528000000000000000
1.530000000000000000,1.530000000000000000,1.530000000000000000,20000.000000000000000000,20000.000000000000000000,0.000000000000000000,0.000000000000000000,10000.000000000000000000,10000.000000000000000000,0.530000000000000000,0.530000000000000000
1.532000000000000000,1.532000000000000000,1.532000000000000000,20000.000000000000000000,20000.000000000000000000,0.000000000000000000,0.000000000000000000,10000.000000000000000000,10000.000000000000000000,0.532000000000000000,0.532000000000000000
1.534000000000000000,1.534000000000000000,1.534000000000000000,20000.000000000000000000,20000.000000000000000000,0.000000000000000000,0.000000000000000000,10000.000000000000000000,10000.000000000000000000,0.534000000000000000,0.534000000000000000
1.536000000000000000,1.536000000000000000,1.536000000000000000,20000.000000000000000000,20000.000000000000000000,0.000000000000000000,0.000000000000000000,10000.000000000000000000,10000.000000000000000000,0.536000000000000000,0.536000000000000000
1.538000000000000000,1.538000000000000000,1.538000000000000000,20000.000000000000000000,20000.000000000000000000,0.000000000000000000,0.000000000000000000,10000.000000000000000000,10000.000000000000000000,0.538000000000000000,0.538000000000000000
1.540000000000000000,1.540000000000000000,1.540000000000000000,20000.000000000000000000,20000.000000000000000000,0.000000000000000000,0.000000000000000000,10000.000000000000000000,10000.000000000000000000,0.540000000000000000,0.540000000000000000
1.542000000000000000,1.542000000000000000,1.542000000000000000,20000.000000000000000000,20000.000000000000000000,0.000000000000000000,0.000000000000000000,10000.000000000000000000,10000.000000000000000000,0.542000000000000000,0.542000000000000000
1.544000000000000000,1.544000000000000000,1.544000000000000000,20000.000000000000000000,20000.000000000000000000,0.000000000000000000,0.000000000000000000,10000.000000000000000000,10000.000000000000000000,0.544000000000000000,0.544000000000000000
1.546000000000000000,1.546000000000000000,1.546000000000000000,20000.000000000000000000,20000.000000000000000000,0.000000000000000000,0.000000000000000000,10000.000000000000000000,10000.000000000000000000,0.546000000000000000,0.546000000000000000
1.548000000000000000,1.548000000000000000,1.548000000000000000,20000.000000000000000000,20000.000000000000000000,0.000000000000000000,0.000000000000000000,10000.000000000000000000,10000.000000000000000000,0.548000000000000000,0.548000000000000000
1.550000000000000000,1.550000000000000000,1.550000000000000000,20000.000000000000000000,20000.000000000000000000,0.000000000000000000,0.000000000000000000,10000.000000000000000000,10000.000000000000000000,0.550000000000000000,0.550000000000000000
1.552000000000000000,1.552000000000000000,1.552000000000000000,20000.000000000000000000,20000.000000000000000000,0.000000000000000000,0.000000000000000000,10000.000000000000000000,10000.000000000000000000,0.552000000000000000,0.552000000000000000
1.554000000000000000,1.554000000000000000,1.554000000000000000,20000.000000000000000000,20000.000000000000000000,0.000000000000000000,0.000000000000000000,10000.000000000000000000,10000.000000000000000000,0.554000000000000000,0.554000000000000000
1.556000000000000000,1.556000000000000000,1.556000000000000000,20000.000000000000000000,20000.000000000000000000,0.000000000000000000,0.000000000000000000,10000.000000000000000000,10000.000000000000000000,0.556000000000000000,0.556000000000000000
1.558000000000000000,1.558000000000000000,1.558000000000000000,20000.000000000000000000,20000.000000000000000000,0.000000000000000000,0.000000000000000000,10000.000000000000000000,10000.000000000000000000,0.558000000000000000,0.558000000000000000
1.560000000000000000,1.560000000000000000,1.560000000000000000,20000.000000000000000000,20000.000000000000000000,0.000000000000000000,0.000000000000000000,10000.000000000000000000,10000.000000000000000000,0.560000000000000000,0.560000000000000000
1.562000000000000000,1.562000000000000000,1.562000000000000000,20000.000000000000000000,20000.000000000000000000,0.000000000000000000,0.000000000000000000,10000.000000000000000000,10000.000000000000000000,0.562000000000000000,0.562000000000000000
1.564000000000000000,1.564000000000000000,1.564000000000000000,20000.000000000000000000,20000.000000000000000000,0.000000000000000000,0.000000000000000000,10000.000000000000000000,10000.000000000000000000,0.564000000000000000,0.564000000000000000
1.566000000000000000,1.566000000000000000,1.566000000000000000,20000.000000000000000000,20000.000000000000000000,0.000000000000000000,0.000000000000000000,10000.000000000000000000,10000.000000000000000000,0.566000000000000000,0.566000000000000000
1.568000000000000000,1.568000000000000000,1.568000000000000000,20000.000000000000000000,20000.000000000000000000,0.000000000000000000,0.000000000000000000,10000.000000000000000000,10000.000000000000000000,0.568000000000000000,0.568000000000000000
1.570000000000000000,1.570000000000000000,1.570000000000000000,20000.000000000000000000,20000.000000000000000000,0.000000000000000000,0.000000000000000000,10000.000000000000000000,10000.000000000000000000,0.570000000000000000,0.570000000000000000
1.572000000000000000,1.572000000000000000,1.572000000000000000,20000.000000000000000000,20000.000000000000000000,0.000000000000000000,0.000000000000000000,10000.000000000000000000,10000.000000000000000000,0.572000000000000000,0.572000000000000000
1.574000000000000000,1.574000000000000000,1.574000000000000000,20000.000000000000000000,20000.000000000000000000,0.000000000000000000,0.000000000000000000,10000.000000000000000000,10000.000000000000000000,0.574000000000000000,0.574000000000000000
1.576000000000000000,1.576000000000000000,1.576000000000000000,20000.000000000000000000,20000.000000000000000000,0.000000000000000000,0.000000000000000000,10000.000000000000000000,10000.000000000000000000,0.576000000000000000,0.576000000000000000
1.578000000000000000,1.578000000000000000,1.578000000000000000,20000.000000000000000000,20000.000000000000000000,0.000000000000000000,0.000000000000000000,10000.000000000000000000,10000.000000000000000000,0.578000000000000000,0.578000000000000000
1.580000000000000000,1.580000000000000000,1.580000000000000000,20000.000000000000000000,20000.000000000000000000,0.000000000000000000,0.000000000000000000,10000.000000000000000000,10000.000000000000000000,0.580000000000000000,0.580000000000000000
1.582000000000000000,1.582000000000000000,1.582000000000000000,20000.000000000000000000,20000.000000000000000000,0.000000000000000000,0.000000000000000000,10000.000000000000000000,10000.000000000000000000,0.582000000000000000,0.582000000000000000
1.584000000000000000,1.584000000000000000,1.584000000000000000,20000.000000000000000000,20000.000000000000000000,0.000000000000000000,0.000000000000000000,10000.000000000000000000,10000.000000000000000000,0.584000000000000000,0.584000000000000000
1.586000000000000000,1.586000000000000000,1.586000000000000000,20000.000000000000000000,20000.000000000000000000,0.000000000000000000,0.000000000000000000,10000.000000000000000000,10000.000000000000000000,0.586000000000000000,0.586000000000000000
1.588000000000000000,1.588000000000000000,1.588000000000000000,20000.000000000000000000,20000.000000000000000000,0.000000000000000000,0.000000000000000000,10000.000000000000000000,10000.000000000000000000,0.588000000000000000,0.588000000000000000
1.590000000000000000,1.590000000000000000,1.590000000000000000,20000.000000000000000000,20000.000000000000000000,0.000000000000000000,0.000000000000000000,10000.000000000000000000,10000.000000000000000000,0.590000000000000000,0.590000000000000000
1.592000000000000000,1.592000000000000000,1.592000000000000000,20000.000000000000000000,20000.000000000000000000,0.000000000000000000,0.000000000000000000,10000.000000000000000000,10000.000000000000000000,0.592000000000000000,0.592000000000000000
1.594000000000000000,1.594000000000000000,1.594000000000000000,20000.000000000000000000,20000.000000000000000000,0.000000000000000000,0.000000000000000000,10000.000000000000000000,10000.000000000000000000,0.594000000000000000,0.594000000000000000
1.596000000000000000,1.596000000000000000,1.596000000000000000,20000.000000000000000000,20000.000000000000000000,0.000000000000000000,0.000000000000000000,10000.000000000000000000,10000.000000000000000000,0.596000000000000000,0.596000000000000000
1.598000000000000000,1.598000000000000000,1.598000000000000000,20000.000000000000000000,20000.000000000000000000,0.000000000000000000,0.000000000000000000,10000.000000000000000000,10000.000000000000000000,0.598000000000000000,0.598000000000000000
1.600000000000000000,1.600000000000000000,1.600000000000000000,20000.000000000000000000,20000.000000000000000000,0.000000000000000000,0.000000000000000000,10000.000000000000000000,10000.000000000000000000,0.600000000000000000,0.600000000000000000
