collateral ratio swept to,collateral ratio before the rebalance,collateral ratio after the rebalance,minter pegged before,minter pegged after,StabilityPoolCollateral pegged before,StabilityPoolCollateral pegged after,StabilityPoolLeveraged pegged before,StabilityPoolLeveraged pegged after,leveraged token price before,leveraged token price after
0.002000000000000000,0.002000000000000000,0.004118430784607696,20000.000000000000000000,4002.000000000000000000,12000.000000000000000000,1.000000000000000000,4000.000000000000000000,1.000000000000000000,0.000040000000000000,0.000001526453686252
0.004000000000000000,0.004000000000000000,0.008236861569215392,20000.000000000000000000,4002.000000000000000000,12000.000000000000000000,1.000000000000000000,4000.000000000000000000,1.000000000000000000,0.000080000000000000,0.000003052907372505
0.006000000000000000,0.006000000000000000,0.012355292353823088,20000.000000000000000000,4002.000000000000000000,12000.000000000000000000,1.000000000000000000,4000.000000000000000000,1.000000000000000000,0.000120000000000000,0.000004579361058758
0.008000000000000000,0.008000000000000000,0.016473723138430784,20000.000000000000000000,4002.000000000000000000,12000.000000000000000000,1.000000000000000000,4000.000000000000000000,1.000000000000000000,0.000160000000000000,0.000006105814745011
0.010000000000000000,0.010000000000000000,0.020592153923038480,20000.000000000000000000,4002.000000000000000000,12000.000000000000000000,1.000000000000000000,4000.000000000000000000,1.000000000000000000,0.000200000000000000,0.000007632268431264
0.012000000000000000,0.012000000000000000,0.024710584707646176,20000.000000000000000000,4002.000000000000000000,12000.000000000000000000,1.000000000000000000,4000.000000000000000000,1.000000000000000000,0.000240000000000000,0.000009158722117517
0.014000000000000000,0.014000000000000000,0.028829015492253873,20000.000000000000000000,4002.000000000000000000,12000.000000000000000000,1.000000000000000000,4000.000000000000000000,1.000000000000000000,0.000280000000000000,0.000010685175803770
0.016000000000000000,0.016000000000000000,0.032947446276861569,20000.000000000000000000,4002.000000000000000000,12000.000000000000000000,1.000000000000000000,4000.000000000000000000,1.000000000000000000,0.000320000000000000,0.000012211629490023
0.018000000000000000,0.018000000000000000,0.037065877061469265,20000.000000000000000000,4002.000000000000000000,12000.000000000000000000,1.000000000000000000,4000.000000000000000000,1.000000000000000000,0.000360000000000000,0.000013738083176276
0.020000000000000000,0.020000000000000000,0.041184307846076961,20000.000000000000000000,4002.000000000000000000,12000.000000000000000000,1.000000000000000000,4000.000000000000000000,1.000000000000000000,0.000400000000000000,0.000015264536862528
0.022000000000000000,0.022000000000000000,0.045302738630684657,20000.000000000000000000,4002.000000000000000000,12000.000000000000000000,1.000000000000000000,4000.000000000000000000,1.000000000000000000,0.000440000000000000,0.000016790990548781
0.024000000000000000,0.024000000000000000,0.049421169415292353,20000.000000000000000000,4002.000000000000000000,12000.000000000000000000,1.000000000000000000,4000.000000000000000000,1.000000000000000000,0.000480000000000000,0.000018317444235034
0.026000000000000000,0.026000000000000000,0.053539600199900049,20000.000000000000000000,4002.000000000000000000,12000.000000000000000000,1.000000000000000000,4000.000000000000000000,1.000000000000000000,0.000520000000000000,0.000019843897921287
0.028000000000000000,0.028000000000000000,0.057658030984507746,20000.000000000000000000,4002.000000000000000000,12000.000000000000000000,1.000000000000000000,4000.000000000000000000,1.000000000000000000,0.000560000000000000,0.000021370351607540
0.030000000000000000,0.030000000000000000,0.061776461769115442,20000.000000000000000000,4002.000000000000000000,12000.000000000000000000,1.000000000000000000,4000.000000000000000000,1.000000000000000000,0.000600000000000000,0.000022896805293793
0.032000000000000000,0.032000000000000000,0.065894892553723138,20000.000000000000000000,4002.000000000000000000,12000.000000000000000000,1.000000000000000000,4000.000000000000000000,1.000000000000000000,0.000640000000000000,0.000024423258980046
0.034000000000000000,0.034000000000000000,0.070013323338330834,20000.000000000000000000,4002.000000000000000000,12000.000000000000000000,1.000000000000000000,4000.000000000000000000,1.000000000000000000,0.000680000000000000,0.000025949712666299
0.036000000000000000,0.036000000000000000,0.074131754122938530,20000.000000000000000000,4002.000000000000000000,12000.000000000000000000,1.000000000000000000,4000.000000000000000000,1.000000000000000000,0.000720000000000000,0.000027476166352552
0.038000000000000000,0.038000000000000000,0.078250184907546226,20000.000000000000000000,4002.000000000000000000,12000.000000000000000000,1.000000000000000000,4000.000000000000000000,1.000000000000000000,0.000760000000000000,0.000029002620038805
0.040000000000000000,0.040000000000000000,0.082368615692153923,20000.000000000000000000,4002.000000000000000000,12000.000000000000000000,1.000000000000000000,4000.000000000000000000,1.000000000000000000,0.000800000000000000,0.000030529073725057
0.042000000000000000,0.042000000000000000,0.086487046476761619,20000.000000000000000000,4002.000000000000000000,12000.000000000000000000,1.000000000000000000,4000.000000000000000000,1.000000000000000000,0.000840000000000000,0.000032055527411310
0.044000000000000000,0.044000000000000000,0.090605477261369315,20000.000000000000000000,4002.000000000000000000,12000.000000000000000000,1.000000000000000000,4000.000000000000000000,1.000000000000000000,0.000880000000000000,0.000033581981097563
0.046000000000000000,0.046000000000000000,0.094723908045977011,20000.000000000000000000,4002.000000000000000000,12000.000000000000000000,1.000000000000000000,4000.000000000000000000,1.000000000000000000,0.000920000000000000,0.000035108434783816
0.048000000000000000,0.048000000000000000,0.098842338830584707,20000.000000000000000000,4002.000000000000000000,12000.000000000000000000,1.000000000000000000,4000.000000000000000000,1.000000000000000000,0.000960000000000000,0.000036634888470069
0.050000000000000000,0.050000000000000000,0.102960769615192403,20000.000000000000000000,4002.000000000000000000,12000.000000000000000000,1.000000000000000000,4000.000000000000000000,1.000000000000000000,0.001000000000000000,0.000038161342156322
0.052000000000000000,0.052000000000000000,0.107079200399800099,20000.000000000000000000,4002.000000000000000000,12000.000000000000000000,1.000000000000000000,4000.000000000000000000,1.000000000000000000,0.001040000000000000,0.000039687795842575
0.054000000000000000,0.054000000000000000,0.111197631184407796,20000.000000000000000000,4002.000000000000000000,12000.000000000000000000,1.000000000000000000,4000.000000000000000000,1.000000000000000000,0.001080000000000000,0.000041214249528828
0.056000000000000000,0.056000000000000000,0.115316061969015492,20000.000000000000000000,4002.000000000000000000,12000.000000000000000000,1.000000000000000000,4000.000000000000000000,1.000000000000000000,0.001120000000000000,0.000042740703215081
0.058000000000000000,0.058000000000000000,0.119434492753623188,20000.000000000000000000,4002.000000000000000000,12000.000000000000000000,1.000000000000000000,4000.000000000000000000,1.000000000000000000,0.001160000000000000,0.000044267156901334
0.060000000000000000,0.060000000000000000,0.123552923538230884,20000.000000000000000000,4002.000000000000000000,12000.000000000000000000,1.000000000000000000,4000.000000000000000000,1.000000000000000000,0.001200000000000000,0.000045793610587586
0.062000000000000000,0.062000000000000000,0.127671354322838580,20000.000000000000000000,4002.000000000000000000,12000.000000000000000000,1.000000000000000000,4000.000000000000000000,1.000000000000000000,0.001240000000000000,0.000047320064273839
0.064000000000000000,0.064000000000000000,0.131789785107446276,20000.000000000000000000,4002.000000000000000000,12000.000000000000000000,1.000000000000000000,4000.000000000000000000,1.000000000000000000,0.001280000000000000,0.000048846517960092
0.066000000000000000,0.066000000000000000,0.135908215892053973,20000.000000000000000000,4002.000000000000000000,12000.000000000000000000,1.000000000000000000,4000.000000000000000000,1.000000000000000000,0.001320000000000000,0.000050372971646345
0.068000000000000000,0.068000000000000000,0.140026646676661669,20000.000000000000000000,4002.000000000000000000,12000.000000000000000000,1.000000000000000000,4000.000000000000000000,1.000000000000000000,0.001360000000000000,0.000051899425332598
0.070000000000000000,0.070000000000000000,0.144145077461269365,20000.000000000000000000,4002.000000000000000000,12000.000000000000000000,1.000000000000000000,4000.000000000000000000,1.000000000000000000,0.001400000000000000,0.000053425879018851
0.072000000000000000,0.072000000000000000,0.148263508245877061,20000.000000000000000000,4002.000000000000000000,12000.000000000000000000,1.000000000000000000,4000.000000000000000000,1.000000000000000000,0.001440000000000000,0.000054952332705104
0.074000000000000000,0.074000000000000000,0.152381939030484757,20000.000000000000000000,4002.000000000000000000,12000.000000000000000000,1.000000000000000000,4000.000000000000000000,1.000000000000000000,0.001480000000000000,0.000056478786391357
0.076000000000000000,0.076000000000000000,0.156500369815092453,20000.000000000000000000,4002.000000000000000000,12000.000000000000000000,1.000000000000000000,4000.000000000000000000,1.000000000000000000,0.001520000000000000,0.000058005240077610
0.078000000000000000,0.078000000000000000,0.160618800599700149,20000.000000000000000000,4002.000000000000000000,12000.000000000000000000,1.000000000000000000,4000.000000000000000000,1.000000000000000000,0.001560000000000000,0.000059531693763863
0.080000000000000000,0.080000000000000000,0.164737231384307846,20000.000000000000000000,4002.000000000000000000,12000.000000000000000000,1.000000000000000000,4000.000000000000000000,1.000000000000000000,0.001600000000000000,0.000061058147450115
0.082000000000000000,0.082000000000000000,0.168855662168915542,20000.000000000000000000,4002.000000000000000000,12000.000000000000000000,1.000000000000000000,4000.000000000000000000,1.000000000000000000,0.001640000000000000,0.000062584601136368
0.084000000000000000,0.084000000000000000,0.172974092953523238,20000.000000000000000000,4002.000000000000000000,12000.000000000000000000,1.000000000000000000,4000.000000000000000000,1.000000000000000000,0.001680000000000000,0.000064111054822621
0.086000000000000000,0.086000000000000000,0.177092523738130934,20000.000000000000000000,4002.000000000000000000,12000.000000000000000000,1.000000000000000000,4000.000000000000000000,1.000000000000000000,0.001720000000000000,0.000065637508508874
0.088000000000000000,0.088000000000000000,0.181210954522738630,20000.000000000000000000,4002.000000000000000000,12000.000000000000000000,1.000000000000000000,4000.000000000000000000,1.000000000000000000,0.001760000000000000,0.000067163962195127
0.090000000000000000,0.090000000000000000,0.185329385307346326,20000.000000000000000000,4002.000000000000000000,12000.000000000000000000,1.000000000000000000,4000.000000000000000000,1.000000000000000000,0.001800000000000000,0.000068690415881380
0.092000000000000000,0.092000000000000000,0.189447816091954022,20000.000000000000000000,4002.000000000000000000,12000.000000000000000000,1.000000000000000000,4000.000000000000000000,1.000000000000000000,0.001840000000000000,0.000070216869567633
0.094000000000000000,0.094000000000000000,0.193566246876561719,20000.000000000000000000,4002.000000000000000000,12000.000000000000000000,1.000000000000000000,4000.000000000000000000,1.000000000000000000,0.001880000000000000,0.000071743323253886
0.096000000000000000,0.096000000000000000,0.197684677661169415,20000.000000000000000000,4002.000000000000000000,12000.000000000000000000,1.000000000000000000,4000.000000000000000000,1.000000000000000000,0.001920000000000000,0.000073269776940139
0.098000000000000000,0.098000000000000000,0.201803108445777111,20000.000000000000000000,4002.000000000000000000,12000.000000000000000000,1.000000000000000000,4000.000000000000000000,1.000000000000000000,0.001960000000000000,0.000074796230626392
0.100000000000000000,0.100000000000000000,0.205921539230384807,20000.000000000000000000,4002.000000000000000000,12000.000000000000000000,1.000000000000000000,4000.000000000000000000,1.000000000000000000,0.002000000000000000,0.000076322684312644
0.102000000000000000,0.102000000000000000,0.210039970014992503,20000.000000000000000000,4002.000000000000000000,12000.000000000000000000,1.000000000000000000,4000.000000000000000000,1.000000000000000000,0.002040000000000000,0.000077849137998897
0.104000000000000000,0.104000000000000000,0.214158400799600199,20000.000000000000000000,4002.000000000000000000,12000.000000000000000000,1.000000000000000000,4000.000000000000000000,1.000000000000000000,0.002080000000000000,0.000079375591685150
0.106000000000000000,0.106000000000000000,0.218276831584207896,20000.000000000000000000,4002.000000000000000000,12000.000000000000000000,1.000000000000000000,4000.000000000000000000,1.000000000000000000,0.002120000000000000,0.000080902045371403
0.108000000000000000,0.108000000000000000,0.222395262368815592,20000.000000000000000000,4002.000000000000000000,12000.000000000000000000,1.000000000000000000,4000.000000000000000000,1.000000000000000000,0.002160000000000000,0.000082428499057656
0.110000000000000000,0.110000000000000000,0.226513693153423288,20000.000000000000000000,4002.000000000000000000,12000.000000000000000000,1.000000000000000000,4000.000000000000000000,1.000000000000000000,0.002200000000000000,0.000083954952743909
0.112000000000000000,0.112000000000000000,0.230632123938030984,20000.000000000000000000,4002.000000000000000000,12000.000000000000000000,1.000000000000000000,4000.000000000000000000,1.000000000000000000,0.002240000000000000,0.000085481406430162
0.114000000000000000,0.114000000000000000,0.234750554722638680,20000.000000000000000000,4002.000000000000000000,12000.000000000000000000,1.000000000000000000,4000.000000000000000000,1.000000000000000000,0.002280000000000000,0.000087007860116415
0.116000000000000000,0.116000000000000000,0.238868985507246376,20000.000000000000000000,4002.000000000000000000,12000.000000000000000000,1.000000000000000000,4000.000000000000000000,1.000000000000000000,0.002320000000000000,0.000088534313802668
0.118000000000000000,0.118000000000000000,0.242987416291854072,20000.000000000000000000,4002.000000000000000000,12000.000000000000000000,1.000000000000000000,4000.000000000000000000,1.000000000000000000,0.002360000000000000,0.000090060767488921
0.120000000000000000,0.120000000000000000,0.247105847076461769,20000.000000000000000000,4002.000000000000000000,12000.000000000000000000,1.000000000000000000,4000.000000000000000000,1.000000000000000000,0.002400000000000000,0.000091587221175173
0.122000000000000000,0.122000000000000000,0.251224277861069465,20000.000000000000000000,4002.000000000000000000,12000.000000000000000000,1.000000000000000000,4000.000000000000000000,1.000000000000000000,0.002440000000000000,0.000093113674861426
0.124000000000000000,0.124000000000000000,0.255342708645677161,20000.000000000000000000,4002.000000000000000000,12000.000000000000000000,1.000000000000000000,4000.000000000000000000,1.000000000000000000,0.002480000000000000,0.000094640128547679
0.126000000000000000,0.126000000000000000,0.259461139430284857,20000.000000000000000000,4002.000000000000000000,12000.000000000000000000,1.000000000000000000,4000.000000000000000000,1.000000000000000000,0.002520000000000000,0.000096166582233932
0.128000000000000000,0.128000000000000000,0.263579570214892553,20000.000000000000000000,4002.000000000000000000,12000.000000000000000000,1.000000000000000000,4000.000000000000000000,1.000000000000000000,0.002560000000000000,0.000097693035920185
0.130000000000000000,0.130000000000000000,0.267698000999500249,20000.000000000000000000,4002.000000000000000000,12000.000000000000000000,1.000000000000000000,4000.000000000000000000,1.000000000000000000,0.002600000000000000,0.000099219489606438
0.132000000000000000,0.132000000000000000,0.271816431784107946,20000.000000000000000000,4002.000000000000000000,12000.000000000000000000,1.000000000000000000,4000.000000000000000000,1.000000000000000000,0.002640000000000000,0.000100745943292691
0.134000000000000000,0.134000000000000000,0.275934862568715642,20000.000000000000000000,4002.000000000000000000,12000.000000000000000000,1.000000000000000000,4000.000000000000000000,1.000000000000000000,0.002680000000000000,0.000102272396978944
0.136000000000000000,0.136000000000000000,0.280053293353323338,20000.000000000000000000,4002.000000000000000000,12000.000000000000000000,1.000000000000000000,4000.000000000000000000,1.000000000000000000,0.002720000000000000,0.000103798850665197
0.138000000000000000,0.138000000000000000,0.284171724137931034,20000.000000000000000000,4002.000000000000000000,12000.000000000000000000,1.000000000000000000,4000.000000000000000000,1.000000000000000000,0.002760000000000000,0.000105325304351450
0.140000000000000000,0.140000000000000000,0.288290154922538730,20000.000000000000000000,4002.000000000000000000,12000.000000000000000000,1.000000000000000000,4000.000000000000000000,1.000000000000000000,0.002800000000000000,0.000106851758037702
0.142000000000000000,0.142000000000000000,0.292408585707146426,20000.000000000000000000,4002.000000000000000000,12000.000000000000000000,1.000000000000000000,4000.000000000000000000,1.000000000000000000,0.002840000000000000,0.000108378211723955
0.144000000000000000,0.144000000000000000,0.296527016491754122,20000.000000000000000000,4002.000000000000000000,12000.000000000000000000,1.000000000000000000,4000.000000000000000000,1.000000000000000000,0.002880000000000000,0.000109904665410208
0.146000000000000000,0.146000000000000000,0.300645447276361819,20000.000000000000000000,4002.000000000000000000,12000.000000000000000000,1.000000000000000000,4000.000000000000000000,1.000000000000000000,0.002920000000000000,0.000111431119096461
0.148000000000000000,0.148000000000000000,0.304763878060969515,20000.000000000000000000,4002.000000000000000000,12000.000000000000000000,1.000000000000000000,4000.000000000000000000,1.000000000000000000,0.002960000000000000,0.000112957572782714
0.150000000000000000,0.150000000000000000,0.308882308845577211,20000.000000000000000000,4002.000000000000000000,12000.000000000000000000,1.000000000000000000,4000.000000000000000000,1.000000000000000000,0.003000000000000000,0.000114484026468967
0.152000000000000000,0.152000000000000000,0.313000739630184907,20000.000000000000000000,4002.000000000000000000,12000.000000000000000000,1.000000000000000000,4000.000000000000000000,1.000000000000000000,0.003040000000000000,0.000116010480155220
0.154000000000000000,0.154000000000000000,0.317119170414792603,20000.000000000000000000,4002.000000000000000000,12000.000000000000000000,1.000000000000000000,4000.000000000000000000,1.000000000000000000,0.003080000000000000,0.000117536933841473
0.156000000000000000,0.156000000000000000,0.321237601199400299,20000.000000000000000000,4002.000000000000000000,12000.000000000000000000,1.000000000000000000,4000.000000000000000000,1.000000000000000000,0.003120000000000000,0.000119063387527726
0.158000000000000000,0.158000000000000000,0.325356031984007996,20000.000000000000000000,4002.000000000000000000,12000.000000000000000000,1.000000000000000000,4000.000000000000000000,1.000000000000000000,0.003160000000000000,0.000120589841213979
0.160000000000000000,0.160000000000000000,0.329474462768615692,20000.000000000000000000,4002.000000000000000000,12000.000000000000000000,1.000000000000000000,4000.000000000000000000,1.000000000000000000,0.003200000000000000,0.000122116294900231
0.162000000000000000,0.162000000000000000,0.333592893553223388,20000.000000000000000000,4002.000000000000000000,12000.000000000000000000,1.000000000000000000,4000.000000000000000000,1.000000000000000000,0.003240000000000000,0.000123642748586484
0.164000000000000000,0.164000000000000000,0.337711324337831084,20000.000000000000000000,4002.000000000000000000,12000.000000000000000000,1.000000000000000000,4000.000000000000000000,1.000000000000000000,0.003280000000000000,0.000125169202272737
0.166000000000000000,0.166000000000000000,0.341829755122438780,20000.000000000000000000,4002.000000000000000000,12000.000000000000000000,1.000000000000000000,4000.000000000000000000,1.000000000000000000,0.003320000000000000,0.000126695655958990
0.168000000000000000,0.168000000000000000,0.345948185907046476,20000.000000000000000000,4002.000000000000000000,12000.000000000000000000,1.000000000000000000,4000.000000000000000000,1.000000000000000000,0.003360000000000000,0.000128222109645243
0.170000000000000000,0.170000000000000000,0.350066616691654172,20000.000000000000000000,4002.000000000000000000,12000.000000000000000000,1.000000000000000000,4000.000000000000000000,1.000000000000000000,0.003400000000000000,0.000129748563331496
0.172000000000000000,0.172000000000000000,0.354185047476261869,20000.000000000000000000,4002.000000000000000000,12000.000000000000000000,1.000000000000000000,4000.000000000000000000,1.000000000000000000,0.003440000000000000,0.000131275017017749
0.174000000000000000,0.174000000000000000,0.358303478260869565,20000.000000000000000000,4002.000000000000000000,12000.000000000000000000,1.000000000000000000,4000.000000000000000000,1.000000000000000000,0.003480000000000000,0.000132801470704002
0.176000000000000000,0.176000000000000000,0.362421909045477261,20000.000000000000000000,4002.000000000000000000,12000.000000000000000000,1.000000000000000000,4000.000000000000000000,1.000000000000000000,0.003520000000000000,0.000134327924390255
0.178000000000000000,0.178000000000000000,0.366540339830084957,20000.000000000000000000,4002.000000000000000000,12000.000000000000000000,1.000000000000000000,4000.000000000000000000,1.000000000000000000,0.003560000000000000,0.000135854378076508
0.180000000000000000,0.180000000000000000,0.370658770614692653,20000.000000000000000000,4002.000000000000000000,12000.000000000000000000,1.000000000000000000,4000.000000000000000000,1.000000000000000000,0.003600000000000000,0.000137380831762760
0.182000000000000000,0.182000000000000000,0.374777201399300349,20000.000000000000000000,4002.000000000000000000,12000.000000000000000000,1.000000000000000000,4000.000000000000000000,1.000000000000000000,0.003640000000000000,0.000138907285449013
0.184000000000000000,0.184000000000000000,0.378895632183908045,20000.000000000000000000,4002.000000000000000000,12000.000000000000000000,1.000000000000000000,4000.000000000000000000,1.000000000000000000,0.003680000000000000,0.000140433739135266
0.186000000000000000,0.186000000000000000,0.383014062968515742,20000.000000000000000000,4002.000000000000000000,12000.000000000000000000,1.000000000000000000,4000.000000000000000000,1.000000000000000000,0.003720000000000000,0.000141960192821519
0.188000000000000000,0.188000000000000000,0.387132493753123438,20000.000000000000000000,4002.000000000000000000,12000.000000000000000000,1.000000000000000000,4000.000000000000000000,1.000000000000000000,0.003760000000000000,0.000143486646507772
0.190000000000000000,0.190000000000000000,0.391250924537731134,20000.000000000000000000,4002.000000000000000000,12000.000000000000000000,1.000000000000000000,4000.000000000000000000,1.000000000000000000,0.003800000000000000,0.000145013100194025
0.192000000000000000,0.192000000000000000,0.395369355322338830,20000.000000000000000000,4002.000000000000000000,12000.000000000000000000,1.000000000000000000,4000.000000000000000000,1.000000000000000000,0.003840000000000000,0.000146539553880278
0.194000000000000000,0.194000000000000000,0.399487786106946526,20000.000000000000000000,4002.000000000000000000,12000.000000000000000000,1.000000000000000000,4000.000000000000000000,1.000000000000000000,0.003880000000000000,0.000148066007566531
0.196000000000000000,0.196000000000000000,0.403606216891554222,20000.000000000000000000,4002.000000000000000000,12000.000000000000000000,1.000000000000000000,4000.000000000000000000,1.000000000000000000,0.003920000000000000,0.000149592461252784
0.198000000000000000,0.198000000000000000,0.407724647676161919,20000.000000000000000000,4002.000000000000000000,12000.000000000000000000,1.000000000000000000,4000.000000000000000000,1.000000000000000000,0.003960000000000000,0.000151118914939037
0.200000000000000000,0.200000000000000000,0.411843078460769615,20000.000000000000000000,4002.000000000000000000,12000.000000000000000000,1.000000000000000000,4000.000000000000000000,1.000000000000000000,0.004000000000000000,0.000152645368625289
0.202000000000000000,0.202000000000000000,0.415961509245377311,20000.000000000000000000,4002.000000000000000000,12000.000000000000000000,1.000000000000000000,4000.000000000000000000,1.000000000000000000,0.004040000000000000,0.000154171822311542
0.204000000000000000,0.204000000000000000,0.420079940029985007,20000.000000000000000000,4002.000000000000000000,12000.000000000000000000,1.000000000000000000,4000.000000000000000000,1.000000000000000000,0.004080000000000000,0.000155698275997795
0.206000000000000000,0.206000000000000000,0.424198370814592703,20000.000000000000000000,4002.000000000000000000,12000.000000000000000000,1.000000000000000000,4000.000000000000000000,1.000000000000000000,0.004120000000000000,0.000157224729684048
0.208000000000000000,0.208000000000000000,0.428316801599200399,20000.000000000000000000,4002.000000000000000000,12000.000000000000000000,1.000000000000000000,4000.000000000000000000,1.000000000000000000,0.004160000000000000,0.000158751183370301
0.210000000000000000,0.210000000000000000,0.432435232383808095,20000.000000000000000000,4002.000000000000000000,12000.000000000000000000,1.000000000000000000,4000.000000000000000000,1.000000000000000000,0.004200000000000000,0.000160277637056554
0.212000000000000000,0.212000000000000000,0.436553663168415792,20000.000000000000000000,4002.000000000000000000,12000.000000000000000000,1.000000000000000000,4000.000000000000000000,1.000000000000000000,0.004240000000000000,0.000161804090742807
0.214000000000000000,0.214000000000000000,0.440672093953023488,20000.000000000000000000,4002.000000000000000000,12000.000000000000000000,1.000000000000000000,4000.000000000000000000,1.000000000000000000,0.004280000000000000,0.000163330544429060
0.216000000000000000,0.216000000000000000,0.444790524737631184,20000.000000000000000000,4002.000000000000000000,12000.000000000000000000,1.000000000000000000,4000.000000000000000000,1.000000000000000000,0.004320000000000000,0.000164856998115313
0.218000000000000000,0.218000000000000000,0.448908955522238880,20000.000000000000000000,4002.000000000000000000,12000.000000000000000000,1.000000000000000000,4000.000000000000000000,1.000000000000000000,0.004360000000000000,0.000166383451801566
0.220000000000000000,0.220000000000000000,0.453027386306846576,20000.000000000000000000,4002.000000000000000000,12000.000000000000000000,1.000000000000000000,4000.000000000000000000,1.000000000000000000,0.004400000000000000,0.000167909905487818
0.222000000000000000,0.222000000000000000,0.457145817091454272,20000.000000000000000000,4002.000000000000000000,12000.000000000000000000,1.000000000000000000,4000.000000000000000000,1.000000000000000000,0.004440000000000000,0.000169436359174071
0.224000000000000000,0.224000000000000000,0.461264247876061969,20000.000000000000000000,4002.000000000000000000,12000.000000000000000000,1.000000000000000000,4000.000000000000000000,1.000000000000000000,0.004480000000000000,0.000170962812860324
0.226000000000000000,0.226000000000000000,0.465382678660669665,20000.000000000000000000,4002.000000000000000000,12000.000000000000000000,1.000000000000000000,4000.000000000000000000,1.000000000000000000,0.004520000000000000,0.000172489266546577
0.228000000000000000,0.228000000000000000,0.469501109445277361,20000.000000000000000000,4002.000000000000000000,12000.000000000000000000,1.000000000000000000,4000.000000000000000000,1.000000000000000000,0.004560000000000000,0.000174015720232830
0.230000000000000000,0.230000000000000000,0.473619540229885057,20000.000000000000000000,4002.000000000000000000,12000.000000000000000000,1.000000000000000000,4000.000000000000000000,1.000000000000000000,0.004600000000000000,0.000175542173919083
0.232000000000000000,0.232000000000000000,0.477737971014492753,20000.000000000000000000,4002.000000000000000000,12000.000000000000000000,1.000000000000000000,4000.000000000000000000,1.000000000000000000,0.004640000000000000,0.000177068627605336
0.234000000000000000,0.234000000000000000,0.481856401799100449,20000.000000000000000000,4002.000000000000000000,12000.000000000000000000,1.000000000000000000,4000.000000000000000000,1.000000000000000000,0.004680000000000000,0.000178595081291589
0.236000000000000000,0.236000000000000000,0.485974832583708145,20000.000000000000000000,4002.000000000000000000,12000.000000000000000000,1.000000000000000000,4000.000000000000000000,1.000000000000000000,0.004720000000000000,0.000180121534977842
0.238000000000000000,0.238000000000000000,0.490093263368315842,20000.000000000000000000,4002.000000000000000000,12000.000000000000000000,1.000000000000000000,4000.000000000000000000,1.000000000000000000,0.004760000000000000,0.000181647988664095
0.240000000000000000,0.240000000000000000,0.494211694152923538,20000.000000000000000000,4002.000000000000000000,12000.000000000000000000,1.000000000000000000,4000.000000000000000000,1.000000000000000000,0.004800000000000000,0.000183174442350347
0.242000000000000000,0.242000000000000000,0.498330124937531234,20000.000000000000000000,4002.000000000000000000,12000.000000000000000000,1.000000000000000000,4000.000000000000000000,1.000000000000000000,0.004840000000000000,0.000184700896036600
0.244000000000000000,0.244000000000000000,0.502448555722138930,20000.000000000000000000,4002.000000000000000000,12000.000000000000000000,1.000000000000000000,4000.000000000000000000,1.000000000000000000,0.004880000000000000,0.000186227349722853
0.246000000000000000,0.246000000000000000,0.506566986506746626,20000.000000000000000000,4002.000000000000000000,12000.000000000000000000,1.000000000000000000,4000.000000000000000000,1.000000000000000000,0.004920000000000000,0.000187753803409106
0.248000000000000000,0.248000000000000000,0.510685417291354322,20000.000000000000000000,4002.000000000000000000,12000.000000000000000000,1.000000000000000000,4000.000000000000000000,1.000000000000000000,0.004960000000000000,0.000189280257095359
0.250000000000000000,0.250000000000000000,0.514803848075962018,20000.000000000000000000,4002.000000000000000000,12000.000000000000000000,1.000000000000000000,4000.000000000000000000,1.000000000000000000,0.005000000000000000,0.000190806710781612
0.252000000000000000,0.252000000000000000,0.518922278860569715,20000.000000000000000000,4002.000000000000000000,12000.000000000000000000,1.000000000000000000,4000.000000000000000000,1.000000000000000000,0.005040000000000000,0.000192333164467865
0.254000000000000000,0.254000000000000000,0.523040709645177411,20000.000000000000000000,4002.000000000000000000,12000.000000000000000000,1.000000000000000000,4000.000000000000000000,1.000000000000000000,0.005080000000000000,0.000193859618154118
0.256000000000000000,0.256000000000000000,0.527159140429785107,20000.000000000000000000,4002.000000000000000000,12000.000000000000000000,1.000000000000000000,4000.000000000000000000,1.000000000000000000,0.005120000000000000,0.000195386071840371
0.258000000000000000,0.258000000000000000,0.531277571214392803,20000.000000000000000000,4002.000000000000000000,12000.000000000000000000,1.000000000000000000,4000.000000000000000000,1.000000000000000000,0.005160000000000000,0.000196912525526624
0.260000000000000000,0.260000000000000000,0.535396001999000499,20000.000000000000000000,4002.000000000000000000,12000.000000000000000000,1.000000000000000000,4000.000000000000000000,1.000000000000000000,0.005200000000000000,0.000198438979212876
0.262000000000000000,0.262000000000000000,0.539514432783608195,20000.000000000000000000,4002.000000000000000000,12000.000000000000000000,1.000000000000000000,4000.000000000000000000,1.000000000000000000,0.005240000000000000,0.000199965432899129
0.264000000000000000,0.264000000000000000,0.543632863568215892,20000.000000000000000000,4002.000000000000000000,12000.000000000000000000,1.000000000000000000,4000.000000000000000000,1.000000000000000000,0.005280000000000000,0.000201491886585382
0.266000000000000000,0.266000000000000000,0.547751294352823588,20000.000000000000000000,4002.000000000000000000,12000.000000000000000000,1.000000000000000000,4000.000000000000000000,1.000000000000000000,0.005320000000000000,0.000203018340271635
0.268000000000000000,0.268000000000000000,0.551869725137431284,20000.000000000000000000,4002.000000000000000000,12000.000000000000000000,1.000000000000000000,4000.000000000000000000,1.000000000000000000,0.005360000000000000,0.000204544793957888
0.270000000000000000,0.270000000000000000,0.555988155922038980,20000.000000000000000000,4002.000000000000000000,12000.000000000000000000,1.000000000000000000,4000.000000000000000000,1.000000000000000000,0.005400000000000000,0.000206071247644141
0.272000000000000000,0.272000000000000000,0.560106586706646676,20000.000000000000000000,4002.000000000000000000,12000.000000000000000000,1.000000000000000000,4000.000000000000000000,1.000000000000000000,0.005440000000000000,0.000207597701330394
0.274000000000000000,0.274000000000000000,0.564225017491254372,20000.000000000000000000,4002.000000000000000000,12000.000000000000000000,1.000000000000000000,4000.000000000000000000,1.000000000000000000,0.005480000000000000,0.000209124155016647
0.276000000000000000,0.276000000000000000,0.568343448275862068,20000.000000000000000000,4002.000000000000000000,12000.000000000000000000,1.000000000000000000,4000.000000000000000000,1.000000000000000000,0.005520000000000000,0.000210650608702900
0.278000000000000000,0.278000000000000000,0.572461879060469765,20000.000000000000000000,4002.000000000000000000,12000.000000000000000000,1.000000000000000000,4000.000000000000000000,1.000000000000000000,0.005560000000000000,0.000212177062389153
0.280000000000000000,0.280000000000000000,0.576580309845077461,20000.000000000000000000,4002.000000000000000000,12000.000000000000000000,1.000000000000000000,4000.000000000000000000,1.000000000000000000,0.005600000000000000,0.000213703516075405
0.282000000000000000,0.282000000000000000,0.580698740629685157,20000.000000000000000000,4002.000000000000000000,12000.000000000000000000,1.000000000000000000,4000.000000000000000000,1.000000000000000000,0.005640000000000000,0.000215229969761658
0.284000000000000000,0.284000000000000000,0.584817171414292853,20000.000000000000000000,4002.000000000000000000,12000.000000000000000000,1.000000000000000000,4000.000000000000000000,1.000000000000000000,0.005680000000000000,0.000216756423447911
0.286000000000000000,0.286000000000000000,0.588935602198900549,20000.000000000000000000,4002.000000000000000000,12000.000000000000000000,1.000000000000000000,4000.000000000000000000,1.000000000000000000,0.005720000000000000,0.000218282877134164
0.288000000000000000,0.288000000000000000,0.593054032983508245,20000.000000000000000000,4002.000000000000000000,12000.000000000000000000,1.000000000000000000,4000.000000000000000000,1.000000000000000000,0.005760000000000000,0.000219809330820417
0.290000000000000000,0.290000000000000000,0.597172463768115942,20000.000000000000000000,4002.000000000000000000,12000.000000000000000000,1.000000000000000000,4000.000000000000000000,1.000000000000000000,0.005800000000000000,0.000221335784506670
0.292000000000000000,0.292000000000000000,0.601290894552723638,20000.000000000000000000,4002.000000000000000000,12000.000000000000000000,1.000000000000000000,4000.000000000000000000,1.000000000000000000,0.005840000000000000,0.000222862238192923
0.294000000000000000,0.294000000000000000,0.605409325337331334,20000.000000000000000000,4002.000000000000000000,12000.000000000000000000,1.000000000000000000,4000.000000000000000000,1.000000000000000000,0.005880000000000000,0.000224388691879176
0.296000000000000000,0.296000000000000000,0.609527756121939030,20000.000000000000000000,4002.000000000000000000,12000.000000000000000000,1.000000000000000000,4000.000000000000000000,1.000000000000000000,0.005920000000000000,0.000225915145565429
0.298000000000000000,0.298000000000000000,0.613646186906546726,20000.000000000000000000,4002.000000000000000000,12000.000000000000000000,1.000000000000000000,4000.000000000000000000,1.000000000000000000,0.005960000000000000,0.000227441599251682
0.300000000000000000,0.300000000000000000,0.617764617691154422,20000.000000000000000000,4002.000000000000000000,12000.000000000000000000,1.000000000000000000,4000.000000000000000000,1.000000000000000000,0.006000000000000000,0.000228968052937934
0.302000000000000000,0.302000000000000000,0.621883048475762118,20000.000000000000000000,4002.000000000000000000,12000.000000000000000000,1.000000000000000000,4000.000000000000000000,1.000000000000000000,0.006040000000000000,0.000230494506624187
0.304000000000000000,0.304000000000000000,0.626001479260369815,20000.000000000000000000,4002.000000000000000000,12000.000000000000000000,1.000000000000000000,4000.000000000000000000,1.000000000000000000,0.006080000000000000,0.000232020960310440
0.306000000000000000,0.306000000000000000,0.630119910044977511,20000.000000000000000000,4002.000000000000000000,12000.000000000000000000,1.000000000000000000,4000.000000000000000000,1.000000000000000000,0.006120000000000000,0.000233547413996693
0.308000000000000000,0.308000000000000000,0.634238340829585207,20000.000000000000000000,4002.000000000000000000,12000.000000000000000000,1.000000000000000000,4000.000000000000000000,1.000000000000000000,0.006160000000000000,0.000235073867682946
0.310000000000000000,0.310000000000000000,0.638356771614192903,20000.000000000000000000,4002.000000000000000000,12000.000000000000000000,1.000000000000000000,4000.000000000000000000,1.000000000000000000,0.006200000000000000,0.000236600321369199
0.312000000000000000,0.312000000000000000,0.642475202398800599,20000.000000000000000000,4002.000000000000000000,12000.000000000000000000,1.000000000000000000,4000.000000000000000000,1.000000000000000000,0.006240000000000000,0.000238126775055452
0.314000000000000000,0.314000000000000000,0.646593633183408295,20000.000000000000000000,4002.000000000000000000,12000.000000000000000000,1.000000000000000000,4000.000000000000000000,1.000000000000000000,0.006280000000000000,0.000239653228741705
0.316000000000000000,0.316000000000000000,0.650712063968015992,20000.000000000000000000,4002.000000000000000000,12000.000000000000000000,1.000000000000000000,4000.000000000000000000,1.000000000000000000,0.006320000000000000,0.000241179682427958
0.318000000000000000,0.318000000000000000,0.654830494752623688,20000.000000000000000000,4002.000000000000000000,12000.000000000000000000,1.000000000000000000,4000.000000000000000000,1.000000000000000000,0.006360000000000000,0.000242706136114211
0.320000000000000000,0.320000000000000000,0.658948925537231384,20000.000000000000000000,4002.000000000000000000,12000.000000000000000000,1.000000000000000000,4000.000000000000000000,1.000000000000000000,0.006400000000000000,0.000244232589800463
0.322000000000000000,0.322000000000000000,0.663067356321839080,20000.000000000000000000,4002.000000000000000000,12000.000000000000000000,1.000000000000000000,4000.000000000000000000,1.000000000000000000,0.006440000000000000,0.000245759043486716
0.324000000000000000,0.324000000000000000,0.667185787106446776,20000.000000000000000000,4002.000000000000000000,12000.000000000000000000,1.000000000000000000,4000.000000000000000000,1.000000000000000000,0.006480000000000000,0.000247285497172969
0.326000000000000000,0.326000000000000000,0.671304217891054472,20000.000000000000000000,4002.000000000000000000,12000.000000000000000000,1.000000000000000000,4000.000000000000000000,1.000000000000000000,0.006520000000000000,0.000248811950859222
0.328000000000000000,0.328000000000000000,0.675422648675662168,20000.000000000000000000,4002.000000000000000000,12000.000000000000000000,1.000000000000000000,4000.000000000000000000,1.000000000000000000,0.006560000000000000,0.000250338404545475
0.330000000000000000,0.330000000000000000,0.679541079460269865,20000.000000000000000000,4002.000000000000000000,12000.000000000000000000,1.000000000000000000,4000.000000000000000000,1.000000000000000000,0.006600000000000000,0.000251864858231728
0.332000000000000000,0.332000000000000000,0.683659510244877561,20000.000000000000000000,4002.000000000000000000,12000.000000000000000000,1.000000000000000000,4000.000000000000000000,1.000000000000000000,0.006640000000000000,0.000253391311917981
0.334000000000000000,0.334000000000000000,0.687777941029485257,20000.000000000000000000,4002.000000000000000000,12000.000000000000000000,1.000000000000000000,4000.000000000000000000,1.000000000000000000,0.006680000000000000,0.000254917765604234
0.336000000000000000,0.336000000000000000,0.691896371814092953,20000.000000000000000000,4002.000000000000000000,12000.000000000000000000,1.000000000000000000,4000.000000000000000000,1.000000000000000000,0.006720000000000000,0.000256444219290487
0.338000000000000000,0.338000000000000000,0.696014802598700649,20000.000000000000000000,4002.000000000000000000,12000.000000000000000000,1.000000000000000000,4000.000000000000000000,1.000000000000000000,0.006760000000000000,0.000257970672976740
0.340000000000000000,0.340000000000000000,0.700133233383308345,20000.000000000000000000,4002.000000000000000000,12000.000000000000000000,1.000000000000000000,4000.000000000000000000,1.000000000000000000,0.006800000000000000,0.000259497126662992
0.342000000000000000,0.342000000000000000,0.704251664167916041,20000.000000000000000000,4002.000000000000000000,12000.000000000000000000,1.000000000000000000,4000.000000000000000000,1.000000000000000000,0.006840000000000000,0.000261023580349245
0.344000000000000000,0.344000000000000000,0.708370094952523738,20000.000000000000000000,4002.000000000000000000,12000.000000000000000000,1.000000000000000000,4000.000000000000000000,1.000000000000000000,0.006880000000000000,0.000262550034035498
0.346000000000000000,0.346000000000000000,0.712488525737131434,20000.000000000000000000,4002.000000000000000000,12000.000000000000000000,1.000000000000000000,4000.000000000000000000,1.000000000000000000,0.006920000000000000,0.000264076487721751
0.348000000000000000,0.348000000000000000,0.716606956521739130,20000.000000000000000000,4002.000000000000000000,12000.000000000000000000,1.000000000000000000,4000.000000000000000000,1.000000000000000000,0.006960000000000000,0.000265602941408004
0.350000000000000000,0.350000000000000000,0.720725387306346826,20000.000000000000000000,4002.000000000000000000,12000.000000000000000000,1.000000000000000000,4000.000000000000000000,1.000000000000000000,0.007000000000000000,0.000267129395094257
0.352000000000000000,0.352000000000000000,0.724843818090954522,20000.000000000000000000,4002.000000000000000000,12000.000000000000000000,1.000000000000000000,4000.000000000000000000,1.000000000000000000,0.007040000000000000,0.000268655848780510
0.354000000000000000,0.354000000000000000,0.728962248875562218,20000.000000000000000000,4002.000000000000000000,12000.000000000000000000,1.000000000000000000,4000.000000000000000000,1.000000000000000000,0.007080000000000000,0.000270182302466763
0.356000000000000000,0.356000000000000000,0.733080679660169915,20000.000000000000000000,4002.000000000000000000,12000.000000000000000000,1.000000000000000000,4000.000000000000000000,1.000000000000000000,0.007120000000000000,0.000271708756153016
0.358000000000000000,0.358000000000000000,0.737199110444777611,20000.000000000000000000,4002.000000000000000000,12000.000000000000000000,1.000000000000000000,4000.000000000000000000,1.000000000000000000,0.007160000000000000,0.000273235209839269
0.360000000000000000,0.360000000000000000,0.741317541229385307,20000.000000000000000000,4002.000000000000000000,12000.000000000000000000,1.000000000000000000,4000.000000000000000000,1.000000000000000000,0.007200000000000000,0.000274761663525521
0.362000000000000000,0.362000000000000000,0.745435972013993003,20000.000000000000000000,4002.000000000000000000,12000.000000000000000000,1.000000000000000000,4000.000000000000000000,1.000000000000000000,0.007240000000000000,0.000276288117211774
0.364000000000000000,0.364000000000000000,0.749554402798600699,20000.000000000000000000,4002.000000000000000000,12000.000000000000000000,1.000000000000000000,4000.000000000000000000,1.000000000000000000,0.007280000000000000,0.000277814570898027
0.366000000000000000,0.366000000000000000,0.753672833583208395,20000.000000000000000000,4002.000000000000000000,12000.000000000000000000,1.000000000000000000,4000.000000000000000000,1.000000000000000000,0.007320000000000000,0.000279341024584280
0.368000000000000000,0.368000000000000000,0.757791264367816091,20000.000000000000000000,4002.000000000000000000,12000.000000000000000000,1.000000000000000000,4000.000000000000000000,1.000000000000000000,0.007360000000000000,0.000280867478270533
0.370000000000000000,0.370000000000000000,0.761909695152423788,20000.000000000000000000,4002.000000000000000000,12000.000000000000000000,1.000000000000000000,4000.000000000000000000,1.000000000000000000,0.007400000000000000,0.000282393931956786
0.372000000000000000,0.372000000000000000,0.766028125937031484,20000.000000000000000000,4002.000000000000000000,12000.000000000000000000,1.000000000000000000,4000.000000000000000000,1.000000000000000000,0.007440000000000000,0.000283920385643039
0.374000000000000000,0.374000000000000000,0.770146556721639180,20000.000000000000000000,4002.000000000000000000,12000.000000000000000000,1.000000000000000000,4000.000000000000000000,1.000000000000000000,0.007480000000000000,0.000285446839329292
0.376000000000000000,0.376000000000000000,0.774264987506246876,20000.000000000000000000,4002.000000000000000000,12000.000000000000000000,1.000000000000000000,4000.000000000000000000,1.000000000000000000,0.007520000000000000,0.000286973293015545
0.378000000000000000,0.378000000000000000,0.778383418290854572,20000.000000000000000000,4002.000000000000000000,12000.000000000000000000,1.000000000000000000,4000.000000000000000000,1.000000000000000000,0.007560000000000000,0.000288499746701798
0.380000000000000000,0.380000000000000000,0.782501849075462268,20000.000000000000000000,4002.000000000000000000,12000.000000000000000000,1.000000000000000000,4000.000000000000000000,1.000000000000000000,0.007600000000000000,0.000290026200388050
0.382000000000000000,0.382000000000000000,0.786620279860069965,20000.000000000000000000,4002.000000000000000000,12000.000000000000000000,1.000000000000000000,4000.000000000000000000,1.000000000000000000,0.007640000000000000,0.000291552654074303
0.384000000000000000,0.384000000000000000,0.790738710644677661,20000.000000000000000000,4002.000000000000000000,12000.000000000000000000,1.000000000000000000,4000.000000000000000000,1.000000000000000000,0.007680000000000000,0.000293079107760556
0.386000000000000000,0.386000000000000000,0.794857141429285357,20000.000000000000000000,4002.000000000000000000,12000.000000000000000000,1.000000000000000000,4000.000000000000000000,1.000000000000000000,0.007720000000000000,0.000294605561446809
0.388000000000000000,0.388000000000000000,0.798975572213893053,20000.000000000000000000,4002.000000000000000000,12000.000000000000000000,1.000000000000000000,4000.000000000000000000,1.000000000000000000,0.007760000000000000,0.000296132015133062
0.390000000000000000,0.390000000000000000,0.803094002998500749,20000.000000000000000000,4002.000000000000000000,12000.000000000000000000,1.000000000000000000,4000.000000000000000000,1.000000000000000000,0.007800000000000000,0.000297658468819315
0.392000000000000000,0.392000000000000000,0.807212433783108445,20000.000000000000000000,4002.000000000000000000,12000.000000000000000000,1.000000000000000000,4000.000000000000000000,1.000000000000000000,0.007840000000000000,0.000299184922505568
0.394000000000000000,0.394000000000000000,0.811330864567716141,20000.000000000000000000,4002.000000000000000000,12000.000000000000000000,1.000000000000000000,4000.000000000000000000,1.000000000000000000,0.007880000000000000,0.000300711376191821
0.396000000000000000,0.396000000000000000,0.815449295352323838,20000.000000000000000000,4002.000000000000000000,12000.000000000000000000,1.000000000000000000,4000.000000000000000000,1.000000000000000000,0.007920000000000000,0.000302237829878074
0.398000000000000000,0.398000000000000000,0.819567726136931534,20000.000000000000000000,4002.000000000000000000,12000.000000000000000000,1.000000000000000000,4000.000000000000000000,1.000000000000000000,0.007960000000000000,0.000303764283564327
0.400000000000000000,0.400000000000000000,0.823686156921539230,20000.000000000000000000,4002.000000000000000000,12000.000000000000000000,1.000000000000000000,4000.000000000000000000,1.000000000000000000,0.008000000000000000,0.000305290737250579
0.402000000000000000,0.402000000000000000,0.827804587706146926,20000.000000000000000000,4002.000000000000000000,12000.000000000000000000,1.000000000000000000,4000.000000000000000000,1.000000000000000000,0.008040000000000000,0.000306817190936832
0.404000000000000000,0.404000000000000000,0.831923018490754622,20000.000000000000000000,4002.000000000000000000,12000.000000000000000000,1.000000000000000000,4000.000000000000000000,1.000000000000000000,0.008080000000000000,0.000308343644623085
0.406000000000000000,0.406000000000000000,0.836041449275362318,20000.000000000000000000,4002.000000000000000000,12000.000000000000000000,1.000000000000000000,4000.000000000000000000,1.000000000000000000,0.008120000000000000,0.000309870098309338
0.408000000000000000,0.408000000000000000,0.840159880059970014,20000.000000000000000000,4002.000000000000000000,12000.000000000000000000,1.000000000000000000,4000.000000000000000000,1.000000000000000000,0.008160000000000000,0.000311396551995591
0.410000000000000000,0.410000000000000000,0.844278310844577711,20000.000000000000000000,4002.000000000000000000,12000.000000000000000000,1.000000000000000000,4000.000000000000000000,1.000000000000000000,0.008200000000000000,0.000312923005681844
0.412000000000000000,0.412000000000000000,0.848396741629185407,20000.000000000000000000,4002.000000000000000000,12000.000000000000000000,1.000000000000000000,4000.000000000000000000,1.000000000000000000,0.008240000000000000,0.000314449459368097
0.414000000000000000,0.414000000000000000,0.852515172413793103,20000.000000000000000000,4002.000000000000000000,12000.000000000000000000,1.000000000000000000,4000.000000000000000000,1.000000000000000000,0.008280000000000000,0.000315975913054350
0.416000000000000000,0.416000000000000000,0.856633603198400799,20000.000000000000000000,4002.000000000000000000,12000.000000000000000000,1.000000000000000000,4000.000000000000000000,1.000000000000000000,0.008320000000000000,0.000317502366740603
0.418000000000000000,0.418000000000000000,0.860752033983008495,20000.000000000000000000,4002.000000000000000000,12000.000000000000000000,1.000000000000000000,4000.000000000000000000,1.000000000000000000,0.008360000000000000,0.000319028820426856
0.420000000000000000,0.420000000000000000,0.864870464767616191,20000.000000000000000000,4002.000000000000000000,12000.000000000000000000,1.000000000000000000,4000.000000000000000000,1.000000000000000000,0.008400000000000000,0.000320555274113108
0.422000000000000000,0.422000000000000000,0.868988895552223888,20000.000000000000000000,4002.000000000000000000,12000.000000000000000000,1.000000000000000000,4000.000000000000000000,1.000000000000000000,0.008440000000000000,0.000322081727799361
0.424000000000000000,0.424000000000000000,0.873107326336831584,20000.000000000000000000,4002.000000000000000000,12000.000000000000000000,1.000000000000000000,4000.000000000000000000,1.000000000000000000,0.008480000000000000,0.000323608181485614
0.426000000000000000,0.426000000000000000,0.877225757121439280,20000.000000000000000000,4002.000000000000000000,12000.000000000000000000,1.000000000000000000,4000.000000000000000000,1.000000000000000000,0.008520000000000000,0.000325134635171867
0.428000000000000000,0.428000000000000000,0.881344187906046976,20000.000000000000000000,4002.000000000000000000,12000.000000000000000000,1.000000000000000000,4000.000000000000000000,1.000000000000000000,0.008560000000000000,0.000326661088858120
0.430000000000000000,0.430000000000000000,0.885462618690654672,20000.000000000000000000,4002.000000000000000000,12000.000000000000000000,1.000000000000000000,4000.000000000000000000,1.000000000000000000,0.008600000000000000,0.000328187542544373
0.432000000000000000,0.432000000000000000,0.889581049475262368,20000.000000000000000000,4002.000000000000000000,12000.000000000000000000,1.000000000000000000,4000.000000000000000000,1.000000000000000000,0.008640000000000000,0.000329713996230626
0.434000000000000000,0.434000000000000000,0.893699480259870064,20000.000000000000000000,4002.000000000000000000,12000.000000000000000000,1.000000000000000000,4000.000000000000000000,1.000000000000000000,0.008680000000000000,0.000331240449916879
0.436000000000000000,0.436000000000000000,0.897817911044477761,20000.000000000000000000,4002.000000000000000000,12000.000000000000000000,1.000000000000000000,4000.000000000000000000,1.000000000000000000,0.008720000000000000,0.000332766903603132
0.438000000000000000,0.438000000000000000,0.901936341829085457,20000.000000000000000000,4002.000000000000000000,12000.000000000000000000,1.000000000000000000,4000.000000000000000000,1.000000000000000000,0.008760000000000000,0.000334293357289385
0.440000000000000000,0.440000000000000000,0.906054772613693153,20000.000000000000000000,4002.000000000000000000,12000.000000000000000000,1.000000000000000000,4000.000000000000000000,1.000000000000000000,0.008800000000000000,0.000335819810975637
0.442000000000000000,0.442000000000000000,0.910173203398300849,20000.000000000000000000,4002.000000000000000000,12000.000000000000000000,1.000000000000000000,4000.000000000000000000,1.000000000000000000,0.008840000000000000,0.000337346264661890
0.444000000000000000,0.444000000000000000,0.914291634182908545,20000.000000000000000000,4002.000000000000000000,12000.000000000000000000,1.000000000000000000,4000.000000000000000000,1.000000000000000000,0.008880000000000000,0.000338872718348143
0.446000000000000000,0.446000000000000000,0.918410064967516241,20000.000000000000000000,4002.000000000000000000,12000.000000000000000000,1.000000000000000000,4000.000000000000000000,1.000000000000000000,0.008920000000000000,0.000340399172034396
0.448000000000000000,0.448000000000000000,0.922528495752123938,20000.000000000000000000,4002.000000000000000000,12000.000000000000000000,1.000000000000000000,4000.000000000000000000,1.000000000000000000,0.008960000000000000,0.000341925625720649
0.450000000000000000,0.450000000000000000,0.926646926536731634,20000.000000000000000000,4002.000000000000000000,12000.000000000000000000,1.000000000000000000,4000.000000000000000000,1.000000000000000000,0.009000000000000000,0.000343452079406902
0.452000000000000000,0.452000000000000000,0.930765357321339330,20000.000000000000000000,4002.000000000000000000,12000.000000000000000000,1.000000000000000000,4000.000000000000000000,1.000000000000000000,0.009040000000000000,0.000344978533093155
0.454000000000000000,0.454000000000000000,0.934883788105947026,20000.000000000000000000,4002.000000000000000000,12000.000000000000000000,1.000000000000000000,4000.000000000000000000,1.000000000000000000,0.009080000000000000,0.000346504986779408
0.456000000000000000,0.456000000000000000,0.939002218890554722,20000.000000000000000000,4002.000000000000000000,12000.000000000000000000,1.000000000000000000,4000.000000000000000000,1.000000000000000000,0.009120000000000000,0.000348031440465661
0.458000000000000000,0.458000000000000000,0.943120649675162418,20000.000000000000000000,4002.000000000000000000,12000.000000000000000000,1.000000000000000000,4000.000000000000000000,1.000000000000000000,0.009160000000000000,0.000349557894151914
0.460000000000000000,0.460000000000000000,0.947239080459770114,20000.000000000000000000,4002.000000000000000000,12000.000000000000000000,1.000000000000000000,4000.000000000000000000,1.000000000000000000,0.009200000000000000,0.000351084347838166
0.462000000000000000,0.462000000000000000,0.951357511244377811,20000.000000000000000000,4002.000000000000000000,12000.000000000000000000,1.000000000000000000,4000.000000000000000000,1.000000000000000000,0.009240000000000000,0.000352610801524419
0.464000000000000000,0.464000000000000000,0.955475942028985507,20000.000000000000000000,4002.000000000000000000,12000.000000000000000000,1.000000000000000000,4000.000000000000000000,1.000000000000000000,0.009280000000000000,0.000354137255210672
0.466000000000000000,0.466000000000000000,0.959594372813593203,20000.000000000000000000,4002.000000000000000000,12000.000000000000000000,1.000000000000000000,4000.000000000000000000,1.000000000000000000,0.009320000000000000,0.000355663708896925
0.468000000000000000,0.468000000000000000,0.963712803598200899,20000.000000000000000000,4002.000000000000000000,12000.000000000000000000,1.000000000000000000,4000.000000000000000000,1.000000000000000000,0.009360000000000000,0.000357190162583178
0.470000000000000000,0.470000000000000000,0.967831234382808595,20000.000000000000000000,4002.000000000000000000,12000.000000000000000000,1.000000000000000000,4000.000000000000000000,1.000000000000000000,0.009400000000000000,0.000358716616269431
0.472000000000000000,0.472000000000000000,0.971949665167416291,20000.000000000000000000,4002.000000000000000000,12000.000000000000000000,1.000000000000000000,4000.000000000000000000,1.000000000000000000,0.009440000000000000,0.000360243069955684
0.474000000000000000,0.474000000000000000,0.976068095952023988,20000.000000000000000000,4002.000000000000000000,12000.000000000000000000,1.000000000000000000,4000.000000000000000000,1.000000000000000000,0.009480000000000000,0.000361769523641937
0.476000000000000000,0.476000000000000000,0.980186526736631684,20000.000000000000000000,4002.000000000000000000,12000.000000000000000000,1.000000000000000000,4000.000000000000000000,1.000000000000000000,0.009520000000000000,0.000363295977328190
0.478000000000000000,0.478000000000000000,0.984304957521239380,20000.000000000000000000,4002.000000000000000000,12000.000000000000000000,1.000000000000000000,4000.000000000000000000,1.000000000000000000,0.009560000000000000,0.000364822431014443
0.480000000000000000,0.480000000000000000,0.988423388305847076,20000.000000000000000000,4002.000000000000000000,12000.000000000000000000,1.000000000000000000,4000.000000000000000000,1.000000000000000000,0.009600000000000000,0.000366348884700695
0.482000000000000000,0.482000000000000000,0.992541819090454772,20000.000000000000000000,4002.000000000000000000,12000.000000000000000000,1.000000000000000000,4000.000000000000000000,1.000000000000000000,0.009640000000000000,0.000367875338386948
0.484000000000000000,0.484000000000000000,0.996660249875062468,20000.000000000000000000,4002.000000000000000000,12000.000000000000000000,1.000000000000000000,4000.000000000000000000,1.000000000000000000,0.009680000000000000,0.000369401792073201
0.486000000000000000,0.486000000000000000,1.000778680659670164,20000.000000000000000000,4002.000000000000000000,12000.000000000000000000,1.000000000000000000,4000.000000000000000000,1.000000000000000000,0.009720000000000000,0.000370928245759454
0.488000000000000000,0.488000000000000000,1.004897111444277861,20000.000000000000000000,4002.000000000000000000,12000.000000000000000000,1.000000000000000000,4000.000000000000000000,1.000000000000000000,0.009760000000000000,0.000372454699445707
0.490000000000000000,0.490000000000000000,1.009015542228885557,20000.000000000000000000,4002.000000000000000000,12000.000000000000000000,1.000000000000000000,4000.000000000000000000,1.000000000000000000,0.009800000000000000,0.000373981153131960
0.492000000000000000,0.492000000000000000,1.013133973013493253,20000.000000000000000000,4002.000000000000000000,12000.000000000000000000,1.000000000000000000,4000.000000000000000000,1.000000000000000000,0.009840000000000000,0.000375947250552276
0.494000000000000000,0.494000000000000000,1.017252403798100949,20000.000000000000000000,4002.000000000000000000,12000.000000000000000000,1.000000000000000000,4000.000000000000000000,1.000000000000000000,0.009880000000000000,0.000390980616235686
0.496000000000000000,0.496000000000000000,1.021370834582708645,20000.000000000000000000,4002.000000000000000000,12000.000000000000000000,1.000000000000000000,4000.000000000000000000,1.000000000000000000,0.009920000000000000,0.000424881621719637
0.498000000000000000,0.498000000000000000,1.025489265367316341,20000.000000000000000000,4002.000000000000000000,12000.000000000000000000,1.000000000000000000,4000.000000000000000000,1.000000000000000000,0.009960000000000000,0.000477650267004131
0.500000000000000000,0.500000000000000000,1.029607696151924037,20000.000000000000000000,4002.000000000000000000,12000.000000000000000000,1.000000000000000000,4000.000000000000000000,1.000000000000000000,0.010000000000000000,0.000548689285995434
0.502000000000000000,0.502000000000000000,1.033726126936531734,20000.000000000000000000,4002.000000000000000000,12000.000000000000000000,1.000000000000000000,4000.000000000000000000,1.000000000000000000,0.010040000000000000,0.000625011970308079
0.504000000000000000,0.504000000000000000,1.037844557721139430,20000.000000000000000000,4002.000000000000000000,12000.000000000000000000,1.000000000000000000,4000.000000000000000000,1.000000000000000000,0.010080000000000000,0.000701334654620724
0.506000000000000000,0.506000000000000000,1.041962988505747126,20000.000000000000000000,4002.000000000000000000,12000.000000000000000000,1.000000000000000000,4000.000000000000000000,1.000000000000000000,0.010120000000000000,0.000777657338933369
0.508000000000000000,0.508000000000000000,1.046081419290354822,20000.000000000000000000,4002.000000000000000000,12000.000000000000000000,1.000000000000000000,4000.000000000000000000,1.000000000000000000,0.010160000000000000,0.000853980023246014
0.510000000000000000,0.510000000000000000,1.050199850074962518,20000.000000000000000000,4002.000000000000000000,12000.000000000000000000,1.000000000000000000,4000.000000000000000000,1.000000000000000000,0.010200000000000000,0.000930302707558659
0.512000000000000000,0.512000000000000000,1.054318280859570214,20000.000000000000000000,4002.000000000000000000,12000.000000000000000000,1.000000000000000000,4000.000000000000000000,1.000000000000000000,0.010240000000000000,0.001006625391871304
0.514000000000000000,0.514000000000000000,1.058436711644177911,20000.000000000000000000,4002.000000000000000000,12000.000000000000000000,1.000000000000000000,4000.000000000000000000,1.000000000000000000,0.010280000000000000,0.001082948076183949
0.516000000000000000,0.516000000000000000,1.062555142428785607,20000.000000000000000000,4002.000000000000000000,12000.000000000000000000,1.000000000000000000,4000.000000000000000000,1.000000000000000000,0.010320000000000000,0.001159270760496594
0.518000000000000000,0.518000000000000000,1.066673573213393303,20000.000000000000000000,4002.000000000000000000,12000.000000000000000000,1.000000000000000000,4000.000000000000000000,1.000000000000000000,0.010360000000000000,0.001235593444809239
0.520000000000000000,0.520000000000000000,1.070792003998000999,20000.000000000000000000,4002.000000000000000000,12000.000000000000000000,1.000000000000000000,4000.000000000000000000,1.000000000000000000,0.010400000000000000,0.001311916129121884
0.522000000000000000,0.522000000000000000,1.074910434782608695,20000.000000000000000000,4002.000000000000000000,12000.000000000000000000,1.000000000000000000,4000.000000000000000000,1.000000000000000000,0.010440000000000000,0.001388238813434529
0.524000000000000000,0.524000000000000000,1.079028865567216391,20000.000000000000000000,4002.000000000000000000,12000.000000000000000000,1.000000000000000000,4000.000000000000000000,1.000000000000000000,0.010480000000000000,0.001464561497747174
0.526000000000000000,0.526000000000000000,1.083147296351824087,20000.000000000000000000,4002.000000000000000000,12000.000000000000000000,1.000000000000000000,4000.000000000000000000,1.000000000000000000,0.010520000000000000,0.001540884182059819
0.528000000000000000,0.528000000000000000,1.087265727136431784,20000.000000000000000000,4002.000000000000000000,12000.000000000000000000,1.000000000000000000,4000.000000000000000000,1.000000000000000000,0.010560000000000000,0.001617206866372464
0.530000000000000000,0.530000000000000000,1.091384157921039480,20000.000000000000000000,4002.000000000000000000,12000.000000000000000000,1.000000000000000000,4000.000000000000000000,1.000000000000000000,0.010600000000000000,0.001693529550685109
0.532000000000000000,0.532000000000000000,1.095502588705647176,20000.000000000000000000,4002.000000000000000000,12000.000000000000000000,1.000000000000000000,4000.000000000000000000,1.000000000000000000,0.010640000000000000,0.001769852234997754
0.534000000000000000,0.534000000000000000,1.099621019490254872,20000.000000000000000000,4002.000000000000000000,12000.000000000000000000,1.000000000000000000,4000.000000000000000000,1.000000000000000000,0.010680000000000000,0.001846174919310399
0.536000000000000000,0.536000000000000000,1.103739450274862568,20000.000000000000000000,4002.000000000000000000,12000.000000000000000000,1.000000000000000000,4000.000000000000000000,1.000000000000000000,0.010720000000000000,0.001922497603623044
0.538000000000000000,0.538000000000000000,1.107857881059470264,20000.000000000000000000,4002.000000000000000000,12000.000000000000000000,1.000000000000000000,4000.000000000000000000,1.000000000000000000,0.010760000000000000,0.001998820287935689
0.540000000000000000,0.540000000000000000,1.111976311844077961,20000.000000000000000000,4002.000000000000000000,12000.000000000000000000,1.000000000000000000,4000.000000000000000000,1.000000000000000000,0.010800000000000000,0.002075142972248334
0.542000000000000000,0.542000000000000000,1.116094742628685657,20000.000000000000000000,4002.000000000000000000,12000.000000000000000000,1.000000000000000000,4000.000000000000000000,1.000000000000000000,0.010840000000000000,0.002151465656560979
0.544000000000000000,0.544000000000000000,1.120213173413293353,20000.000000000000000000,4002.000000000000000000,12000.000000000000000000,1.000000000000000000,4000.000000000000000000,1.000000000000000000,0.010880000000000000,0.002227788340873624
0.546000000000000000,0.546000000000000000,1.124331604197901049,20000.000000000000000000,4002.000000000000000000,12000.000000000000000000,1.000000000000000000,4000.000000000000000000,1.000000000000000000,0.010920000000000000,0.002304111025186269
0.548000000000000000,0.548000000000000000,1.128450034982508745,20000.000000000000000000,4002.000000000000000000,12000.000000000000000000,1.000000000000000000,4000.000000000000000000,1.000000000000000000,0.010960000000000000,0.002380433709498914
0.550000000000000000,0.550000000000000000,1.132568465767116441,20000.000000000000000000,4002.000000000000000000,12000.000000000000000000,1.000000000000000000,4000.000000000000000000,1.000000000000000000,0.011000000000000000,0.002456756393811559
0.552000000000000000,0.552000000000000000,1.136686896551724137,20000.000000000000000000,4002.000000000000000000,12000.000000000000000000,1.000000000000000000,4000.000000000000000000,1.000000000000000000,0.011040000000000000,0.002533079078124204
0.554000000000000000,0.554000000000000000,1.140805327336331834,20000.000000000000000000,4002.000000000000000000,12000.000000000000000000,1.000000000000000000,4000.000000000000000000,1.000000000000000000,0.011080000000000000,0.002609401762436849
0.556000000000000000,0.556000000000000000,1.144923758120939530,20000.000000000000000000,4002.000000000000000000,12000.000000000000000000,1.000000000000000000,4000.000000000000000000,1.000000000000000000,0.011120000000000000,0.002685724446749494
0.558000000000000000,0.558000000000000000,1.149042188905547226,20000.000000000000000000,4002.000000000000000000,12000.000000000000000000,1.000000000000000000,4000.000000000000000000,1.000000000000000000,0.011160000000000000,0.002762047131062139
0.560000000000000000,0.560000000000000000,1.153160619690154922,20000.000000000000000000,4002.000000000000000000,12000.000000000000000000,1.000000000000000000,4000.000000000000000000,1.000000000000000000,0.011200000000000000,0.002838369815374784
0.562000000000000000,0.562000000000000000,1.157279050474762618,20000.000000000000000000,4002.000000000000000000,12000.000000000000000000,1.000000000000000000,4000.000000000000000000,1.000000000000000000,0.011240000000000000,0.002914692499687429
0.564000000000000000,0.564000000000000000,1.161397481259370314,20000.000000000000000000,4002.000000000000000000,12000.000000000000000000,1.000000000000000000,4000.000000000000000000,1.000000000000000000,0.011280000000000000,0.002991015184000074
0.566000000000000000,0.566000000000000000,1.165515912043978010,20000.000000000000000000,4002.000000000000000000,12000.000000000000000000,1.000000000000000000,4000.000000000000000000,1.000000000000000000,0.011320000000000000,0.003067337868312719
0.568000000000000000,0.568000000000000000,1.169634342828585707,20000.000000000000000000,4002.000000000000000000,12000.000000000000000000,1.000000000000000000,4000.000000000000000000,1.000000000000000000,0.011360000000000000,0.003143660552625364
0.570000000000000000,0.570000000000000000,1.173752773613193403,20000.000000000000000000,4002.000000000000000000,12000.000000000000000000,1.000000000000000000,4000.000000000000000000,1.000000000000000000,0.011400000000000000,0.003219983236938009
0.572000000000000000,0.572000000000000000,1.177871204397801099,20000.000000000000000000,4002.000000000000000000,12000.000000000000000000,1.000000000000000000,4000.000000000000000000,1.000000000000000000,0.011440000000000000,0.003296305921250654
0.574000000000000000,0.574000000000000000,1.181989635182408795,20000.000000000000000000,4002.000000000000000000,12000.000000000000000000,1.000000000000000000,4000.000000000000000000,1.000000000000000000,0.011480000000000000,0.003372628605563299
0.576000000000000000,0.576000000000000000,1.186108065967016491,20000.000000000000000000,4002.000000000000000000,12000.000000000000000000,1.000000000000000000,4000.000000000000000000,1.000000000000000000,0.011520000000000000,0.003448951289875944
0.578000000000000000,0.578000000000000000,1.190226496751624187,20000.000000000000000000,4002.000000000000000000,12000.000000000000000000,1.000000000000000000,4000.000000000000000000,1.000000000000000000,0.011560000000000000,0.003525273974188589
0.580000000000000000,0.580000000000000000,1.194344927536231884,20000.000000000000000000,4002.000000000000000000,12000.000000000000000000,1.000000000000000000,4000.000000000000000000,1.000000000000000000,0.011600000000000000,0.003601596658501234
0.582000000000000000,0.582000000000000000,1.198463358320839580,20000.000000000000000000,4002.000000000000000000,12000.000000000000000000,1.000000000000000000,4000.000000000000000000,1.000000000000000000,0.011640000000000000,0.003677919342813879
0.584000000000000000,0.584000000000000000,1.202581789105447276,20000.000000000000000000,4002.000000000000000000,12000.000000000000000000,1.000000000000000000,4000.000000000000000000,1.000000000000000000,0.011680000000000000,0.003754242027126524
0.586000000000000000,0.586000000000000000,1.206700219890054972,20000.000000000000000000,4002.000000000000000000,12000.000000000000000000,1.000000000000000000,4000.000000000000000000,1.000000000000000000,0.011720000000000000,0.003830564711439169
0.588000000000000000,0.588000000000000000,1.210818650674662668,20000.000000000000000000,4002.000000000000000000,12000.000000000000000000,1.000000000000000000,4000.000000000000000000,1.000000000000000000,0.011760000000000000,0.003906887395751814
0.590000000000000000,0.590000000000000000,1.214937081459270364,20000.000000000000000000,4002.000000000000000000,12000.000000000000000000,1.000000000000000000,4000.000000000000000000,1.000000000000000000,0.011800000000000000,0.003983210080064459
0.592000000000000000,0.592000000000000000,1.219055512243878060,20000.000000000000000000,4002.000000000000000000,12000.000000000000000000,1.000000000000000000,4000.000000000000000000,1.000000000000000000,0.011840000000000000,0.004059532764377104
0.594000000000000000,0.594000000000000000,1.223173943028485757,20000.000000000000000000,4002.000000000000000000,12000.000000000000000000,1.000000000000000000,4000.000000000000000000,1.000000000000000000,0.011880000000000000,0.004135855448689749
0.596000000000000000,0.596000000000000000,1.227292373813093453,20000.000000000000000000,4002.000000000000000000,12000.000000000000000000,1.000000000000000000,4000.000000000000000000,1.000000000000000000,0.011920000000000000,0.004212178133002394
0.598000000000000000,0.598000000000000000,1.231410804597701149,20000.000000000000000000,4002.000000000000000000,12000.000000000000000000,1.000000000000000000,4000.000000000000000000,1.000000000000000000,0.011960000000000000,0.004288500817315039
0.600000000000000000,0.600000000000000000,1.235529235382308845,20000.000000000000000000,4002.000000000000000000,12000.000000000000000000,1.000000000000000000,4000.000000000000000000,1.000000000000000000,0.012000000000000000,0.004364823501627684
0.602000000000000000,0.602000000000000000,1.239647666166916541,20000.000000000000000000,4002.000000000000000000,12000.000000000000000000,1.000000000000000000,4000.000000000000000000,1.000000000000000000,0.012040000000000000,0.004441146185940329
0.604000000000000000,0.604000000000000000,1.243766096951524237,20000.000000000000000000,4002.000000000000000000,12000.000000000000000000,1.000000000000000000,4000.000000000000000000,1.000000000000000000,0.012080000000000000,0.004517468870252974
0.606000000000000000,0.606000000000000000,1.247884527736131934,20000.000000000000000000,4002.000000000000000000,12000.000000000000000000,1.000000000000000000,4000.000000000000000000,1.000000000000000000,0.012120000000000000,0.004593791554565619
0.608000000000000000,0.608000000000000000,1.252002958520739630,20000.000000000000000000,4002.000000000000000000,12000.000000000000000000,1.000000000000000000,4000.000000000000000000,1.000000000000000000,0.012160000000000000,0.004670114238878264
0.610000000000000000,0.610000000000000000,1.256121389305347326,20000.000000000000000000,4002.000000000000000000,12000.000000000000000000,1.000000000000000000,4000.000000000000000000,1.000000000000000000,0.012200000000000000,0.004746436923190909
0.612000000000000000,0.612000000000000000,1.260239820089955022,20000.000000000000000000,4002.000000000000000000,12000.000000000000000000,1.000000000000000000,4000.000000000000000000,1.000000000000000000,0.012240000000000000,0.004822759607503554
0.614000000000000000,0.614000000000000000,1.264358250874562718,20000.000000000000000000,4002.000000000000000000,12000.000000000000000000,1.000000000000000000,4000.000000000000000000,1.000000000000000000,0.012280000000000000,0.004899082291816199
0.616000000000000000,0.616000000000000000,1.268476681659170414,20000.000000000000000000,4002.000000000000000000,12000.000000000000000000,1.000000000000000000,4000.000000000000000000,1.000000000000000000,0.012320000000000000,0.004975404976128844
0.618000000000000000,0.618000000000000000,1.272595112443778110,20000.000000000000000000,4002.000000000000000000,12000.000000000000000000,1.000000000000000000,4000.000000000000000000,1.000000000000000000,0.012360000000000000,0.005051727660441489
0.620000000000000000,0.620000000000000000,1.276713543228385807,20000.000000000000000000,4002.000000000000000000,12000.000000000000000000,1.000000000000000000,4000.000000000000000000,1.000000000000000000,0.012400000000000000,0.005128050344754134
0.622000000000000000,0.622000000000000000,1.280831974012993503,20000.000000000000000000,4002.000000000000000000,12000.000000000000000000,1.000000000000000000,4000.000000000000000000,1.000000000000000000,0.012440000000000000,0.005204373029066779
0.624000000000000000,0.624000000000000000,1.284950404797601199,20000.000000000000000000,4002.000000000000000000,12000.000000000000000000,1.000000000000000000,4000.000000000000000000,1.000000000000000000,0.012480000000000000,0.005280695713379424
0.626000000000000000,0.626000000000000000,1.289068835582208895,20000.000000000000000000,4002.000000000000000000,12000.000000000000000000,1.000000000000000000,4000.000000000000000000,1.000000000000000000,0.012520000000000000,0.005357018397692069
0.628000000000000000,0.628000000000000000,1.293187266366816591,20000.000000000000000000,4002.000000000000000000,12000.000000000000000000,1.000000000000000000,4000.000000000000000000,1.000000000000000000,0.012560000000000000,0.005433341082004714
0.630000000000000000,0.630000000000000000,1.297305697151424287,20000.000000000000000000,4002.000000000000000000,12000.000000000000000000,1.000000000000000000,4000.000000000000000000,1.000000000000000000,0.012600000000000000,0.005509663766317359
0.632000000000000000,0.632000000000000000,1.301424127936031984,20000.000000000000000000,4002.000000000000000000,12000.000000000000000000,1.000000000000000000,4000.000000000000000000,1.000000000000000000,0.012640000000000000,0.005585986450630004
0.634000000000000000,0.634000000000000000,1.305542558720639680,20000.000000000000000000,4002.000000000000000000,12000.000000000000000000,1.000000000000000000,4000.000000000000000000,1.000000000000000000,0.012680000000000000,0.005662309134942649
0.636000000000000000,0.636000000000000000,1.309660989505247376,20000.000000000000000000,4002.000000000000000000,12000.000000000000000000,1.000000000000000000,4000.000000000000000000,1.000000000000000000,0.012720000000000000,0.005738631819255294
0.638000000000000000,0.638000000000000000,1.313779420289855072,20000.000000000000000000,4002.000000000000000000,12000.000000000000000000,1.000000000000000000,4000.000000000000000000,1.000000000000000000,0.012760000000000000,0.005814954503567939
0.640000000000000000,0.640000000000000000,1.317897851074462768,20000.000000000000000000,4002.000000000000000000,12000.000000000000000000,1.000000000000000000,4000.000000000000000000,1.000000000000000000,0.012800000000000000,0.005891277187880584
0.642000000000000000,0.642000000000000000,1.322016281859070464,20000.000000000000000000,4002.000000000000000000,12000.000000000000000000,1.000000000000000000,4000.000000000000000000,1.000000000000000000,0.012840000000000000,0.005967599872193229
0.644000000000000000,0.644000000000000000,1.326134712643678160,20000.000000000000000000,4002.000000000000000000,12000.000000000000000000,1.000000000000000000,4000.000000000000000000,1.000000000000000000,0.012880000000000000,0.006043922556505874
0.646000000000000000,0.646000000000000000,1.330253143428285857,20000.000000000000000000,4002.000000000000000000,12000.000000000000000000,1.000000000000000000,4000.000000000000000000,1.000000000000000000,0.012920000000000000,0.006120245240818519
0.648000000000000000,0.648000000000000000,1.334371574212893553,20000.000000000000000000,4002.000000000000000000,12000.000000000000000000,1.000000000000000000,4000.000000000000000000,1.000000000000000000,0.012960000000000000,0.006196567925131164
0.650000000000000000,0.650000000000000000,1.338490004997501249,20000.000000000000000000,4002.000000000000000000,12000.000000000000000000,1.000000000000000000,4000.000000000000000000,1.000000000000000000,0.013000000000000000,0.006272890609443809
0.652000000000000000,0.652000000000000000,1.338880000000000000,20000.000000000000000000,4019.728729963008634584,12000.000000000000000000,14.796547472256480000,4000.000000000000000000,4.932182490752154584,0.013040000000000000,0.006313571836781346
0.654000000000000000,0.654000000000000000,1.338759999999999999,20000.000000000000000000,4039.530574428659671569,12000.000000000000000000,29.647930821494760000,4000.000000000000000000,9.882643607164911569,0.013080000000000000,0.006349565516450762
0.656000000000000000,0.656000000000000000,1.338639999999999999,20000.000000000000000000,4059.405940594059408738,12000.000000000000000000,44.554455445544560000,4000.000000000000000000,14.851485148514848738,0.013120000000000000,0.006385760607105898
0.658000000000000000,0.658000000000000000,1.338519999999999999,20000.000000000000000000,4079.355238685678867138,12000.000000000000000000,59.516429014259160000,4000.000000000000000000,19.838809671419707138,0.013160000000000000,0.006422158920539730
0.660000000000000000,0.660000000000000000,1.338400000000000000,20000.000000000000000000,4099.378881987577644922,12000.000000000000000000,74.534161490683240000,4000.000000000000000000,24.844720496894404922,0.013200000000000000,0.006458762290341237
0.662000000000000000,0.662000000000000000,1.338279999999999999,20000.000000000000000000,4119.477286869943996922,12000.000000000000000000,89.607965152458000000,4000.000000000000000000,29.869321717485996922,0.013240000000000000,0.006495572572224155
0.664000000000000000,0.664000000000000000,1.338160000000000000,20000.000000000000000000,4139.650872817955115199,12000.000000000000000000,104.738154613466340000,4000.000000000000000000,34.912718204488775199,0.013280000000000000,0.006532591644361689
0.666000000000000000,0.666000000000000000,1.338040000000000000,20000.000000000000000000,4159.900062460961906953,12000.000000000000000000,119.925046845721440000,4000.000000000000000000,39.975015615240466953,0.013320000000000000,0.006569821407727325
0.668000000000000000,0.668000000000000000,1.337920000000000000,20000.000000000000000000,4180.225281602002504491,12000.000000000000000000,135.168961201501880000,4000.000000000000000000,45.056320400500624491,0.013360000000000000,0.006607263786441868
0.670000000000000000,0.670000000000000000,1.337800000000000000,20000.000000000000000000,4200.626959247648904307,12000.000000000000000000,150.470219435736680000,4000.000000000000000000,50.156739811912224307,0.013400000000000000,0.006644920728126834
0.672000000000000000,0.672000000000000000,1.337680000000000000,20000.000000000000000000,4221.105527638190956799,12000.000000000000000000,165.829145728643220000,4000.000000000000000000,55.276381909547736799,0.013440000000000000,0.006682794204264342
0.674000000000000000,0.674000000000000000,1.337560000000000000,20000.000000000000000000,4241.661422278162369015,12000.000000000000000000,181.246066708621780000,4000.000000000000000000,60.415355569540589015,0.013480000000000000,0.006720886210563629
0.676000000000000000,0.676000000000000000,1.337440000000000000,20000.000000000000000000,4262.295081967213116800,12000.000000000000000000,196.721311475409840000,4000.000000000000000000,65.573770491803276800,0.013520000000000000,0.006759198767334360
0.678000000000000000,0.678000000000000000,1.337319999999999999,20000.000000000000000000,4283.006948831332920461,12000.000000000000000000,212.255211623499700000,4000.000000000000000000,70.751737207833220461,0.013560000000000000,0.006797733919866841
0.680000000000000000,0.680000000000000000,1.337199999999999999,20000.000000000000000000,4303.797468354430387692,12000.000000000000000000,227.848101265822800000,4000.000000000000000000,75.949367088607587692,0.013600000000000000,0.006836493738819320
0.682000000000000000,0.682000000000000000,1.337079999999999999,20000.000000000000000000,4324.667089410272678953,12000.000000000000000000,243.500317057704520000,4000.000000000000000000,81.166772352568158953,0.013640000000000000,0.006875480320612513
0.684000000000000000,0.684000000000000000,1.336960000000000000,20000.000000000000000000,4345.616264294790344492,12000.000000000000000000,259.212198221092760000,4000.000000000000000000,86.404066073697584492,0.013680000000000000,0.006914695787831513
0.686000000000000000,0.686000000000000000,1.336839999999999999,20000.000000000000000000,4366.645448758752392153,12000.000000000000000000,274.984086569064300000,4000.000000000000000000,91.661362189688092153,0.013720000000000000,0.006954142289635247
0.688000000000000000,0.688000000000000000,1.336719999999999999,20000.000000000000000000,4387.755102040816334522,12000.000000000000000000,290.816326530612260000,4000.000000000000000000,96.938775510204074522,0.013760000000000000,0.006993822002173650
0.690000000000000000,0.690000000000000000,1.336599999999999999,20000.000000000000000000,4408.945686900958471845,12000.000000000000000000,306.709265175718860000,4000.000000000000000000,102.236421725239611845,0.013800000000000000,0.007033737129012719
0.692000000000000000,0.692000000000000000,1.336480000000000000,20000.000000000000000000,4430.217669654289378215,12000.000000000000000000,322.663252240717040000,4000.000000000000000000,107.554417413572338215,0.013840000000000000,0.007073889901567626
0.694000000000000000,0.694000000000000000,1.336360000000000000,20000.000000000000000000,4451.571520205259783814,12000.000000000000000000,338.678640153944840000,4000.000000000000000000,112.892880051314943814,0.013880000000000000,0.007114282579544069
0.696000000000000000,0.696000000000000000,1.336240000000000000,20000.000000000000000000,4473.007712082262211815,12000.000000000000000000,354.755784061696660000,4000.000000000000000000,118.251928020565551815,0.013920000000000000,0.007154917451388039
0.698000000000000000,0.698000000000000000,1.336119999999999999,20000.000000000000000000,4494.526722472633618122,12000.000000000000000000,370.895041854475220000,4000.000000000000000000,123.631680618158398122,0.013960000000000000,0.007195796834744203
0.700000000000000000,0.700000000000000000,1.335999999999999999,20000.000000000000000000,4516.129032258064523076,12000.000000000000000000,387.096774193548400000,4000.000000000000000000,129.032258064516123076,0.014000000000000000,0.007236923076923076
0.702000000000000000,0.702000000000000000,1.335880000000000000,20000.000000000000000000,4537.815126050420175600,12000.000000000000000000,403.361344537815140000,4000.000000000000000000,134.453781512605035600,0.014040000000000000,0.007278298555377207
0.704000000000000000,0.704000000000000000,1.335760000000000000,20000.000000000000000000,4559.585492227979276799,12000.000000000000000000,419.689119170984460000,4000.000000000000000000,139.896373056994816799,0.014080000000000000,0.007319925678186547
0.706000000000000000,0.706000000000000000,1.335640000000000000,20000.000000000000000000,4581.440622972096046338,12000.000000000000000000,436.080467229072040000,4000.000000000000000000,145.360155743024006338,0.014120000000000000,0.007361806884553249
0.708000000000000000,0.708000000000000000,1.335519999999999999,20000.000000000000000000,4603.381014304291295261,12000.000000000000000000,452.535760728218480000,4000.000000000000000000,150.845253576072815261,0.014160000000000000,0.007403944645306071
0.710000000000000000,0.710000000000000000,1.335400000000000000,20000.000000000000000000,4625.407166123778503692,12000.000000000000000000,469.055374592833880000,4000.000000000000000000,156.351791530944623692,0.014200000000000000,0.007446341463414634
0.712000000000000000,0.712000000000000000,1.335279999999999999,20000.000000000000000000,4647.519582245430816491,12000.000000000000000000,485.639686684073120000,4000.000000000000000000,161.879895561357696491,0.014240000000000000,0.007488999874513740
0.714000000000000000,0.714000000000000000,1.335160000000000000,20000.000000000000000000,4669.718770438194901938,12000.000000000000000000,502.289077828646180000,4000.000000000000000000,167.429692609548721938,0.014280000000000000,0.007531922447437995
0.716000000000000000,0.716000000000000000,1.335039999999999999,20000.000000000000000000,4692.005242463958068430,12000.000000000000000000,519.003931847968560000,4000.000000000000000000,173.001310615989508430,0.014320000000000000,0.007575111784766957
0.718000000000000000,0.718000000000000000,1.334919999999999999,20000.000000000000000000,4714.379514116874599446,12000.000000000000000000,535.784635587655960000,4000.000000000000000000,178.594878529218639446,0.014360000000000000,0.007618570523381067
0.720000000000000000,0.720000000000000000,1.334799999999999999,20000.000000000000000000,4736.842105263157905230,12000.000000000000000000,552.631578947368440000,4000.000000000000000000,184.210526315789465230,0.014400000000000000,0.007662301335028607
0.722000000000000000,0.722000000000000000,1.334680000000000000,20000.000000000000000000,4759.393539881344765199,12000.000000000000000000,569.545154911008580000,4000.000000000000000000,189.848384970336185199,0.014440000000000000,0.007706306926903941
0.724000000000000000,0.724000000000000000,1.334560000000000000,20000.000000000000000000,4782.034346103038313661,12000.000000000000000000,586.525759577278740000,4000.000000000000000000,195.508586525759573661,0.014480000000000000,0.007750590042237296
0.726000000000000000,0.726000000000000000,1.334439999999999999,20000.000000000000000000,4804.765056254136339046,12000.000000000000000000,603.573792190602260000,4000.000000000000000000,201.191264063534079046,0.014520000000000000,0.007795153460896365
0.728000000000000000,0.728000000000000000,1.334319999999999999,20000.000000000000000000,4827.586206896551728000,12000.000000000000000000,620.689655172413800000,4000.000000000000000000,206.896551724137928000,0.014560000000000000,0.007839999999999999
0.730000000000000000,0.730000000000000000,1.334199999999999999,20000.000000000000000000,4850.498338870431904768,12000.000000000000000000,637.873754152823940000,4000.000000000000000000,212.624584717607964768,0.014600000000000000,0.007885132514544279
0.732000000000000000,0.732000000000000000,1.334080000000000000,20000.000000000000000000,4873.501997336884156799,12000.000000000000000000,655.126498002663120000,4000.000000000000000000,218.375499334221036799,0.014640000000000000,0.007930553898041250
0.734000000000000000,0.734000000000000000,1.333959999999999999,20000.000000000000000000,4896.597731821214150061,12000.000000000000000000,672.448298865910620000,4000.000000000000000000,224.149432955303530061,0.014680000000000000,0.007976267083170636
0.736000000000000000,0.736000000000000000,1.333840000000000000,20000.000000000000000000,4919.786096256684498215,12000.000000000000000000,689.839572192513380000,4000.000000000000000000,229.946524064171118215,0.014720000000000000,0.008022275042444821
0.738000000000000000,0.738000000000000000,1.333719999999999999,20000.000000000000000000,4943.067649028801080891,12000.000000000000000000,707.300736771600820000,4000.000000000000000000,235.766912257200260891,0.014760000000000000,0.008068580788887432
0.740000000000000000,0.740000000000000000,1.333600000000000000,20000.000000000000000000,4966.442953020134233230,12000.000000000000000000,724.832214765100680000,4000.000000000000000000,241.610738255033553230,0.014800000000000000,0.008115187376725838
0.742000000000000000,0.742000000000000000,1.333480000000000000,20000.000000000000000000,4989.912575655682584215,12000.000000000000000000,742.434431741761940000,4000.000000000000000000,247.478143913920644215,0.014840000000000000,0.008162097902097902
0.744000000000000000,0.744000000000000000,1.333359999999999999,20000.000000000000000000,5013.477088948787063999,12000.000000000000000000,760.107816711590300000,4000.000000000000000000,253.369272237196763999,0.014880000000000000,0.008209315503773335
0.746000000000000000,0.746000000000000000,1.333240000000000000,20000.000000000000000000,5037.137069547602977722,12000.000000000000000000,777.852802160702240000,4000.000000000000000000,259.284267386900737722,0.014920000000000000,0.008256843363889996
0.748000000000000000,0.748000000000000000,1.333120000000000000,20000.000000000000000000,5060.893098782138025353,12000.000000000000000000,795.669824086603520000,4000.000000000000000000,265.223274695534505353,0.014960000000000000,0.008304684708705505
0.750000000000000000,0.750000000000000000,1.332999999999999999,20000.000000000000000000,5084.745762711864415384,12000.000000000000000000,813.559322033898320000,4000.000000000000000000,271.186440677966095384,0.015000000000000000,0.008352842809364548
0.752000000000000000,0.752000000000000000,1.332879999999999999,20000.000000000000000000,5108.695652173913053538,12000.000000000000000000,831.521739130434800000,4000.000000000000000000,277.173913043478253538,0.015040000000000000,0.008401320982682239
0.754000000000000000,0.754000000000000000,1.332759999999999999,20000.000000000000000000,5132.743362831858415600,12000.000000000000000000,849.557522123893820000,4000.000000000000000000,283.185840707964595600,0.015080000000000000,0.008450122591943957
0.756000000000000000,0.756000000000000000,1.332640000000000000,20000.000000000000000000,5156.889495225102319568,12000.000000000000000000,867.667121418826740000,4000.000000000000000000,289.222373806275579568,0.015120000000000000,0.008499251047722049
0.758000000000000000,0.758000000000000000,1.332519999999999999,20000.000000000000000000,5181.134654818865351661,12000.000000000000000000,885.850991114149020000,4000.000000000000000000,295.283663704716331661,0.015160000000000000,0.008548709808709808
0.760000000000000000,0.760000000000000000,1.332399999999999999,20000.000000000000000000,5205.479452054794526153,12000.000000000000000000,904.109589041095900000,4000.000000000000000000,301.369863013698626153,0.015200000000000000,0.008598502382573179
0.762000000000000000,0.762000000000000000,1.332279999999999999,20000.000000000000000000,5229.924502402196305292,12000.000000000000000000,922.443376801647240000,4000.000000000000000000,307.481125600549065292,0.015240000000000000,0.008648632326820603
0.764000000000000000,0.764000000000000000,1.332159999999999999,20000.000000000000000000,5254.470426409903722461,12000.000000000000000000,940.852819807427800000,4000.000000000000000000,313.617606602475922461,0.015280000000000000,0.008699103249691484
0.766000000000000000,0.766000000000000000,1.332039999999999999,20000.000000000000000000,5279.117849758787053692,12000.000000000000000000,959.338387319090300000,4000.000000000000000000,319.779462439696753692,0.015320000000000000,0.008749918811063712
0.768000000000000000,0.768000000000000000,1.331919999999999999,20000.000000000000000000,5303.867403314917135753,12000.000000000000000000,977.900552486187860000,4000.000000000000000000,325.966850828729275753,0.015360000000000000,0.008801082723380748
0.770000000000000000,0.770000000000000000,1.331799999999999999,20000.000000000000000000,5328.719723183391007846,12000.000000000000000000,996.539792387543260000,4000.000000000000000000,332.179930795847747846,0.015400000000000000,0.008852598752598752
0.772000000000000000,0.772000000000000000,1.331679999999999999,20000.000000000000000000,5353.675450762829407938,12000.000000000000000000,1015.256588072122060000,4000.000000000000000000,338.418862690707347938,0.015440000000000000,0.008904470719154263
0.774000000000000000,0.774000000000000000,1.331560000000000000,20000.000000000000000000,5378.735232800555943876,12000.000000000000000000,1034.051424600416960000,4000.000000000000000000,344.683808200138983876,0.015480000000000000,0.008956702498952952
0.776000000000000000,0.776000000000000000,1.331440000000000000,20000.000000000000000000,5403.899721448467969599,12000.000000000000000000,1052.924791086350980000,4000.000000000000000000,350.974930362116989599,0.015520000000000000,0.009009298024379991
0.778000000000000000,0.778000000000000000,1.331319999999999999,20000.000000000000000000,5429.169574319609218276,12000.000000000000000000,1071.877180739706920000,4000.000000000000000000,357.292393579902298276,0.015560000000000000,0.009062261285332583
0.780000000000000000,0.780000000000000000,1.331199999999999999,20000.000000000000000000,5454.545454545454552000,12000.000000000000000000,1090.909090909090920000,4000.000000000000000000,363.636363636363632000,0.015600000000000000,0.009115596330275229
0.782000000000000000,0.782000000000000000,1.331079999999999999,20000.000000000000000000,5480.028030833917319999,12000.000000000000000000,1110.021023125438000000,4000.000000000000000000,370.007007708479319999,0.015640000000000000,0.009169307267318317
0.784000000000000000,0.784000000000000000,1.330960000000000000,20000.000000000000000000,5505.617977528089890215,12000.000000000000000000,1129.213483146067420000,4000.000000000000000000,376.404494382022470215,0.015680000000000000,0.009223398265320631
0.786000000000000000,0.786000000000000000,1.330840000000000000,20000.000000000000000000,5531.315974665728366215,12000.000000000000000000,1148.486980999296280000,4000.000000000000000000,382.828993666432086215,0.015720000000000000,0.009277873555016412
0.788000000000000000,0.788000000000000000,1.330719999999999999,20000.000000000000000000,5557.122708039492253538,12000.000000000000000000,1167.842031029619200000,4000.000000000000000000,389.280677009873053538,0.015760000000000000,0.009332737430167597
0.790000000000000000,0.790000000000000000,1.330599999999999999,20000.000000000000000000,5583.038869257950531538,12000.000000000000000000,1187.279151943462900000,4000.000000000000000000,395.759717314487631538,0.015800000000000000,0.009387994248741912
0.792000000000000000,0.792000000000000000,1.330480000000000000,20000.000000000000000000,5609.065155807365439507,12000.000000000000000000,1206.798866855524080000,4000.000000000000000000,402.266288951841359507,0.015840000000000000,0.009443648434117477
0.794000000000000000,0.794000000000000000,1.330360000000000000,20000.000000000000000000,5635.202271114265438092,12000.000000000000000000,1226.401703335699080000,4000.000000000000000000,408.800567778566358092,0.015880000000000000,0.009499704476314645
0.796000000000000000,0.796000000000000000,1.330239999999999999,20000.000000000000000000,5661.450924608819352246,12000.000000000000000000,1246.088193456614520000,4000.000000000000000000,415.362731152204832246,0.015920000000000000,0.009556166933255780
0.798000000000000000,0.798000000000000000,1.330119999999999999,20000.000000000000000000,5687.811831789023532830,12000.000000000000000000,1265.858873841767660000,4000.000000000000000000,421.952957947255872830,0.015960000000000000,0.009613040432053714
0.800000000000000000,0.800000000000000000,1.330000000000000000,20000.000000000000000000,5714.285714285714289230,12000.000000000000000000,1285.714285714285720000,4000.000000000000000000,428.571428571428569230,0.016000000000000000,0.009670329670329670
0.802000000000000000,0.802000000000000000,1.329880000000000000,20000.000000000000000000,5740.873299928418045445,12000.000000000000000000,1305.654974946313540000,4000.000000000000000000,435.218324982104505445,0.016040000000000000,0.009728039417561406
0.804000000000000000,0.804000000000000000,1.329760000000000000,20000.000000000000000000,5767.575322812051651507,12000.000000000000000000,1325.681492109038740000,4000.000000000000000000,441.893830703012911507,0.016080000000000000,0.009786174516462424
0.806000000000000000,0.806000000000000000,1.329639999999999999,20000.000000000000000000,5794.392523364485990000,12000.000000000000000000,1345.794392523364500000,4000.000000000000000000,448.598130841121490000,0.016120000000000000,0.009844739884393063
0.808000000000000000,0.808000000000000000,1.329519999999999999,20000.000000000000000000,5821.325648414985595076,12000.000000000000000000,1365.994236311239200000,4000.000000000000000000,455.331412103746395076,0.016160000000000000,0.009903740514804344
0.810000000000000000,0.810000000000000000,1.329400000000000000,20000.000000000000000000,5848.375451263537912615,12000.000000000000000000,1386.281588447653440000,4000.000000000000000000,462.093862815884472615,0.016200000000000000,0.009963181478715459
0.812000000000000000,0.812000000000000000,1.329280000000000000,20000.000000000000000000,5875.542691751085384984,12000.000000000000000000,1406.657018813314040000,4000.000000000000000000,468.885672937771344984,0.016240000000000000,0.010023067926225820
0.814000000000000000,0.814000000000000000,1.329159999999999999,20000.000000000000000000,5902.828136330674413446,12000.000000000000000000,1427.121102248005820000,4000.000000000000000000,475.707034082668593446,0.016280000000000000,0.010083405088062622
0.816000000000000000,0.816000000000000000,1.329039999999999999,20000.000000000000000000,5930.232558139534894522,12000.000000000000000000,1447.674418604651180000,4000.000000000000000000,482.558139534883714522,0.016320000000000000,0.010144198277164878
0.818000000000000000,0.818000000000000000,1.328920000000000000,20000.000000000000000000,5957.756737072104879907,12000.000000000000000000,1468.317552804078660000,4000.000000000000000000,489.439184268026219907,0.016360000000000000,0.010205452890304961
0.820000000000000000,0.820000000000000000,1.328799999999999999,20000.000000000000000000,5985.401459854014605538,12000.000000000000000000,1489.051094890510960000,4000.000000000000000000,496.350364963503645538,0.016400000000000000,0.010267174409748667
0.822000000000000000,0.822000000000000000,1.328680000000000000,20000.000000000000000000,6013.167520117044631199,12000.000000000000000000,1509.875640087783480000,4000.000000000000000000,503.291880029261151199,0.016440000000000000,0.010329368404954886
0.824000000000000000,0.824000000000000000,1.328559999999999999,20000.000000000000000000,6041.055718475073323076,12000.000000000000000000,1530.791788856305000000,4000.000000000000000000,510.263929618768323076,0.016480000000000000,0.010392040534315983
0.826000000000000000,0.826000000000000000,1.328439999999999999,20000.000000000000000000,6069.066862601028660768,12000.000000000000000000,1551.800146950771500000,4000.000000000000000000,517.266715650257160768,0.016520000000000000,0.010455196546940033
0.828000000000000000,0.828000000000000000,1.328320000000000000,20000.000000000000000000,6097.201767304860097107,12000.000000000000000000,1572.901325478645080000,4000.000000000000000000,524.300441826215017107,0.016560000000000000,0.010518842284476087
0.830000000000000000,0.830000000000000000,1.328199999999999999,20000.000000000000000000,6125.461254612546129230,12000.000000000000000000,1594.095940959409600000,4000.000000000000000000,531.365313653136529230,0.016600000000000000,0.010582983682983682
0.832000000000000000,0.832000000000000000,1.328079999999999999,20000.000000000000000000,6153.846153846153856000,12000.000000000000000000,1615.384615384615400000,4000.000000000000000000,538.461538461538456000,0.016640000000000000,0.010647626774847870
0.834000000000000000,0.834000000000000000,1.327959999999999999,20000.000000000000000000,6182.357301704966653845,12000.000000000000000000,1636.767976278725000000,4000.000000000000000000,545.589325426241653845,0.016680000000000000,0.010712777690741030
0.836000000000000000,0.836000000000000000,1.327840000000000000,20000.000000000000000000,6210.995542347696879815,12000.000000000000000000,1658.246656760772660000,4000.000000000000000000,552.748885586924219815,0.016720000000000000,0.010778442661632845
0.838000000000000000,0.838000000000000000,1.327720000000000000,20000.000000000000000000,6239.761727475800449938,12000.000000000000000000,1679.821295606850340000,4000.000000000000000000,559.940431868950109938,0.016760000000000000,0.010844628020849786
0.840000000000000000,0.840000000000000000,1.327600000000000000,20000.000000000000000000,6268.656716417910450461,12000.000000000000000000,1701.492537313432840000,4000.000000000000000000,567.164179104477610461,0.016800000000000000,0.010911340206185567
0.842000000000000000,0.842000000000000000,1.327480000000000000,20000.000000000000000000,6297.681376215407640830,12000.000000000000000000,1723.261032161555740000,4000.000000000000000000,574.420344053851900830,0.016840000000000000,0.010978585762064022
0.844000000000000000,0.844000000000000000,1.327360000000000000,20000.000000000000000000,6326.836581709145433476,12000.000000000000000000,1745.127436281859080000,4000.000000000000000000,581.709145427286353476,0.016880000000000000,0.011046371341755957
0.846000000000000000,0.846000000000000000,1.327239999999999999,20000.000000000000000000,6356.123215627347862615,12000.000000000000000000,1767.092411720510900000,4000.000000000000000000,589.030803906836962615,0.016920000000000000,0.011114703709651517
0.848000000000000000,0.848000000000000000,1.327119999999999999,20000.000000000000000000,6385.542168674698797538,12000.000000000000000000,1789.156626506024100000,4000.000000000000000000,596.385542168674697538,0.016960000000000000,0.011183589743589743
0.850000000000000000,0.850000000000000000,1.327000000000000000,20000.000000000000000000,6415.094339622641514614,12000.000000000000000000,1811.320754716981140000,4000.000000000000000000,603.773584905660374614,0.017000000000000000,0.011253036437246963
0.852000000000000000,0.852000000000000000,1.326879999999999999,20000.000000000000000000,6444.780635400907724307,12000.000000000000000000,1833.585476550680800000,4000.000000000000000000,611.195158850226924307,0.017040000000000000,0.011323050902585786
0.854000000000000000,0.854000000000000000,1.326760000000000000,20000.000000000000000000,6474.601971190295679261,12000.000000000000000000,1855.951478392721760000,4000.000000000000000000,618.650492797573919261,0.017080000000000000,0.011393640372366487
0.856000000000000000,0.856000000000000000,1.326639999999999999,20000.000000000000000000,6504.559270516717329230,12000.000000000000000000,1878.419452887538000000,4000.000000000000000000,626.139817629179329230,0.017120000000000000,0.011464812202722650
0.858000000000000000,0.858000000000000000,1.326519999999999999,20000.000000000000000000,6534.653465346534660000,12000.000000000000000000,1900.990099009901000000,4000.000000000000000000,633.663366336633660000,0.017160000000000000,0.011536573875802997
0.860000000000000000,0.860000000000000000,1.326399999999999999,20000.000000000000000000,6564.885496183206119999,12000.000000000000000000,1923.664122137404600000,4000.000000000000000000,641.221374045801519999,0.017200000000000000,0.011608933002481389
0.862000000000000000,0.862000000000000000,1.326280000000000000,20000.000000000000000000,6595.256312165263968276,12000.000000000000000000,1946.442234123947980000,4000.000000000000000000,648.814078041315988276,0.017240000000000000,0.011681897325137065
0.864000000000000000,0.864000000000000000,1.326160000000000000,20000.000000000000000000,6625.766871165644179199,12000.000000000000000000,1969.325153374233140000,4000.000000000000000000,656.441717791411039199,0.017280000000000000,0.011755474720507258
0.866000000000000000,0.866000000000000000,1.326039999999999999,20000.000000000000000000,6656.418139892390474430,12000.000000000000000000,1992.313604919292860000,4000.000000000000000000,664.104534973097614430,0.017320000000000000,0.011829673202614379
0.868000000000000000,0.868000000000000000,1.325920000000000000,20000.000000000000000000,6687.211093990755010522,12000.000000000000000000,2015.408320493066260000,4000.000000000000000000,671.802773497688750522,0.017360000000000000,0.011904500925770072
0.870000000000000000,0.870000000000000000,1.325800000000000000,20000.000000000000000000,6718.146718146718153384,12000.000000000000000000,2038.610038610038620000,4000.000000000000000000,679.536679536679533384,0.017400000000000000,0.011979966187658495
0.872000000000000000,0.872000000000000000,1.325679999999999999,20000.000000000000000000,6749.226006191950472245,12000.000000000000000000,2061.919504643962860000,4000.000000000000000000,687.306501547987612245,0.017440000000000000,0.012056077432501273
0.874000000000000000,0.874000000000000000,1.325560000000000000,20000.000000000000000000,6780.449961210240501630,12000.000000000000000000,2085.337470907680380000,4000.000000000000000000,695.112490302560121630,0.017480000000000000,0.012132843254306668
0.876000000000000000,0.876000000000000000,1.325439999999999999,20000.000000000000000000,6811.819595645412131999,12000.000000000000000000,2108.864696734059100000,4000.000000000000000000,702.954898911353031999,0.017520000000000000,0.012210272400205585
0.878000000000000000,0.878000000000000000,1.325320000000000000,20000.000000000000000000,6843.335931410756047015,12000.000000000000000000,2132.501948558067040000,4000.000000000000000000,710.833982852689007015,0.017560000000000000,0.012288373773877129
0.880000000000000000,0.880000000000000000,1.325200000000000000,20000.000000000000000000,6874.999999999999999999,12000.000000000000000000,2156.250000000000000000,4000.000000000000000000,718.749999999999999999,0.017600000000000000,0.012367156439066551
0.882000000000000000,0.882000000000000000,1.325080000000000000,20000.000000000000000000,6906.812842599843384830,12000.000000000000000000,2180.109631949882540000,4000.000000000000000000,726.703210649960844830,0.017640000000000000,0.012446629623198471
0.884000000000000000,0.884000000000000000,1.324960000000000000,20000.000000000000000000,6938.775510204081643200,12000.000000000000000000,2204.081632653061240000,4000.000000000000000000,734.693877551020403200,0.017680000000000000,0.012526802721088435
0.886000000000000000,0.886000000000000000,1.324840000000000000,20000.000000000000000000,6970.889063729346978953,12000.000000000000000000,2228.166797797010240000,4000.000000000000000000,742.722265932336738953,0.017720000000000000,0.012607685298755913
0.888000000000000000,0.888000000000000000,1.324719999999999999,20000.000000000000000000,7003.154574132492123692,12000.000000000000000000,2252.365930599369100000,4000.000000000000000000,750.788643533123023692,0.017760000000000000,0.012689287097342017
0.890000000000000000,0.890000000000000000,1.324599999999999999,20000.000000000000000000,7035.573122529644281384,12000.000000000000000000,2276.679841897233220000,4000.000000000000000000,758.893280632411061384,0.017800000000000000,0.012771618037135278
0.892000000000000000,0.892000000000000000,1.324479999999999999,20000.000000000000000000,7068.145800316957218953,12000.000000000000000000,2301.109350237717920000,4000.000000000000000000,767.036450079239298953,0.017840000000000000,0.012854688221709006
0.894000000000000000,0.894000000000000000,1.324360000000000000,20000.000000000000000000,7100.873709293089756984,12000.000000000000000000,2325.655281969817320000,4000.000000000000000000,775.218427323272436984,0.017880000000000000,0.012938507942173835
0.896000000000000000,0.896000000000000000,1.324240000000000000,20000.000000000000000000,7133.757961783439491938,12000.000000000000000000,2350.318471337579620000,4000.000000000000000000,783.439490445859871938,0.017920000000000000,0.013023087681549220
0.898000000000000000,0.898000000000000000,1.324120000000000000,20000.000000000000000000,7166.799680766161220122,12000.000000000000000000,2375.099760574620920000,4000.000000000000000000,791.699920191540300122,0.017960000000000000,0.013108438119257791
0.900000000000000000,0.900000000000000000,1.324000000000000000,20000.000000000000000000,7199.999999999999999999,12000.000000000000000000,2400.000000000000000000,4000.000000000000000000,799.999999999999999999,0.018000000000000000,0.013194570135746606
0.902000000000000000,0.902000000000000000,1.323879999999999999,20000.000000000000000000,7233.360064153969537168,12000.000000000000000000,2425.020048115477160000,4000.000000000000000000,808.340016038492377168,0.018040000000000000,0.013281494817239498
0.904000000000000000,0.904000000000000000,1.323760000000000000,20000.000000000000000000,7266.881028938906763322,12000.000000000000000000,2450.160771704180080000,4000.000000000000000000,816.720257234726683322,0.018080000000000000,0.013369223460624885
0.906000000000000000,0.906000000000000000,1.323639999999999999,20000.000000000000000000,7300.564061240934738738,12000.000000000000000000,2475.423045930701060000,4000.000000000000000000,825.141015310233678738,0.018120000000000000,0.013457767578483568
0.908000000000000000,0.908000000000000000,1.323520000000000000,20000.000000000000000000,7334.410339256865916553,12000.000000000000000000,2500.807754442649440000,4000.000000000000000000,833.602584814216476553,0.018160000000000000,0.013547138904261206
0.910000000000000000,0.910000000000000000,1.323400000000000000,20000.000000000000000000,7368.421052631578954000,12000.000000000000000000,2526.315789473684220000,4000.000000000000000000,842.105263157894734000,0.018200000000000000,0.013637349397590361
0.912000000000000000,0.912000000000000000,1.323279999999999999,20000.000000000000000000,7402.597402597402605784,12000.000000000000000000,2551.948051948051960000,4000.000000000000000000,850.649350649350645784,0.018240000000000000,0.013728411249767181
0.914000000000000000,0.914000000000000000,1.323160000000000000,20000.000000000000000000,7436.940602115541091907,12000.000000000000000000,2577.705451586655820000,4000.000000000000000000,859.235150528885271907,0.018280000000000000,0.013820336889387984
0.916000000000000000,0.916000000000000000,1.323039999999999999,20000.000000000000000000,7471.451876019575861845,12000.000000000000000000,2603.588907014681900000,4000.000000000000000000,867.862969004893961845,0.018320000000000000,0.013913138988151213
0.918000000000000000,0.918000000000000000,1.322919999999999999,20000.000000000000000000,7506.132461161079323846,12000.000000000000000000,2629.599345870809500000,4000.000000000000000000,876.533115290269823846,0.018360000000000000,0.014006830466830466
0.920000000000000000,0.920000000000000000,1.322799999999999999,20000.000000000000000000,7540.983606557377058461,12000.000000000000000000,2655.737704918032800000,4000.000000000000000000,885.245901639344258461,0.018400000000000000,0.014101424501424501
0.922000000000000000,0.922000000000000000,1.322680000000000000,20000.000000000000000000,7576.006573541495487415,12000.000000000000000000,2682.004930156121620000,4000.000000000000000000,894.001643385373867415,0.018440000000000000,0.014196934529490360
0.924000000000000000,0.924000000000000000,1.322559999999999999,20000.000000000000000000,7611.202635914332792615,12000.000000000000000000,2708.401976935749600000,4000.000000000000000000,902.800658978583192615,0.018480000000000000,0.014293374256666027
0.926000000000000000,0.926000000000000000,1.322439999999999999,20000.000000000000000000,7646.573080099091670584,12000.000000000000000000,2734.929810074318760000,4000.000000000000000000,911.643270024772910584,0.018520000000000000,0.014390757663389242
0.928000000000000000,0.928000000000000000,1.322320000000000000,20000.000000000000000000,7682.119205298013249476,12000.000000000000000000,2761.589403973509940000,4000.000000000000000000,920.529801324503309476,0.018560000000000000,0.014489099011819414
0.930000000000000000,0.930000000000000000,1.322200000000000000,20000.000000000000000000,7717.842323651452288153,12000.000000000000000000,2788.381742738589220000,4000.000000000000000000,929.460580912863068153,0.018600000000000000,0.014588412852969814
0.932000000000000000,0.932000000000000000,1.322080000000000000,20000.000000000000000000,7753.743760399334448368,12000.000000000000000000,2815.307820299500840000,4000.000000000000000000,938.435940099833608368,0.018640000000000000,0.014688714034057545
0.934000000000000000,0.934000000000000000,1.321959999999999999,20000.000000000000000000,7789.824854045037539569,12000.000000000000000000,2842.368640533778160000,4000.000000000000000000,947.456213511259379569,0.018680000000000000,0.014790017706079087
0.936000000000000000,0.936000000000000000,1.321839999999999999,20000.000000000000000000,7826.086956521739139200,12000.000000000000000000,2869.565217391304360000,4000.000000000000000000,956.521739130434779200,0.018720000000000000,0.014892339331619537
0.938000000000000000,0.938000000000000000,1.321720000000000000,20000.000000000000000000,7862.531433361274103107,12000.000000000000000000,2896.898575020955580000,4000.000000000000000000,965.632858340318523107,0.018760000000000000,0.014995694692903995
0.940000000000000000,0.940000000000000000,1.321600000000000000,20000.000000000000000000,7899.159663865546230153,12000.000000000000000000,2924.369747899159680000,4000.000000000000000000,974.789915966386550153,0.018800000000000000,0.015100099900099900
0.942000000000000000,0.942000000000000000,1.321479999999999999,20000.000000000000000000,7935.973041280539188307,12000.000000000000000000,2951.979780960404400000,4000.000000000000000000,983.993260320134788307,0.018840000000000000,0.015205571399879493
0.944000000000000000,0.944000000000000000,1.321360000000000000,20000.000000000000000000,7972.972972972972980430,12000.000000000000000000,2979.729729729729740000,4000.000000000000000000,993.243243243243240430,0.018880000000000000,0.015312125984251968
0.946000000000000000,0.946000000000000000,1.321240000000000000,20000.000000000000000000,8010.160880609652845722,12000.000000000000000000,3007.620660457239640000,4000.000000000000000000,1002.540220152413205722,0.018920000000000000,0.015419780799675258
0.948000000000000000,0.948000000000000000,1.321120000000000000,20000.000000000000000000,8047.538200339558580861,12000.000000000000000000,3035.653650254668940000,4000.000000000000000000,1011.884550084889640861,0.018960000000000000,0.015528553356457865
0.950000000000000000,0.950000000000000000,1.320999999999999999,20000.000000000000000000,8085.106382978723409230,12000.000000000000000000,3063.829787234042560000,4000.000000000000000000,1021.276595744680849230,0.019000000000000000,0.015638461538461538
0.952000000000000000,0.952000000000000000,1.320880000000000000,20000.000000000000000000,8122.866894197952230276,12000.000000000000000000,3092.150170648464180000,4000.000000000000000000,1030.716723549488050276,0.019040000000000000,0.015749523613116106
0.954000000000000000,0.954000000000000000,1.320760000000000000,20000.000000000000000000,8160.821214713430288368,12000.000000000000000000,3120.615911035072720000,4000.000000000000000000,1040.205303678357568368,0.019080000000000000,0.015861758241758241
0.956000000000000000,0.956000000000000000,1.320640000000000000,20000.000000000000000000,8198.970840480274448491,12000.000000000000000000,3149.228130360205840000,4000.000000000000000000,1049.742710120068608491,0.019120000000000000,0.015975184490306441
0.958000000000000000,0.958000000000000000,1.320520000000000000,20000.000000000000000000,8237.317282889079969876,12000.000000000000000000,3177.987962166809980000,4000.000000000000000000,1059.329320722269989876,0.019160000000000000,0.016089821840285055
0.960000000000000000,0.960000000000000000,1.320400000000000000,20000.000000000000000000,8275.862068965517247999,12000.000000000000000000,3206.896551724137940000,4000.000000000000000000,1068.965517241379307999,0.019200000000000000,0.016205690200210748
0.962000000000000000,0.962000000000000000,1.320279999999999999,20000.000000000000000000,8314.606741573033722000,12000.000000000000000000,3235.955056179775300000,4000.000000000000000000,1078.651685393258422000,0.019240000000000000,0.016322809917355371
0.964000000000000000,0.964000000000000000,1.320160000000000000,20000.000000000000000000,8353.552859618717513045,12000.000000000000000000,3265.164644714038140000,4000.000000000000000000,1088.388214904679373045,0.019280000000000000,0.016441201789899850
0.966000000000000000,0.966000000000000000,1.320039999999999999,20000.000000000000000000,8392.701998262380550553,12000.000000000000000000,3294.526498696785420000,4000.000000000000000000,1098.175499565595130553,0.019320000000000000,0.016560887079494321
0.968000000000000000,0.968000000000000000,1.319919999999999999,20000.000000000000000000,8432.055749128919863999,12000.000000000000000000,3324.041811846689900000,4000.000000000000000000,1108.013937282229963999,0.019360000000000000,0.016681887524240465
0.970000000000000000,0.970000000000000000,1.319799999999999999,20000.000000000000000000,8471.615720524017481846,12000.000000000000000000,3353.711790393013120000,4000.000000000000000000,1117.903930131004361846,0.019400000000000000,0.016804225352112676
0.972000000000000000,0.972000000000000000,1.319679999999999999,20000.000000000000000000,8511.383537653239939322,12000.000000000000000000,3383.537653239929960000,4000.000000000000000000,1127.845884413309979322,0.019440000000000000,0.016927923294835476
0.974000000000000000,0.974000000000000000,1.319559999999999999,20000.000000000000000000,8551.360842844600530461,12000.000000000000000000,3413.520632133450400000,4000.000000000000000000,1137.840210711150130461,0.019480000000000000,0.017053004602235371
0.976000000000000000,0.976000000000000000,1.319440000000000000,20000.000000000000000000,8591.549295774647890707,12000.000000000000000000,3443.661971830985920000,4000.000000000000000000,1147.887323943661970707,0.019520000000000000,0.017179493057086180
0.978000000000000000,0.978000000000000000,1.319319999999999999,20000.000000000000000000,8631.950573698146524769,12000.000000000000000000,3473.962930273609900000,4000.000000000000000000,1157.987643424536624769,0.019560000000000000,0.017307412990467745
0.980000000000000000,0.980000000000000000,1.319199999999999999,20000.000000000000000000,8672.566371681415939076,12000.000000000000000000,3504.424778761061960000,4000.000000000000000000,1168.141592920353979076,0.019600000000000000,0.017436789297658862
0.982000000000000000,0.982000000000000000,1.319080000000000000,20000.000000000000000000,8713.398402839396634891,12000.000000000000000000,3535.048802129547480000,4000.000000000000000000,1178.349600709849154891,0.019640000000000000,0.017567647454586230
0.984000000000000000,0.984000000000000000,1.318959999999999999,20000.000000000000000000,8754.448398576512469415,12000.000000000000000000,3565.836298932384360000,4000.000000000000000000,1188.612099644128109415,0.019680000000000000,0.017700013534852244
0.986000000000000000,0.986000000000000000,1.318839999999999999,20000.000000000000000000,8795.718108831400549322,12000.000000000000000000,3596.788581623550420000,4000.000000000000000000,1198.929527207850129322,0.019720000000000000,0.017833914227365554
0.988000000000000000,0.988000000000000000,1.318719999999999999,20000.000000000000000000,8837.209302325581405600,12000.000000000000000000,3627.906976744186060000,4000.000000000000000000,1209.302325581395345600,0.019760000000000000,0.017969376854599406
0.990000000000000000,0.990000000000000000,1.318600000000000000,20000.000000000000000000,8878.923766816143510461,12000.000000000000000000,3659.192825112107640000,4000.000000000000000000,1219.730941704035870461,0.019800000000000000,0.018106429391504018
0.992000000000000000,0.992000000000000000,1.318479999999999999,20000.000000000000000000,8920.863309352517993845,12000.000000000000000000,3690.647482014388500000,4000.000000000000000000,1230.215827338129493845,0.019840000000000000,0.018245100485100485
0.994000000000000000,0.994000000000000000,1.318360000000000000,20000.000000000000000000,8963.029756537421111507,12000.000000000000000000,3722.272317403065840000,4000.000000000000000000,1240.757439134355271507,0.019880000000000000,0.018385419474785033
0.996000000000000000,0.996000000000000000,1.318239999999999999,20000.000000000000000000,9005.424954792043407507,12000.000000000000000000,3754.068716094032560000,4000.000000000000000000,1251.356238698010847507,0.019920000000000000,0.018527416413373860
0.998000000000000000,0.998000000000000000,1.318120000000000000,20000.000000000000000000,9048.050770625566638491,12000.000000000000000000,3786.038077969174980000,4000.000000000000000000,1262.012692656391658491,0.019960000000000000,0.018671122088920254
1.000000000000000000,1.000000000000000000,1.317999999999999999,20000.000000000000000000,9090.909090909090923076,12000.000000000000000000,3818.181818181818200000,4000.000000000000000000,1272.727272727272723076,0.020000000000000000,0.018816568047337278
1.002000000000000000,1.002000000000000000,1.315999761904761904,20000.000000000000000000,9163.636363636363650255,12000.000000000000000000,3872.727272727272745333,4000.000000000000000000,1290.909090909090904922,0.020040000000000000,0.018957728841804547
1.004000000000000000,1.004000000000000000,1.314054173228346456,20000.000000000000000000,9236.363636363636377435,12000.000000000000000000,3927.272727272727290666,4000.000000000000000000,1309.090909090909086769,0.020080000000000000,0.019101954022988505
1.006000000000000000,1.006000000000000000,1.312161953125000000,20000.000000000000000000,9309.090909090909104614,12000.000000000000000000,3981.818181818181836000,4000.000000000000000000,1327.272727272727268614,0.020120000000000000,0.019249297844152715
1.008000000000000000,1.008000000000000000,1.310321860465116279,20000.000000000000000000,9381.818181818181831794,12000.000000000000000000,4036.363636363636381333,4000.000000000000000000,1345.454545454545450461,0.020160000000000000,0.019399815846862127
1.010000000000000000,1.010000000000000000,1.308532692307692307,20000.000000000000000000,9454.545454545454558973,12000.000000000000000000,4090.909090909090926666,4000.000000000000000000,1363.636363636363632307,0.020200000000000000,0.019553564899451553
1.012000000000000000,1.012000000000000000,1.306793282442748091,20000.000000000000000000,9527.272727272727286153,12000.000000000000000000,4145.454545454545472000,4000.000000000000000000,1381.818181818181814153,0.020240000000000000,0.019710603236880823
1.014000000000000000,1.014000000000000000,1.305177615625000000,20000.000000000000000000,9600.000000000000013333,12000.000000000000000000,4200.000000000000017333,4000.000000000000000000,1399.999999999999996000,0.020372450000000000,0.019955751583512545
1.016000000000000000,1.016000000000000000,1.303798126315789473,20000.000000000000000000,9672.727272727272740511,12000.000000000000000000,4254.545454545454562666,4000.000000000000000000,1418.181818181818177845,0.020743200000000000,0.020424315176968872
1.018000000000000000,1.018000000000000000,1.302646946175373134,20000.000000000000000000,9745.454545454545467691,12000.000000000000000000,4309.090909090909108000,4000.000000000000000000,1436.363636363636359691,0.021354050000000000,0.021119990136477685
1.020000000000000000,1.020000000000000000,1.301715000000000000,20000.000000000000000000,9818.181818181818194871,12000.000000000000000000,4363.636363636363653333,4000.000000000000000000,1454.545454545454541538,0.022205000000000000,0.022043898312055804
1.022000000000000000,1.022000000000000000,1.300993479503676470,20000.000000000000000000,9890.909090909090922050,12000.000000000000000000,4418.181818181818198666,4000.000000000000000000,1472.727272727272723384,0.023296050000000000,0.023196169446240585
1.024000000000000000,1.024000000000000000,1.300473833576642335,20000.000000000000000000,9963.636363636363649230,12000.000000000000000000,4472.727272727272744000,4000.000000000000000000,1490.909090909090905230,0.024627200000000000,0.024575901006912789
1.026000000000000000,1.026000000000000000,1.300147758967391304,20000.000000000000000000,10036.363636363636376409,12000.000000000000000000,4527.272727272727289333,4000.000000000000000000,1509.090909090909087076,0.026198450000000000,0.026181139701926404
1.028000000000000000,1.028000000000000000,1.300007191366906474,20000.000000000000000000,10109.090909090909103588,12000.000000000000000000,4581.818181818181834666,4000.000000000000000000,1527.272727272727268922,0.028009800000000000,0.028008885065019986
1.030000000000000000,1.030000000000000000,1.300000000000000000,20000.000000000000000000,10181.818181818181830769,12000.000000000000000000,4636.363636363636380000,4000.000000000000000000,1545.454545454545450769,0.030000000000000000,0.030000000000000000
1.032000000000000000,1.032000000000000000,1.300000000000000000,20000.000000000000000000,10254.545454545454557947,12000.000000000000000000,4690.909090909090925333,4000.000000000000000000,1563.636363636363632614,0.032000000000000000,0.032000000000000000
1.034000000000000000,1.034000000000000000,1.300000000000000000,20000.000000000000000000,10327.272727272727285127,12000.000000000000000000,4745.454545454545470666,4000.000000000000000000,1581.818181818181814461,0.034000000000000000,0.034000000000000000
1.036000000000000000,1.036000000000000000,1.300000000000000000,20000.000000000000000000,10400.000000000000012307,12000.000000000000000000,4800.000000000000016000,4000.000000000000000000,1599.999999999999996307,0.036000000000000000,0.036000000000000000
1.038000000000000000,1.038000000000000000,1.300000000000000000,20000.000000000000000000,10472.727272727272739486,12000.000000000000000000,4854.545454545454561333,4000.000000000000000000,1618.181818181818178153,0.038000000000000000,0.038000000000000000
1.040000000000000000,1.040000000000000000,1.300000000000000000,20000.000000000000000000,10545.454545454545466666,12000.000000000000000000,4909.090909090909106666,4000.000000000000000000,1636.363636363636360000,0.040000000000000000,0.040000000000000000
1.042000000000000000,1.042000000000000000,1.300000000000000000,20000.000000000000000000,10618.181818181818193845,12000.000000000000000000,4963.636363636363652000,4000.000000000000000000,1654.545454545454541845,0.042000000000000000,0.042000000000000000
1.044000000000000000,1.044000000000000000,1.300000000000000000,20000.000000000000000000,10690.909090909090921024,12000.000000000000000000,5018.181818181818197333,4000.000000000000000000,1672.727272727272723691,0.044000000000000000,0.044000000000000000
1.046000000000000000,1.046000000000000000,1.300000000000000000,20000.000000000000000000,10763.636363636363648204,12000.000000000000000000,5072.727272727272742666,4000.000000000000000000,1690.909090909090905538,0.046000000000000000,0.046000000000000000
1.048000000000000000,1.048000000000000000,1.300000000000000000,20000.000000000000000000,10836.363636363636375384,12000.000000000000000000,5127.272727272727288000,4000.000000000000000000,1709.090909090909087384,0.048000000000000000,0.048000000000000000
1.050000000000000000,1.050000000000000000,1.300000000000000000,20000.000000000000000000,10909.090909090909102563,12000.000000000000000000,5181.818181818181833333,4000.000000000000000000,1727.272727272727269230,0.050000000000000000,0.050000000000000000
1.052000000000000000,1.052000000000000000,1.300000000000000000,20000.000000000000000000,10981.818181818181829742,12000.000000000000000000,5236.363636363636378666,4000.000000000000000000,1745.454545454545451076,0.052000000000000000,0.052000000000000000
1.054000000000000000,1.054000000000000000,1.300000000000000000,20000.000000000000000000,11054.545454545454556922,12000.000000000000000000,5290.909090909090924000,4000.000000000000000000,1763.636363636363632922,0.054000000000000000,0.054000000000000000
1.056000000000000000,1.056000000000000000,1.300000000000000000,20000.000000000000000000,11127.272727272727284102,12000.000000000000000000,5345.454545454545469333,4000.000000000000000000,1781.818181818181814769,0.056000000000000000,0.056000000000000000
1.058000000000000000,1.058000000000000000,1.300000000000000000,20000.000000000000000000,11200.000000000000011280,12000.000000000000000000,5400.000000000000014666,4000.000000000000000000,1799.999999999999996614,0.058000000000000000,0.058000000000000000
1.060000000000000000,1.060000000000000000,1.300000000000000000,20000.000000000000000000,11272.727272727272738461,12000.000000000000000000,5454.545454545454560000,4000.000000000000000000,1818.181818181818178461,0.060000000000000000,0.060000000000000000
1.062000000000000000,1.062000000000000000,1.300000000000000000,20000.000000000000000000,11345.454545454545465640,12000.000000000000000000,5509.090909090909105333,4000.000000000000000000,1836.363636363636360307,0.062000000000000000,0.062000000000000000
1.064000000000000000,1.064000000000000000,1.300000000000000000,20000.000000000000000000,11418.181818181818192819,12000.000000000000000000,5563.636363636363650666,4000.000000000000000000,1854.545454545454542153,0.064000000000000000,0.064000000000000000
1.066000000000000000,1.066000000000000000,1.300000000000000000,20000.000000000000000000,11490.909090909090920000,12000.000000000000000000,5618.181818181818196000,4000.000000000000000000,1872.727272727272724000,0.066000000000000000,0.066000000000000000
1.068000000000000000,1.068000000000000000,1.300000000000000000,20000.000000000000000000,11563.636363636363647178,12000.000000000000000000,5672.727272727272741333,4000.000000000000000000,1890.909090909090905845,0.068000000000000000,0.068000000000000000
1.070000000000000000,1.070000000000000000,1.300000000000000000,20000.000000000000000000,11636.363636363636374357,12000.000000000000000000,5727.272727272727286666,4000.000000000000000000,1909.090909090909087691,0.070000000000000000,0.070000000000000000
1.072000000000000000,1.072000000000000000,1.300000000000000000,20000.000000000000000000,11709.090909090909101538,12000.000000000000000000,5781.818181818181832000,4000.000000000000000000,1927.272727272727269538,0.072000000000000000,0.072000000000000000
1.074000000000000000,1.074000000000000000,1.300000000000000000,20000.000000000000000000,11781.818181818181828717,12000.000000000000000000,5836.363636363636377333,4000.000000000000000000,1945.454545454545451384,0.074000000000000000,0.074000000000000000
1.076000000000000000,1.076000000000000000,1.300000000000000000,20000.000000000000000000,11854.545454545454555896,12000.000000000000000000,5890.909090909090922666,4000.000000000000000000,1963.636363636363633230,0.076000000000000000,0.076000000000000000
1.078000000000000000,1.078000000000000000,1.300000000000000000,20000.000000000000000000,11927.272727272727283076,12000.000000000000000000,5945.454545454545468000,4000.000000000000000000,1981.818181818181815076,0.078000000000000000,0.078000000000000000
1.080000000000000000,1.080000000000000000,1.300000000000000000,20000.000000000000000000,12000.000000000000010255,12000.000000000000000000,6000.000000000000013333,4000.000000000000000000,1999.999999999999996922,0.080000000000000000,0.080000000000000000
1.082000000000000000,1.082000000000000000,1.300000000000000000,20000.000000000000000000,12072.727272727272737435,12000.000000000000000000,6054.545454545454558666,4000.000000000000000000,2018.181818181818178769,0.082000000000000000,0.082000000000000000
1.084000000000000000,1.084000000000000000,1.300000000000000000,20000.000000000000000000,12145.454545454545464614,12000.000000000000000000,6109.090909090909104000,4000.000000000000000000,2036.363636363636360614,0.084000000000000000,0.084000000000000000
1.086000000000000000,1.086000000000000000,1.300000000000000000,20000.000000000000000000,12218.181818181818191794,12000.000000000000000000,6163.636363636363649333,4000.000000000000000000,2054.545454545454542461,0.086000000000000000,0.086000000000000000
1.088000000000000000,1.088000000000000000,1.300000000000000000,20000.000000000000000000,12290.909090909090918973,12000.000000000000000000,6218.181818181818194666,4000.000000000000000000,2072.727272727272724307,0.088000000000000000,0.088000000000000000
1.090000000000000000,1.090000000000000000,1.300000000000000000,20000.000000000000000000,12363.636363636363646153,12000.000000000000000000,6272.727272727272740000,4000.000000000000000000,2090.909090909090906153,0.090000000000000000,0.090000000000000000
1.092000000000000000,1.092000000000000000,1.300000000000000000,20000.000000000000000000,12436.363636363636373333,12000.000000000000000000,6327.272727272727285333,4000.000000000000000000,2109.090909090909088000,0.092000000000000000,0.092000000000000000
1.094000000000000000,1.094000000000000000,1.300000000000000000,20000.000000000000000000,12509.090909090909100511,12000.000000000000000000,6381.818181818181830666,4000.000000000000000000,2127.272727272727269845,0.094000000000000000,0.094000000000000000
1.096000000000000000,1.096000000000000000,1.300000000000000000,20000.000000000000000000,12581.818181818181827691,12000.000000000000000000,6436.363636363636376000,4000.000000000000000000,2145.454545454545451691,0.096000000000000000,0.096000000000000000
1.098000000000000000,1.098000000000000000,1.300000000000000000,20000.000000000000000000,12654.545454545454554871,12000.000000000000000000,6490.909090909090921333,4000.000000000000000000,2163.636363636363633538,0.098000000000000000,0.098000000000000000
1.100000000000000000,1.100000000000000000,1.300000000000000000,20000.000000000000000000,12727.272727272727282050,12000.000000000000000000,6545.454545454545466666,4000.000000000000000000,2181.818181818181815384,0.100000000000000000,0.100000000000000000
1.102000000000000000,1.102000000000000000,1.300000000000000000,20000.000000000000000000,12800.000000000000009230,12000.000000000000000000,6600.000000000000012000,4000.000000000000000000,2199.999999999999997230,0.102000000000000000,0.102000000000000000
1.104000000000000000,1.104000000000000000,1.300000000000000000,20000.000000000000000000,12872.727272727272736409,12000.000000000000000000,6654.545454545454557333,4000.000000000000000000,2218.181818181818179076,0.104000000000000000,0.104000000000000000
1.106000000000000000,1.106000000000000000,1.300000000000000000,20000.000000000000000000,12945.454545454545463588,12000.000000000000000000,6709.090909090909102666,4000.000000000000000000,2236.363636363636360922,0.106000000000000000,0.106000000000000000
1.108000000000000000,1.108000000000000000,1.300000000000000000,20000.000000000000000000,13018.181818181818190769,12000.000000000000000000,6763.636363636363648000,4000.000000000000000000,2254.545454545454542769,0.108000000000000000,0.108000000000000000
1.110000000000000000,1.110000000000000000,1.300000000000000000,20000.000000000000000000,13090.909090909090917947,12000.000000000000000000,6818.181818181818193333,4000.000000000000000000,2272.727272727272724614,0.110000000000000000,0.110000000000000000
1.112000000000000000,1.112000000000000000,1.300000000000000000,20000.000000000000000000,13163.636363636363645127,12000.000000000000000000,6872.727272727272738666,4000.000000000000000000,2290.909090909090906461,0.112000000000000000,0.112000000000000000
1.114000000000000000,1.114000000000000000,1.300000000000000000,20000.000000000000000000,13236.363636363636372307,12000.000000000000000000,6927.272727272727284000,4000.000000000000000000,2309.090909090909088307,0.114000000000000000,0.114000000000000000
1.116000000000000000,1.116000000000000000,1.300000000000000000,20000.000000000000000000,13309.090909090909099486,12000.000000000000000000,6981.818181818181829333,4000.000000000000000000,2327.272727272727270153,0.116000000000000000,0.116000000000000000
1.118000000000000000,1.118000000000000000,1.300000000000000000,20000.000000000000000000,13381.818181818181826666,12000.000000000000000000,7036.363636363636374666,4000.000000000000000000,2345.454545454545452000,0.118000000000000000,0.118000000000000000
1.120000000000000000,1.120000000000000000,1.300000000000000000,20000.000000000000000000,13454.545454545454553845,12000.000000000000000000,7090.909090909090920000,4000.000000000000000000,2363.636363636363633845,0.120000000000000000,0.120000000000000000
1.122000000000000000,1.122000000000000000,1.300000000000000000,20000.000000000000000000,13527.272727272727281024,12000.000000000000000000,7145.454545454545465333,4000.000000000000000000,2381.818181818181815691,0.122000000000000000,0.122000000000000000
1.124000000000000000,1.124000000000000000,1.300000000000000000,20000.000000000000000000,13600.000000000000008204,12000.000000000000000000,7200.000000000000010666,4000.000000000000000000,2399.999999999999997538,0.124000000000000000,0.124000000000000000
1.126000000000000000,1.126000000000000000,1.300000000000000000,20000.000000000000000000,13672.727272727272735384,12000.000000000000000000,7254.545454545454556000,4000.000000000000000000,2418.181818181818179384,0.126000000000000000,0.126000000000000000
1.128000000000000000,1.128000000000000000,1.300000000000000000,20000.000000000000000000,13745.454545454545462563,12000.000000000000000000,7309.090909090909101333,4000.000000000000000000,2436.363636363636361230,0.128000000000000000,0.128000000000000000
1.130000000000000000,1.130000000000000000,1.300000000000000000,20000.000000000000000000,13818.181818181818189742,12000.000000000000000000,7363.636363636363646666,4000.000000000000000000,2454.545454545454543076,0.130000000000000000,0.130000000000000000
1.132000000000000000,1.132000000000000000,1.300000000000000000,20000.000000000000000000,13890.909090909090916922,12000.000000000000000000,7418.181818181818192000,4000.000000000000000000,2472.727272727272724922,0.132000000000000000,0.132000000000000000
1.134000000000000000,1.134000000000000000,1.300000000000000000,20000.000000000000000000,13963.636363636363644102,12000.000000000000000000,7472.727272727272737333,4000.000000000000000000,2490.909090909090906769,0.134000000000000000,0.134000000000000000
1.136000000000000000,1.136000000000000000,1.300000000000000000,20000.000000000000000000,14036.363636363636371280,12000.000000000000000000,7527.272727272727282666,4000.000000000000000000,2509.090909090909088614,0.136000000000000000,0.136000000000000000
1.138000000000000000,1.138000000000000000,1.300000000000000000,20000.000000000000000000,14109.090909090909098461,12000.000000000000000000,7581.818181818181828000,4000.000000000000000000,2527.272727272727270461,0.138000000000000000,0.138000000000000000
1.140000000000000000,1.140000000000000000,1.300000000000000000,20000.000000000000000000,14181.818181818181825640,12000.000000000000000000,7636.363636363636373333,4000.000000000000000000,2545.454545454545452307,0.140000000000000000,0.140000000000000000
1.142000000000000000,1.142000000000000000,1.300000000000000000,20000.000000000000000000,14254.545454545454552819,12000.000000000000000000,7690.909090909090918666,4000.000000000000000000,2563.636363636363634153,0.142000000000000000,0.142000000000000000
1.144000000000000000,1.144000000000000000,1.300000000000000000,20000.000000000000000000,14327.272727272727280000,12000.000000000000000000,7745.454545454545464000,4000.000000000000000000,2581.818181818181816000,0.144000000000000000,0.144000000000000000
1.146000000000000000,1.146000000000000000,1.300000000000000000,20000.000000000000000000,14400.000000000000007178,12000.000000000000000000,7800.000000000000009333,4000.000000000000000000,2599.999999999999997845,0.146000000000000000,0.146000000000000000
1.148000000000000000,1.148000000000000000,1.300000000000000000,20000.000000000000000000,14472.727272727272734357,12000.000000000000000000,7854.545454545454554666,4000.000000000000000000,2618.181818181818179691,0.148000000000000000,0.148000000000000000
1.150000000000000000,1.150000000000000000,1.300000000000000000,20000.000000000000000000,14545.454545454545461538,12000.000000000000000000,7909.090909090909100000,4000.000000000000000000,2636.363636363636361538,0.150000000000000000,0.150000000000000000
1.152000000000000000,1.152000000000000000,1.300000000000000000,20000.000000000000000000,14618.181818181818188717,12000.000000000000000000,7963.636363636363645333,4000.000000000000000000,2654.545454545454543384,0.152000000000000000,0.152000000000000000
1.154000000000000000,1.154000000000000000,1.300000000000000000,20000.000000000000000000,14690.909090909090915896,12000.000000000000000000,8018.181818181818190666,4000.000000000000000000,2672.727272727272725230,0.154000000000000000,0.154000000000000000
1.156000000000000000,1.156000000000000000,1.300000000000000000,20000.000000000000000000,14763.636363636363643076,12000.000000000000000000,8072.727272727272736000,4000.000000000000000000,2690.909090909090907076,0.156000000000000000,0.156000000000000000
1.158000000000000000,1.158000000000000000,1.300000000000000000,20000.000000000000000000,14836.363636363636370255,12000.000000000000000000,8127.272727272727281333,4000.000000000000000000,2709.090909090909088922,0.158000000000000000,0.158000000000000000
1.160000000000000000,1.160000000000000000,1.300000000000000000,20000.000000000000000000,14909.090909090909097435,12000.000000000000000000,8181.818181818181826666,4000.000000000000000000,2727.272727272727270769,0.160000000000000000,0.160000000000000000
1.162000000000000000,1.162000000000000000,1.300000000000000000,20000.000000000000000000,14981.818181818181824614,12000.000000000000000000,8236.363636363636372000,4000.000000000000000000,2745.454545454545452614,0.162000000000000000,0.162000000000000000
1.164000000000000000,1.164000000000000000,1.300000000000000000,20000.000000000000000000,15054.545454545454551794,12000.000000000000000000,8290.909090909090917333,4000.000000000000000000,2763.636363636363634461,0.164000000000000000,0.164000000000000000
1.166000000000000000,1.166000000000000000,1.300000000000000000,20000.000000000000000000,15127.272727272727278973,12000.000000000000000000,8345.454545454545462666,4000.000000000000000000,2781.818181818181816307,0.166000000000000000,0.166000000000000000
1.168000000000000000,1.168000000000000000,1.300000000000000000,20000.000000000000000000,15200.000000000000006153,12000.000000000000000000,8400.000000000000008000,4000.000000000000000000,2799.999999999999998153,0.168000000000000000,0.168000000000000000
1.170000000000000000,1.170000000000000000,1.300000000000000000,20000.000000000000000000,15272.727272727272733333,12000.000000000000000000,8454.545454545454553333,4000.000000000000000000,2818.181818181818180000,0.170000000000000000,0.170000000000000000
1.172000000000000000,1.172000000000000000,1.300000000000000000,20000.000000000000000000,15345.454545454545460511,12000.000000000000000000,8509.090909090909098666,4000.000000000000000000,2836.363636363636361845,0.172000000000000000,0.172000000000000000
1.174000000000000000,1.174000000000000000,1.300000000000000000,20000.000000000000000000,15418.181818181818187691,12000.000000000000000000,8563.636363636363644000,4000.000000000000000000,2854.545454545454543691,0.174000000000000000,0.174000000000000000
1.176000000000000000,1.176000000000000000,1.300000000000000000,20000.000000000000000000,15490.909090909090914871,12000.000000000000000000,8618.181818181818189333,4000.000000000000000000,2872.727272727272725538,0.176000000000000000,0.176000000000000000
1.178000000000000000,1.178000000000000000,1.300000000000000000,20000.000000000000000000,15563.636363636363642050,12000.000000000000000000,8672.727272727272734666,4000.000000000000000000,2890.909090909090907384,0.178000000000000000,0.178000000000000000
1.180000000000000000,1.180000000000000000,1.300000000000000000,20000.000000000000000000,15636.363636363636369230,12000.000000000000000000,8727.272727272727280000,4000.000000000000000000,2909.090909090909089230,0.180000000000000000,0.180000000000000000
1.182000000000000000,1.182000000000000000,1.300000000000000000,20000.000000000000000000,15709.090909090909096409,12000.000000000000000000,8781.818181818181825333,4000.000000000000000000,2927.272727272727271076,0.182000000000000000,0.182000000000000000
1.184000000000000000,1.184000000000000000,1.300000000000000000,20000.000000000000000000,15781.818181818181823588,12000.000000000000000000,8836.363636363636370666,4000.000000000000000000,2945.454545454545452922,0.184000000000000000,0.184000000000000000
1.186000000000000000,1.186000000000000000,1.300000000000000000,20000.000000000000000000,15854.545454545454550769,12000.000000000000000000,8890.909090909090916000,4000.000000000000000000,2963.636363636363634769,0.186000000000000000,0.186000000000000000
1.188000000000000000,1.188000000000000000,1.300000000000000000,20000.000000000000000000,15927.272727272727277947,12000.000000000000000000,8945.454545454545461333,4000.000000000000000000,2981.818181818181816614,0.188000000000000000,0.188000000000000000
1.190000000000000000,1.190000000000000000,1.300000000000000000,20000.000000000000000000,16000.000000000000005127,12000.000000000000000000,9000.000000000000006666,4000.000000000000000000,2999.999999999999998461,0.190000000000000000,0.190000000000000000
1.192000000000000000,1.192000000000000000,1.300000000000000000,20000.000000000000000000,16072.727272727272732307,12000.000000000000000000,9054.545454545454552000,4000.000000000000000000,3018.181818181818180307,0.192000000000000000,0.192000000000000000
1.194000000000000000,1.194000000000000000,1.300000000000000000,20000.000000000000000000,16145.454545454545459486,12000.000000000000000000,9109.090909090909097333,4000.000000000000000000,3036.363636363636362153,0.194000000000000000,0.194000000000000000
1.196000000000000000,1.196000000000000000,1.300000000000000000,20000.000000000000000000,16218.181818181818186666,12000.000000000000000000,9163.636363636363642666,4000.000000000000000000,3054.545454545454544000,0.196000000000000000,0.196000000000000000
1.198000000000000000,1.198000000000000000,1.300000000000000000,20000.000000000000000000,16290.909090909090913845,12000.000000000000000000,9218.181818181818188000,4000.000000000000000000,3072.727272727272725845,0.198000000000000000,0.198000000000000000
1.200000000000000000,1.200000000000000000,1.300000000000000000,20000.000000000000000000,16363.636363636363641024,12000.000000000000000000,9272.727272727272733333,4000.000000000000000000,3090.909090909090907691,0.200000000000000000,0.200000000000000000
1.202000000000000000,1.202000000000000000,1.300000000000000000,20000.000000000000000000,16436.363636363636368204,12000.000000000000000000,9327.272727272727278666,4000.000000000000000000,3109.090909090909089538,0.202000000000000000,0.202000000000000000
1.204000000000000000,1.204000000000000000,1.300000000000000000,20000.000000000000000000,16509.090909090909095384,12000.000000000000000000,9381.818181818181824000,4000.000000000000000000,3127.272727272727271384,0.204000000000000000,0.204000000000000000
1.206000000000000000,1.206000000000000000,1.300000000000000000,20000.000000000000000000,16581.818181818181822563,12000.000000000000000000,9436.363636363636369333,4000.000000000000000000,3145.454545454545453230,0.206000000000000000,0.206000000000000000
1.208000000000000000,1.208000000000000000,1.300000000000000000,20000.000000000000000000,16654.545454545454549742,12000.000000000000000000,9490.909090909090914666,4000.000000000000000000,3163.636363636363635076,0.208000000000000000,0.208000000000000000
1.210000000000000000,1.210000000000000000,1.300000000000000000,20000.000000000000000000,16727.272727272727276922,12000.000000000000000000,9545.454545454545460000,4000.000000000000000000,3181.818181818181816922,0.210000000000000000,0.210000000000000000
1.212000000000000000,1.212000000000000000,1.300000000000000000,20000.000000000000000000,16800.000000000000004102,12000.000000000000000000,9600.000000000000005333,4000.000000000000000000,3199.999999999999998769,0.212000000000000000,0.212000000000000000
1.214000000000000000,1.214000000000000000,1.300000000000000000,20000.000000000000000000,16872.727272727272731280,12000.000000000000000000,9654.545454545454550666,4000.000000000000000000,3218.181818181818180614,0.214000000000000000,0.214000000000000000
1.216000000000000000,1.216000000000000000,1.300000000000000000,20000.000000000000000000,16945.454545454545458461,12000.000000000000000000,9709.090909090909096000,4000.000000000000000000,3236.363636363636362461,0.216000000000000000,0.216000000000000000
1.218000000000000000,1.218000000000000000,1.300000000000000000,20000.000000000000000000,17018.181818181818185640,12000.000000000000000000,9763.636363636363641333,4000.000000000000000000,3254.545454545454544307,0.218000000000000000,0.218000000000000000
1.220000000000000000,1.220000000000000000,1.300000000000000000,20000.000000000000000000,17090.909090909090912819,12000.000000000000000000,9818.181818181818186666,4000.000000000000000000,3272.727272727272726153,0.220000000000000000,0.220000000000000000
1.222000000000000000,1.222000000000000000,1.300000000000000000,20000.000000000000000000,17163.636363636363640000,12000.000000000000000000,9872.727272727272732000,4000.000000000000000000,3290.909090909090908000,0.222000000000000000,0.222000000000000000
1.224000000000000000,1.224000000000000000,1.300000000000000000,20000.000000000000000000,17236.363636363636367178,12000.000000000000000000,9927.272727272727277333,4000.000000000000000000,3309.090909090909089845,0.224000000000000000,0.224000000000000000
1.226000000000000000,1.226000000000000000,1.300000000000000000,20000.000000000000000000,17309.090909090909094357,12000.000000000000000000,9981.818181818181822666,4000.000000000000000000,3327.272727272727271691,0.226000000000000000,0.226000000000000000
1.228000000000000000,1.228000000000000000,1.300000000000000000,20000.000000000000000000,17381.818181818181821538,12000.000000000000000000,10036.363636363636368000,4000.000000000000000000,3345.454545454545453538,0.228000000000000000,0.228000000000000000
1.230000000000000000,1.230000000000000000,1.300000000000000000,20000.000000000000000000,17454.545454545454548717,12000.000000000000000000,10090.909090909090913333,4000.000000000000000000,3363.636363636363635384,0.230000000000000000,0.230000000000000000
1.232000000000000000,1.232000000000000000,1.300000000000000000,20000.000000000000000000,17527.272727272727275896,12000.000000000000000000,10145.454545454545458666,4000.000000000000000000,3381.818181818181817230,0.232000000000000000,0.232000000000000000
1.234000000000000000,1.234000000000000000,1.300000000000000000,20000.000000000000000000,17600.000000000000003076,12000.000000000000000000,10200.000000000000004000,4000.000000000000000000,3399.999999999999999076,0.234000000000000000,0.234000000000000000
1.236000000000000000,1.236000000000000000,1.300000000000000000,20000.000000000000000000,17672.727272727272730255,12000.000000000000000000,10254.545454545454549333,4000.000000000000000000,3418.181818181818180922,0.236000000000000000,0.236000000000000000
1.238000000000000000,1.238000000000000000,1.300000000000000000,20000.000000000000000000,17745.454545454545457435,12000.000000000000000000,10309.090909090909094666,4000.000000000000000000,3436.363636363636362769,0.238000000000000000,0.238000000000000000
1.240000000000000000,1.240000000000000000,1.300000000000000000,20000.000000000000000000,17818.181818181818184614,12000.000000000000000000,10363.636363636363640000,4000.000000000000000000,3454.545454545454544614,0.240000000000000000,0.240000000000000000
1.242000000000000000,1.242000000000000000,1.300000000000000000,20000.000000000000000000,17890.909090909090911794,12000.000000000000000000,10418.181818181818185333,4000.000000000000000000,3472.727272727272726461,0.242000000000000000,0.242000000000000000
1.244000000000000000,1.244000000000000000,1.300000000000000000,20000.000000000000000000,17963.636363636363638973,12000.000000000000000000,10472.727272727272730666,4000.000000000000000000,3490.909090909090908307,0.244000000000000000,0.244000000000000000
1.246000000000000000,1.246000000000000000,1.300000000000000000,20000.000000000000000000,18036.363636363636366153,12000.000000000000000000,10527.272727272727276000,4000.000000000000000000,3509.090909090909090153,0.246000000000000000,0.246000000000000000
1.248000000000000000,1.248000000000000000,1.300000000000000000,20000.000000000000000000,18109.090909090909093333,12000.000000000000000000,10581.818181818181821333,4000.000000000000000000,3527.272727272727272000,0.248000000000000000,0.248000000000000000
1.250000000000000000,1.250000000000000000,1.300000000000000000,20000.000000000000000000,18181.818181818181820511,12000.000000000000000000,10636.363636363636366666,4000.000000000000000000,3545.454545454545453845,0.250000000000000000,0.250000000000000000
1.252000000000000000,1.252000000000000000,1.300000000000000000,20000.000000000000000000,18254.545454545454547691,12000.000000000000000000,10690.909090909090912000,4000.000000000000000000,3563.636363636363635691,0.252000000000000000,0.252000000000000000
1.254000000000000000,1.254000000000000000,1.300000000000000000,20000.000000000000000000,18327.272727272727274871,12000.000000000000000000,10745.454545454545457333,4000.000000000000000000,3581.818181818181817538,0.254000000000000000,0.254000000000000000
1.256000000000000000,1.256000000000000000,1.300000000000000000,20000.000000000000000000,18400.000000000000002050,12000.000000000000000000,10800.000000000000002666,4000.000000000000000000,3599.999999999999999384,0.256000000000000000,0.256000000000000000
1.258000000000000000,1.258000000000000000,1.300000000000000000,20000.000000000000000000,18472.727272727272729230,12000.000000000000000000,10854.545454545454548000,4000.000000000000000000,3618.181818181818181230,0.258000000000000000,0.258000000000000000
1.260000000000000000,1.260000000000000000,1.300000000000000000,20000.000000000000000000,18545.454545454545456409,12000.000000000000000000,10909.090909090909093333,4000.000000000000000000,3636.363636363636363076,0.260000000000000000,0.260000000000000000
1.262000000000000000,1.262000000000000000,1.300000000000000000,20000.000000000000000000,18618.181818181818183588,12000.000000000000000000,10963.636363636363638666,4000.000000000000000000,3654.545454545454544922,0.262000000000000000,0.262000000000000000
1.264000000000000000,1.264000000000000000,1.300000000000000000,20000.000000000000000000,18690.909090909090910769,12000.000000000000000000,11018.181818181818184000,4000.000000000000000000,3672.727272727272726769,0.264000000000000000,0.264000000000000000
1.266000000000000000,1.266000000000000000,1.300000000000000000,20000.000000000000000000,18763.636363636363637947,12000.000000000000000000,11072.727272727272729333,4000.000000000000000000,3690.909090909090908614,0.266000000000000000,0.266000000000000000
1.268000000000000000,1.268000000000000000,1.300000000000000000,20000.000000000000000000,18836.363636363636365127,12000.000000000000000000,11127.272727272727274666,4000.000000000000000000,3709.090909090909090461,0.268000000000000000,0.268000000000000000
1.270000000000000000,1.270000000000000000,1.300000000000000000,20000.000000000000000000,18909.090909090909092307,12000.000000000000000000,11181.818181818181820000,4000.000000000000000000,3727.272727272727272307,0.270000000000000000,0.270000000000000000
1.272000000000000000,1.272000000000000000,1.300000000000000000,20000.000000000000000000,18981.818181818181819486,12000.000000000000000000,11236.363636363636365333,4000.000000000000000000,3745.454545454545454153,0.272000000000000000,0.272000000000000000
1.274000000000000000,1.274000000000000000,1.300000000000000000,20000.000000000000000000,19054.545454545454546666,12000.000000000000000000,11290.909090909090910666,4000.000000000000000000,3763.636363636363636000,0.274000000000000000,0.274000000000000000
1.276000000000000000,1.276000000000000000,1.300000000000000000,20000.000000000000000000,19127.272727272727273845,12000.000000000000000000,11345.454545454545456000,4000.000000000000000000,3781.818181818181817845,0.276000000000000000,0.276000000000000000
1.278000000000000000,1.278000000000000000,1.300000000000000000,20000.000000000000000000,19200.000000000000001024,12000.000000000000000000,11400.000000000000001333,4000.000000000000000000,3799.999999999999999691,0.278000000000000000,0.278000000000000000
1.280000000000000000,1.280000000000000000,1.300000000000000000,20000.000000000000000000,19272.727272727272728204,12000.000000000000000000,11454.545454545454546666,4000.000000000000000000,3818.181818181818181538,0.280000000000000000,0.280000000000000000
1.282000000000000000,1.282000000000000000,1.300000000000000000,20000.000000000000000000,19345.454545454545455384,12000.000000000000000000,11509.090909090909092000,4000.000000000000000000,3836.363636363636363384,0.282000000000000000,0.282000000000000000
1.284000000000000000,1.284000000000000000,1.300000000000000000,20000.000000000000000000,19418.181818181818182563,12000.000000000000000000,11563.636363636363637333,4000.000000000000000000,3854.545454545454545230,0.284000000000000000,0.284000000000000000
1.286000000000000000,1.286000000000000000,1.300000000000000000,20000.000000000000000000,19490.909090909090909742,12000.000000000000000000,11618.181818181818182666,4000.000000000000000000,3872.727272727272727076,0.286000000000000000,0.286000000000000000
1.288000000000000000,1.288000000000000000,1.300000000000000000,20000.000000000000000000,19563.636363636363636922,12000.000000000000000000,11672.727272727272728000,4000.000000000000000000,3890.909090909090908922,0.288000000000000000,0.288000000000000000
1.290000000000000000,1.290000000000000000,1.300000000000000000,20000.000000000000000000,19636.363636363636364102,12000.000000000000000000,11727.272727272727273333,4000.000000000000000000,3909.090909090909090769,0.290000000000000000,0.290000000000000000
1.292000000000000000,1.292000000000000000,1.300000000000000000,20000.000000000000000000,19709.090909090909091280,12000.000000000000000000,11781.818181818181818666,4000.000000000000000000,3927.272727272727272614,0.292000000000000000,0.292000000000000000
1.294000000000000000,1.294000000000000000,1.300000000000000000,20000.000000000000000000,19781.818181818181818461,12000.000000000000000000,11836.363636363636364000,4000.000000000000000000,3945.454545454545454461,0.294000000000000000,0.294000000000000000
1.296000000000000000,1.296000000000000000,1.300000000000000000,20000.000000000000000000,19854.545454545454545640,12000.000000000000000000,11890.909090909090909333,4000.000000000000000000,3963.636363636363636307,0.296000000000000000,0.296000000000000000
1.298000000000000000,1.298000000000000000,1.300000000000000000,20000.000000000000000000,19927.272727272727272819,12000.000000000000000000,11945.454545454545454666,4000.000000000000000000,3981.818181818181818153,0.298000000000000000,0.298000000000000000
1.300000000000000000,1.300000000000000000,1.300000000000000000,20000.000000000000000000,20000.000000000000000000,12000.000000000000000000,12000.000000000000000000,4000.000000000000000000,4000.000000000000000000,0.300000000000000000,0.300000000000000000
1.302000000000000000,1.302000000000000000,1.302000000000000000,20000.000000000000000000,20000.000000000000000000,12000.000000000000000000,12000.000000000000000000,4000.000000000000000000,4000.000000000000000000,0.302000000000000000,0.302000000000000000
1.304000000000000000,1.304000000000000000,1.304000000000000000,20000.000000000000000000,20000.000000000000000000,12000.000000000000000000,12000.000000000000000000,4000.000000000000000000,4000.000000000000000000,0.304000000000000000,0.304000000000000000
1.306000000000000000,1.306000000000000000,1.306000000000000000,20000.000000000000000000,20000.000000000000000000,12000.000000000000000000,12000.000000000000000000,4000.000000000000000000,4000.000000000000000000,0.306000000000000000,0.306000000000000000
1.308000000000000000,1.308000000000000000,1.308000000000000000,20000.000000000000000000,20000.000000000000000000,12000.000000000000000000,12000.000000000000000000,4000.000000000000000000,4000.000000000000000000,0.308000000000000000,0.308000000000000000
1.310000000000000000,1.310000000000000000,1.310000000000000000,20000.000000000000000000,20000.000000000000000000,12000.000000000000000000,12000.000000000000000000,4000.000000000000000000,4000.000000000000000000,0.310000000000000000,0.310000000000000000
1.312000000000000000,1.312000000000000000,1.312000000000000000,20000.000000000000000000,20000.000000000000000000,12000.000000000000000000,12000.000000000000000000,4000.000000000000000000,4000.000000000000000000,0.312000000000000000,0.312000000000000000
1.314000000000000000,1.314000000000000000,1.314000000000000000,20000.000000000000000000,20000.000000000000000000,12000.000000000000000000,12000.000000000000000000,4000.000000000000000000,4000.000000000000000000,0.314000000000000000,0.314000000000000000
1.316000000000000000,1.316000000000000000,1.316000000000000000,20000.000000000000000000,20000.000000000000000000,12000.000000000000000000,12000.000000000000000000,4000.000000000000000000,4000.000000000000000000,0.316000000000000000,0.316000000000000000
1.318000000000000000,1.318000000000000000,1.318000000000000000,20000.000000000000000000,20000.000000000000000000,12000.000000000000000000,12000.000000000000000000,4000.000000000000000000,4000.000000000000000000,0.318000000000000000,0.318000000000000000
1.320000000000000000,1.320000000000000000,1.320000000000000000,20000.000000000000000000,20000.000000000000000000,12000.000000000000000000,12000.000000000000000000,4000.000000000000000000,4000.000000000000000000,0.320000000000000000,0.320000000000000000
1.322000000000000000,1.322000000000000000,1.322000000000000000,20000.000000000000000000,20000.000000000000000000,12000.000000000000000000,12000.000000000000000000,4000.000000000000000000,4000.000000000000000000,0.322000000000000000,0.322000000000000000
1.324000000000000000,1.324000000000000000,1.324000000000000000,20000.000000000000000000,20000.000000000000000000,12000.000000000000000000,12000.000000000000000000,4000.000000000000000000,4000.000000000000000000,0.324000000000000000,0.324000000000000000
1.326000000000000000,1.326000000000000000,1.326000000000000000,20000.000000000000000000,20000.000000000000000000,12000.000000000000000000,12000.000000000000000000,4000.000000000000000000,4000.000000000000000000,0.326000000000000000,0.326000000000000000
1.328000000000000000,1.328000000000000000,1.328000000000000000,20000.000000000000000000,20000.000000000000000000,12000.000000000000000000,12000.000000000000000000,4000.000000000000000000,4000.000000000000000000,0.328000000000000000,0.328000000000000000
1.330000000000000000,1.330000000000000000,1.330000000000000000,20000.000000000000000000,20000.000000000000000000,12000.000000000000000000,12000.000000000000000000,4000.000000000000000000,4000.000000000000000000,0.330000000000000000,0.330000000000000000
1.332000000000000000,1.332000000000000000,1.332000000000000000,20000.000000000000000000,20000.000000000000000000,12000.000000000000000000,12000.000000000000000000,4000.000000000000000000,4000.000000000000000000,0.332000000000000000,0.332000000000000000
1.334000000000000000,1.334000000000000000,1.334000000000000000,20000.000000000000000000,20000.000000000000000000,12000.000000000000000000,12000.000000000000000000,4000.000000000000000000,4000.000000000000000000,0.334000000000000000,0.334000000000000000
1.336000000000000000,1.336000000000000000,1.336000000000000000,20000.000000000000000000,20000.000000000000000000,12000.000000000000000000,12000.000000000000000000,4000.000000000000000000,4000.000000000000000000,0.336000000000000000,0.336000000000000000
1.338000000000000000,1.338000000000000000,1.338000000000000000,20000.000000000000000000,20000.000000000000000000,12000.000000000000000000,12000.000000000000000000,4000.000000000000000000,4000.000000000000000000,0.338000000000000000,0.338000000000000000
1.340000000000000000,1.340000000000000000,1.340000000000000000,20000.000000000000000000,20000.000000000000000000,12000.000000000000000000,12000.000000000000000000,4000.000000000000000000,4000.000000000000000000,0.340000000000000000,0.340000000000000000
1.342000000000000000,1.342000000000000000,1.342000000000000000,20000.000000000000000000,20000.000000000000000000,12000.000000000000000000,12000.000000000000000000,4000.000000000000000000,4000.000000000000000000,0.342000000000000000,0.342000000000000000
1.344000000000000000,1.344000000000000000,1.344000000000000000,20000.000000000000000000,20000.000000000000000000,12000.000000000000000000,12000.000000000000000000,4000.000000000000000000,4000.000000000000000000,0.344000000000000000,0.344000000000000000
1.346000000000000000,1.346000000000000000,1.346000000000000000,20000.000000000000000000,20000.000000000000000000,12000.000000000000000000,12000.000000000000000000,4000.000000000000000000,4000.000000000000000000,0.346000000000000000,0.346000000000000000
1.348000000000000000,1.348000000000000000,1.348000000000000000,20000.000000000000000000,20000.000000000000000000,12000.000000000000000000,12000.000000000000000000,4000.000000000000000000,4000.000000000000000000,0.348000000000000000,0.348000000000000000
1.350000000000000000,1.350000000000000000,1.350000000000000000,20000.000000000000000000,20000.000000000000000000,12000.000000000000000000,12000.000000000000000000,4000.000000000000000000,4000.000000000000000000,0.350000000000000000,0.350000000000000000
1.352000000000000000,1.352000000000000000,1.352000000000000000,20000.000000000000000000,20000.000000000000000000,12000.000000000000000000,12000.000000000000000000,4000.000000000000000000,4000.000000000000000000,0.352000000000000000,0.352000000000000000
1.354000000000000000,1.354000000000000000,1.354000000000000000,20000.000000000000000000,20000.000000000000000000,12000.000000000000000000,12000.000000000000000000,4000.000000000000000000,4000.000000000000000000,0.354000000000000000,0.354000000000000000
1.356000000000000000,1.356000000000000000,1.356000000000000000,20000.000000000000000000,20000.000000000000000000,12000.000000000000000000,12000.000000000000000000,4000.000000000000000000,4000.000000000000000000,0.356000000000000000,0.356000000000000000
1.358000000000000000,1.358000000000000000,1.358000000000000000,20000.000000000000000000,20000.000000000000000000,12000.000000000000000000,12000.000000000000000000,4000.000000000000000000,4000.000000000000000000,0.358000000000000000,0.358000000000000000
1.360000000000000000,1.360000000000000000,1.360000000000000000,20000.000000000000000000,20000.000000000000000000,12000.000000000000000000,12000.000000000000000000,4000.000000000000000000,4000.000000000000000000,0.360000000000000000,0.360000000000000000
1.362000000000000000,1.362000000000000000,1.362000000000000000,20000.000000000000000000,20000.000000000000000000,12000.000000000000000000,12000.000000000000000000,4000.000000000000000000,4000.000000000000000000,0.362000000000000000,0.362000000000000000
1.364000000000000000,1.364000000000000000,1.364000000000000000,20000.000000000000000000,20000.000000000000000000,12000.000000000000000000,12000.000000000000000000,4000.000000000000000000,4000.000000000000000000,0.364000000000000000,0.364000000000000000
1.366000000000000000,1.366000000000000000,1.366000000000000000,20000.000000000000000000,20000.000000000000000000,12000.000000000000000000,12000.000000000000000000,4000.000000000000000000,4000.000000000000000000,0.366000000000000000,0.366000000000000000
1.368000000000000000,1.368000000000000000,1.368000000000000000,20000.000000000000000000,20000.000000000000000000,12000.000000000000000000,12000.000000000000000000,4000.000000000000000000,4000.000000000000000000,0.368000000000000000,0.368000000000000000
1.370000000000000000,1.370000000000000000,1.370000000000000000,20000.000000000000000000,20000.000000000000000000,12000.000000000000000000,12000.000000000000000000,4000.000000000000000000,4000.000000000000000000,0.370000000000000000,0.370000000000000000
1.372000000000000000,1.372000000000000000,1.372000000000000000,20000.000000000000000000,20000.000000000000000000,12000.000000000000000000,12000.000000000000000000,4000.000000000000000000,4000.000000000000000000,0.372000000000000000,0.372000000000000000
1.374000000000000000,1.374000000000000000,1.374000000000000000,20000.000000000000000000,20000.000000000000000000,12000.000000000000000000,12000.000000000000000000,4000.000000000000000000,4000.000000000000000000,0.374000000000000000,0.374000000000000000
1.376000000000000000,1.376000000000000000,1.376000000000000000,20000.000000000000000000,20000.000000000000000000,12000.000000000000000000,12000.000000000000000000,4000.000000000000000000,4000.000000000000000000,0.376000000000000000,0.376000000000000000
1.378000000000000000,1.378000000000000000,1.378000000000000000,20000.000000000000000000,20000.000000000000000000,12000.000000000000000000,12000.000000000000000000,4000.000000000000000000,4000.000000000000000000,0.378000000000000000,0.378000000000000000
1.380000000000000000,1.380000000000000000,1.380000000000000000,20000.000000000000000000,20000.000000000000000000,12000.000000000000000000,12000.000000000000000000,4000.000000000000000000,4000.000000000000000000,0.380000000000000000,0.380000000000000000
1.382000000000000000,1.382000000000000000,1.382000000000000000,20000.000000000000000000,20000.000000000000000000,12000.000000000000000000,12000.000000000000000000,4000.000000000000000000,4000.000000000000000000,0.382000000000000000,0.382000000000000000
1.384000000000000000,1.384000000000000000,1.384000000000000000,20000.000000000000000000,20000.000000000000000000,12000.000000000000000000,12000.000000000000000000,4000.000000000000000000,4000.000000000000000000,0.384000000000000000,0.384000000000000000
1.386000000000000000,1.386000000000000000,1.386000000000000000,20000.000000000000000000,20000.000000000000000000,12000.000000000000000000,12000.000000000000000000,4000.000000000000000000,4000.000000000000000000,0.386000000000000000,0.386000000000000000
1.388000000000000000,1.388000000000000000,1.388000000000000000,20000.000000000000000000,20000.000000000000000000,12000.000000000000000000,12000.000000000000000000,4000.000000000000000000,4000.000000000000000000,0.388000000000000000,0.388000000000000000
1.390000000000000000,1.390000000000000000,1.390000000000000000,20000.000000000000000000,20000.000000000000000000,12000.000000000000000000,12000.000000000000000000,4000.000000000000000000,4000.000000000000000000,0.390000000000000000,0.390000000000000000
1.392000000000000000,1.392000000000000000,1.392000000000000000,20000.000000000000000000,20000.000000000000000000,12000.000000000000000000,12000.000000000000000000,4000.000000000000000000,4000.000000000000000000,0.392000000000000000,0.392000000000000000
1.394000000000000000,1.394000000000000000,1.394000000000000000,20000.000000000000000000,20000.000000000000000000,12000.000000000000000000,12000.000000000000000000,4000.000000000000000000,4000.000000000000000000,0.394000000000000000,0.394000000000000000
1.396000000000000000,1.396000000000000000,1.396000000000000000,20000.000000000000000000,20000.000000000000000000,12000.000000000000000000,12000.000000000000000000,4000.000000000000000000,4000.000000000000000000,0.396000000000000000,0.396000000000000000
1.398000000000000000,1.398000000000000000,1.398000000000000000,20000.000000000000000000,20000.000000000000000000,12000.000000000000000000,12000.000000000000000000,4000.000000000000000000,4000.000000000000000000,0.398000000000000000,0.398000000000000000
1.400000000000000000,1.400000000000000000,1.400000000000000000,20000.000000000000000000,20000.000000000000000000,12000.000000000000000000,12000.000000000000000000,4000.000000000000000000,4000.000000000000000000,0.400000000000000000,0.400000000000000000
1.402000000000000000,1.402000000000000000,1.402000000000000000,20000.000000000000000000,20000.000000000000000000,12000.000000000000000000,12000.000000000000000000,4000.000000000000000000,4000.000000000000000000,0.402000000000000000,0.402000000000000000
1.404000000000000000,1.404000000000000000,1.404000000000000000,20000.000000000000000000,20000.000000000000000000,12000.000000000000000000,12000.000000000000000000,4000.000000000000000000,4000.000000000000000000,0.404000000000000000,0.404000000000000000
1.406000000000000000,1.406000000000000000,1.406000000000000000,20000.000000000000000000,20000.000000000000000000,12000.000000000000000000,12000.000000000000000000,4000.000000000000000000,4000.000000000000000000,0.406000000000000000,0.406000000000000000
1.408000000000000000,1.408000000000000000,1.408000000000000000,20000.000000000000000000,20000.000000000000000000,12000.000000000000000000,12000.000000000000000000,4000.000000000000000000,4000.000000000000000000,0.408000000000000000,0.408000000000000000
1.410000000000000000,1.410000000000000000,1.410000000000000000,20000.000000000000000000,20000.000000000000000000,12000.000000000000000000,12000.000000000000000000,4000.000000000000000000,4000.000000000000000000,0.410000000000000000,0.410000000000000000
1.412000000000000000,1.412000000000000000,1.412000000000000000,20000.000000000000000000,20000.000000000000000000,12000.000000000000000000,12000.000000000000000000,4000.000000000000000000,4000.000000000000000000,0.412000000000000000,0.412000000000000000
1.414000000000000000,1.414000000000000000,1.414000000000000000,20000.000000000000000000,20000.000000000000000000,12000.000000000000000000,12000.000000000000000000,4000.000000000000000000,4000.000000000000000000,0.414000000000000000,0.414000000000000000
1.416000000000000000,1.416000000000000000,1.416000000000000000,20000.000000000000000000,20000.000000000000000000,12000.000000000000000000,12000.000000000000000000,4000.000000000000000000,4000.000000000000000000,0.416000000000000000,0.416000000000000000
1.418000000000000000,1.418000000000000000,1.418000000000000000,20000.000000000000000000,20000.000000000000000000,12000.000000000000000000,12000.000000000000000000,4000.000000000000000000,4000.000000000000000000,0.418000000000000000,0.418000000000000000
1.420000000000000000,1.420000000000000000,1.420000000000000000,20000.000000000000000000,20000.000000000000000000,12000.000000000000000000,12000.000000000000000000,4000.000000000000000000,4000.000000000000000000,0.420000000000000000,0.420000000000000000
1.422000000000000000,1.422000000000000000,1.422000000000000000,20000.000000000000000000,20000.000000000000000000,12000.000000000000000000,12000.000000000000000000,4000.000000000000000000,4000.000000000000000000,0.422000000000000000,0.422000000000000000
1.424000000000000000,1.424000000000000000,1.424000000000000000,20000.000000000000000000,20000.000000000000000000,12000.000000000000000000,12000.000000000000000000,4000.000000000000000000,4000.000000000000000000,0.424000000000000000,0.424000000000000000
1.426000000000000000,1.426000000000000000,1.426000000000000000,20000.000000000000000000,20000.000000000000000000,12000.000000000000000000,12000.000000000000000000,4000.000000000000000000,4000.000000000000000000,0.426000000000000000,0.426000000000000000
1.428000000000000000,1.428000000000000000,1.428000000000000000,20000.000000000000000000,20000.000000000000000000,12000.000000000000000000,12000.000000000000000000,4000.000000000000000000,4000.000000000000000000,0.428000000000000000,0.428000000000000000
1.430000000000000000,1.430000000000000000,1.430000000000000000,20000.000000000000000000,20000.000000000000000000,12000.000000000000000000,12000.000000000000000000,4000.000000000000000000,4000.000000000000000000,0.430000000000000000,0.430000000000000000
1.432000000000000000,1.432000000000000000,1.432000000000000000,20000.000000000000000000,20000.000000000000000000,12000.000000000000000000,12000.000000000000000000,4000.000000000000000000,4000.000000000000000000,0.432000000000000000,0.432000000000000000
1.434000000000000000,1.434000000000000000,1.434000000000000000,20000.000000000000000000,20000.000000000000000000,12000.000000000000000000,12000.000000000000000000,4000.000000000000000000,4000.000000000000000000,0.434000000000000000,0.434000000000000000
1.436000000000000000,1.436000000000000000,1.436000000000000000,20000.000000000000000000,20000.000000000000000000,12000.000000000000000000,12000.000000000000000000,4000.000000000000000000,4000.000000000000000000,0.436000000000000000,0.436000000000000000
1.438000000000000000,1.438000000000000000,1.438000000000000000,20000.000000000000000000,20000.000000000000000000,12000.000000000000000000,12000.000000000000000000,4000.000000000000000000,4000.000000000000000000,0.438000000000000000,0.438000000000000000
1.440000000000000000,1.440000000000000000,1.440000000000000000,20000.000000000000000000,20000.000000000000000000,12000.000000000000000000,12000.000000000000000000,4000.000000000000000000,4000.000000000000000000,0.440000000000000000,0.440000000000000000
1.442000000000000000,1.442000000000000000,1.442000000000000000,20000.000000000000000000,20000.000000000000000000,12000.000000000000000000,12000.000000000000000000,4000.000000000000000000,4000.000000000000000000,0.442000000000000000,0.442000000000000000
1.444000000000000000,1.444000000000000000,1.444000000000000000,20000.000000000000000000,20000.000000000000000000,12000.000000000000000000,12000.000000000000000000,4000.000000000000000000,4000.000000000000000000,0.444000000000000000,0.444000000000000000
1.446000000000000000,1.446000000000000000,1.446000000000000000,20000.000000000000000000,20000.000000000000000000,12000.000000000000000000,12000.000000000000000000,4000.000000000000000000,4000.000000000000000000,0.446000000000000000,0.446000000000000000
1.448000000000000000,1.448000000000000000,1.448000000000000000,20000.000000000000000000,20000.000000000000000000,12000.000000000000000000,12000.000000000000000000,4000.000000000000000000,4000.000000000000000000,0.448000000000000000,0.448000000000000000
1.450000000000000000,1.450000000000000000,1.450000000000000000,20000.000000000000000000,20000.000000000000000000,12000.000000000000000000,12000.000000000000000000,4000.000000000000000000,4000.000000000000000000,0.450000000000000000,0.450000000000000000
1.452000000000000000,1.452000000000000000,1.452000000000000000,20000.000000000000000000,20000.000000000000000000,12000.000000000000000000,12000.000000000000000000,4000.000000000000000000,4000.000000000000000000,0.452000000000000000,0.452000000000000000
1.454000000000000000,1.454000000000000000,1.454000000000000000,20000.000000000000000000,20000.000000000000000000,12000.000000000000000000,12000.000000000000000000,4000.000000000000000000,4000.000000000000000000,0.454000000000000000,0.454000000000000000
1.456000000000000000,1.456000000000000000,1.456000000000000000,20000.000000000000000000,20000.000000000000000000,12000.000000000000000000,12000.000000000000000000,4000.000000000000000000,4000.000000000000000000,0.456000000000000000,0.456000000000000000
1.458000000000000000,1.458000000000000000,1.458000000000000000,20000.000000000000000000,20000.000000000000000000,12000.000000000000000000,12000.000000000000000000,4000.000000000000000000,4000.000000000000000000,0.458000000000000000,0.458000000000000000
1.460000000000000000,1.460000000000000000,1.460000000000000000,20000.000000000000000000,20000.000000000000000000,12000.000000000000000000,12000.000000000000000000,4000.000000000000000000,4000.000000000000000000,0.460000000000000000,0.460000000000000000
1.462000000000000000,1.462000000000000000,1.462000000000000000,20000.000000000000000000,20000.000000000000000000,12000.000000000000000000,12000.000000000000000000,4000.000000000000000000,4000.000000000000000000,0.462000000000000000,0.462000000000000000
1.464000000000000000,1.464000000000000000,1.464000000000000000,20000.000000000000000000,20000.000000000000000000,12000.000000000000000000,12000.000000000000000000,4000.000000000000000000,4000.000000000000000000,0.464000000000000000,0.464000000000000000
1.466000000000000000,1.466000000000000000,1.466000000000000000,20000.000000000000000000,20000.000000000000000000,12000.000000000000000000,12000.000000000000000000,4000.000000000000000000,4000.000000000000000000,0.466000000000000000,0.466000000000000000
1.468000000000000000,1.468000000000000000,1.468000000000000000,20000.000000000000000000,20000.000000000000000000,12000.000000000000000000,12000.000000000000000000,4000.000000000000000000,4000.000000000000000000,0.468000000000000000,0.468000000000000000
1.470000000000000000,1.470000000000000000,1.470000000000000000,20000.000000000000000000,20000.000000000000000000,12000.000000000000000000,12000.000000000000000000,4000.000000000000000000,4000.000000000000000000,0.470000000000000000,0.470000000000000000
1.472000000000000000,1.472000000000000000,1.472000000000000000,20000.000000000000000000,20000.000000000000000000,12000.000000000000000000,12000.000000000000000000,4000.000000000000000000,4000.000000000000000000,0.472000000000000000,0.472000000000000000
1.474000000000000000,1.474000000000000000,1.474000000000000000,20000.000000000000000000,20000.000000000000000000,12000.000000000000000000,12000.000000000000000000,4000.000000000000000000,4000.000000000000000000,0.474000000000000000,0.474000000000000000
1.476000000000000000,1.476000000000000000,1.476000000000000000,20000.000000000000000000,20000.000000000000000000,12000.000000000000000000,12000.000000000000000000,4000.000000000000000000,4000.000000000000000000,0.476000000000000000,0.476000000000000000
1.478000000000000000,1.478000000000000000,1.478000000000000000,20000.000000000000000000,20000.000000000000000000,12000.000000000000000000,12000.000000000000000000,4000.000000000000000000,4000.000000000000000000,0.478000000000000000,0.478000000000000000
1.480000000000000000,1.480000000000000000,1.480000000000000000,20000.000000000000000000,20000.000000000000000000,12000.000000000000000000,12000.000000000000000000,4000.000000000000000000,4000.000000000000000000,0.480000000000000000,0.480000000000000000
1.482000000000000000,1.482000000000000000,1.482000000000000000,20000.000000000000000000,20000.000000000000000000,12000.000000000000000000,12000.000000000000000000,4000.000000000000000000,4000.000000000000000000,0.482000000000000000,0.482000000000000000
1.484000000000000000,1.484000000000000000,1.484000000000000000,20000.000000000000000000,20000.000000000000000000,12000.000000000000000000,12000.000000000000000000,4000.000000000000000000,4000.000000000000000000,0.484000000000000000,0.484000000000000000
1.486000000000000000,1.486000000000000000,1.486000000000000000,20000.000000000000000000,20000.000000000000000000,12000.000000000000000000,12000.000000000000000000,4000.000000000000000000,4000.000000000000000000,0.486000000000000000,0.486000000000000000
1.488000000000000000,1.488000000000000000,1.488000000000000000,20000.000000000000000000,20000.000000000000000000,12000.000000000000000000,12000.000000000000000000,4000.000000000000000000,4000.000000000000000000,0.488000000000000000,0.488000000000000000
1.490000000000000000,1.490000000000000000,1.490000000000000000,20000.000000000000000000,20000.000000000000000000,12000.000000000000000000,12000.000000000000000000,4000.000000000000000000,4000.000000000000000000,0.490000000000000000,0.490000000000000000
1.492000000000000000,1.492000000000000000,1.492000000000000000,20000.000000000000000000,20000.000000000000000000,12000.000000000000000000,12000.000000000000000000,4000.000000000000000000,4000.000000000000000000,0.492000000000000000,0.492000000000000000
1.494000000000000000,1.494000000000000000,1.494000000000000000,20000.000000000000000000,20000.000000000000000000,12000.000000000000000000,12000.000000000000000000,4000.000000000000000000,4000.000000000000000000,0.494000000000000000,0.494000000000000000
1.496000000000000000,1.496000000000000000,1.496000000000000000,20000.000000000000000000,20000.000000000000000000,12000.000000000000000000,12000.000000000000000000,4000.000000000000000000,4000.000000000000000000,0.496000000000000000,0.496000000000000000
1.498000000000000000,1.498000000000000000,1.498000000000000000,20000.000000000000000000,20000.000000000000000000,12000.000000000000000000,12000.000000000000000000,4000.000000000000000000,4000.000000000000000000,0.498000000000000000,0.498000000000000000
1.500000000000000000,1.500000000000000000,1.500000000000000000,20000.000000000000000000,20000.000000000000000000,12000.000000000000000000,12000.000000000000000000,4000.000000000000000000,4000.000000000000000000,0.500000000000000000,0.500000000000000000
1.502000000000000000,1.502000000000000000,1.502000000000000000,20000.000000000000000000,20000.000000000000000000,12000.000000000000000000,12000.000000000000000000,4000.000000000000000000,4000.000000000000000000,0.502000000000000000,0.502000000000000000
1.504000000000000000,1.504000000000000000,1.504000000000000000,20000.000000000000000000,20000.000000000000000000,12000.000000000000000000,12000.000000000000000000,4000.000000000000000000,4000.000000000000000000,0.504000000000000000,0.504000000000000000
1.506000000000000000,1.506000000000000000,1.506000000000000000,20000.000000000000000000,20000.000000000000000000,12000.000000000000000000,12000.000000000000000000,4000.000000000000000000,4000.000000000000000000,0.506000000000000000,0.506000000000000000
1.508000000000000000,1.508000000000000000,1.508000000000000000,20000.000000000000000000,20000.000000000000000000,12000.000000000000000000,12000.000000000000000000,4000.000000000000000000,4000.000000000000000000,0.508000000000000000,0.508000000000000000
1.510000000000000000,1.510000000000000000,1.510000000000000000,20000.000000000000000000,20000.000000000000000000,12000.000000000000000000,12000.000000000000000000,4000.000000000000000000,4000.000000000000000000,0.510000000000000000,0.510000000000000000
1.512000000000000000,1.512000000000000000,1.512000000000000000,20000.000000000000000000,20000.000000000000000000,12000.000000000000000000,12000.000000000000000000,4000.000000000000000000,4000.000000000000000000,0.512000000000000000,0.512000000000000000
1.514000000000000000,1.514000000000000000,1.514000000000000000,20000.000000000000000000,20000.000000000000000000,12000.000000000000000000,12000.000000000000000000,4000.000000000000000000,4000.000000000000000000,0.514000000000000000,0.514000000000000000
1.516000000000000000,1.516000000000000000,1.516000000000000000,20000.000000000000000000,20000.000000000000000000,12000.000000000000000000,12000.000000000000000000,4000.000000000000000000,4000.000000000000000000,0.516000000000000000,0.516000000000000000
1.518000000000000000,1.518000000000000000,1.518000000000000000,20000.000000000000000000,20000.000000000000000000,12000.000000000000000000,12000.000000000000000000,4000.000000000000000000,4000.000000000000000000,0.518000000000000000,0.518000000000000000
1.520000000000000000,1.520000000000000000,1.520000000000000000,20000.000000000000000000,20000.000000000000000000,12000.000000000000000000,12000.000000000000000000,4000.000000000000000000,4000.000000000000000000,0.520000000000000000,0.520000000000000000
1.522000000000000000,1.522000000000000000,1.522000000000000000,20000.000000000000000000,20000.000000000000000000,12000.000000000000000000,12000.000000000000000000,4000.000000000000000000,4000.000000000000000000,0.522000000000000000,0.522000000000000000
1.524000000000000000,1.524000000000000000,1.524000000000000000,20000.000000000000000000,20000.000000000000000000,12000.000000000000000000,12000.000000000000000000,4000.000000000000000000,4000.000000000000000000,0.524000000000000000,0.524000000000000000
1.526000000000000000,1.526000000000000000,1.526000000000000000,20000.000000000000000000,20000.000000000000000000,12000.000000000000000000,12000.000000000000000000,4000.000000000000000000,4000.000000000000000000,0.526000000000000000,0.526000000000000000
1.528000000000000000,1.528000000000000000,1.528000000000000000,20000.000000000000000000,20000.000000000000000000,12000.000000000000000000,12000.000000000000000000,4000.000000000000000000,4000.000000000000000000,0.528000000000000000,0.528000000000000000
1.530000000000000000,1.530000000000000000,1.530000000000000000,20000.000000000000000000,20000.000000000000000000,12000.000000000000000000,12000.000000000000000000,4000.000000000000000000,4000.000000000000000000,0.530000000000000000,0.530000000000000000
1.532000000000000000,1.532000000000000000,1.532000000000000000,20000.000000000000000000,20000.000000000000000000,12000.000000000000000000,12000.000000000000000000,4000.000000000000000000,4000.000000000000000000,0.532000000000000000,0.532000000000000000
1.534000000000000000,1.534000000000000000,1.534000000000000000,20000.000000000000000000,20000.000000000000000000,12000.000000000000000000,12000.000000000000000000,4000.000000000000000000,4000.000000000000000000,0.534000000000000000,0.534000000000000000
1.536000000000000000,1.536000000000000000,1.536000000000000000,20000.000000000000000000,20000.000000000000000000,12000.000000000000000000,12000.000000000000000000,4000.000000000000000000,4000.000000000000000000,0.536000000000000000,0.536000000000000000
1.538000000000000000,1.538000000000000000,1.538000000000000000,20000.000000000000000000,20000.000000000000000000,12000.000000000000000000,12000.000000000000000000,4000.000000000000000000,4000.000000000000000000,0.538000000000000000,0.538000000000000000
1.540000000000000000,1.540000000000000000,1.540000000000000000,20000.000000000000000000,20000.000000000000000000,12000.000000000000000000,12000.000000000000000000,4000.000000000000000000,4000.000000000000000000,0.540000000000000000,0.540000000000000000
1.542000000000000000,1.542000000000000000,1.542000000000000000,20000.000000000000000000,20000.000000000000000000,12000.000000000000000000,12000.000000000000000000,4000.000000000000000000,4000.000000000000000000,0.542000000000000000,0.542000000000000000
1.544000000000000000,1.544000000000000000,1.544000000000000000,20000.000000000000000000,20000.000000000000000000,12000.000000000000000000,12000.000000000000000000,4000.000000000000000000,4000.000000000000000000,0.544000000000000000,0.544000000000000000
1.546000000000000000,1.546000000000000000,1.546000000000000000,20000.000000000000000000,20000.000000000000000000,12000.000000000000000000,12000.000000000000000000,4000.000000000000000000,4000.000000000000000000,0.546000000000000000,0.546000000000000000
1.548000000000000000,1.548000000000000000,1.548000000000000000,20000.000000000000000000,20000.000000000000000000,12000.000000000000000000,12000.000000000000000000,4000.000000000000000000,4000.000000000000000000,0.548000000000000000,0.548000000000000000
1.550000000000000000,1.550000000000000000,1.550000000000000000,20000.000000000000000000,20000.000000000000000000,12000.000000000000000000,12000.000000000000000000,4000.000000000000000000,4000.000000000000000000,0.550000000000000000,0.550000000000000000
1.552000000000000000,1.552000000000000000,1.552000000000000000,20000.000000000000000000,20000.000000000000000000,12000.000000000000000000,12000.000000000000000000,4000.000000000000000000,4000.000000000000000000,0.552000000000000000,0.552000000000000000
1.554000000000000000,1.554000000000000000,1.554000000000000000,20000.000000000000000000,20000.000000000000000000,12000.000000000000000000,12000.000000000000000000,4000.000000000000000000,4000.000000000000000000,0.554000000000000000,0.554000000000000000
1.556000000000000000,1.556000000000000000,1.556000000000000000,20000.000000000000000000,20000.000000000000000000,12000.000000000000000000,12000.000000000000000000,4000.000000000000000000,4000.000000000000000000,0.556000000000000000,0.556000000000000000
1.558000000000000000,1.558000000000000000,1.558000000000000000,20000.000000000000000000,20000.000000000000000000,12000.000000000000000000,12000.000000000000000000,4000.000000000000000000,4000.000000000000000000,0.558000000000000000,0.558000000000000000
1.560000000000000000,1.560000000000000000,1.560000000000000000,20000.000000000000000000,20000.000000000000000000,12000.000000000000000000,12000.000000000000000000,4000.000000000000000000,4000.000000000000000000,0.560000000000000000,0.560000000000000000
1.562000000000000000,1.562000000000000000,1.562000000000000000,20000.000000000000000000,20000.000000000000000000,12000.000000000000000000,12000.000000000000000000,4000.000000000000000000,4000.000000000000000000,0.562000000000000000,0.562000000000000000
1.564000000000000000,1.564000000000000000,1.564000000000000000,20000.000000000000000000,20000.000000000000000000,12000.000000000000000000,12000.000000000000000000,4000.000000000000000000,4000.000000000000000000,0.564000000000000000,0.564000000000000000
1.566000000000000000,1.566000000000000000,1.566000000000000000,20000.000000000000000000,20000.000000000000000000,12000.000000000000000000,12000.000000000000000000,4000.000000000000000000,4000.000000000000000000,0.566000000000000000,0.566000000000000000
1.568000000000000000,1.568000000000000000,1.568000000000000000,20000.000000000000000000,20000.000000000000000000,12000.000000000000000000,12000.000000000000000000,4000.000000000000000000,4000.000000000000000000,0.568000000000000000,0.568000000000000000
1.570000000000000000,1.570000000000000000,1.570000000000000000,20000.000000000000000000,20000.000000000000000000,12000.000000000000000000,12000.000000000000000000,4000.000000000000000000,4000.000000000000000000,0.570000000000000000,0.570000000000000000
1.572000000000000000,1.572000000000000000,1.572000000000000000,20000.000000000000000000,20000.000000000000000000,12000.000000000000000000,12000.000000000000000000,4000.000000000000000000,4000.000000000000000000,0.572000000000000000,0.572000000000000000
1.574000000000000000,1.574000000000000000,1.574000000000000000,20000.000000000000000000,20000.000000000000000000,12000.000000000000000000,12000.000000000000000000,4000.000000000000000000,4000.000000000000000000,0.574000000000000000,0.574000000000000000
1.576000000000000000,1.576000000000000000,1.576000000000000000,20000.000000000000000000,20000.000000000000000000,12000.000000000000000000,12000.000000000000000000,4000.000000000000000000,4000.000000000000000000,0.576000000000000000,0.576000000000000000
1.578000000000000000,1.578000000000000000,1.578000000000000000,20000.000000000000000000,20000.000000000000000000,12000.000000000000000000,12000.000000000000000000,4000.000000000000000000,4000.000000000000000000,0.578000000000000000,0.578000000000000000
1.580000000000000000,1.580000000000000000,1.580000000000000000,20000.000000000000000000,20000.000000000000000000,12000.000000000000000000,12000.000000000000000000,4000.000000000000000000,4000.000000000000000000,0.580000000000000000,0.580000000000000000
1.582000000000000000,1.582000000000000000,1.582000000000000000,20000.000000000000000000,20000.000000000000000000,12000.000000000000000000,12000.000000000000000000,4000.000000000000000000,4000.000000000000000000,0.582000000000000000,0.582000000000000000
1.584000000000000000,1.584000000000000000,1.584000000000000000,20000.000000000000000000,20000.000000000000000000,12000.000000000000000000,12000.000000000000000000,4000.000000000000000000,4000.000000000000000000,0.584000000000000000,0.584000000000000000
1.586000000000000000,1.586000000000000000,1.586000000000000000,20000.000000000000000000,20000.000000000000000000,12000.000000000000000000,12000.000000000000000000,4000.000000000000000000,4000.000000000000000000,0.586000000000000000,0.586000000000000000
1.588000000000000000,1.588000000000000000,1.588000000000000000,20000.000000000000000000,20000.000000000000000000,12000.000000000000000000,12000.000000000000000000,4000.000000000000000000,4000.000000000000000000,0.588000000000000000,0.588000000000000000
1.590000000000000000,1.590000000000000000,1.590000000000000000,20000.000000000000000000,20000.000000000000000000,12000.000000000000000000,12000.000000000000000000,4000.000000000000000000,4000.000000000000000000,0.590000000000000000,0.590000000000000000
1.592000000000000000,1.592000000000000000,1.592000000000000000,20000.000000000000000000,20000.000000000000000000,12000.000000000000000000,12000.000000000000000000,4000.000000000000000000,4000.000000000000000000,0.592000000000000000,0.592000000000000000
1.594000000000000000,1.594000000000000000,1.594000000000000000,20000.000000000000000000,20000.000000000000000000,12000.000000000000000000,12000.000000000000000000,4000.000000000000000000,4000.000000000000000000,0.594000000000000000,0.594000000000000000
1.596000000000000000,1.596000000000000000,1.596000000000000000,20000.000000000000000000,20000.000000000000000000,12000.000000000000000000,12000.000000000000000000,4000.000000000000000000,4000.000000000000000000,0.596000000000000000,0.596000000000000000
1.598000000000000000,1.598000000000000000,1.598000000000000000,20000.000000000000000000,20000.000000000000000000,12000.000000000000000000,12000.000000000000000000,4000.000000000000000000,4000.000000000000000000,0.598000000000000000,0.598000000000000000
1.600000000000000000,1.600000000000000000,1.600000000000000000,20000.000000000000000000,20000.000000000000000000,12000.000000000000000000,12000.000000000000000000,4000.000000000000000000,4000.000000000000000000,0.600000000000000000,0.600000000000000000
