collateral ratio swept to,collateral ratio before the rebalance,collateral ratio after the rebalance,minter pegged before,minter pegged after,StabilityPoolCollateral pegged before,StabilityPoolCollateral pegged after,StabilityPoolLeveraged pegged before,StabilityPoolLeveraged pegged after,leveraged token price before,leveraged token price after
0.002000000000000000,0.002000000000000000,0.006077451274362818,20000.000000000000000000,4002.000000000000000000,8000.000000000000000000,1.000000000000000000,8000.000000000000000000,1.000000000000000000,0.000040000000000000,0.000001180818107007
0.004000000000000000,0.004000000000000000,0.012154902548725637,20000.000000000000000000,4002.000000000000000000,8000.000000000000000000,1.000000000000000000,8000.000000000000000000,1.000000000000000000,0.000080000000000000,0.000002361636214015
0.006000000000000000,0.006000000000000000,0.018232353823088455,20000.000000000000000000,4002.000000000000000000,8000.000000000000000000,1.000000000000000000,8000.000000000000000000,1.000000000000000000,0.000120000000000000,0.000003542454321023
0.008000000000000000,0.008000000000000000,0.024309805097451274,20000.000000000000000000,4002.000000000000000000,8000.000000000000000000,1.000000000000000000,8000.000000000000000000,1.000000000000000000,0.000160000000000000,0.000004723272428031
0.010000000000000000,0.010000000000000000,0.030387256371814092,20000.000000000000000000,4002.000000000000000000,8000.000000000000000000,1.000000000000000000,8000.000000000000000000,1.000000000000000000,0.000200000000000000,0.000005904090535039
0.012000000000000000,0.012000000000000000,0.036464707646176911,20000.000000000000000000,4002.000000000000000000,8000.000000000000000000,1.000000000000000000,8000.000000000000000000,1.000000000000000000,0.000240000000000000,0.000007084908642047
0.014000000000000000,0.014000000000000000,0.042542158920539730,20000.000000000000000000,4002.000000000000000000,8000.000000000000000000,1.000000000000000000,8000.000000000000000000,1.000000000000000000,0.000280000000000000,0.000008265726749055
0.016000000000000000,0.016000000000000000,0.048619610194902548,20000.000000000000000000,4002.000000000000000000,8000.000000000000000000,1.000000000000000000,8000.000000000000000000,1.000000000000000000,0.000320000000000000,0.000009446544856062
0.018000000000000000,0.018000000000000000,0.054697061469265367,20000.000000000000000000,4002.000000000000000000,8000.000000000000000000,1.000000000000000000,8000.000000000000000000,1.000000000000000000,0.000360000000000000,0.000010627362963070
0.020000000000000000,0.020000000000000000,0.060774512743628185,20000.000000000000000000,4002.000000000000000000,8000.000000000000000000,1.000000000000000000,8000.000000000000000000,1.000000000000000000,0.000400000000000000,0.000011808181070078
0.022000000000000000,0.022000000000000000,0.066851964017991004,20000.000000000000000000,4002.000000000000000000,8000.000000000000000000,1.000000000000000000,8000.000000000000000000,1.000000000000000000,0.000440000000000000,0.000012988999177086
0.024000000000000000,0.024000000000000000,0.072929415292353823,20000.000000000000000000,4002.000000000000000000,8000.000000000000000000,1.000000000000000000,8000.000000000000000000,1.000000000000000000,0.000480000000000000,0.000014169817284094
0.026000000000000000,0.026000000000000000,0.079006866566716641,20000.000000000000000000,4002.000000000000000000,8000.000000000000000000,1.000000000000000000,8000.000000000000000000,1.000000000000000000,0.000520000000000000,0.000015350635391102
0.028000000000000000,0.028000000000000000,0.085084317841079460,20000.000000000000000000,4002.000000000000000000,8000.000000000000000000,1.000000000000000000,8000.000000000000000000,1.000000000000000000,0.000560000000000000,0.000016531453498110
0.030000000000000000,0.030000000000000000,0.091161769115442278,20000.000000000000000000,4002.000000000000000000,8000.000000000000000000,1.000000000000000000,8000.000000000000000000,1.000000000000000000,0.000600000000000000,0.000017712271605118
0.032000000000000000,0.032000000000000000,0.097239220389805097,20000.000000000000000000,4002.000000000000000000,8000.000000000000000000,1.000000000000000000,8000.000000000000000000,1.000000000000000000,0.000640000000000000,0.000018893089712125
0.034000000000000000,0.034000000000000000,0.103316671664167916,20000.000000000000000000,4002.000000000000000000,8000.000000000000000000,1.000000000000000000,8000.000000000000000000,1.000000000000000000,0.000680000000000000,0.000020073907819133
0.036000000000000000,0.036000000000000000,0.109394122938530734,20000.000000000000000000,4002.000000000000000000,8000.000000000000000000,1.000000000000000000,8000.000000000000000000,1.000000000000000000,0.000720000000000000,0.000021254725926141
0.038000000000000000,0.038000000000000000,0.115471574212893553,20000.000000000000000000,4002.000000000000000000,8000.000000000000000000,1.000000000000000000,8000.000000000000000000,1.000000000000000000,0.000760000000000000,0.000022435544033149
0.040000000000000000,0.040000000000000000,0.121549025487256371,20000.000000000000000000,4002.000000000000000000,8000.000000000000000000,1.000000000000000000,8000.000000000000000000,1.000000000000000000,0.000800000000000000,0.000023616362140157
0.042000000000000000,0.042000000000000000,0.127626476761619190,20000.000000000000000000,4002.000000000000000000,8000.000000000000000000,1.000000000000000000,8000.000000000000000000,1.000000000000000000,0.000840000000000000,0.000024797180247165
0.044000000000000000,0.044000000000000000,0.133703928035982008,20000.000000000000000000,4002.000000000000000000,8000.000000000000000000,1.000000000000000000,8000.000000000000000000,1.000000000000000000,0.000880000000000000,0.000025977998354173
0.046000000000000000,0.046000000000000000,0.139781379310344827,20000.000000000000000000,4002.000000000000000000,8000.000000000000000000,1.000000000000000000,8000.000000000000000000,1.000000000000000000,0.000920000000000000,0.000027158816461181
0.048000000000000000,0.048000000000000000,0.145858830584707646,20000.000000000000000000,4002.000000000000000000,8000.000000000000000000,1.000000000000000000,8000.000000000000000000,1.000000000000000000,0.000960000000000000,0.000028339634568188
0.050000000000000000,0.050000000000000000,0.151936281859070464,20000.000000000000000000,4002.000000000000000000,8000.000000000000000000,1.000000000000000000,8000.000000000000000000,1.000000000000000000,0.001000000000000000,0.000029520452675196
0.052000000000000000,0.052000000000000000,0.158013733133433283,20000.000000000000000000,4002.000000000000000000,8000.000000000000000000,1.000000000000000000,8000.000000000000000000,1.000000000000000000,0.001040000000000000,0.000030701270782204
0.054000000000000000,0.054000000000000000,0.164091184407796101,20000.000000000000000000,4002.000000000000000000,8000.000000000000000000,1.000000000000000000,8000.000000000000000000,1.000000000000000000,0.001080000000000000,0.000031882088889212
0.056000000000000000,0.056000000000000000,0.170168635682158920,20000.000000000000000000,4002.000000000000000000,8000.000000000000000000,1.000000000000000000,8000.000000000000000000,1.000000000000000000,0.001120000000000000,0.000033062906996220
0.058000000000000000,0.058000000000000000,0.176246086956521739,20000.000000000000000000,4002.000000000000000000,8000.000000000000000000,1.000000000000000000,8000.000000000000000000,1.000000000000000000,0.001160000000000000,0.000034243725103228
0.060000000000000000,0.060000000000000000,0.182323538230884557,20000.000000000000000000,4002.000000000000000000,8000.000000000000000000,1.000000000000000000,8000.000000000000000000,1.000000000000000000,0.001200000000000000,0.000035424543210236
0.062000000000000000,0.062000000000000000,0.188400989505247376,20000.000000000000000000,4002.000000000000000000,8000.000000000000000000,1.000000000000000000,8000.000000000000000000,1.000000000000000000,0.001240000000000000,0.000036605361317244
0.064000000000000000,0.064000000000000000,0.194478440779610194,20000.000000000000000000,4002.000000000000000000,8000.000000000000000000,1.000000000000000000,8000.000000000000000000,1.000000000000000000,0.001280000000000000,0.000037786179424251
0.066000000000000000,0.066000000000000000,0.200555892053973013,20000.000000000000000000,4002.000000000000000000,8000.000000000000000000,1.000000000000000000,8000.000000000000000000,1.000000000000000000,0.001320000000000000,0.000038966997531259
0.068000000000000000,0.068000000000000000,0.206633343328335832,20000.000000000000000000,4002.000000000000000000,8000.000000000000000000,1.000000000000000000,8000.000000000000000000,1.000000000000000000,0.001360000000000000,0.000040147815638267
0.070000000000000000,0.070000000000000000,0.212710794602698650,20000.000000000000000000,4002.000000000000000000,8000.000000000000000000,1.000000000000000000,8000.000000000000000000,1.000000000000000000,0.001400000000000000,0.000041328633745275
0.072000000000000000,0.072000000000000000,0.218788245877061469,20000.000000000000000000,4002.000000000000000000,8000.000000000000000000,1.000000000000000000,8000.000000000000000000,1.000000000000000000,0.001440000000000000,0.000042509451852283
0.074000000000000000,0.074000000000000000,0.224865697151424287,20000.000000000000000000,4002.000000000000000000,8000.000000000000000000,1.000000000000000000,8000.000000000000000000,1.000000000000000000,0.001480000000000000,0.000043690269959291
0.076000000000000000,0.076000000000000000,0.230943148425787106,20000.000000000000000000,4002.000000000000000000,8000.000000000000000000,1.000000000000000000,8000.000000000000000000,1.000000000000000000,0.001520000000000000,0.000044871088066299
0.078000000000000000,0.078000000000000000,0.237020599700149925,20000.000000000000000000,4002.000000000000000000,8000.000000000000000000,1.000000000000000000,8000.000000000000000000,1.000000000000000000,0.001560000000000000,0.000046051906173307
0.080000000000000000,0.080000000000000000,0.243098050974512743,20000.000000000000000000,4002.000000000000000000,8000.000000000000000000,1.000000000000000000,8000.000000000000000000,1.000000000000000000,0.001600000000000000,0.000047232724280314
0.082000000000000000,0.082000000000000000,0.249175502248875562,20000.000000000000000000,4002.000000000000000000,8000.000000000000000000,1.000000000000000000,8000.000000000000000000,1.000000000000000000,0.001640000000000000,0.000048413542387322
0.084000000000000000,0.084000000000000000,0.255252953523238380,20000.000000000000000000,4002.000000000000000000,8000.000000000000000000,1.000000000000000000,8000.000000000000000000,1.000000000000000000,0.001680000000000000,0.000049594360494330
0.086000000000000000,0.086000000000000000,0.261330404797601199,20000.000000000000000000,4002.000000000000000000,8000.000000000000000000,1.000000000000000000,8000.000000000000000000,1.000000000000000000,0.001720000000000000,0.000050775178601338
0.088000000000000000,0.088000000000000000,0.267407856071964017,20000.000000000000000000,4002.000000000000000000,8000.000000000000000000,1.000000000000000000,8000.000000000000000000,1.000000000000000000,0.001760000000000000,0.000051955996708346
0.090000000000000000,0.090000000000000000,0.273485307346326836,20000.000000000000000000,4002.000000000000000000,8000.000000000000000000,1.000000000000000000,8000.000000000000000000,1.000000000000000000,0.001800000000000000,0.000053136814815354
0.092000000000000000,0.092000000000000000,0.279562758620689655,20000.000000000000000000,4002.000000000000000000,8000.000000000000000000,1.000000000000000000,8000.000000000000000000,1.000000000000000000,0.001840000000000000,0.000054317632922362
0.094000000000000000,0.094000000000000000,0.285640209895052473,20000.000000000000000000,4002.000000000000000000,8000.000000000000000000,1.000000000000000000,8000.000000000000000000,1.000000000000000000,0.001880000000000000,0.000055498451029369
0.096000000000000000,0.096000000000000000,0.291717661169415292,20000.000000000000000000,4002.000000000000000000,8000.000000000000000000,1.000000000000000000,8000.000000000000000000,1.000000000000000000,0.001920000000000000,0.000056679269136377
0.098000000000000000,0.098000000000000000,0.297795112443778110,20000.000000000000000000,4002.000000000000000000,8000.000000000000000000,1.000000000000000000,8000.000000000000000000,1.000000000000000000,0.001960000000000000,0.000057860087243385
0.100000000000000000,0.100000000000000000,0.303872563718140929,20000.000000000000000000,4002.000000000000000000,8000.000000000000000000,1.000000000000000000,8000.000000000000000000,1.000000000000000000,0.002000000000000000,0.000059040905350393
0.102000000000000000,0.102000000000000000,0.309950014992503748,20000.000000000000000000,4002.000000000000000000,8000.000000000000000000,1.000000000000000000,8000.000000000000000000,1.000000000000000000,0.002040000000000000,0.000060221723457401
0.104000000000000000,0.104000000000000000,0.316027466266866566,20000.000000000000000000,4002.000000000000000000,8000.000000000000000000,1.000000000000000000,8000.000000000000000000,1.000000000000000000,0.002080000000000000,0.000061402541564409
0.106000000000000000,0.106000000000000000,0.322104917541229385,20000.000000000000000000,4002.000000000000000000,8000.000000000000000000,1.000000000000000000,8000.000000000000000000,1.000000000000000000,0.002120000000000000,0.000062583359671417
0.108000000000000000,0.108000000000000000,0.328182368815592203,20000.000000000000000000,4002.000000000000000000,8000.000000000000000000,1.000000000000000000,8000.000000000000000000,1.000000000000000000,0.002160000000000000,0.000063764177778425
0.110000000000000000,0.110000000000000000,0.334259820089955022,20000.000000000000000000,4002.000000000000000000,8000.000000000000000000,1.000000000000000000,8000.000000000000000000,1.000000000000000000,0.002200000000000000,0.000064944995885432
0.112000000000000000,0.112000000000000000,0.340337271364317841,20000.000000000000000000,4002.000000000000000000,8000.000000000000000000,1.000000000000000000,8000.000000000000000000,1.000000000000000000,0.002240000000000000,0.000066125813992440
0.114000000000000000,0.114000000000000000,0.346414722638680659,20000.000000000000000000,4002.000000000000000000,8000.000000000000000000,1.000000000000000000,8000.000000000000000000,1.000000000000000000,0.002280000000000000,0.000067306632099448
0.116000000000000000,0.116000000000000000,0.352492173913043478,20000.000000000000000000,4002.000000000000000000,8000.000000000000000000,1.000000000000000000,8000.000000000000000000,1.000000000000000000,0.002320000000000000,0.000068487450206456
0.118000000000000000,0.118000000000000000,0.358569625187406296,20000.000000000000000000,4002.000000000000000000,8000.000000000000000000,1.000000000000000000,8000.000000000000000000,1.000000000000000000,0.002360000000000000,0.000069668268313464
0.120000000000000000,0.120000000000000000,0.364647076461769115,20000.000000000000000000,4002.000000000000000000,8000.000000000000000000,1.000000000000000000,8000.000000000000000000,1.000000000000000000,0.002400000000000000,0.000070849086420472
0.122000000000000000,0.122000000000000000,0.370724527736131934,20000.000000000000000000,4002.000000000000000000,8000.000000000000000000,1.000000000000000000,8000.000000000000000000,1.000000000000000000,0.002440000000000000,0.000072029904527480
0.124000000000000000,0.124000000000000000,0.376801979010494752,20000.000000000000000000,4002.000000000000000000,8000.000000000000000000,1.000000000000000000,8000.000000000000000000,1.000000000000000000,0.002480000000000000,0.000073210722634488
0.126000000000000000,0.126000000000000000,0.382879430284857571,20000.000000000000000000,4002.000000000000000000,8000.000000000000000000,1.000000000000000000,8000.000000000000000000,1.000000000000000000,0.002520000000000000,0.000074391540741495
0.128000000000000000,0.128000000000000000,0.388956881559220389,20000.000000000000000000,4002.000000000000000000,8000.000000000000000000,1.000000000000000000,8000.000000000000000000,1.000000000000000000,0.002560000000000000,0.000075572358848503
0.130000000000000000,0.130000000000000000,0.395034332833583208,20000.000000000000000000,4002.000000000000000000,8000.000000000000000000,1.000000000000000000,8000.000000000000000000,1.000000000000000000,0.002600000000000000,0.000076753176955511
0.132000000000000000,0.132000000000000000,0.401111784107946026,20000.000000000000000000,4002.000000000000000000,8000.000000000000000000,1.000000000000000000,8000.000000000000000000,1.000000000000000000,0.002640000000000000,0.000077933995062519
0.134000000000000000,0.134000000000000000,0.407189235382308845,20000.000000000000000000,4002.000000000000000000,8000.000000000000000000,1.000000000000000000,8000.000000000000000000,1.000000000000000000,0.002680000000000000,0.000079114813169527
0.136000000000000000,0.136000000000000000,0.413266686656671664,20000.000000000000000000,4002.000000000000000000,8000.000000000000000000,1.000000000000000000,8000.000000000000000000,1.000000000000000000,0.002720000000000000,0.000080295631276535
0.138000000000000000,0.138000000000000000,0.419344137931034482,20000.000000000000000000,4002.000000000000000000,8000.000000000000000000,1.000000000000000000,8000.000000000000000000,1.000000000000000000,0.002760000000000000,0.000081476449383543
0.140000000000000000,0.140000000000000000,0.425421589205397301,20000.000000000000000000,4002.000000000000000000,8000.000000000000000000,1.000000000000000000,8000.000000000000000000,1.000000000000000000,0.002800000000000000,0.000082657267490551
0.142000000000000000,0.142000000000000000,0.431499040479760119,20000.000000000000000000,4002.000000000000000000,8000.000000000000000000,1.000000000000000000,8000.000000000000000000,1.000000000000000000,0.002840000000000000,0.000083838085597558
0.144000000000000000,0.144000000000000000,0.437576491754122938,20000.000000000000000000,4002.000000000000000000,8000.000000000000000000,1.000000000000000000,8000.000000000000000000,1.000000000000000000,0.002880000000000000,0.000085018903704566
0.146000000000000000,0.146000000000000000,0.443653943028485757,20000.000000000000000000,4002.000000000000000000,8000.000000000000000000,1.000000000000000000,8000.000000000000000000,1.000000000000000000,0.002920000000000000,0.000086199721811574
0.148000000000000000,0.148000000000000000,0.449731394302848575,20000.000000000000000000,4002.000000000000000000,8000.000000000000000000,1.000000000000000000,8000.000000000000000000,1.000000000000000000,0.002960000000000000,0.000087380539918582
0.150000000000000000,0.150000000000000000,0.455808845577211394,20000.000000000000000000,4002.000000000000000000,8000.000000000000000000,1.000000000000000000,8000.000000000000000000,1.000000000000000000,0.003000000000000000,0.000088561358025590
0.152000000000000000,0.152000000000000000,0.461886296851574212,20000.000000000000000000,4002.000000000000000000,8000.000000000000000000,1.000000000000000000,8000.000000000000000000,1.000000000000000000,0.003040000000000000,0.000089742176132598
0.154000000000000000,0.154000000000000000,0.467963748125937031,20000.000000000000000000,4002.000000000000000000,8000.000000000000000000,1.000000000000000000,8000.000000000000000000,1.000000000000000000,0.003080000000000000,0.000090922994239606
0.156000000000000000,0.156000000000000000,0.474041199400299850,20000.000000000000000000,4002.000000000000000000,8000.000000000000000000,1.000000000000000000,8000.000000000000000000,1.000000000000000000,0.003120000000000000,0.000092103812346614
0.158000000000000000,0.158000000000000000,0.480118650674662668,20000.000000000000000000,4002.000000000000000000,8000.000000000000000000,1.000000000000000000,8000.000000000000000000,1.000000000000000000,0.003160000000000000,0.000093284630453621
0.160000000000000000,0.160000000000000000,0.486196101949025487,20000.000000000000000000,4002.000000000000000000,8000.000000000000000000,1.000000000000000000,8000.000000000000000000,1.000000000000000000,0.003200000000000000,0.000094465448560629
0.162000000000000000,0.162000000000000000,0.492273553223388305,20000.000000000000000000,4002.000000000000000000,8000.000000000000000000,1.000000000000000000,8000.000000000000000000,1.000000000000000000,0.003240000000000000,0.000095646266667637
0.164000000000000000,0.164000000000000000,0.498351004497751124,20000.000000000000000000,4002.000000000000000000,8000.000000000000000000,1.000000000000000000,8000.000000000000000000,1.000000000000000000,0.003280000000000000,0.000096827084774645
0.166000000000000000,0.166000000000000000,0.504428455772113943,20000.000000000000000000,4002.000000000000000000,8000.000000000000000000,1.000000000000000000,8000.000000000000000000,1.000000000000000000,0.003320000000000000,0.000098007902881653
0.168000000000000000,0.168000000000000000,0.510505907046476761,20000.000000000000000000,4002.000000000000000000,8000.000000000000000000,1.000000000000000000,8000.000000000000000000,1.000000000000000000,0.003360000000000000,0.000099188720988661
0.170000000000000000,0.170000000000000000,0.516583358320839580,20000.000000000000000000,4002.000000000000000000,8000.000000000000000000,1.000000000000000000,8000.000000000000000000,1.000000000000000000,0.003400000000000000,0.000100369539095669
0.172000000000000000,0.172000000000000000,0.522660809595202398,20000.000000000000000000,4002.000000000000000000,8000.000000000000000000,1.000000000000000000,8000.000000000000000000,1.000000000000000000,0.003440000000000000,0.000101550357202677
0.174000000000000000,0.174000000000000000,0.528738260869565217,20000.000000000000000000,4002.000000000000000000,8000.000000000000000000,1.000000000000000000,8000.000000000000000000,1.000000000000000000,0.003480000000000000,0.000102731175309684
0.176000000000000000,0.176000000000000000,0.534815712143928035,20000.000000000000000000,4002.000000000000000000,8000.000000000000000000,1.000000000000000000,8000.000000000000000000,1.000000000000000000,0.003520000000000000,0.000103911993416692
0.178000000000000000,0.178000000000000000,0.540893163418290854,20000.000000000000000000,4002.000000000000000000,8000.000000000000000000,1.000000000000000000,8000.000000000000000000,1.000000000000000000,0.003560000000000000,0.000105092811523700
0.180000000000000000,0.180000000000000000,0.546970614692653673,20000.000000000000000000,4002.000000000000000000,8000.000000000000000000,1.000000000000000000,8000.000000000000000000,1.000000000000000000,0.003600000000000000,0.000106273629630708
0.182000000000000000,0.182000000000000000,0.553048065967016491,20000.000000000000000000,4002.000000000000000000,8000.000000000000000000,1.000000000000000000,8000.000000000000000000,1.000000000000000000,0.003640000000000000,0.000107454447737716
0.184000000000000000,0.184000000000000000,0.559125517241379310,20000.000000000000000000,4002.000000000000000000,8000.000000000000000000,1.000000000000000000,8000.000000000000000000,1.000000000000000000,0.003680000000000000,0.000108635265844724
0.186000000000000000,0.186000000000000000,0.565202968515742128,20000.000000000000000000,4002.000000000000000000,8000.000000000000000000,1.000000000000000000,8000.000000000000000000,1.000000000000000000,0.003720000000000000,0.000109816083951732
0.188000000000000000,0.188000000000000000,0.571280419790104947,20000.000000000000000000,4002.000000000000000000,8000.000000000000000000,1.000000000000000000,8000.000000000000000000,1.000000000000000000,0.003760000000000000,0.000110996902058739
0.190000000000000000,0.190000000000000000,0.577357871064467766,20000.000000000000000000,4002.000000000000000000,8000.000000000000000000,1.000000000000000000,8000.000000000000000000,1.000000000000000000,0.003800000000000000,0.000112177720165747
0.192000000000000000,0.192000000000000000,0.583435322338830584,20000.000000000000000000,4002.000000000000000000,8000.000000000000000000,1.000000000000000000,8000.000000000000000000,1.000000000000000000,0.003840000000000000,0.000113358538272755
0.194000000000000000,0.194000000000000000,0.589512773613193403,20000.000000000000000000,4002.000000000000000000,8000.000000000000000000,1.000000000000000000,8000.000000000000000000,1.000000000000000000,0.003880000000000000,0.000114539356379763
0.196000000000000000,0.196000000000000000,0.595590224887556221,20000.000000000000000000,4002.000000000000000000,8000.000000000000000000,1.000000000000000000,8000.000000000000000000,1.000000000000000000,0.003920000000000000,0.000115720174486771
0.198000000000000000,0.198000000000000000,0.601667676161919040,20000.000000000000000000,4002.000000000000000000,8000.000000000000000000,1.000000000000000000,8000.000000000000000000,1.000000000000000000,0.003960000000000000,0.000116900992593779
0.200000000000000000,0.200000000000000000,0.607745127436281859,20000.000000000000000000,4002.000000000000000000,8000.000000000000000000,1.000000000000000000,8000.000000000000000000,1.000000000000000000,0.004000000000000000,0.000118081810700787
0.202000000000000000,0.202000000000000000,0.613822578710644677,20000.000000000000000000,4002.000000000000000000,8000.000000000000000000,1.000000000000000000,8000.000000000000000000,1.000000000000000000,0.004040000000000000,0.000119262628807795
0.204000000000000000,0.204000000000000000,0.619900029985007496,20000.000000000000000000,4002.000000000000000000,8000.000000000000000000,1.000000000000000000,8000.000000000000000000,1.000000000000000000,0.004080000000000000,0.000120443446914802
0.206000000000000000,0.206000000000000000,0.625977481259370314,20000.000000000000000000,4002.000000000000000000,8000.000000000000000000,1.000000000000000000,8000.000000000000000000,1.000000000000000000,0.004120000000000000,0.000121624265021810
0.208000000000000000,0.208000000000000000,0.632054932533733133,20000.000000000000000000,4002.000000000000000000,8000.000000000000000000,1.000000000000000000,8000.000000000000000000,1.000000000000000000,0.004160000000000000,0.000122805083128818
0.210000000000000000,0.210000000000000000,0.638132383808095952,20000.000000000000000000,4002.000000000000000000,8000.000000000000000000,1.000000000000000000,8000.000000000000000000,1.000000000000000000,0.004200000000000000,0.000123985901235826
0.212000000000000000,0.212000000000000000,0.644209835082458770,20000.000000000000000000,4002.000000000000000000,8000.000000000000000000,1.000000000000000000,8000.000000000000000000,1.000000000000000000,0.004240000000000000,0.000125166719342834
0.214000000000000000,0.214000000000000000,0.650287286356821589,20000.000000000000000000,4002.000000000000000000,8000.000000000000000000,1.000000000000000000,8000.000000000000000000,1.000000000000000000,0.004280000000000000,0.000126347537449842
0.216000000000000000,0.216000000000000000,0.656364737631184407,20000.000000000000000000,4002.000000000000000000,8000.000000000000000000,1.000000000000000000,8000.000000000000000000,1.000000000000000000,0.004320000000000000,0.000127528355556850
0.218000000000000000,0.218000000000000000,0.662442188905547226,20000.000000000000000000,4002.000000000000000000,8000.000000000000000000,1.000000000000000000,8000.000000000000000000,1.000000000000000000,0.004360000000000000,0.000128709173663858
0.220000000000000000,0.220000000000000000,0.668519640179910044,20000.000000000000000000,4002.000000000000000000,8000.000000000000000000,1.000000000000000000,8000.000000000000000000,1.000000000000000000,0.004400000000000000,0.000129889991770865
0.222000000000000000,0.222000000000000000,0.674597091454272863,20000.000000000000000000,4002.000000000000000000,8000.000000000000000000,1.000000000000000000,8000.000000000000000000,1.000000000000000000,0.004440000000000000,0.000131070809877873
0.224000000000000000,0.224000000000000000,0.680674542728635682,20000.000000000000000000,4002.000000000000000000,8000.000000000000000000,1.000000000000000000,8000.000000000000000000,1.000000000000000000,0.004480000000000000,0.000132251627984881
0.226000000000000000,0.226000000000000000,0.686751994002998500,20000.000000000000000000,4002.000000000000000000,8000.000000000000000000,1.000000000000000000,8000.000000000000000000,1.000000000000000000,0.004520000000000000,0.000133432446091889
0.228000000000000000,0.228000000000000000,0.692829445277361319,20000.000000000000000000,4002.000000000000000000,8000.000000000000000000,1.000000000000000000,8000.000000000000000000,1.000000000000000000,0.004560000000000000,0.000134613264198897
0.230000000000000000,0.230000000000000000,0.698906896551724137,20000.000000000000000000,4002.000000000000000000,8000.000000000000000000,1.000000000000000000,8000.000000000000000000,1.000000000000000000,0.004600000000000000,0.000135794082305905
0.232000000000000000,0.232000000000000000,0.704984347826086956,20000.000000000000000000,4002.000000000000000000,8000.000000000000000000,1.000000000000000000,8000.000000000000000000,1.000000000000000000,0.004640000000000000,0.000136974900412913
0.234000000000000000,0.234000000000000000,0.711061799100449775,20000.000000000000000000,4002.000000000000000000,8000.000000000000000000,1.000000000000000000,8000.000000000000000000,1.000000000000000000,0.004680000000000000,0.000138155718519921
0.236000000000000000,0.236000000000000000,0.717139250374812593,20000.000000000000000000,4002.000000000000000000,8000.000000000000000000,1.000000000000000000,8000.000000000000000000,1.000000000000000000,0.004720000000000000,0.000139336536626928
0.238000000000000000,0.238000000000000000,0.723216701649175412,20000.000000000000000000,4002.000000000000000000,8000.000000000000000000,1.000000000000000000,8000.000000000000000000,1.000000000000000000,0.004760000000000000,0.000140517354733936
0.240000000000000000,0.240000000000000000,0.729294152923538230,20000.000000000000000000,4002.000000000000000000,8000.000000000000000000,1.000000000000000000,8000.000000000000000000,1.000000000000000000,0.004800000000000000,0.000141698172840944
0.242000000000000000,0.242000000000000000,0.735371604197901049,20000.000000000000000000,4002.000000000000000000,8000.000000000000000000,1.000000000000000000,8000.000000000000000000,1.000000000000000000,0.004840000000000000,0.000142878990947952
0.244000000000000000,0.244000000000000000,0.741449055472263868,20000.000000000000000000,4002.000000000000000000,8000.000000000000000000,1.000000000000000000,8000.000000000000000000,1.000000000000000000,0.004880000000000000,0.000144059809054960
0.246000000000000000,0.246000000000000000,0.747526506746626686,20000.000000000000000000,4002.000000000000000000,8000.000000000000000000,1.000000000000000000,8000.000000000000000000,1.000000000000000000,0.004920000000000000,0.000145240627161968
0.248000000000000000,0.248000000000000000,0.753603958020989505,20000.000000000000000000,4002.000000000000000000,8000.000000000000000000,1.000000000000000000,8000.000000000000000000,1.000000000000000000,0.004960000000000000,0.000146421445268976
0.250000000000000000,0.250000000000000000,0.759681409295352323,20000.000000000000000000,4002.000000000000000000,8000.000000000000000000,1.000000000000000000,8000.000000000000000000,1.000000000000000000,0.005000000000000000,0.000147602263375984
0.252000000000000000,0.252000000000000000,0.765758860569715142,20000.000000000000000000,4002.000000000000000000,8000.000000000000000000,1.000000000000000000,8000.000000000000000000,1.000000000000000000,0.005040000000000000,0.000148783081482991
0.254000000000000000,0.254000000000000000,0.771836311844077961,20000.000000000000000000,4002.000000000000000000,8000.000000000000000000,1.000000000000000000,8000.000000000000000000,1.000000000000000000,0.005080000000000000,0.000149963899589999
0.256000000000000000,0.256000000000000000,0.777913763118440779,20000.000000000000000000,4002.000000000000000000,8000.000000000000000000,1.000000000000000000,8000.000000000000000000,1.000000000000000000,0.005120000000000000,0.000151144717697007
0.258000000000000000,0.258000000000000000,0.783991214392803598,20000.000000000000000000,4002.000000000000000000,8000.000000000000000000,1.000000000000000000,8000.000000000000000000,1.000000000000000000,0.005160000000000000,0.000152325535804015
0.260000000000000000,0.260000000000000000,0.790068665667166416,20000.000000000000000000,4002.000000000000000000,8000.000000000000000000,1.000000000000000000,8000.000000000000000000,1.000000000000000000,0.005200000000000000,0.000153506353911023
0.262000000000000000,0.262000000000000000,0.796146116941529235,20000.000000000000000000,4002.000000000000000000,8000.000000000000000000,1.000000000000000000,8000.000000000000000000,1.000000000000000000,0.005240000000000000,0.000154687172018031
0.264000000000000000,0.264000000000000000,0.802223568215892053,20000.000000000000000000,4002.000000000000000000,8000.000000000000000000,1.000000000000000000,8000.000000000000000000,1.000000000000000000,0.005280000000000000,0.000155867990125039
0.266000000000000000,0.266000000000000000,0.808301019490254872,20000.000000000000000000,4002.000000000000000000,8000.000000000000000000,1.000000000000000000,8000.000000000000000000,1.000000000000000000,0.005320000000000000,0.000157048808232047
0.268000000000000000,0.268000000000000000,0.814378470764617691,20000.000000000000000000,4002.000000000000000000,8000.000000000000000000,1.000000000000000000,8000.000000000000000000,1.000000000000000000,0.005360000000000000,0.000158229626339054
0.270000000000000000,0.270000000000000000,0.820455922038980509,20000.000000000000000000,4002.000000000000000000,8000.000000000000000000,1.000000000000000000,8000.000000000000000000,1.000000000000000000,0.005400000000000000,0.000159410444446062
0.272000000000000000,0.272000000000000000,0.826533373313343328,20000.000000000000000000,4002.000000000000000000,8000.000000000000000000,1.000000000000000000,8000.000000000000000000,1.000000000000000000,0.005440000000000000,0.000160591262553070
0.274000000000000000,0.274000000000000000,0.832610824587706146,20000.000000000000000000,4002.000000000000000000,8000.000000000000000000,1.000000000000000000,8000.000000000000000000,1.000000000000000000,0.005480000000000000,0.000161772080660078
0.276000000000000000,0.276000000000000000,0.838688275862068965,20000.000000000000000000,4002.000000000000000000,8000.000000000000000000,1.000000000000000000,8000.000000000000000000,1.000000000000000000,0.005520000000000000,0.000162952898767086
0.278000000000000000,0.278000000000000000,0.844765727136431784,20000.000000000000000000,4002.000000000000000000,8000.000000000000000000,1.000000000000000000,8000.000000000000000000,1.000000000000000000,0.005560000000000000,0.000164133716874094
0.280000000000000000,0.280000000000000000,0.850843178410794602,20000.000000000000000000,4002.000000000000000000,8000.000000000000000000,1.000000000000000000,8000.000000000000000000,1.000000000000000000,0.005600000000000000,0.000165314534981102
0.282000000000000000,0.282000000000000000,0.856920629685157421,20000.000000000000000000,4002.000000000000000000,8000.000000000000000000,1.000000000000000000,8000.000000000000000000,1.000000000000000000,0.005640000000000000,0.000166495353088109
0.284000000000000000,0.284000000000000000,0.862998080959520239,20000.000000000000000000,4002.000000000000000000,8000.000000000000000000,1.000000000000000000,8000.000000000000000000,1.000000000000000000,0.005680000000000000,0.000167676171195117
0.286000000000000000,0.286000000000000000,0.869075532233883058,20000.000000000000000000,4002.000000000000000000,8000.000000000000000000,1.000000000000000000,8000.000000000000000000,1.000000000000000000,0.005720000000000000,0.000168856989302125
0.288000000000000000,0.288000000000000000,0.875152983508245877,20000.000000000000000000,4002.000000000000000000,8000.000000000000000000,1.000000000000000000,8000.000000000000000000,1.000000000000000000,0.005760000000000000,0.000170037807409133
0.290000000000000000,0.290000000000000000,0.881230434782608695,20000.000000000000000000,4002.000000000000000000,8000.000000000000000000,1.000000000000000000,8000.000000000000000000,1.000000000000000000,0.005800000000000000,0.000171218625516141
0.292000000000000000,0.292000000000000000,0.887307886056971514,20000.000000000000000000,4002.000000000000000000,8000.000000000000000000,1.000000000000000000,8000.000000000000000000,1.000000000000000000,0.005840000000000000,0.000172399443623149
0.294000000000000000,0.294000000000000000,0.893385337331334332,20000.000000000000000000,4002.000000000000000000,8000.000000000000000000,1.000000000000000000,8000.000000000000000000,1.000000000000000000,0.005880000000000000,0.000173580261730157
0.296000000000000000,0.296000000000000000,0.899462788605697151,20000.000000000000000000,4002.000000000000000000,8000.000000000000000000,1.000000000000000000,8000.000000000000000000,1.000000000000000000,0.005920000000000000,0.000174761079837165
0.298000000000000000,0.298000000000000000,0.905540239880059970,20000.000000000000000000,4002.000000000000000000,8000.000000000000000000,1.000000000000000000,8000.000000000000000000,1.000000000000000000,0.005960000000000000,0.000175941897944172
0.300000000000000000,0.300000000000000000,0.911617691154422788,20000.000000000000000000,4002.000000000000000000,8000.000000000000000000,1.000000000000000000,8000.000000000000000000,1.000000000000000000,0.006000000000000000,0.000177122716051180
0.302000000000000000,0.302000000000000000,0.917695142428785607,20000.000000000000000000,4002.000000000000000000,8000.000000000000000000,1.000000000000000000,8000.000000000000000000,1.000000000000000000,0.006040000000000000,0.000178303534158188
0.304000000000000000,0.304000000000000000,0.923772593703148425,20000.000000000000000000,4002.000000000000000000,8000.000000000000000000,1.000000000000000000,8000.000000000000000000,1.000000000000000000,0.006080000000000000,0.000179484352265196
0.306000000000000000,0.306000000000000000,0.929850044977511244,20000.000000000000000000,4002.000000000000000000,8000.000000000000000000,1.000000000000000000,8000.000000000000000000,1.000000000000000000,0.006120000000000000,0.000180665170372204
0.308000000000000000,0.308000000000000000,0.935927496251874062,20000.000000000000000000,4002.000000000000000000,8000.000000000000000000,1.000000000000000000,8000.000000000000000000,1.000000000000000000,0.006160000000000000,0.000181845988479212
0.310000000000000000,0.310000000000000000,0.942004947526236881,20000.000000000000000000,4002.000000000000000000,8000.000000000000000000,1.000000000000000000,8000.000000000000000000,1.000000000000000000,0.006200000000000000,0.000183026806586220
0.312000000000000000,0.312000000000000000,0.948082398800599700,20000.000000000000000000,4002.000000000000000000,8000.000000000000000000,1.000000000000000000,8000.000000000000000000,1.000000000000000000,0.006240000000000000,0.000184207624693228
0.314000000000000000,0.314000000000000000,0.954159850074962518,20000.000000000000000000,4002.000000000000000000,8000.000000000000000000,1.000000000000000000,8000.000000000000000000,1.000000000000000000,0.006280000000000000,0.000185388442800235
0.316000000000000000,0.316000000000000000,0.960237301349325337,20000.000000000000000000,4002.000000000000000000,8000.000000000000000000,1.000000000000000000,8000.000000000000000000,1.000000000000000000,0.006320000000000000,0.000186569260907243
0.318000000000000000,0.318000000000000000,0.966314752623688155,20000.000000000000000000,4002.000000000000000000,8000.000000000000000000,1.000000000000000000,8000.000000000000000000,1.000000000000000000,0.006360000000000000,0.000187750079014251
0.320000000000000000,0.320000000000000000,0.972392203898050974,20000.000000000000000000,4002.000000000000000000,8000.000000000000000000,1.000000000000000000,8000.000000000000000000,1.000000000000000000,0.006400000000000000,0.000188930897121259
0.322000000000000000,0.322000000000000000,0.978469655172413793,20000.000000000000000000,4002.000000000000000000,8000.000000000000000000,1.000000000000000000,8000.000000000000000000,1.000000000000000000,0.006440000000000000,0.000190111715228267
0.324000000000000000,0.324000000000000000,0.984547106446776611,20000.000000000000000000,4002.000000000000000000,8000.000000000000000000,1.000000000000000000,8000.000000000000000000,1.000000000000000000,0.006480000000000000,0.000191292533335275
0.326000000000000000,0.326000000000000000,0.990624557721139430,20000.000000000000000000,4002.000000000000000000,8000.000000000000000000,1.000000000000000000,8000.000000000000000000,1.000000000000000000,0.006520000000000000,0.000192473351442283
0.328000000000000000,0.328000000000000000,0.996702008995502248,20000.000000000000000000,4002.000000000000000000,8000.000000000000000000,1.000000000000000000,8000.000000000000000000,1.000000000000000000,0.006560000000000000,0.000193654169549291
0.330000000000000000,0.330000000000000000,1.002779460269865067,20000.000000000000000000,4002.000000000000000000,8000.000000000000000000,1.000000000000000000,8000.000000000000000000,1.000000000000000000,0.006600000000000000,0.000194834987656298
0.332000000000000000,0.332000000000000000,1.008856911544227886,20000.000000000000000000,4002.000000000000000000,8000.000000000000000000,1.000000000000000000,8000.000000000000000000,1.000000000000000000,0.006640000000000000,0.000196015805763306
0.334000000000000000,0.334000000000000000,1.014934362818590704,20000.000000000000000000,4002.000000000000000000,8000.000000000000000000,1.000000000000000000,8000.000000000000000000,1.000000000000000000,0.006680000000000000,0.000199305569795349
0.336000000000000000,0.336000000000000000,1.021011814092953523,20000.000000000000000000,4002.000000000000000000,8000.000000000000000000,1.000000000000000000,8000.000000000000000000,1.000000000000000000,0.006720000000000000,0.000220786696017467
0.338000000000000000,0.338000000000000000,1.027089265367316341,20000.000000000000000000,4002.000000000000000000,8000.000000000000000000,1.000000000000000000,8000.000000000000000000,1.000000000000000000,0.006760000000000000,0.000263805886222898
0.340000000000000000,0.340000000000000000,1.033166716641679160,20000.000000000000000000,4002.000000000000000000,8000.000000000000000000,1.000000000000000000,8000.000000000000000000,1.000000000000000000,0.006800000000000000,0.000322206281815070
0.342000000000000000,0.342000000000000000,1.039244167916041979,20000.000000000000000000,4002.000000000000000000,8000.000000000000000000,1.000000000000000000,8000.000000000000000000,1.000000000000000000,0.006840000000000000,0.000381247187165463
0.344000000000000000,0.344000000000000000,1.045321619190404797,20000.000000000000000000,4002.000000000000000000,8000.000000000000000000,1.000000000000000000,8000.000000000000000000,1.000000000000000000,0.006880000000000000,0.000440288092515857
0.346000000000000000,0.346000000000000000,1.051399070464767616,20000.000000000000000000,4002.000000000000000000,8000.000000000000000000,1.000000000000000000,8000.000000000000000000,1.000000000000000000,0.006920000000000000,0.000499328997866251
0.348000000000000000,0.348000000000000000,1.057476521739130434,20000.000000000000000000,4002.000000000000000000,8000.000000000000000000,1.000000000000000000,8000.000000000000000000,1.000000000000000000,0.006960000000000000,0.000558369903216644
0.350000000000000000,0.350000000000000000,1.063553973013493253,20000.000000000000000000,4002.000000000000000000,8000.000000000000000000,1.000000000000000000,8000.000000000000000000,1.000000000000000000,0.007000000000000000,0.000617410808567038
0.352000000000000000,0.352000000000000000,1.069631424287856071,20000.000000000000000000,4002.000000000000000000,8000.000000000000000000,1.000000000000000000,8000.000000000000000000,1.000000000000000000,0.007040000000000000,0.000676451713917431
0.354000000000000000,0.354000000000000000,1.075708875562218890,20000.000000000000000000,4002.000000000000000000,8000.000000000000000000,1.000000000000000000,8000.000000000000000000,1.000000000000000000,0.007080000000000000,0.000735492619267825
0.356000000000000000,0.356000000000000000,1.081786326836581709,20000.000000000000000000,4002.000000000000000000,8000.000000000000000000,1.000000000000000000,8000.000000000000000000,1.000000000000000000,0.007120000000000000,0.000794533524618219
0.358000000000000000,0.358000000000000000,1.087863778110944527,20000.000000000000000000,4002.000000000000000000,8000.000000000000000000,1.000000000000000000,8000.000000000000000000,1.000000000000000000,0.007160000000000000,0.000853574429968612
0.360000000000000000,0.360000000000000000,1.093941229385307346,20000.000000000000000000,4002.000000000000000000,8000.000000000000000000,1.000000000000000000,8000.000000000000000000,1.000000000000000000,0.007200000000000000,0.000912615335319006
0.362000000000000000,0.362000000000000000,1.100018680659670164,20000.000000000000000000,4002.000000000000000000,8000.000000000000000000,1.000000000000000000,8000.000000000000000000,1.000000000000000000,0.007240000000000000,0.000971656240669400
0.364000000000000000,0.364000000000000000,1.106096131934032983,20000.000000000000000000,4002.000000000000000000,8000.000000000000000000,1.000000000000000000,8000.000000000000000000,1.000000000000000000,0.007280000000000000,0.001030697146019793
0.366000000000000000,0.366000000000000000,1.112173583208395802,20000.000000000000000000,4002.000000000000000000,8000.000000000000000000,1.000000000000000000,8000.000000000000000000,1.000000000000000000,0.007320000000000000,0.001089738051370187
0.368000000000000000,0.368000000000000000,1.118251034482758620,20000.000000000000000000,4002.000000000000000000,8000.000000000000000000,1.000000000000000000,8000.000000000000000000,1.000000000000000000,0.007360000000000000,0.001148778956720580
0.370000000000000000,0.370000000000000000,1.124328485757121439,20000.000000000000000000,4002.000000000000000000,8000.000000000000000000,1.000000000000000000,8000.000000000000000000,1.000000000000000000,0.007400000000000000,0.001207819862070974
0.372000000000000000,0.372000000000000000,1.130405937031484257,20000.000000000000000000,4002.000000000000000000,8000.000000000000000000,1.000000000000000000,8000.000000000000000000,1.000000000000000000,0.007440000000000000,0.001266860767421368
0.374000000000000000,0.374000000000000000,1.136483388305847076,20000.000000000000000000,4002.000000000000000000,8000.000000000000000000,1.000000000000000000,8000.000000000000000000,1.000000000000000000,0.007480000000000000,0.001325901672771761
0.376000000000000000,0.376000000000000000,1.142560839580209895,20000.000000000000000000,4002.000000000000000000,8000.000000000000000000,1.000000000000000000,8000.000000000000000000,1.000000000000000000,0.007520000000000000,0.001384942578122155
0.378000000000000000,0.378000000000000000,1.148638290854572713,20000.000000000000000000,4002.000000000000000000,8000.000000000000000000,1.000000000000000000,8000.000000000000000000,1.000000000000000000,0.007560000000000000,0.001443983483472548
0.380000000000000000,0.380000000000000000,1.154715742128935532,20000.000000000000000000,4002.000000000000000000,8000.000000000000000000,1.000000000000000000,8000.000000000000000000,1.000000000000000000,0.007600000000000000,0.001503024388822942
0.382000000000000000,0.382000000000000000,1.160793193403298350,20000.000000000000000000,4002.000000000000000000,8000.000000000000000000,1.000000000000000000,8000.000000000000000000,1.000000000000000000,0.007640000000000000,0.001562065294173336
0.384000000000000000,0.384000000000000000,1.166870644677661169,20000.000000000000000000,4002.000000000000000000,8000.000000000000000000,1.000000000000000000,8000.000000000000000000,1.000000000000000000,0.007680000000000000,0.001621106199523729
0.386000000000000000,0.386000000000000000,1.172948095952023988,20000.000000000000000000,4002.000000000000000000,8000.000000000000000000,1.000000000000000000,8000.000000000000000000,1.000000000000000000,0.007720000000000000,0.001680147104874123
0.388000000000000000,0.388000000000000000,1.179025547226386806,20000.000000000000000000,4002.000000000000000000,8000.000000000000000000,1.000000000000000000,8000.000000000000000000,1.000000000000000000,0.007760000000000000,0.001739188010224516
0.390000000000000000,0.390000000000000000,1.185102998500749625,20000.000000000000000000,4002.000000000000000000,8000.000000000000000000,1.000000000000000000,8000.000000000000000000,1.000000000000000000,0.007800000000000000,0.001798228915574910
0.392000000000000000,0.392000000000000000,1.191180449775112443,20000.000000000000000000,4002.000000000000000000,8000.000000000000000000,1.000000000000000000,8000.000000000000000000,1.000000000000000000,0.007840000000000000,0.001857269820925304
0.394000000000000000,0.394000000000000000,1.197257901049475262,20000.000000000000000000,4002.000000000000000000,8000.000000000000000000,1.000000000000000000,8000.000000000000000000,1.000000000000000000,0.007880000000000000,0.001916310726275697
0.396000000000000000,0.396000000000000000,1.203335352323838080,20000.000000000000000000,4002.000000000000000000,8000.000000000000000000,1.000000000000000000,8000.000000000000000000,1.000000000000000000,0.007920000000000000,0.001975351631626091
0.398000000000000000,0.398000000000000000,1.209412803598200899,20000.000000000000000000,4002.000000000000000000,8000.000000000000000000,1.000000000000000000,8000.000000000000000000,1.000000000000000000,0.007960000000000000,0.002034392536976485
0.400000000000000000,0.400000000000000000,1.215490254872563718,20000.000000000000000000,4002.000000000000000000,8000.000000000000000000,1.000000000000000000,8000.000000000000000000,1.000000000000000000,0.008000000000000000,0.002093433442326878
0.402000000000000000,0.402000000000000000,1.221567706146926536,20000.000000000000000000,4002.000000000000000000,8000.000000000000000000,1.000000000000000000,8000.000000000000000000,1.000000000000000000,0.008040000000000000,0.002152474347677272
0.404000000000000000,0.404000000000000000,1.227645157421289355,20000.000000000000000000,4002.000000000000000000,8000.000000000000000000,1.000000000000000000,8000.000000000000000000,1.000000000000000000,0.008080000000000000,0.002211515253027665
0.406000000000000000,0.406000000000000000,1.233722608695652173,20000.000000000000000000,4002.000000000000000000,8000.000000000000000000,1.000000000000000000,8000.000000000000000000,1.000000000000000000,0.008120000000000000,0.002270556158378059
0.408000000000000000,0.408000000000000000,1.239800059970014992,20000.000000000000000000,4002.000000000000000000,8000.000000000000000000,1.000000000000000000,8000.000000000000000000,1.000000000000000000,0.008160000000000000,0.002329597063728453
0.410000000000000000,0.410000000000000000,1.245877511244377811,20000.000000000000000000,4002.000000000000000000,8000.000000000000000000,1.000000000000000000,8000.000000000000000000,1.000000000000000000,0.008200000000000000,0.002388637969078846
0.412000000000000000,0.412000000000000000,1.251954962518740629,20000.000000000000000000,4002.000000000000000000,8000.000000000000000000,1.000000000000000000,8000.000000000000000000,1.000000000000000000,0.008240000000000000,0.002447678874429240
0.414000000000000000,0.414000000000000000,1.258032413793103448,20000.000000000000000000,4002.000000000000000000,8000.000000000000000000,1.000000000000000000,8000.000000000000000000,1.000000000000000000,0.008280000000000000,0.002506719779779633
0.416000000000000000,0.416000000000000000,1.264109865067466266,20000.000000000000000000,4002.000000000000000000,8000.000000000000000000,1.000000000000000000,8000.000000000000000000,1.000000000000000000,0.008320000000000000,0.002565760685130027
0.418000000000000000,0.418000000000000000,1.270187316341829085,20000.000000000000000000,4002.000000000000000000,8000.000000000000000000,1.000000000000000000,8000.000000000000000000,1.000000000000000000,0.008360000000000000,0.002624801590480421
0.420000000000000000,0.420000000000000000,1.276264767616191904,20000.000000000000000000,4002.000000000000000000,8000.000000000000000000,1.000000000000000000,8000.000000000000000000,1.000000000000000000,0.008400000000000000,0.002683842495830814
0.422000000000000000,0.422000000000000000,1.282342218890554722,20000.000000000000000000,4002.000000000000000000,8000.000000000000000000,1.000000000000000000,8000.000000000000000000,1.000000000000000000,0.008440000000000000,0.002742883401181208
0.424000000000000000,0.424000000000000000,1.288419670164917541,20000.000000000000000000,4002.000000000000000000,8000.000000000000000000,1.000000000000000000,8000.000000000000000000,1.000000000000000000,0.008480000000000000,0.002801924306531602
0.426000000000000000,0.426000000000000000,1.294497121439280359,20000.000000000000000000,4002.000000000000000000,8000.000000000000000000,1.000000000000000000,8000.000000000000000000,1.000000000000000000,0.008520000000000000,0.002860965211881995
0.428000000000000000,0.428000000000000000,1.300574572713643178,20000.000000000000000000,4002.000000000000000000,8000.000000000000000000,1.000000000000000000,8000.000000000000000000,1.000000000000000000,0.008560000000000000,0.002920006117232389
0.430000000000000000,0.430000000000000000,1.306652023988005997,20000.000000000000000000,4002.000000000000000000,8000.000000000000000000,1.000000000000000000,8000.000000000000000000,1.000000000000000000,0.008600000000000000,0.002979047022582782
0.432000000000000000,0.432000000000000000,1.312729475262368815,20000.000000000000000000,4002.000000000000000000,8000.000000000000000000,1.000000000000000000,8000.000000000000000000,1.000000000000000000,0.008640000000000000,0.003038087927933176
0.434000000000000000,0.434000000000000000,1.317320000000000000,20000.000000000000000000,4007.386888273314868430,8000.000000000000000000,3.693444136657440000,8000.000000000000000000,3.693444136657428430,0.008680000000000000,0.003087822421524663
0.436000000000000000,0.436000000000000000,1.317280000000000000,20000.000000000000000000,4029.574861367837341907,8000.000000000000000000,14.787430683918680000,8000.000000000000000000,14.787430683918661907,0.008720000000000000,0.003108631011235955
0.438000000000000000,0.438000000000000000,1.317240000000000000,20000.000000000000000000,4051.803885291396859015,8000.000000000000000000,25.901942645698440000,8000.000000000000000000,25.901942645698419015,0.008760000000000000,0.003129529729729729
0.440000000000000000,0.440000000000000000,1.317200000000000000,20000.000000000000000000,4074.074074074074075076,8000.000000000000000000,37.037037037037040000,8000.000000000000000000,37.037037037037035076,0.008800000000000000,0.003150519187358916
0.442000000000000000,0.442000000000000000,1.317159999999999999,20000.000000000000000000,4096.385542168674702400,8000.000000000000000000,48.192771084337360000,8000.000000000000000000,48.192771084337342400,0.008840000000000000,0.003171599999999999
0.444000000000000000,0.444000000000000000,1.317119999999999999,20000.000000000000000000,4118.738404452690172614,8000.000000000000000000,59.369202226345100000,8000.000000000000000000,59.369202226345072614,0.008880000000000000,0.003192772789115646
0.446000000000000000,0.446000000000000000,1.317080000000000000,20000.000000000000000000,4141.132776230269268799,8000.000000000000000000,70.566388115134640000,8000.000000000000000000,70.566388115134628799,0.008920000000000000,0.003214038181818181
0.448000000000000000,0.448000000000000000,1.317040000000000000,20000.000000000000000000,4163.568773234200746338,8000.000000000000000000,81.784386617100380000,8000.000000000000000000,81.784386617100366338,0.008960000000000000,0.003235396810933940
0.450000000000000000,0.450000000000000000,1.316999999999999999,20000.000000000000000000,4186.046511627906980769,8000.000000000000000000,93.023255813953500000,8000.000000000000000000,93.023255813953480769,0.009000000000000000,0.003256849315068493
0.452000000000000000,0.452000000000000000,1.316959999999999999,20000.000000000000000000,4208.566108007448791384,8000.000000000000000000,104.283054003724400000,8000.000000000000000000,104.283054003724391384,0.009040000000000000,0.003278396338672768
0.454000000000000000,0.454000000000000000,1.316920000000000000,20000.000000000000000000,4231.127679403541473815,8000.000000000000000000,115.563839701770740000,8000.000000000000000000,115.563839701770733815,0.009080000000000000,0.003300038532110091
0.456000000000000000,0.456000000000000000,1.316879999999999999,20000.000000000000000000,4253.731343283582094892,8000.000000000000000000,126.865671641791060000,8000.000000000000000000,126.865671641791034892,0.009120000000000000,0.003321776551724137
0.458000000000000000,0.458000000000000000,1.316840000000000000,20000.000000000000000000,4276.377217553688145107,8000.000000000000000000,138.188608776844080000,8000.000000000000000000,138.188608776844065107,0.009160000000000000,0.003343611059907834
0.460000000000000000,0.460000000000000000,1.316800000000000000,20000.000000000000000000,4299.065420560747666460,8000.000000000000000000,149.532710280373840000,8000.000000000000000000,149.532710280373826460,0.009200000000000000,0.003365542725173210
0.462000000000000000,0.462000000000000000,1.316760000000000000,20000.000000000000000000,4321.796071094480826184,8000.000000000000000000,160.898035547240420000,8000.000000000000000000,160.898035547240406184,0.009240000000000000,0.003387572222222222
0.464000000000000000,0.464000000000000000,1.316720000000000000,20000.000000000000000000,4344.569288389513110645,8000.000000000000000000,172.284644194756560000,8000.000000000000000000,172.284644194756550645,0.009280000000000000,0.003409700232018561
0.466000000000000000,0.466000000000000000,1.316679999999999999,20000.000000000000000000,4367.385192127460174307,8000.000000000000000000,183.692596063730100000,8000.000000000000000000,183.692596063730074307,0.009320000000000000,0.003431927441860465
0.468000000000000000,0.468000000000000000,1.316639999999999999,20000.000000000000000000,4390.243902439024392000,8000.000000000000000000,195.121951219512200000,8000.000000000000000000,195.121951219512192000,0.009360000000000000,0.003454254545454545
0.470000000000000000,0.470000000000000000,1.316599999999999999,20000.000000000000000000,4413.145539906103292461,8000.000000000000000000,206.572769953051660000,8000.000000000000000000,206.572769953051632461,0.009400000000000000,0.003476682242990654
0.472000000000000000,0.472000000000000000,1.316559999999999999,20000.000000000000000000,4436.090225563909779076,8000.000000000000000000,218.045112781954900000,8000.000000000000000000,218.045112781954879076,0.009440000000000000,0.003499211241217798
0.474000000000000000,0.474000000000000000,1.316520000000000000,20000.000000000000000000,4459.078080903104424830,8000.000000000000000000,229.539040451552220000,8000.000000000000000000,229.539040451552204830,0.009480000000000000,0.003521842253521126
0.476000000000000000,0.476000000000000000,1.316480000000000000,20000.000000000000000000,4482.109227871939740676,8000.000000000000000000,241.054613935969880000,8000.000000000000000000,241.054613935969860676,0.009520000000000000,0.003544576000000000
0.478000000000000000,0.478000000000000000,1.316439999999999999,20000.000000000000000000,4505.183788878416590307,8000.000000000000000000,252.591894439208300000,8000.000000000000000000,252.591894439208290307,0.009560000000000000,0.003567413207547169
0.480000000000000000,0.480000000000000000,1.316400000000000000,20000.000000000000000000,4528.301886792452831999,8000.000000000000000000,264.150943396226420000,8000.000000000000000000,264.150943396226411999,0.009600000000000000,0.003590354609929078
0.482000000000000000,0.482000000000000000,1.316359999999999999,20000.000000000000000000,4551.463644948064216799,8000.000000000000000000,275.731822474032120000,8000.000000000000000000,275.731822474032096799,0.009640000000000000,0.003613400947867298
0.484000000000000000,0.484000000000000000,1.316320000000000000,20000.000000000000000000,4574.669187145557660430,8000.000000000000000000,287.334593572778840000,8000.000000000000000000,287.334593572778820430,0.009680000000000000,0.003636552969121140
0.486000000000000000,0.486000000000000000,1.316279999999999999,20000.000000000000000000,4597.918637653736993076,8000.000000000000000000,298.959318826868500000,8000.000000000000000000,298.959318826868493076,0.009720000000000000,0.003659811428571428
0.488000000000000000,0.488000000000000000,1.316239999999999999,20000.000000000000000000,4621.212121212121217353,8000.000000000000000000,310.606060606060620000,8000.000000000000000000,310.606060606060597353,0.009760000000000000,0.003683177088305489
0.490000000000000000,0.490000000000000000,1.316200000000000000,20000.000000000000000000,4644.549763033175356307,8000.000000000000000000,322.274881516587680000,8000.000000000000000000,322.274881516587676307,0.009800000000000000,0.003706650717703349
0.492000000000000000,0.492000000000000000,1.316160000000000000,20000.000000000000000000,4667.931688804554079753,8000.000000000000000000,333.965844402277040000,8000.000000000000000000,333.965844402277039753,0.009840000000000000,0.003730233093525179
0.494000000000000000,0.494000000000000000,1.316120000000000000,20000.000000000000000000,4691.358024691358027600,8000.000000000000000000,345.679012345679020000,8000.000000000000000000,345.679012345679007600,0.009880000000000000,0.003753925000000000
0.496000000000000000,0.496000000000000000,1.316080000000000000,20000.000000000000000000,4714.828897338403049107,8000.000000000000000000,357.414448669201540000,8000.000000000000000000,357.414448669201509107,0.009920000000000000,0.003777727228915662
0.498000000000000000,0.498000000000000000,1.316039999999999999,20000.000000000000000000,4738.344433872502382768,8000.000000000000000000,369.172216936251200000,8000.000000000000000000,369.172216936251182768,0.009960000000000000,0.003801640579710144
0.500000000000000000,0.500000000000000000,1.315999999999999999,20000.000000000000000000,4761.904761904761907692,8000.000000000000000000,380.952380952380960000,8000.000000000000000000,380.952380952380947692,0.010000000000000000,0.003825665859564164
0.502000000000000000,0.502000000000000000,1.315960000000000000,20000.000000000000000000,4785.510009532888468061,8000.000000000000000000,392.755004766444240000,8000.000000000000000000,392.755004766444228061,0.010040000000000000,0.003849803883495145
0.504000000000000000,0.504000000000000000,1.315920000000000000,20000.000000000000000000,4809.160305343511456122,8000.000000000000000000,404.580152671755740000,8000.000000000000000000,404.580152671755716122,0.010080000000000000,0.003874055474452554
0.506000000000000000,0.506000000000000000,1.315880000000000000,20000.000000000000000000,4832.855778414517671568,8000.000000000000000000,416.427889207258840000,8000.000000000000000000,416.427889207258831568,0.010120000000000000,0.003898421463414634
0.508000000000000000,0.508000000000000000,1.315840000000000000,20000.000000000000000000,4856.596558317399621968,8000.000000000000000000,428.298279158699820000,8000.000000000000000000,428.298279158699801968,0.010160000000000000,0.003922902689486552
0.510000000000000000,0.510000000000000000,1.315800000000000000,20000.000000000000000000,4880.382775119617227846,8000.000000000000000000,440.191387559808620000,8000.000000000000000000,440.191387559808607846,0.010200000000000000,0.003947500000000000
0.512000000000000000,0.512000000000000000,1.315759999999999999,20000.000000000000000000,4904.214559386973183999,8000.000000000000000000,452.107279693486600000,8000.000000000000000000,452.107279693486583999,0.010240000000000000,0.003972214250614250
0.514000000000000000,0.514000000000000000,1.315720000000000000,20000.000000000000000000,4928.092042186001918030,8000.000000000000000000,464.046021093000960000,8000.000000000000000000,464.046021093000958030,0.010280000000000000,0.003997046305418719
0.516000000000000000,0.516000000000000000,1.315679999999999999,20000.000000000000000000,4952.015355086372368615,8000.000000000000000000,476.007677543186200000,8000.000000000000000000,476.007677543186168615,0.010320000000000000,0.004021997037037037
0.518000000000000000,0.518000000000000000,1.315640000000000000,20000.000000000000000000,4975.984630163304515907,8000.000000000000000000,487.992315081652260000,8000.000000000000000000,487.992315081652255907,0.010360000000000000,0.004047067326732673
0.520000000000000000,0.520000000000000000,1.315600000000000000,20000.000000000000000000,5000.000000000000000000,8000.000000000000000000,500.000000000000000000,8000.000000000000000000,500.000000000000000000,0.010400000000000000,0.004072258064516129
0.522000000000000000,0.522000000000000000,1.315560000000000000,20000.000000000000000000,5024.061597690086625414,8000.000000000000000000,512.030798845043320000,8000.000000000000000000,512.030798845043305414,0.010440000000000000,0.004097570149253731
0.524000000000000000,0.524000000000000000,1.315520000000000000,20000.000000000000000000,5048.169556840077073045,8000.000000000000000000,524.084778420038540000,8000.000000000000000000,524.084778420038533045,0.010480000000000000,0.004123004488778054
0.526000000000000000,0.526000000000000000,1.315480000000000000,20000.000000000000000000,5072.324011571841857261,8000.000000000000000000,536.162005785920940000,8000.000000000000000000,536.162005785920917261,0.010520000000000000,0.004148562000000000
0.528000000000000000,0.528000000000000000,1.315440000000000000,20000.000000000000000000,5096.525096525096532184,8000.000000000000000000,548.262548262548280000,8000.000000000000000000,548.262548262548252184,0.010560000000000000,0.004174243609022556
0.530000000000000000,0.530000000000000000,1.315399999999999999,20000.000000000000000000,5120.772946859903385384,8000.000000000000000000,560.386473429951700000,8000.000000000000000000,560.386473429951685384,0.010600000000000000,0.004200050251256281
0.532000000000000000,0.532000000000000000,1.315360000000000000,20000.000000000000000000,5145.067698259187624799,8000.000000000000000000,572.533849129593820000,8000.000000000000000000,572.533849129593804799,0.010640000000000000,0.004225982871536523
0.534000000000000000,0.534000000000000000,1.315320000000000000,20000.000000000000000000,5169.409486931268152861,8000.000000000000000000,584.704743465634080000,8000.000000000000000000,584.704743465634072861,0.010680000000000000,0.004252042424242424
0.536000000000000000,0.536000000000000000,1.315279999999999999,20000.000000000000000000,5193.798449612403104738,8000.000000000000000000,596.899224806201560000,8000.000000000000000000,596.899224806201544738,0.010720000000000000,0.004278229873417721
0.538000000000000000,0.538000000000000000,1.315240000000000000,20000.000000000000000000,5218.234723569350148491,8000.000000000000000000,609.117361784675080000,8000.000000000000000000,609.117361784675068491,0.010760000000000000,0.004304546192893401
0.540000000000000000,0.540000000000000000,1.315200000000000000,20000.000000000000000000,5242.718446601941750153,8000.000000000000000000,621.359223300970880000,8000.000000000000000000,621.359223300970870153,0.010800000000000000,0.004330992366412213
0.542000000000000000,0.542000000000000000,1.315159999999999999,20000.000000000000000000,5267.249757045675418645,8000.000000000000000000,633.624878522837720000,8000.000000000000000000,633.624878522837698645,0.010840000000000000,0.004357569387755102
0.544000000000000000,0.544000000000000000,1.315120000000000000,20000.000000000000000000,5291.828793774319069046,8000.000000000000000000,645.914396887159540000,8000.000000000000000000,645.914396887159529046,0.010880000000000000,0.004384278260869565
0.546000000000000000,0.546000000000000000,1.315080000000000000,20000.000000000000000000,5316.455696202531652800,8000.000000000000000000,658.227848101265840000,8000.000000000000000000,658.227848101265812800,0.010920000000000000,0.004411120000000000
0.548000000000000000,0.548000000000000000,1.315040000000000000,20000.000000000000000000,5341.130604288499028430,8000.000000000000000000,670.565302144249520000,8000.000000000000000000,670.565302144249508430,0.010960000000000000,0.004438095629820051
0.550000000000000000,0.550000000000000000,1.314999999999999999,20000.000000000000000000,5365.853658536585373076,8000.000000000000000000,682.926829268292700000,8000.000000000000000000,682.926829268292673076,0.011000000000000000,0.004465206185567010
0.552000000000000000,0.552000000000000000,1.314960000000000000,20000.000000000000000000,5390.624999999999999999,8000.000000000000000000,695.312500000000000000,8000.000000000000000000,695.312499999999999999,0.011040000000000000,0.004492452713178294
0.554000000000000000,0.554000000000000000,1.314919999999999999,20000.000000000000000000,5415.444770283479969230,8000.000000000000000000,707.722385141740000000,8000.000000000000000000,707.722385141739969230,0.011080000000000000,0.004519836269430051
0.556000000000000000,0.556000000000000000,1.314880000000000000,20000.000000000000000000,5440.313111545988262953,8000.000000000000000000,720.156555772994140000,8000.000000000000000000,720.156555772994122953,0.011120000000000000,0.004547357922077922
0.558000000000000000,0.558000000000000000,1.314839999999999999,20000.000000000000000000,5465.230166503428017814,8000.000000000000000000,732.615083251714020000,8000.000000000000000000,732.615083251713997814,0.011160000000000000,0.004575018750000000
0.560000000000000000,0.560000000000000000,1.314800000000000000,20000.000000000000000000,5490.196078431372551384,8000.000000000000000000,745.098039215686280000,8000.000000000000000000,745.098039215686271384,0.011200000000000000,0.004602819843342036
0.562000000000000000,0.562000000000000000,1.314759999999999999,20000.000000000000000000,5515.210991167811584307,8000.000000000000000000,757.605495583905800000,8000.000000000000000000,757.605495583905784307,0.011240000000000000,0.004630762303664921
0.564000000000000000,0.564000000000000000,1.314720000000000000,20000.000000000000000000,5540.275049115913556860,8000.000000000000000000,770.137524557956780000,8000.000000000000000000,770.137524557956776860,0.011280000000000000,0.004658847244094488
0.566000000000000000,0.566000000000000000,1.314680000000000000,20000.000000000000000000,5565.388397246804333753,8000.000000000000000000,782.694198623402180000,8000.000000000000000000,782.694198623402153753,0.011320000000000000,0.004687075789473684
0.568000000000000000,0.568000000000000000,1.314639999999999999,20000.000000000000000000,5590.551181102362212430,8000.000000000000000000,795.275590551181120000,8000.000000000000000000,795.275590551181092430,0.011360000000000000,0.004715449076517150
0.570000000000000000,0.570000000000000000,1.314600000000000000,20000.000000000000000000,5615.763546798029557384,8000.000000000000000000,807.881773399014780000,8000.000000000000000000,807.881773399014777384,0.011400000000000000,0.004743968253968253
0.572000000000000000,0.572000000000000000,1.314560000000000000,20000.000000000000000000,5641.025641025641028800,8000.000000000000000000,820.512820512820520000,8000.000000000000000000,820.512820512820508800,0.011440000000000000,0.004772634482758620
0.574000000000000000,0.574000000000000000,1.314520000000000000,20000.000000000000000000,5666.337611056268511722,8000.000000000000000000,833.168805528134260000,8000.000000000000000000,833.168805528134251722,0.011480000000000000,0.004801448936170212
0.576000000000000000,0.576000000000000000,1.314479999999999999,20000.000000000000000000,5691.699604743083011938,8000.000000000000000000,845.849802371541520000,8000.000000000000000000,845.849802371541491938,0.011520000000000000,0.004830412800000000
0.578000000000000000,0.578000000000000000,1.314440000000000000,20000.000000000000000000,5717.111770524233433969,8000.000000000000000000,858.555885262116720000,8000.000000000000000000,858.555885262116713969,0.011560000000000000,0.004859527272727272
0.580000000000000000,0.580000000000000000,1.314399999999999999,20000.000000000000000000,5742.574257425742579999,8000.000000000000000000,871.287128712871300000,8000.000000000000000000,871.287128712871279999,0.011600000000000000,0.004888793565683646
0.582000000000000000,0.582000000000000000,1.314360000000000000,20000.000000000000000000,5768.087215064420222953,8000.000000000000000000,884.043607532210120000,8000.000000000000000000,884.043607532210102953,0.011640000000000000,0.004918212903225806
0.584000000000000000,0.584000000000000000,1.314320000000000000,20000.000000000000000000,5793.650793650793657353,8000.000000000000000000,896.825396825396840000,8000.000000000000000000,896.825396825396817353,0.011680000000000000,0.004947786522911051
0.586000000000000000,0.586000000000000000,1.314279999999999999,20000.000000000000000000,5819.265143992055617322,8000.000000000000000000,909.632571996027820000,8000.000000000000000000,909.632571996027797322,0.011720000000000000,0.004977515675675675
0.588000000000000000,0.588000000000000000,1.314240000000000000,20000.000000000000000000,5844.930417495029825353,8000.000000000000000000,922.465208747514920000,8000.000000000000000000,922.465208747514905353,0.011760000000000000,0.005007401626016260
0.590000000000000000,0.590000000000000000,1.314200000000000000,20000.000000000000000000,5870.646766169154231384,8000.000000000000000000,935.323383084577120000,8000.000000000000000000,935.323383084577111384,0.011800000000000000,0.005037445652173913
0.592000000000000000,0.592000000000000000,1.314160000000000000,20000.000000000000000000,5896.414342629482073599,8000.000000000000000000,948.207171314741040000,8000.000000000000000000,948.207171314741033599,0.011840000000000000,0.005067649046321525
0.594000000000000000,0.594000000000000000,1.314119999999999999,20000.000000000000000000,5922.233300099700902492,8000.000000000000000000,961.116650049850460000,8000.000000000000000000,961.116650049850442492,0.011880000000000000,0.005098013114754098
0.596000000000000000,0.596000000000000000,1.314080000000000000,20000.000000000000000000,5948.103792415169665107,8000.000000000000000000,974.051896207584840000,8000.000000000000000000,974.051896207584825107,0.011920000000000000,0.005128539178082191
0.598000000000000000,0.598000000000000000,1.314040000000000000,20000.000000000000000000,5974.025974025974029200,8000.000000000000000000,987.012987012987020000,8000.000000000000000000,987.012987012987009200,0.011960000000000000,0.005159228571428571
0.600000000000000000,0.600000000000000000,1.314000000000000000,20000.000000000000000000,5999.999999999999999999,8000.000000000000000000,1000.000000000000000000,8000.000000000000000000,999.999999999999999999,0.012000000000000000,0.005190082644628099
0.602000000000000000,0.602000000000000000,1.313960000000000000,20000.000000000000000000,6026.026026026026029261,8000.000000000000000000,1013.013013013013020000,8000.000000000000000000,1013.013013013013009261,0.012040000000000000,0.005221102762430939
0.604000000000000000,0.604000000000000000,1.313920000000000000,20000.000000000000000000,6052.104208416833670276,8000.000000000000000000,1026.052104208416840000,8000.000000000000000000,1026.052104208416830276,0.012080000000000000,0.005252290304709141
0.606000000000000000,0.606000000000000000,1.313879999999999999,20000.000000000000000000,6078.234704112337017784,8000.000000000000000000,1039.117352056168520000,8000.000000000000000000,1039.117352056168497784,0.012120000000000000,0.005283646666666666
0.608000000000000000,0.608000000000000000,1.313840000000000000,20000.000000000000000000,6104.417670682730932184,8000.000000000000000000,1052.208835341365480000,8000.000000000000000000,1052.208835341365452184,0.012160000000000000,0.005315173259052924
0.610000000000000000,0.610000000000000000,1.313799999999999999,20000.000000000000000000,6130.653266331658298153,8000.000000000000000000,1065.326633165829160000,8000.000000000000000000,1065.326633165829138153,0.012200000000000000,0.005346871508379888
0.612000000000000000,0.612000000000000000,1.313759999999999999,20000.000000000000000000,6156.941649899396383384,8000.000000000000000000,1078.470824949698200000,8000.000000000000000000,1078.470824949698183384,0.012240000000000000,0.005378742857142857
0.614000000000000000,0.614000000000000000,1.313720000000000000,20000.000000000000000000,6183.282980866062437753,8000.000000000000000000,1091.641490433031220000,8000.000000000000000000,1091.641490433031217753,0.012280000000000000,0.005410788764044943
0.616000000000000000,0.616000000000000000,1.313680000000000000,20000.000000000000000000,6209.677419354838712122,8000.000000000000000000,1104.838709677419360000,8000.000000000000000000,1104.838709677419352122,0.012320000000000000,0.005443010704225352
0.618000000000000000,0.618000000000000000,1.313640000000000000,20000.000000000000000000,6236.125126135216954338,8000.000000000000000000,1118.062563067608480000,8000.000000000000000000,1118.062563067608474338,0.012360000000000000,0.005475410169491525
0.620000000000000000,0.620000000000000000,1.313600000000000000,20000.000000000000000000,6262.626262626262629538,8000.000000000000000000,1131.313131313131320000,8000.000000000000000000,1131.313131313131309538,0.012400000000000000,0.005507988668555240
0.622000000000000000,0.622000000000000000,1.313559999999999999,20000.000000000000000000,6289.180990899898895476,8000.000000000000000000,1144.590495449949460000,8000.000000000000000000,1144.590495449949435476,0.012440000000000000,0.005540747727272727
0.624000000000000000,0.624000000000000000,1.313520000000000000,20000.000000000000000000,6315.789473684210534400,8000.000000000000000000,1157.894736842105280000,8000.000000000000000000,1157.894736842105254400,0.012480000000000000,0.005573688888888888
0.626000000000000000,0.626000000000000000,1.313479999999999999,20000.000000000000000000,6342.451874366767987691,8000.000000000000000000,1171.225937183384000000,8000.000000000000000000,1171.225937183383987691,0.012520000000000000,0.005606813714285714
0.628000000000000000,0.628000000000000000,1.313439999999999999,20000.000000000000000000,6369.168356997971611507,8000.000000000000000000,1184.584178498985820000,8000.000000000000000000,1184.584178498985791507,0.012560000000000000,0.005640123782234957
0.630000000000000000,0.630000000000000000,1.313400000000000000,20000.000000000000000000,6395.939086294416252461,8000.000000000000000000,1197.969543147208140000,8000.000000000000000000,1197.969543147208112461,0.012600000000000000,0.005673620689655172
0.632000000000000000,0.632000000000000000,1.313360000000000000,20000.000000000000000000,6422.764227642276426953,8000.000000000000000000,1211.382113821138220000,8000.000000000000000000,1211.382113821138206953,0.012640000000000000,0.005707306051873198
0.634000000000000000,0.634000000000000000,1.313319999999999999,20000.000000000000000000,6449.643947100712109260,8000.000000000000000000,1224.821973550356060000,8000.000000000000000000,1224.821973550356049260,0.012680000000000000,0.005741181502890173
0.636000000000000000,0.636000000000000000,1.313280000000000000,20000.000000000000000000,6476.578411405295316738,8000.000000000000000000,1238.289205702647660000,8000.000000000000000000,1238.289205702647656738,0.012720000000000000,0.005775248695652173
0.638000000000000000,0.638000000000000000,1.313239999999999999,20000.000000000000000000,6503.567787971457702061,8000.000000000000000000,1251.783893985728860000,8000.000000000000000000,1251.783893985728842061,0.012760000000000000,0.005809509302325581
0.640000000000000000,0.640000000000000000,1.313199999999999999,20000.000000000000000000,6530.612244897959187692,8000.000000000000000000,1265.306122448979600000,8000.000000000000000000,1265.306122448979587692,0.012800000000000000,0.005843965014577259
0.642000000000000000,0.642000000000000000,1.313160000000000000,20000.000000000000000000,6557.711950970377942430,8000.000000000000000000,1278.855975485188980000,8000.000000000000000000,1278.855975485188962430,0.012840000000000000,0.005878617543859649
0.644000000000000000,0.644000000000000000,1.313120000000000000,20000.000000000000000000,6584.867075664621677661,8000.000000000000000000,1292.433537832310840000,8000.000000000000000000,1292.433537832310837661,0.012880000000000000,0.005913468621700879
0.646000000000000000,0.646000000000000000,1.313079999999999999,20000.000000000000000000,6612.077789150460595230,8000.000000000000000000,1306.038894575230300000,8000.000000000000000000,1306.038894575230295230,0.012920000000000000,0.005948519999999999
0.648000000000000000,0.648000000000000000,1.313039999999999999,20000.000000000000000000,6639.344262295081975384,8000.000000000000000000,1319.672131147541000000,8000.000000000000000000,1319.672131147540975384,0.012960000000000000,0.005983773451327433
0.650000000000000000,0.650000000000000000,1.313000000000000000,20000.000000000000000000,6666.666666666666670000,8000.000000000000000000,1333.333333333333340000,8000.000000000000000000,1333.333333333333330000,0.013000000000000000,0.006019230769230769
0.652000000000000000,0.652000000000000000,1.312960000000000000,20000.000000000000000000,6694.045174537987679753,8000.000000000000000000,1347.022587268993840000,8000.000000000000000000,1347.022587268993839753,0.013040000000000000,0.006054893768545994
0.654000000000000000,0.654000000000000000,1.312920000000000000,20000.000000000000000000,6721.479958890030834368,8000.000000000000000000,1360.739979445015420000,8000.000000000000000000,1360.739979445015414368,0.013080000000000000,0.006090764285714285
0.656000000000000000,0.656000000000000000,1.312880000000000000,20000.000000000000000000,6748.971193415637865107,8000.000000000000000000,1374.485596707818940000,8000.000000000000000000,1374.485596707818925107,0.013120000000000000,0.006126844179104477
0.658000000000000000,0.658000000000000000,1.312839999999999999,20000.000000000000000000,6776.519052523171990769,8000.000000000000000000,1388.259526261586000000,8000.000000000000000000,1388.259526261585990769,0.013160000000000000,0.006163135329341317
0.660000000000000000,0.660000000000000000,1.312799999999999999,20000.000000000000000000,6804.123711340206189230,8000.000000000000000000,1402.061855670103100000,8000.000000000000000000,1402.061855670103089230,0.013200000000000000,0.006199639639639639
0.662000000000000000,0.662000000000000000,1.312760000000000000,20000.000000000000000000,6831.785345717234266676,8000.000000000000000000,1415.892672858617140000,8000.000000000000000000,1415.892672858617126676,0.013240000000000000,0.006236359036144578
0.664000000000000000,0.664000000000000000,1.312720000000000000,20000.000000000000000000,6859.504132231404959015,8000.000000000000000000,1429.752066115702480000,8000.000000000000000000,1429.752066115702479015,0.013280000000000000,0.006273295468277945
0.666000000000000000,0.666000000000000000,1.312680000000000000,20000.000000000000000000,6887.280248190279220707,8000.000000000000000000,1443.640124095139620000,8000.000000000000000000,1443.640124095139600707,0.013320000000000000,0.006310450909090909
0.668000000000000000,0.668000000000000000,1.312639999999999999,20000.000000000000000000,6915.113871635610774768,8000.000000000000000000,1457.556935817805400000,8000.000000000000000000,1457.556935817805374768,0.013360000000000000,0.006347827355623100
0.670000000000000000,0.670000000000000000,1.312600000000000000,20000.000000000000000000,6943.005181347150264461,8000.000000000000000000,1471.502590673575140000,8000.000000000000000000,1471.502590673575124461,0.013400000000000000,0.006385426829268292
0.672000000000000000,0.672000000000000000,1.312560000000000000,20000.000000000000000000,6970.954356846473031876,8000.000000000000000000,1485.477178423236520000,8000.000000000000000000,1485.477178423236511876,0.013440000000000000,0.006423251376146788
0.674000000000000000,0.674000000000000000,1.312520000000000000,20000.000000000000000000,6998.961578400830743169,8000.000000000000000000,1499.480789200415380000,8000.000000000000000000,1499.480789200415363169,0.013480000000000000,0.006461303067484662
0.676000000000000000,0.676000000000000000,1.312480000000000000,20000.000000000000000000,7027.027027027027030400,8000.000000000000000000,1513.513513513513520000,8000.000000000000000000,1513.513513513513510400,0.013520000000000000,0.006499584000000000
0.678000000000000000,0.678000000000000000,1.312439999999999999,20000.000000000000000000,7055.150884495317383537,8000.000000000000000000,1527.575442247658700000,8000.000000000000000000,1527.575442247658683537,0.013560000000000000,0.006538096296296296
0.680000000000000000,0.680000000000000000,1.312400000000000000,20000.000000000000000000,7083.333333333333340307,8000.000000000000000000,1541.666666666666680000,8000.000000000000000000,1541.666666666666660307,0.013600000000000000,0.006576842105263157
0.682000000000000000,0.682000000000000000,1.312359999999999999,20000.000000000000000000,7111.574556830031292399,8000.000000000000000000,1555.787278415015660000,8000.000000000000000000,1555.787278415015632399,0.013640000000000000,0.006615823602484472
0.684000000000000000,0.684000000000000000,1.312319999999999999,20000.000000000000000000,7139.874739039665978461,8000.000000000000000000,1569.937369519833000000,8000.000000000000000000,1569.937369519832978461,0.013680000000000000,0.006655042990654205
0.686000000000000000,0.686000000000000000,1.312280000000000000,20000.000000000000000000,7168.234064785788933291,8000.000000000000000000,1584.117032392894480000,8000.000000000000000000,1584.117032392894453291,0.013720000000000000,0.006694502500000000
0.688000000000000000,0.688000000000000000,1.312239999999999999,20000.000000000000000000,7196.652719665271975384,8000.000000000000000000,1598.326359832636000000,8000.000000000000000000,1598.326359832635975384,0.013760000000000000,0.006734204388714733
0.690000000000000000,0.690000000000000000,1.312200000000000000,20000.000000000000000000,7225.130890052356025999,8000.000000000000000000,1612.565445026178020000,8000.000000000000000000,1612.565445026178005999,0.013800000000000000,0.006774150943396226
0.692000000000000000,0.692000000000000000,1.312159999999999999,20000.000000000000000000,7253.668763102725375692,8000.000000000000000000,1626.834381551362700000,8000.000000000000000000,1626.834381551362675692,0.013840000000000000,0.006814344479495268
0.694000000000000000,0.694000000000000000,1.312120000000000000,20000.000000000000000000,7282.266526757607556399,8000.000000000000000000,1641.133263378803780000,8000.000000000000000000,1641.133263378803776399,0.013880000000000000,0.006854787341772151
0.696000000000000000,0.696000000000000000,1.312080000000000000,20000.000000000000000000,7310.924369747899159753,8000.000000000000000000,1655.462184873949580000,8000.000000000000000000,1655.462184873949579753,0.013920000000000000,0.006895481904761904
0.698000000000000000,0.698000000000000000,1.312039999999999999,20000.000000000000000000,7339.642481598317571076,8000.000000000000000000,1669.821240799158800000,8000.000000000000000000,1669.821240799158771076,0.013960000000000000,0.006936430573248407
0.700000000000000000,0.700000000000000000,1.312000000000000000,20000.000000000000000000,7368.421052631578950769,8000.000000000000000000,1684.210526315789480000,8000.000000000000000000,1684.210526315789470769,0.014000000000000000,0.006977635782747603
0.702000000000000000,0.702000000000000000,1.311960000000000000,20000.000000000000000000,7397.260273972602745200,8000.000000000000000000,1698.630136986301380000,8000.000000000000000000,1698.630136986301365200,0.014040000000000000,0.007019100000000000
0.704000000000000000,0.704000000000000000,1.311920000000000000,20000.000000000000000000,7426.160337552742622522,8000.000000000000000000,1713.080168776371320000,8000.000000000000000000,1713.080168776371302522,0.014080000000000000,0.007060825723472668
0.706000000000000000,0.706000000000000000,1.311880000000000000,20000.000000000000000000,7455.121436114044353138,8000.000000000000000000,1727.560718057022180000,8000.000000000000000000,1727.560718057022173138,0.014120000000000000,0.007102815483870967
0.708000000000000000,0.708000000000000000,1.311840000000000000,20000.000000000000000000,7484.143763213530662092,8000.000000000000000000,1742.071881606765340000,8000.000000000000000000,1742.071881606765322092,0.014160000000000000,0.007145071844660194
0.710000000000000000,0.710000000000000000,1.311800000000000000,20000.000000000000000000,7513.227513227513230923,8000.000000000000000000,1756.613756613756620000,8000.000000000000000000,1756.613756613756610923,0.014200000000000000,0.007187597402597402
0.712000000000000000,0.712000000000000000,1.311759999999999999,20000.000000000000000000,7542.372881355932213414,8000.000000000000000000,1771.186440677966120000,8000.000000000000000000,1771.186440677966093414,0.014240000000000000,0.007230394788273615
0.714000000000000000,0.714000000000000000,1.311720000000000000,20000.000000000000000000,7571.580063626723228214,8000.000000000000000000,1785.790031813361620000,8000.000000000000000000,1785.790031813361608214,0.014280000000000000,0.007273466666666666
0.716000000000000000,0.716000000000000000,1.311680000000000000,20000.000000000000000000,7600.849256900212315815,8000.000000000000000000,1800.424628450106160000,8000.000000000000000000,1800.424628450106155815,0.014320000000000000,0.007316815737704918
0.718000000000000000,0.718000000000000000,1.311639999999999999,20000.000000000000000000,7630.180658873538791692,8000.000000000000000000,1815.090329436769400000,8000.000000000000000000,1815.090329436769391692,0.014360000000000000,0.007360444736842105
0.720000000000000000,0.720000000000000000,1.311599999999999999,20000.000000000000000000,7659.574468085106387691,8000.000000000000000000,1829.787234042553200000,8000.000000000000000000,1829.787234042553187691,0.014400000000000000,0.007404356435643564
0.722000000000000000,0.722000000000000000,1.311560000000000000,20000.000000000000000000,7689.030883919062834799,8000.000000000000000000,1844.515441959531420000,8000.000000000000000000,1844.515441959531414799,0.014440000000000000,0.007448553642384105
0.724000000000000000,0.724000000000000000,1.311519999999999999,20000.000000000000000000,7718.550106609808107261,8000.000000000000000000,1859.275053304904060000,8000.000000000000000000,1859.275053304904047261,0.014480000000000000,0.007493039202657807
0.726000000000000000,0.726000000000000000,1.311479999999999999,20000.000000000000000000,7748.132337246531493661,8000.000000000000000000,1874.066168623265760000,8000.000000000000000000,1874.066168623265733661,0.014520000000000000,0.007537815999999999
0.728000000000000000,0.728000000000000000,1.311439999999999999,20000.000000000000000000,7777.777777777777784000,8000.000000000000000000,1888.888888888888900000,8000.000000000000000000,1888.888888888888884000,0.014560000000000000,0.007582886956521739
0.730000000000000000,0.730000000000000000,1.311399999999999999,20000.000000000000000000,7807.486631016042786153,8000.000000000000000000,1903.743315508021400000,8000.000000000000000000,1903.743315508021386153,0.014600000000000000,0.007628255033557046
0.732000000000000000,0.732000000000000000,1.311359999999999999,20000.000000000000000000,7837.259100642398296245,8000.000000000000000000,1918.629550321199160000,8000.000000000000000000,1918.629550321199136245,0.014640000000000000,0.007673923232323232
0.734000000000000000,0.734000000000000000,1.311320000000000000,20000.000000000000000000,7867.095391211146838676,8000.000000000000000000,1933.547695605573420000,8000.000000000000000000,1933.547695605573418676,0.014680000000000000,0.007719894594594594
0.736000000000000000,0.736000000000000000,1.311280000000000000,20000.000000000000000000,7896.995708154506438399,8000.000000000000000000,1948.497854077253220000,8000.000000000000000000,1948.497854077253218399,0.014720000000000000,0.007766172203389830
0.738000000000000000,0.738000000000000000,1.311240000000000000,20000.000000000000000000,7926.960257787325463168,8000.000000000000000000,1963.480128893662740000,8000.000000000000000000,1963.480128893662723168,0.014760000000000000,0.007812759183673469
0.740000000000000000,0.740000000000000000,1.311200000000000000,20000.000000000000000000,7956.989247311827957845,8000.000000000000000000,1978.494623655913980000,8000.000000000000000000,1978.494623655913977845,0.014800000000000000,0.007859658703071672
0.742000000000000000,0.742000000000000000,1.311160000000000000,20000.000000000000000000,7987.082884822389670215,8000.000000000000000000,1993.541442411194840000,8000.000000000000000000,1993.541442411194830215,0.014840000000000000,0.007906873972602739
0.744000000000000000,0.744000000000000000,1.311120000000000000,20000.000000000000000000,8017.241379310344831138,8000.000000000000000000,2008.620689655172420000,8000.000000000000000000,2008.620689655172411138,0.014880000000000000,0.007954408247422680
0.746000000000000000,0.746000000000000000,1.311079999999999999,20000.000000000000000000,8047.464940668824174307,8000.000000000000000000,2023.732470334412100000,8000.000000000000000000,2023.732470334412074307,0.014920000000000000,0.008002264827586206
0.748000000000000000,0.748000000000000000,1.311039999999999999,20000.000000000000000000,8077.753779697624192922,8000.000000000000000000,2038.876889848812100000,8000.000000000000000000,2038.876889848812092922,0.014960000000000000,0.008050447058823529
0.750000000000000000,0.750000000000000000,1.311000000000000000,20000.000000000000000000,8108.108108108108111538,8000.000000000000000000,2054.054054054054060000,8000.000000000000000000,2054.054054054054051538,0.015000000000000000,0.008098958333333333
0.752000000000000000,0.752000000000000000,1.310960000000000000,20000.000000000000000000,8138.528138528138537353,8000.000000000000000000,2069.264069264069280000,8000.000000000000000000,2069.264069264069257353,0.015040000000000000,0.008147802090592334
0.754000000000000000,0.754000000000000000,1.310920000000000000,20000.000000000000000000,8169.014084507042261200,8000.000000000000000000,2084.507042253521140000,8000.000000000000000000,2084.507042253521121200,0.015080000000000000,0.008196981818181818
0.756000000000000000,0.756000000000000000,1.310879999999999999,20000.000000000000000000,8199.566160520607382460,8000.000000000000000000,2099.783080260303700000,8000.000000000000000000,2099.783080260303682460,0.015120000000000000,0.008246501052631578
0.758000000000000000,0.758000000000000000,1.310840000000000000,20000.000000000000000000,8230.184581976112932184,8000.000000000000000000,2115.092290988056480000,8000.000000000000000000,2115.092290988056452184,0.015160000000000000,0.008296363380281690
0.760000000000000000,0.760000000000000000,1.310799999999999999,20000.000000000000000000,8260.869565217391308922,8000.000000000000000000,2130.434782608695660000,8000.000000000000000000,2130.434782608695648922,0.015200000000000000,0.008346572438162544
0.762000000000000000,0.762000000000000000,1.310760000000000000,20000.000000000000000000,8291.621327529923833107,8000.000000000000000000,2145.810663764961920000,8000.000000000000000000,2145.810663764961913107,0.015240000000000000,0.008397131914893617
0.764000000000000000,0.764000000000000000,1.310719999999999999,20000.000000000000000000,8322.440087145969505107,8000.000000000000000000,2161.220043572984760000,8000.000000000000000000,2161.220043572984745107,0.015280000000000000,0.008448045551601423
0.766000000000000000,0.766000000000000000,1.310679999999999999,20000.000000000000000000,8353.326063249727380153,8000.000000000000000000,2176.663031624863700000,8000.000000000000000000,2176.663031624863680153,0.015320000000000000,0.008499317142857142
0.768000000000000000,0.768000000000000000,1.310640000000000000,20000.000000000000000000,8384.279475982532753722,8000.000000000000000000,2192.139737991266380000,8000.000000000000000000,2192.139737991266373722,0.015360000000000000,0.008550950537634408
0.770000000000000000,0.770000000000000000,1.310600000000000000,20000.000000000000000000,8415.300546448087434153,8000.000000000000000000,2207.650273224043720000,8000.000000000000000000,2207.650273224043714153,0.015400000000000000,0.008602949640287769
0.772000000000000000,0.772000000000000000,1.310559999999999999,20000.000000000000000000,8446.389496717724298091,8000.000000000000000000,2223.194748358862160000,8000.000000000000000000,2223.194748358862138091,0.015440000000000000,0.008655318411552346
0.774000000000000000,0.774000000000000000,1.310520000000000000,20000.000000000000000000,8477.546549835706467507,8000.000000000000000000,2238.773274917853240000,8000.000000000000000000,2238.773274917853227507,0.015480000000000000,0.008708060869565217
0.776000000000000000,0.776000000000000000,1.310479999999999999,20000.000000000000000000,8508.771929824561414399,8000.000000000000000000,2254.385964912280720000,8000.000000000000000000,2254.385964912280694399,0.015520000000000000,0.008761181090909090
0.778000000000000000,0.778000000000000000,1.310440000000000000,20000.000000000000000000,8540.065861690450062399,8000.000000000000000000,2270.032930845225040000,8000.000000000000000000,2270.032930845225022399,0.015560000000000000,0.008814683211678832
0.780000000000000000,0.780000000000000000,1.310400000000000000,20000.000000000000000000,8571.428571428571432000,8000.000000000000000000,2285.714285714285720000,8000.000000000000000000,2285.714285714285712000,0.015600000000000000,0.008868571428571428
0.782000000000000000,0.782000000000000000,1.310360000000000000,20000.000000000000000000,8602.860286028602866214,8000.000000000000000000,2301.430143014301440000,8000.000000000000000000,2301.430143014301426214,0.015640000000000000,0.008922850000000000
0.784000000000000000,0.784000000000000000,1.310320000000000000,20000.000000000000000000,8634.361233480176220061,8000.000000000000000000,2317.180616740088120000,8000.000000000000000000,2317.180616740088100061,0.015680000000000000,0.008977523247232472
0.786000000000000000,0.786000000000000000,1.310279999999999999,20000.000000000000000000,8665.931642778390304430,8000.000000000000000000,2332.965821389195160000,8000.000000000000000000,2332.965821389195144430,0.015720000000000000,0.009032595555555555
0.788000000000000000,0.788000000000000000,1.310240000000000000,20000.000000000000000000,8697.571743929359828430,8000.000000000000000000,2348.785871964679920000,8000.000000000000000000,2348.785871964679908430,0.015760000000000000,0.009088071375464684
0.790000000000000000,0.790000000000000000,1.310199999999999999,20000.000000000000000000,8729.281767955801109537,8000.000000000000000000,2364.640883977900560000,8000.000000000000000000,2364.640883977900549537,0.015800000000000000,0.009143955223880597
0.792000000000000000,0.792000000000000000,1.310160000000000000,20000.000000000000000000,8761.061946902654871138,8000.000000000000000000,2380.530973451327440000,8000.000000000000000000,2380.530973451327431138,0.015840000000000000,0.009200251685393258
0.794000000000000000,0.794000000000000000,1.310119999999999999,20000.000000000000000000,8792.912513842746412830,8000.000000000000000000,2396.456256921373220000,8000.000000000000000000,2396.456256921373192830,0.015880000000000000,0.009256965413533834
0.796000000000000000,0.796000000000000000,1.310079999999999999,20000.000000000000000000,8824.833702882483379384,8000.000000000000000000,2412.416851441241700000,8000.000000000000000000,2412.416851441241679384,0.015920000000000000,0.009314101132075471
0.798000000000000000,0.798000000000000000,1.310039999999999999,20000.000000000000000000,8856.825749167591575691,8000.000000000000000000,2428.412874583795800000,8000.000000000000000000,2428.412874583795775691,0.015960000000000000,0.009371663636363636
0.800000000000000000,0.800000000000000000,1.309999999999999999,20000.000000000000000000,8888.888888888888898461,8000.000000000000000000,2444.444444444444460000,8000.000000000000000000,2444.444444444444438461,0.016000000000000000,0.009429657794676806
0.802000000000000000,0.802000000000000000,1.309959999999999999,20000.000000000000000000,8921.023359288097896861,8000.000000000000000000,2460.511679644048960000,8000.000000000000000000,2460.511679644048936861,0.016040000000000000,0.009488088549618320
0.804000000000000000,0.804000000000000000,1.309919999999999999,20000.000000000000000000,8953.229398663697109415,8000.000000000000000000,2476.614699331848560000,8000.000000000000000000,2476.614699331848549415,0.016080000000000000,0.009546960919540229
0.806000000000000000,0.806000000000000000,1.309879999999999999,20000.000000000000000000,8985.507246376811596000,8000.000000000000000000,2492.753623188405800000,8000.000000000000000000,2492.753623188405796000,0.016120000000000000,0.009606279999999999
0.808000000000000000,0.808000000000000000,1.309840000000000000,20000.000000000000000000,9017.857142857142864245,8000.000000000000000000,2508.928571428571440000,8000.000000000000000000,2508.928571428571424245,0.016160000000000000,0.009666050965250965
0.810000000000000000,0.810000000000000000,1.309800000000000000,20000.000000000000000000,9050.279329608938551384,8000.000000000000000000,2525.139664804469280000,8000.000000000000000000,2525.139664804469271384,0.016200000000000000,0.009726279069767441
0.812000000000000000,0.812000000000000000,1.309760000000000000,20000.000000000000000000,9082.774049217002238030,8000.000000000000000000,2541.387024608501120000,8000.000000000000000000,2541.387024608501118030,0.016240000000000000,0.009786969649805447
0.814000000000000000,0.814000000000000000,1.309719999999999999,20000.000000000000000000,9115.341545352743573230,8000.000000000000000000,2557.670772676371800000,8000.000000000000000000,2557.670772676371773230,0.016280000000000000,0.009848128124999999
0.816000000000000000,0.816000000000000000,1.309680000000000000,20000.000000000000000000,9147.982062780269065107,8000.000000000000000000,2573.991031390134540000,8000.000000000000000000,2573.991031390134525107,0.016320000000000000,0.009909760000000000
0.818000000000000000,0.818000000000000000,1.309640000000000000,20000.000000000000000000,9180.695847362514032584,8000.000000000000000000,2590.347923681257020000,8000.000000000000000000,2590.347923681257012584,0.016360000000000000,0.009971870866141732
0.820000000000000000,0.820000000000000000,1.309600000000000000,20000.000000000000000000,9213.483146067415739692,8000.000000000000000000,2606.741573033707880000,8000.000000000000000000,2606.741573033707859692,0.016400000000000000,0.010034466403162055
0.822000000000000000,0.822000000000000000,1.309560000000000000,20000.000000000000000000,9246.344206974128235876,8000.000000000000000000,2623.172103487064120000,8000.000000000000000000,2623.172103487064115876,0.016440000000000000,0.010097552380952380
0.824000000000000000,0.824000000000000000,1.309520000000000000,20000.000000000000000000,9279.279279279279279507,8000.000000000000000000,2639.639639639639640000,8000.000000000000000000,2639.639639639639639507,0.016480000000000000,0.010161134661354581
0.826000000000000000,0.826000000000000000,1.309480000000000000,20000.000000000000000000,9312.288613303269457876,8000.000000000000000000,2656.144306651634740000,8000.000000000000000000,2656.144306651634717876,0.016520000000000000,0.010225219200000000
0.828000000000000000,0.828000000000000000,1.309439999999999999,20000.000000000000000000,9345.372460496613996922,8000.000000000000000000,2672.686230248307000000,8000.000000000000000000,2672.686230248306996922,0.016560000000000000,0.010289812048192771
0.830000000000000000,0.830000000000000000,1.309399999999999999,20000.000000000000000000,9378.531073446327695230,8000.000000000000000000,2689.265536723163860000,8000.000000000000000000,2689.265536723163835230,0.016600000000000000,0.010354919354838709
0.832000000000000000,0.832000000000000000,1.309360000000000000,20000.000000000000000000,9411.764705882352947200,8000.000000000000000000,2705.882352941176480000,8000.000000000000000000,2705.882352941176467200,0.016640000000000000,0.010420547368421052
0.834000000000000000,0.834000000000000000,1.309320000000000000,20000.000000000000000000,9445.073612684031713260,8000.000000000000000000,2722.536806342015860000,8000.000000000000000000,2722.536806342015853260,0.016680000000000000,0.010486702439024390
0.836000000000000000,0.836000000000000000,1.309280000000000000,20000.000000000000000000,9478.458049886621316738,8000.000000000000000000,2739.229024943310660000,8000.000000000000000000,2739.229024943310656738,0.016720000000000000,0.010553391020408163
0.838000000000000000,0.838000000000000000,1.309240000000000000,20000.000000000000000000,9511.918274687854713599,8000.000000000000000000,2755.959137343927360000,8000.000000000000000000,2755.959137343927353599,0.016760000000000000,0.010620619672131147
0.840000000000000000,0.840000000000000000,1.309200000000000000,20000.000000000000000000,9545.454545454545462769,8000.000000000000000000,2772.727272727272740000,8000.000000000000000000,2772.727272727272722769,0.016800000000000000,0.010688395061728395
0.842000000000000000,0.842000000000000000,1.309159999999999999,20000.000000000000000000,9579.067121729237779845,8000.000000000000000000,2789.533560864618900000,8000.000000000000000000,2789.533560864618879845,0.016840000000000000,0.010756723966942148
0.844000000000000000,0.844000000000000000,1.309120000000000000,20000.000000000000000000,9612.756264236902059814,8000.000000000000000000,2806.378132118451040000,8000.000000000000000000,2806.378132118451019814,0.016880000000000000,0.010825613278008298
0.846000000000000000,0.846000000000000000,1.309079999999999999,20000.000000000000000000,9646.522234891676178922,8000.000000000000000000,2823.261117445838100000,8000.000000000000000000,2823.261117445838078922,0.016920000000000000,0.010895069999999999
0.848000000000000000,0.848000000000000000,1.309039999999999999,20000.000000000000000000,9680.365296803652978461,8000.000000000000000000,2840.182648401826500000,8000.000000000000000000,2840.182648401826478461,0.016960000000000000,0.010965101255230125
0.850000000000000000,0.850000000000000000,1.308999999999999999,20000.000000000000000000,9714.285714285714296922,8000.000000000000000000,2857.142857142857160000,8000.000000000000000000,2857.142857142857136922,0.017000000000000000,0.011035714285714285
0.852000000000000000,0.852000000000000000,1.308959999999999999,20000.000000000000000000,9748.283752860411906091,8000.000000000000000000,2874.141876430205960000,8000.000000000000000000,2874.141876430205946091,0.017040000000000000,0.011106916455696202
0.854000000000000000,0.854000000000000000,1.308919999999999999,20000.000000000000000000,9782.359679266895774307,8000.000000000000000000,2891.179839633447900000,8000.000000000000000000,2891.179839633447874307,0.017080000000000000,0.011178715254237288
0.856000000000000000,0.856000000000000000,1.308880000000000000,20000.000000000000000000,9816.513761467889912122,8000.000000000000000000,2908.256880733944960000,8000.000000000000000000,2908.256880733944952122,0.017120000000000000,0.011251118297872340
0.858000000000000000,0.858000000000000000,1.308840000000000000,20000.000000000000000000,9850.746268656716425200,8000.000000000000000000,2925.373134328358220000,8000.000000000000000000,2925.373134328358205200,0.017160000000000000,0.011324133333333333
0.860000000000000000,0.860000000000000000,1.308800000000000000,20000.000000000000000000,9885.057471264367823999,8000.000000000000000000,2942.528735632183920000,8000.000000000000000000,2942.528735632183903999,0.017200000000000000,0.011397768240343347
0.862000000000000000,0.862000000000000000,1.308760000000000000,20000.000000000000000000,9919.447640966628312245,8000.000000000000000000,2959.723820483314160000,8000.000000000000000000,2959.723820483314152245,0.017240000000000000,0.011472031034482758
0.864000000000000000,0.864000000000000000,1.308720000000000000,20000.000000000000000000,9953.917050691244239753,8000.000000000000000000,2976.958525345622120000,8000.000000000000000000,2976.958525345622119753,0.017280000000000000,0.011546929870129870
0.866000000000000000,0.866000000000000000,1.308679999999999999,20000.000000000000000000,9988.465974625144183538,8000.000000000000000000,2994.232987312572100000,8000.000000000000000000,2994.232987312572083538,0.017320000000000000,0.011622473043478260
0.868000000000000000,0.868000000000000000,1.308639999999999999,20000.000000000000000000,10023.094688221709017968,8000.000000000000000000,3011.547344110854520000,8000.000000000000000000,3011.547344110854497968,0.017360000000000000,0.011698668995633187
0.870000000000000000,0.870000000000000000,1.308599999999999999,20000.000000000000000000,10057.803468208092497076,8000.000000000000000000,3028.901734104046260000,8000.000000000000000000,3028.901734104046237076,0.017400000000000000,0.011775526315789473
0.872000000000000000,0.872000000000000000,1.308559999999999999,20000.000000000000000000,10092.592592592592595076,8000.000000000000000000,3046.296296296296300000,8000.000000000000000000,3046.296296296296295076,0.017440000000000000,0.011853053744493392
0.874000000000000000,0.874000000000000000,1.308520000000000000,20000.000000000000000000,10127.462340672074159938,8000.000000000000000000,3063.731170336037080000,8000.000000000000000000,3063.731170336037079938,0.017480000000000000,0.011931260176991150
0.876000000000000000,0.876000000000000000,1.308480000000000000,20000.000000000000000000,10162.412993039443156983,8000.000000000000000000,3081.206496519721580000,8000.000000000000000000,3081.206496519721576983,0.017520000000000000,0.012010154666666666
0.878000000000000000,0.878000000000000000,1.308440000000000000,20000.000000000000000000,10197.444831591173063168,8000.000000000000000000,3098.722415795586540000,8000.000000000000000000,3098.722415795586523168,0.017560000000000000,0.012089746428571428
0.880000000000000000,0.880000000000000000,1.308400000000000000,20000.000000000000000000,10232.558139534883734153,8000.000000000000000000,3116.279069767441880000,8000.000000000000000000,3116.279069767441854153,0.017600000000000000,0.012170044843049327
0.882000000000000000,0.882000000000000000,1.308360000000000000,20000.000000000000000000,10267.753201396973229876,8000.000000000000000000,3133.876600698486620000,8000.000000000000000000,3133.876600698486609876,0.017640000000000000,0.012251059459459459
0.884000000000000000,0.884000000000000000,1.308320000000000000,20000.000000000000000000,10303.030303030303033600,8000.000000000000000000,3151.515151515151520000,8000.000000000000000000,3151.515151515151513600,0.017680000000000000,0.012332800000000000
0.886000000000000000,0.886000000000000000,1.308279999999999999,20000.000000000000000000,10338.389731621936993076,8000.000000000000000000,3169.194865810968500000,8000.000000000000000000,3169.194865810968493076,0.017720000000000000,0.012415276363636363
0.888000000000000000,0.888000000000000000,1.308239999999999999,20000.000000000000000000,10373.831775700934586461,8000.000000000000000000,3186.915887850467300000,8000.000000000000000000,3186.915887850467286461,0.017760000000000000,0.012498498630136986
0.890000000000000000,0.890000000000000000,1.308200000000000000,20000.000000000000000000,10409.356725146198833692,8000.000000000000000000,3204.678362573099420000,8000.000000000000000000,3204.678362573099413692,0.017800000000000000,0.012582477064220183
0.892000000000000000,0.892000000000000000,1.308159999999999999,20000.000000000000000000,10444.964871194379394153,8000.000000000000000000,3222.482435597189700000,8000.000000000000000000,3222.482435597189694153,0.017840000000000000,0.012667222119815668
0.894000000000000000,0.894000000000000000,1.308119999999999999,20000.000000000000000000,10480.656506447831189537,8000.000000000000000000,3240.328253223915600000,8000.000000000000000000,3240.328253223915589537,0.017880000000000000,0.012752744444444444
0.896000000000000000,0.896000000000000000,1.308080000000000000,20000.000000000000000000,10516.431924882629112122,8000.000000000000000000,3258.215962441314560000,8000.000000000000000000,3258.215962441314552122,0.017920000000000000,0.012839054883720930
0.898000000000000000,0.898000000000000000,1.308040000000000000,20000.000000000000000000,10552.291421856639259015,8000.000000000000000000,3276.145710928319640000,8000.000000000000000000,3276.145710928319619015,0.017960000000000000,0.012926164485981308
0.900000000000000000,0.900000000000000000,1.308000000000000000,20000.000000000000000000,10588.235294117647066153,8000.000000000000000000,3294.117647058823540000,8000.000000000000000000,3294.117647058823526153,0.018000000000000000,0.013014084507042253
0.902000000000000000,0.902000000000000000,1.307959999999999999,20000.000000000000000000,10624.263839811542994614,8000.000000000000000000,3312.131919905771500000,8000.000000000000000000,3312.131919905771494614,0.018040000000000000,0.013102826415094339
0.904000000000000000,0.904000000000000000,1.307920000000000000,20000.000000000000000000,10660.377358490566038522,8000.000000000000000000,3330.188679245283020000,8000.000000000000000000,3330.188679245283018522,0.018080000000000000,0.013192401895734597
0.906000000000000000,0.906000000000000000,1.307880000000000000,20000.000000000000000000,10696.576151121605671568,8000.000000000000000000,3348.288075560802840000,8000.000000000000000000,3348.288075560802831568,0.018120000000000000,0.013282822857142857
0.908000000000000000,0.908000000000000000,1.307840000000000000,20000.000000000000000000,10732.860520094562659015,8000.000000000000000000,3366.430260047281340000,8000.000000000000000000,3366.430260047281319015,0.018160000000000000,0.013374101435406698
0.910000000000000000,0.910000000000000000,1.307800000000000000,20000.000000000000000000,10769.230769230769234000,8000.000000000000000000,3384.615384615384620000,8000.000000000000000000,3384.615384615384614000,0.018200000000000000,0.013466250000000000
0.912000000000000000,0.912000000000000000,1.307759999999999999,20000.000000000000000000,10805.687203791469196307,8000.000000000000000000,3402.843601895734600000,8000.000000000000000000,3402.843601895734596307,0.018240000000000000,0.013559281159420289
0.914000000000000000,0.914000000000000000,1.307720000000000000,20000.000000000000000000,10842.230130486358256891,8000.000000000000000000,3421.115065243179140000,8000.000000000000000000,3421.115065243179116891,0.018280000000000000,0.013653207766990291
0.916000000000000000,0.916000000000000000,1.307680000000000000,20000.000000000000000000,10878.859857482185275568,8000.000000000000000000,3439.429928741092640000,8000.000000000000000000,3439.429928741092635568,0.018320000000000000,0.013748042926829268
0.918000000000000000,0.918000000000000000,1.307639999999999999,20000.000000000000000000,10915.576694411414988461,8000.000000000000000000,3457.788347205707500000,8000.000000000000000000,3457.788347205707488461,0.018360000000000000,0.013843799999999999
0.920000000000000000,0.920000000000000000,1.307599999999999999,20000.000000000000000000,10952.380952380952387691,8000.000000000000000000,3476.190476190476200000,8000.000000000000000000,3476.190476190476187691,0.018400000000000000,0.013940492610837438
0.922000000000000000,0.922000000000000000,1.307560000000000000,20000.000000000000000000,10989.272943980929678830,8000.000000000000000000,3494.636471990464840000,8000.000000000000000000,3494.636471990464838830,0.018440000000000000,0.014038134653465346
0.924000000000000000,0.924000000000000000,1.307519999999999999,20000.000000000000000000,11026.252983293556098030,8000.000000000000000000,3513.126491646778060000,8000.000000000000000000,3513.126491646778038030,0.018480000000000000,0.014136740298507462
0.926000000000000000,0.926000000000000000,1.307480000000000000,20000.000000000000000000,11063.321385902031069261,8000.000000000000000000,3531.660692951015540000,8000.000000000000000000,3531.660692951015529261,0.018520000000000000,0.014236324000000000
0.928000000000000000,0.928000000000000000,1.307440000000000000,20000.000000000000000000,11100.478468899521541414,8000.000000000000000000,3550.239234449760780000,8000.000000000000000000,3550.239234449760761414,0.018560000000000000,0.014336900502512562
0.930000000000000000,0.930000000000000000,1.307399999999999999,20000.000000000000000000,11137.724550898203595384,8000.000000000000000000,3568.862275449101800000,8000.000000000000000000,3568.862275449101795384,0.018600000000000000,0.014438484848484848
0.932000000000000000,0.932000000000000000,1.307360000000000000,20000.000000000000000000,11175.059952038369310091,8000.000000000000000000,3587.529976019184660000,8000.000000000000000000,3587.529976019184650091,0.018640000000000000,0.014541092385786802
0.934000000000000000,0.934000000000000000,1.307320000000000000,20000.000000000000000000,11212.484993997599039753,8000.000000000000000000,3606.242496998799520000,8000.000000000000000000,3606.242496998799519753,0.018680000000000000,0.014644738775510204
0.936000000000000000,0.936000000000000000,1.307280000000000000,20000.000000000000000000,11250.000000000000000000,8000.000000000000000000,3625.000000000000000000,8000.000000000000000000,3625.000000000000000000,0.018720000000000000,0.014749440000000000
0.938000000000000000,0.938000000000000000,1.307240000000000000,20000.000000000000000000,11287.605294825511434891,8000.000000000000000000,3643.802647412755720000,8000.000000000000000000,3643.802647412755714891,0.018760000000000000,0.014855212371134020
0.940000000000000000,0.940000000000000000,1.307200000000000000,20000.000000000000000000,11325.301204819277112614,8000.000000000000000000,3662.650602409638560000,8000.000000000000000000,3662.650602409638552614,0.018800000000000000,0.014962072538860103
0.942000000000000000,0.942000000000000000,1.307160000000000000,20000.000000000000000000,11363.088057901085657907,8000.000000000000000000,3681.544028950542840000,8000.000000000000000000,3681.544028950542817907,0.018840000000000000,0.015070037500000000
0.944000000000000000,0.944000000000000000,1.307120000000000000,20000.000000000000000000,11400.966183574879231753,8000.000000000000000000,3700.483091787439620000,8000.000000000000000000,3700.483091787439611753,0.018880000000000000,0.015179124607329842
0.946000000000000000,0.946000000000000000,1.307080000000000000,20000.000000000000000000,11438.935912938331318737,8000.000000000000000000,3719.467956469165660000,8000.000000000000000000,3719.467956469165658737,0.018920000000000000,0.015289351578947368
0.948000000000000000,0.948000000000000000,1.307040000000000000,20000.000000000000000000,11476.997578692493951568,8000.000000000000000000,3738.498789346246980000,8000.000000000000000000,3738.498789346246971568,0.018960000000000000,0.015400736507936507
0.950000000000000000,0.950000000000000000,1.307000000000000000,20000.000000000000000000,11515.151515151515154615,8000.000000000000000000,3757.575757575757580000,8000.000000000000000000,3757.575757575757574615,0.019000000000000000,0.015513297872340425
0.952000000000000000,0.952000000000000000,1.306959999999999999,20000.000000000000000000,11553.398058252427190153,8000.000000000000000000,3776.699029126213600000,8000.000000000000000000,3776.699029126213590153,0.019040000000000000,0.015627054545454545
0.954000000000000000,0.954000000000000000,1.306920000000000000,20000.000000000000000000,11591.737545565006077045,8000.000000000000000000,3795.868772782503040000,8000.000000000000000000,3795.868772782503037045,0.019080000000000000,0.015742025806451612
0.956000000000000000,0.956000000000000000,1.306879999999999999,20000.000000000000000000,11630.170316301703176614,8000.000000000000000000,3815.085158150851600000,8000.000000000000000000,3815.085158150851576614,0.019120000000000000,0.015858231351351351
0.958000000000000000,0.958000000000000000,1.306840000000000000,20000.000000000000000000,11668.696711327649219968,8000.000000000000000000,3834.348355663824620000,8000.000000000000000000,3834.348355663824599968,0.019160000000000000,0.015975691304347826
0.960000000000000000,0.960000000000000000,1.306800000000000000,20000.000000000000000000,11707.317073170731711999,8000.000000000000000000,3853.658536585365860000,8000.000000000000000000,3853.658536585365851999,0.019200000000000000,0.016094426229508196
0.962000000000000000,0.962000000000000000,1.306760000000000000,20000.000000000000000000,11746.031746031746034800,8000.000000000000000000,3873.015873015873020000,8000.000000000000000000,3873.015873015873014800,0.019240000000000000,0.016214457142857142
0.964000000000000000,0.964000000000000000,1.306720000000000000,20000.000000000000000000,11784.841075794621031753,8000.000000000000000000,3892.420537897310520000,8000.000000000000000000,3892.420537897310511753,0.019280000000000000,0.016335805524861878
0.966000000000000000,0.966000000000000000,1.306680000000000000,20000.000000000000000000,11823.745410036719711353,8000.000000000000000000,3911.872705018359860000,8000.000000000000000000,3911.872705018359851353,0.019320000000000000,0.016458493333333333
0.968000000000000000,0.968000000000000000,1.306639999999999999,20000.000000000000000000,11862.745098039215698830,8000.000000000000000000,3931.372549019607860000,8000.000000000000000000,3931.372549019607838830,0.019360000000000000,0.016582543016759776
0.970000000000000000,0.970000000000000000,1.306600000000000000,20000.000000000000000000,11901.840490797546022615,8000.000000000000000000,3950.920245398773020000,8000.000000000000000000,3950.920245398773002615,0.019400000000000000,0.016707977528089887
0.972000000000000000,0.972000000000000000,1.306560000000000000,20000.000000000000000000,11941.031941031941034953,8000.000000000000000000,3970.515970515970520000,8000.000000000000000000,3970.515970515970514953,0.019440000000000000,0.016834820338983050
0.974000000000000000,0.974000000000000000,1.306519999999999999,20000.000000000000000000,11980.319803198031987691,8000.000000000000000000,3990.159901599016000000,8000.000000000000000000,3990.159901599015987691,0.019480000000000000,0.016963095454545454
0.976000000000000000,0.976000000000000000,1.306480000000000000,20000.000000000000000000,12019.704433497536951138,8000.000000000000000000,4009.852216748768480000,8000.000000000000000000,4009.852216748768471138,0.019520000000000000,0.017092827428571428
0.978000000000000000,0.978000000000000000,1.306439999999999999,20000.000000000000000000,12059.186189889025903753,8000.000000000000000000,4029.593094944512960000,8000.000000000000000000,4029.593094944512943753,0.019560000000000000,0.017224041379310344
0.980000000000000000,0.980000000000000000,1.306400000000000000,20000.000000000000000000,12098.765432098765435076,8000.000000000000000000,4049.382716049382720000,8000.000000000000000000,4049.382716049382715076,0.019600000000000000,0.017356763005780346
0.982000000000000000,0.982000000000000000,1.306359999999999999,20000.000000000000000000,12138.442521631644018184,8000.000000000000000000,4069.221260815822020000,8000.000000000000000000,4069.221260815821998184,0.019640000000000000,0.017491018604651162
0.984000000000000000,0.984000000000000000,1.306320000000000000,20000.000000000000000000,12178.217821782178226215,8000.000000000000000000,4089.108910891089120000,8000.000000000000000000,4089.108910891089106215,0.019680000000000000,0.017626835087719298
0.986000000000000000,0.986000000000000000,1.306279999999999999,20000.000000000000000000,12218.091697645600994615,8000.000000000000000000,4109.045848822800500000,8000.000000000000000000,4109.045848822800494615,0.019720000000000000,0.017764239999999999
0.988000000000000000,0.988000000000000000,1.306240000000000000,20000.000000000000000000,12258.064516129032266400,8000.000000000000000000,4129.032258064516140000,8000.000000000000000000,4129.032258064516126400,0.019760000000000000,0.017903261538461538
0.990000000000000000,0.990000000000000000,1.306200000000000000,20000.000000000000000000,12298.136645962732919537,8000.000000000000000000,4149.068322981366460000,8000.000000000000000000,4149.068322981366459537,0.019800000000000000,0.018043928571428571
0.992000000000000000,0.992000000000000000,1.306159999999999999,20000.000000000000000000,12338.308457711442791384,8000.000000000000000000,4169.154228855721400000,8000.000000000000000000,4169.154228855721391384,0.019840000000000000,0.018186270658682634
0.994000000000000000,0.994000000000000000,1.306120000000000000,20000.000000000000000000,12378.580323785803238676,8000.000000000000000000,4189.290161892901620000,8000.000000000000000000,4189.290161892901618676,0.019880000000000000,0.018330318072289156
0.996000000000000000,0.996000000000000000,1.306080000000000000,20000.000000000000000000,12418.952618453865345599,8000.000000000000000000,4209.476309226932680000,8000.000000000000000000,4209.476309226932665599,0.019920000000000000,0.018476101818181818
0.998000000000000000,0.998000000000000000,1.306040000000000000,20000.000000000000000000,12459.425717852684150645,8000.000000000000000000,4229.712858926342080000,8000.000000000000000000,4229.712858926342070645,0.019960000000000000,0.018623653658536585
1.000000000000000000,1.000000000000000000,1.306000000000000000,20000.000000000000000000,12499.999999999999999999,8000.000000000000000000,4250.000000000000000000,8000.000000000000000000,4249.999999999999999999,0.020000000000000000,0.018773006134969325
1.002000000000000000,1.002000000000000000,1.305354501992031872,20000.000000000000000000,12549.999999999999999999,8000.000000000000000000,4275.000000000000000000,8000.000000000000000000,4274.999999999999999999,0.020040000000000000,0.018922103444019256
1.004000000000000000,1.004000000000000000,1.304721904761904761,20000.000000000000000000,12599.999999999999999999,8000.000000000000000000,4300.000000000000000000,8000.000000000000000000,4299.999999999999999999,0.020080000000000000,0.019073502235469448
1.006000000000000000,1.006000000000000000,1.304102055335968379,20000.000000000000000000,12649.999999999999999999,8000.000000000000000000,4325.000000000000000000,8000.000000000000000000,4324.999999999999999999,0.020120000000000000,0.019227244783206297
1.008000000000000000,1.008000000000000000,1.303494803149606299,20000.000000000000000000,12699.999999999999999999,8000.000000000000000000,4350.000000000000000000,8000.000000000000000000,4349.999999999999999999,0.020160000000000000,0.019383374402816193
1.010000000000000000,1.010000000000000000,1.302900000000000000,20000.000000000000000000,12749.999999999999999999,8000.000000000000000000,4375.000000000000000000,8000.000000000000000000,4374.999999999999999999,0.020200000000000000,0.019541935483870967
1.012000000000000000,1.012000000000000000,1.302317500000000000,20000.000000000000000000,12799.999999999999999999,8000.000000000000000000,4400.000000000000000000,8000.000000000000000000,4399.999999999999999999,0.020240000000000000,0.019702973523421588
1.014000000000000000,1.014000000000000000,1.301772880058365758,20000.000000000000000000,12850.000000000000000000,8000.000000000000000000,4425.000000000000000000,8000.000000000000000000,4425.000000000000000000,0.020372450000000000,0.019951147431572594
1.016000000000000000,1.016000000000000000,1.301305299224806201,20000.000000000000000000,12899.999999999999999999,8000.000000000000000000,4450.000000000000000000,8000.000000000000000000,4449.999999999999999999,0.020743200000000000,0.020421717795417357
1.018000000000000000,1.018000000000000000,1.300912975000000000,20000.000000000000000000,12949.999999999999999999,8000.000000000000000000,4475.000000000000000000,8000.000000000000000000,4474.999999999999999999,0.021354050000000000,0.021118656265162976
1.020000000000000000,1.020000000000000000,1.300593653846153846,20000.000000000000000000,12999.999999999999999999,8000.000000000000000000,4500.000000000000000000,8000.000000000000000000,4499.999999999999999999,0.022205000000000000,0.022043301708484884
1.022000000000000000,1.022000000000000000,1.300345116762452107,20000.000000000000000000,13049.999999999999999999,8000.000000000000000000,4525.000000000000000000,8000.000000000000000000,4524.999999999999999999,0.023296050000000000,0.023195954757939497
1.024000000000000000,1.024000000000000000,1.300165178625954198,20000.000000000000000000,13099.999999999999999999,8000.000000000000000000,4550.000000000000000000,8000.000000000000000000,4549.999999999999999999,0.024627200000000000,0.024575848366988021
1.026000000000000000,1.026000000000000000,1.300051687547528517,20000.000000000000000000,13149.999999999999999999,8000.000000000000000000,4575.000000000000000000,8000.000000000000000000,4574.999999999999999999,0.026198450000000000,0.026181134163128228
1.028000000000000000,1.028000000000000000,1.300002524242424242,20000.000000000000000000,13199.999999999999999999,8000.000000000000000000,4600.000000000000000000,8000.000000000000000000,4599.999999999999999999,0.028009800000000000,0.028008885050786853
1.030000000000000000,1.030000000000000000,1.300000000000000000,20000.000000000000000000,13249.999999999999999999,8000.000000000000000000,4625.000000000000000000,8000.000000000000000000,4624.999999999999999999,0.030000000000000000,0.030000000000000000
1.032000000000000000,1.032000000000000000,1.300000000000000000,20000.000000000000000000,13299.999999999999999999,8000.000000000000000000,4650.000000000000000000,8000.000000000000000000,4649.999999999999999999,0.032000000000000000,0.032000000000000000
1.034000000000000000,1.034000000000000000,1.300000000000000000,20000.000000000000000000,13349.999999999999999999,8000.000000000000000000,4675.000000000000000000,8000.000000000000000000,4674.999999999999999999,0.034000000000000000,0.034000000000000000
1.036000000000000000,1.036000000000000000,1.300000000000000000,20000.000000000000000000,13399.999999999999999999,8000.000000000000000000,4700.000000000000000000,8000.000000000000000000,4699.999999999999999999,0.036000000000000000,0.036000000000000000
1.038000000000000000,1.038000000000000000,1.300000000000000000,20000.000000000000000000,13449.999999999999999999,8000.000000000000000000,4725.000000000000000000,8000.000000000000000000,4724.999999999999999999,0.038000000000000000,0.038000000000000000
1.040000000000000000,1.040000000000000000,1.300000000000000000,20000.000000000000000000,13500.000000000000000000,8000.000000000000000000,4750.000000000000000000,8000.000000000000000000,4750.000000000000000000,0.040000000000000000,0.040000000000000000
1.042000000000000000,1.042000000000000000,1.300000000000000000,20000.000000000000000000,13549.999999999999999999,8000.000000000000000000,4775.000000000000000000,8000.000000000000000000,4774.999999999999999999,0.042000000000000000,0.042000000000000000
1.044000000000000000,1.044000000000000000,1.300000000000000000,20000.000000000000000000,13599.999999999999999999,8000.000000000000000000,4800.000000000000000000,8000.000000000000000000,4799.999999999999999999,0.044000000000000000,0.044000000000000000
1.046000000000000000,1.046000000000000000,1.300000000000000000,20000.000000000000000000,13649.999999999999999999,8000.000000000000000000,4825.000000000000000000,8000.000000000000000000,4824.999999999999999999,0.046000000000000000,0.046000000000000000
1.048000000000000000,1.048000000000000000,1.300000000000000000,20000.000000000000000000,13699.999999999999999999,8000.000000000000000000,4850.000000000000000000,8000.000000000000000000,4849.999999999999999999,0.048000000000000000,0.048000000000000000
1.050000000000000000,1.050000000000000000,1.300000000000000000,20000.000000000000000000,13749.999999999999999999,8000.000000000000000000,4875.000000000000000000,8000.000000000000000000,4874.999999999999999999,0.050000000000000000,0.050000000000000000
1.052000000000000000,1.052000000000000000,1.300000000000000000,20000.000000000000000000,13799.999999999999999999,8000.000000000000000000,4900.000000000000000000,8000.000000000000000000,4899.999999999999999999,0.052000000000000000,0.052000000000000000
1.054000000000000000,1.054000000000000000,1.300000000000000000,20000.000000000000000000,13849.999999999999999999,8000.000000000000000000,4925.000000000000000000,8000.000000000000000000,4924.999999999999999999,0.054000000000000000,0.054000000000000000
1.056000000000000000,1.056000000000000000,1.300000000000000000,20000.000000000000000000,13899.999999999999999999,8000.000000000000000000,4950.000000000000000000,8000.000000000000000000,4949.999999999999999999,0.056000000000000000,0.056000000000000000
1.058000000000000000,1.058000000000000000,1.300000000000000000,20000.000000000000000000,13949.999999999999999999,8000.000000000000000000,4975.000000000000000000,8000.000000000000000000,4974.999999999999999999,0.058000000000000000,0.058000000000000000
1.060000000000000000,1.060000000000000000,1.300000000000000000,20000.000000000000000000,13999.999999999999999999,8000.000000000000000000,5000.000000000000000000,8000.000000000000000000,4999.999999999999999999,0.060000000000000000,0.060000000000000000
1.062000000000000000,1.062000000000000000,1.300000000000000000,20000.000000000000000000,14049.999999999999999999,8000.000000000000000000,5025.000000000000000000,8000.000000000000000000,5024.999999999999999999,0.062000000000000000,0.062000000000000000
1.064000000000000000,1.064000000000000000,1.300000000000000000,20000.000000000000000000,14099.999999999999999999,8000.000000000000000000,5050.000000000000000000,8000.000000000000000000,5049.999999999999999999,0.064000000000000000,0.064000000000000000
1.066000000000000000,1.066000000000000000,1.300000000000000000,20000.000000000000000000,14150.000000000000000000,8000.000000000000000000,5075.000000000000000000,8000.000000000000000000,5075.000000000000000000,0.066000000000000000,0.066000000000000000
1.068000000000000000,1.068000000000000000,1.300000000000000000,20000.000000000000000000,14199.999999999999999999,8000.000000000000000000,5100.000000000000000000,8000.000000000000000000,5099.999999999999999999,0.068000000000000000,0.068000000000000000
1.070000000000000000,1.070000000000000000,1.300000000000000000,20000.000000000000000000,14249.999999999999999999,8000.000000000000000000,5125.000000000000000000,8000.000000000000000000,5124.999999999999999999,0.070000000000000000,0.070000000000000000
1.072000000000000000,1.072000000000000000,1.300000000000000000,20000.000000000000000000,14299.999999999999999999,8000.000000000000000000,5150.000000000000000000,8000.000000000000000000,5149.999999999999999999,0.072000000000000000,0.072000000000000000
1.074000000000000000,1.074000000000000000,1.300000000000000000,20000.000000000000000000,14349.999999999999999999,8000.000000000000000000,5175.000000000000000000,8000.000000000000000000,5174.999999999999999999,0.074000000000000000,0.074000000000000000
1.076000000000000000,1.076000000000000000,1.300000000000000000,20000.000000000000000000,14399.999999999999999999,8000.000000000000000000,5200.000000000000000000,8000.000000000000000000,5199.999999999999999999,0.076000000000000000,0.076000000000000000
1.078000000000000000,1.078000000000000000,1.300000000000000000,20000.000000000000000000,14449.999999999999999999,8000.000000000000000000,5225.000000000000000000,8000.000000000000000000,5224.999999999999999999,0.078000000000000000,0.078000000000000000
1.080000000000000000,1.080000000000000000,1.300000000000000000,20000.000000000000000000,14499.999999999999999999,8000.000000000000000000,5250.000000000000000000,8000.000000000000000000,5249.999999999999999999,0.080000000000000000,0.080000000000000000
1.082000000000000000,1.082000000000000000,1.300000000000000000,20000.000000000000000000,14549.999999999999999999,8000.000000000000000000,5275.000000000000000000,8000.000000000000000000,5274.999999999999999999,0.082000000000000000,0.082000000000000000
1.084000000000000000,1.084000000000000000,1.300000000000000000,20000.000000000000000000,14599.999999999999999999,8000.000000000000000000,5300.000000000000000000,8000.000000000000000000,5299.999999999999999999,0.084000000000000000,0.084000000000000000
1.086000000000000000,1.086000000000000000,1.300000000000000000,20000.000000000000000000,14649.999999999999999999,8000.000000000000000000,5325.000000000000000000,8000.000000000000000000,5324.999999999999999999,0.086000000000000000,0.086000000000000000
1.088000000000000000,1.088000000000000000,1.300000000000000000,20000.000000000000000000,14699.999999999999999999,8000.000000000000000000,5350.000000000000000000,8000.000000000000000000,5349.999999999999999999,0.088000000000000000,0.088000000000000000
1.090000000000000000,1.090000000000000000,1.300000000000000000,20000.000000000000000000,14749.999999999999999999,8000.000000000000000000,5375.000000000000000000,8000.000000000000000000,5374.999999999999999999,0.090000000000000000,0.090000000000000000
1.092000000000000000,1.092000000000000000,1.300000000000000000,20000.000000000000000000,14800.000000000000000000,8000.000000000000000000,5400.000000000000000000,8000.000000000000000000,5400.000000000000000000,0.092000000000000000,0.092000000000000000
1.094000000000000000,1.094000000000000000,1.300000000000000000,20000.000000000000000000,14849.999999999999999999,8000.000000000000000000,5425.000000000000000000,8000.000000000000000000,5424.999999999999999999,0.094000000000000000,0.094000000000000000
1.096000000000000000,1.096000000000000000,1.300000000000000000,20000.000000000000000000,14899.999999999999999999,8000.000000000000000000,5450.000000000000000000,8000.000000000000000000,5449.999999999999999999,0.096000000000000000,0.096000000000000000
1.098000000000000000,1.098000000000000000,1.300000000000000000,20000.000000000000000000,14949.999999999999999999,8000.000000000000000000,5475.000000000000000000,8000.000000000000000000,5474.999999999999999999,0.098000000000000000,0.098000000000000000
1.100000000000000000,1.100000000000000000,1.300000000000000000,20000.000000000000000000,14999.999999999999999999,8000.000000000000000000,5500.000000000000000000,8000.000000000000000000,5499.999999999999999999,0.100000000000000000,0.100000000000000000
1.102000000000000000,1.102000000000000000,1.300000000000000000,20000.000000000000000000,15049.999999999999999999,8000.000000000000000000,5525.000000000000000000,8000.000000000000000000,5524.999999999999999999,0.102000000000000000,0.102000000000000000
1.104000000000000000,1.104000000000000000,1.300000000000000000,20000.000000000000000000,15099.999999999999999999,8000.000000000000000000,5550.000000000000000000,8000.000000000000000000,5549.999999999999999999,0.104000000000000000,0.104000000000000000
1.106000000000000000,1.106000000000000000,1.300000000000000000,20000.000000000000000000,15149.999999999999999999,8000.000000000000000000,5575.000000000000000000,8000.000000000000000000,5574.999999999999999999,0.106000000000000000,0.106000000000000000
1.108000000000000000,1.108000000000000000,1.300000000000000000,20000.000000000000000000,15199.999999999999999999,8000.000000000000000000,5600.000000000000000000,8000.000000000000000000,5599.999999999999999999,0.108000000000000000,0.108000000000000000
1.110000000000000000,1.110000000000000000,1.300000000000000000,20000.000000000000000000,15249.999999999999999999,8000.000000000000000000,5625.000000000000000000,8000.000000000000000000,5624.999999999999999999,0.110000000000000000,0.110000000000000000
1.112000000000000000,1.112000000000000000,1.300000000000000000,20000.000000000000000000,15299.999999999999999999,8000.000000000000000000,5650.000000000000000000,8000.000000000000000000,5649.999999999999999999,0.112000000000000000,0.112000000000000000
1.114000000000000000,1.114000000000000000,1.300000000000000000,20000.000000000000000000,15349.999999999999999999,8000.000000000000000000,5675.000000000000000000,8000.000000000000000000,5674.999999999999999999,0.114000000000000000,0.114000000000000000
1.116000000000000000,1.116000000000000000,1.300000000000000000,20000.000000000000000000,15399.999999999999999999,8000.000000000000000000,5700.000000000000000000,8000.000000000000000000,5699.999999999999999999,0.116000000000000000,0.116000000000000000
1.118000000000000000,1.118000000000000000,1.300000000000000000,20000.000000000000000000,15450.000000000000000000,8000.000000000000000000,5725.000000000000000000,8000.000000000000000000,5725.000000000000000000,0.118000000000000000,0.118000000000000000
1.120000000000000000,1.120000000000000000,1.300000000000000000,20000.000000000000000000,15499.999999999999999999,8000.000000000000000000,5750.000000000000000000,8000.000000000000000000,5749.999999999999999999,0.120000000000000000,0.120000000000000000
1.122000000000000000,1.122000000000000000,1.300000000000000000,20000.000000000000000000,15549.999999999999999999,8000.000000000000000000,5775.000000000000000000,8000.000000000000000000,5774.999999999999999999,0.122000000000000000,0.122000000000000000
1.124000000000000000,1.124000000000000000,1.300000000000000000,20000.000000000000000000,15599.999999999999999999,8000.000000000000000000,5800.000000000000000000,8000.000000000000000000,5799.999999999999999999,0.124000000000000000,0.124000000000000000
1.126000000000000000,1.126000000000000000,1.300000000000000000,20000.000000000000000000,15649.999999999999999999,8000.000000000000000000,5825.000000000000000000,8000.000000000000000000,5824.999999999999999999,0.126000000000000000,0.126000000000000000
1.128000000000000000,1.128000000000000000,1.300000000000000000,20000.000000000000000000,15699.999999999999999999,8000.000000000000000000,5850.000000000000000000,8000.000000000000000000,5849.999999999999999999,0.128000000000000000,0.128000000000000000
1.130000000000000000,1.130000000000000000,1.300000000000000000,20000.000000000000000000,15749.999999999999999999,8000.000000000000000000,5875.000000000000000000,8000.000000000000000000,5874.999999999999999999,0.130000000000000000,0.130000000000000000
1.132000000000000000,1.132000000000000000,1.300000000000000000,20000.000000000000000000,15799.999999999999999999,8000.000000000000000000,5900.000000000000000000,8000.000000000000000000,5899.999999999999999999,0.132000000000000000,0.132000000000000000
1.134000000000000000,1.134000000000000000,1.300000000000000000,20000.000000000000000000,15849.999999999999999999,8000.000000000000000000,5925.000000000000000000,8000.000000000000000000,5924.999999999999999999,0.134000000000000000,0.134000000000000000
1.136000000000000000,1.136000000000000000,1.300000000000000000,20000.000000000000000000,15899.999999999999999999,8000.000000000000000000,5950.000000000000000000,8000.000000000000000000,5949.999999999999999999,0.136000000000000000,0.136000000000000000
1.138000000000000000,1.138000000000000000,1.300000000000000000,20000.000000000000000000,15949.999999999999999999,8000.000000000000000000,5975.000000000000000000,8000.000000000000000000,5974.999999999999999999,0.138000000000000000,0.138000000000000000
1.140000000000000000,1.140000000000000000,1.300000000000000000,20000.000000000000000000,15999.999999999999999999,8000.000000000000000000,6000.000000000000000000,8000.000000000000000000,5999.999999999999999999,0.140000000000000000,0.140000000000000000
1.142000000000000000,1.142000000000000000,1.300000000000000000,20000.000000000000000000,16049.999999999999999999,8000.000000000000000000,6025.000000000000000000,8000.000000000000000000,6024.999999999999999999,0.142000000000000000,0.142000000000000000
1.144000000000000000,1.144000000000000000,1.300000000000000000,20000.000000000000000000,16100.000000000000000000,8000.000000000000000000,6050.000000000000000000,8000.000000000000000000,6050.000000000000000000,0.144000000000000000,0.144000000000000000
1.146000000000000000,1.146000000000000000,1.300000000000000000,20000.000000000000000000,16149.999999999999999999,8000.000000000000000000,6075.000000000000000000,8000.000000000000000000,6074.999999999999999999,0.146000000000000000,0.146000000000000000
1.148000000000000000,1.148000000000000000,1.300000000000000000,20000.000000000000000000,16199.999999999999999999,8000.000000000000000000,6100.000000000000000000,8000.000000000000000000,6099.999999999999999999,0.148000000000000000,0.148000000000000000
1.150000000000000000,1.150000000000000000,1.300000000000000000,20000.000000000000000000,16249.999999999999999999,8000.000000000000000000,6125.000000000000000000,8000.000000000000000000,6124.999999999999999999,0.150000000000000000,0.150000000000000000
1.152000000000000000,1.152000000000000000,1.300000000000000000,20000.000000000000000000,16299.999999999999999999,8000.000000000000000000,6150.000000000000000000,8000.000000000000000000,6149.999999999999999999,0.152000000000000000,0.152000000000000000
1.154000000000000000,1.154000000000000000,1.300000000000000000,20000.000000000000000000,16349.999999999999999999,8000.000000000000000000,6175.000000000000000000,8000.000000000000000000,6174.999999999999999999,0.154000000000000000,0.154000000000000000
1.156000000000000000,1.156000000000000000,1.300000000000000000,20000.000000000000000000,16399.999999999999999999,8000.000000000000000000,6200.000000000000000000,8000.000000000000000000,6199.999999999999999999,0.156000000000000000,0.156000000000000000
1.158000000000000000,1.158000000000000000,1.300000000000000000,20000.000000000000000000,16449.999999999999999999,8000.000000000000000000,6225.000000000000000000,8000.000000000000000000,6224.999999999999999999,0.158000000000000000,0.158000000000000000
1.160000000000000000,1.160000000000000000,1.300000000000000000,20000.000000000000000000,16499.999999999999999999,8000.000000000000000000,6250.000000000000000000,8000.000000000000000000,6249.999999999999999999,0.160000000000000000,0.160000000000000000
1.162000000000000000,1.162000000000000000,1.300000000000000000,20000.000000000000000000,16549.999999999999999999,8000.000000000000000000,6275.000000000000000000,8000.000000000000000000,6274.999999999999999999,0.162000000000000000,0.162000000000000000
1.164000000000000000,1.164000000000000000,1.300000000000000000,20000.000000000000000000,16599.999999999999999999,8000.000000000000000000,6300.000000000000000000,8000.000000000000000000,6299.999999999999999999,0.164000000000000000,0.164000000000000000
1.166000000000000000,1.166000000000000000,1.300000000000000000,20000.000000000000000000,16649.999999999999999999,8000.000000000000000000,6325.000000000000000000,8000.000000000000000000,6324.999999999999999999,0.166000000000000000,0.166000000000000000
1.168000000000000000,1.168000000000000000,1.300000000000000000,20000.000000000000000000,16699.999999999999999999,8000.000000000000000000,6350.000000000000000000,8000.000000000000000000,6349.999999999999999999,0.168000000000000000,0.168000000000000000
1.170000000000000000,1.170000000000000000,1.300000000000000000,20000.000000000000000000,16750.000000000000000000,8000.000000000000000000,6375.000000000000000000,8000.000000000000000000,6375.000000000000000000,0.170000000000000000,0.170000000000000000
1.172000000000000000,1.172000000000000000,1.300000000000000000,20000.000000000000000000,16799.999999999999999999,8000.000000000000000000,6400.000000000000000000,8000.000000000000000000,6399.999999999999999999,0.172000000000000000,0.172000000000000000
1.174000000000000000,1.174000000000000000,1.300000000000000000,20000.000000000000000000,16849.999999999999999999,8000.000000000000000000,6425.000000000000000000,8000.000000000000000000,6424.999999999999999999,0.174000000000000000,0.174000000000000000
1.176000000000000000,1.176000000000000000,1.300000000000000000,20000.000000000000000000,16899.999999999999999999,8000.000000000000000000,6450.000000000000000000,8000.000000000000000000,6449.999999999999999999,0.176000000000000000,0.176000000000000000
1.178000000000000000,1.178000000000000000,1.300000000000000000,20000.000000000000000000,16949.999999999999999999,8000.000000000000000000,6475.000000000000000000,8000.000000000000000000,6474.999999999999999999,0.178000000000000000,0.178000000000000000
1.180000000000000000,1.180000000000000000,1.300000000000000000,20000.000000000000000000,16999.999999999999999999,8000.000000000000000000,6500.000000000000000000,8000.000000000000000000,6499.999999999999999999,0.180000000000000000,0.180000000000000000
1.182000000000000000,1.182000000000000000,1.300000000000000000,20000.000000000000000000,17049.999999999999999999,8000.000000000000000000,6525.000000000000000000,8000.000000000000000000,6524.999999999999999999,0.182000000000000000,0.182000000000000000
1.184000000000000000,1.184000000000000000,1.300000000000000000,20000.000000000000000000,17099.999999999999999999,8000.000000000000000000,6550.000000000000000000,8000.000000000000000000,6549.999999999999999999,0.184000000000000000,0.184000000000000000
1.186000000000000000,1.186000000000000000,1.300000000000000000,20000.000000000000000000,17149.999999999999999999,8000.000000000000000000,6575.000000000000000000,8000.000000000000000000,6574.999999999999999999,0.186000000000000000,0.186000000000000000
1.188000000000000000,1.188000000000000000,1.300000000000000000,20000.000000000000000000,17199.999999999999999999,8000.000000000000000000,6600.000000000000000000,8000.000000000000000000,6599.999999999999999999,0.188000000000000000,0.188000000000000000
1.190000000000000000,1.190000000000000000,1.300000000000000000,20000.000000000000000000,17249.999999999999999999,8000.000000000000000000,6625.000000000000000000,8000.000000000000000000,6624.999999999999999999,0.190000000000000000,0.190000000000000000
1.192000000000000000,1.192000000000000000,1.300000000000000000,20000.000000000000000000,17299.999999999999999999,8000.000000000000000000,6650.000000000000000000,8000.000000000000000000,6649.999999999999999999,0.192000000000000000,0.192000000000000000
1.194000000000000000,1.194000000000000000,1.300000000000000000,20000.000000000000000000,17349.999999999999999999,8000.000000000000000000,6675.000000000000000000,8000.000000000000000000,6674.999999999999999999,0.194000000000000000,0.194000000000000000
1.196000000000000000,1.196000000000000000,1.300000000000000000,20000.000000000000000000,17400.000000000000000000,8000.000000000000000000,6700.000000000000000000,8000.000000000000000000,6700.000000000000000000,0.196000000000000000,0.196000000000000000
1.198000000000000000,1.198000000000000000,1.300000000000000000,20000.000000000000000000,17449.999999999999999999,8000.000000000000000000,6725.000000000000000000,8000.000000000000000000,6724.999999999999999999,0.198000000000000000,0.198000000000000000
1.200000000000000000,1.200000000000000000,1.300000000000000000,20000.000000000000000000,17499.999999999999999999,8000.000000000000000000,6750.000000000000000000,8000.000000000000000000,6749.999999999999999999,0.200000000000000000,0.200000000000000000
1.202000000000000000,1.202000000000000000,1.300000000000000000,20000.000000000000000000,17549.999999999999999999,8000.000000000000000000,6775.000000000000000000,8000.000000000000000000,6774.999999999999999999,0.202000000000000000,0.202000000000000000
1.204000000000000000,1.204000000000000000,1.300000000000000000,20000.000000000000000000,17599.999999999999999999,8000.000000000000000000,6800.000000000000000000,8000.000000000000000000,6799.999999999999999999,0.204000000000000000,0.204000000000000000
1.206000000000000000,1.206000000000000000,1.300000000000000000,20000.000000000000000000,17649.999999999999999999,8000.000000000000000000,6825.000000000000000000,8000.000000000000000000,6824.999999999999999999,0.206000000000000000,0.206000000000000000
1.208000000000000000,1.208000000000000000,1.300000000000000000,20000.000000000000000000,17699.999999999999999999,8000.000000000000000000,6850.000000000000000000,8000.000000000000000000,6849.999999999999999999,0.208000000000000000,0.208000000000000000
1.210000000000000000,1.210000000000000000,1.300000000000000000,20000.000000000000000000,17749.999999999999999999,8000.000000000000000000,6875.000000000000000000,8000.000000000000000000,6874.999999999999999999,0.210000000000000000,0.210000000000000000
1.212000000000000000,1.212000000000000000,1.300000000000000000,20000.000000000000000000,17799.999999999999999999,8000.000000000000000000,6900.000000000000000000,8000.000000000000000000,6899.999999999999999999,0.212000000000000000,0.212000000000000000
1.214000000000000000,1.214000000000000000,1.300000000000000000,20000.000000000000000000,17849.999999999999999999,8000.000000000000000000,6925.000000000000000000,8000.000000000000000000,6924.999999999999999999,0.214000000000000000,0.214000000000000000
1.216000000000000000,1.216000000000000000,1.300000000000000000,20000.000000000000000000,17899.999999999999999999,8000.000000000000000000,6950.000000000000000000,8000.000000000000000000,6949.999999999999999999,0.216000000000000000,0.216000000000000000
1.218000000000000000,1.218000000000000000,1.300000000000000000,20000.000000000000000000,17949.999999999999999999,8000.000000000000000000,6975.000000000000000000,8000.000000000000000000,6974.999999999999999999,0.218000000000000000,0.218000000000000000
1.220000000000000000,1.220000000000000000,1.300000000000000000,20000.000000000000000000,17999.999999999999999999,8000.000000000000000000,7000.000000000000000000,8000.000000000000000000,6999.999999999999999999,0.220000000000000000,0.220000000000000000
1.222000000000000000,1.222000000000000000,1.300000000000000000,20000.000000000000000000,18050.000000000000000000,8000.000000000000000000,7025.000000000000000000,8000.000000000000000000,7025.000000000000000000,0.222000000000000000,0.222000000000000000
1.224000000000000000,1.224000000000000000,1.300000000000000000,20000.000000000000000000,18099.999999999999999999,8000.000000000000000000,7050.000000000000000000,8000.000000000000000000,7049.999999999999999999,0.224000000000000000,0.224000000000000000
1.226000000000000000,1.226000000000000000,1.300000000000000000,20000.000000000000000000,18149.999999999999999999,8000.000000000000000000,7075.000000000000000000,8000.000000000000000000,7074.999999999999999999,0.226000000000000000,0.226000000000000000
1.228000000000000000,1.228000000000000000,1.300000000000000000,20000.000000000000000000,18199.999999999999999999,8000.000000000000000000,7100.000000000000000000,8000.000000000000000000,7099.999999999999999999,0.228000000000000000,0.228000000000000000
1.230000000000000000,1.230000000000000000,1.300000000000000000,20000.000000000000000000,18249.999999999999999999,8000.000000000000000000,7125.000000000000000000,8000.000000000000000000,7124.999999999999999999,0.230000000000000000,0.230000000000000000
1.232000000000000000,1.232000000000000000,1.300000000000000000,20000.000000000000000000,18299.999999999999999999,8000.000000000000000000,7150.000000000000000000,8000.000000000000000000,7149.999999999999999999,0.232000000000000000,0.232000000000000000
1.234000000000000000,1.234000000000000000,1.300000000000000000,20000.000000000000000000,18349.999999999999999999,8000.000000000000000000,7175.000000000000000000,8000.000000000000000000,7174.999999999999999999,0.234000000000000000,0.234000000000000000
1.236000000000000000,1.236000000000000000,1.300000000000000000,20000.000000000000000000,18399.999999999999999999,8000.000000000000000000,7200.000000000000000000,8000.000000000000000000,7199.999999999999999999,0.236000000000000000,0.236000000000000000
1.238000000000000000,1.238000000000000000,1.300000000000000000,20000.000000000000000000,18449.999999999999999999,8000.000000000000000000,7225.000000000000000000,8000.000000000000000000,7224.999999999999999999,0.238000000000000000,0.238000000000000000
1.240000000000000000,1.240000000000000000,1.300000000000000000,20000.000000000000000000,18499.999999999999999999,8000.000000000000000000,7250.000000000000000000,8000.000000000000000000,7249.999999999999999999,0.240000000000000000,0.240000000000000000
1.242000000000000000,1.242000000000000000,1.300000000000000000,20000.000000000000000000,18549.999999999999999999,8000.000000000000000000,7275.000000000000000000,8000.000000000000000000,7274.999999999999999999,0.242000000000000000,0.242000000000000000
1.244000000000000000,1.244000000000000000,1.300000000000000000,20000.000000000000000000,18599.999999999999999999,8000.000000000000000000,7300.000000000000000000,8000.000000000000000000,7299.999999999999999999,0.244000000000000000,0.244000000000000000
1.246000000000000000,1.246000000000000000,1.300000000000000000,20000.000000000000000000,18649.999999999999999999,8000.000000000000000000,7325.000000000000000000,8000.000000000000000000,7324.999999999999999999,0.246000000000000000,0.246000000000000000
1.248000000000000000,1.248000000000000000,1.300000000000000000,20000.000000000000000000,18700.000000000000000000,8000.000000000000000000,7350.000000000000000000,8000.000000000000000000,7350.000000000000000000,0.248000000000000000,0.248000000000000000
1.250000000000000000,1.250000000000000000,1.300000000000000000,20000.000000000000000000,18749.999999999999999999,8000.000000000000000000,7375.000000000000000000,8000.000000000000000000,7374.999999999999999999,0.250000000000000000,0.250000000000000000
1.252000000000000000,1.252000000000000000,1.300000000000000000,20000.000000000000000000,18799.999999999999999999,8000.000000000000000000,7400.000000000000000000,8000.000000000000000000,7399.999999999999999999,0.252000000000000000,0.252000000000000000
1.254000000000000000,1.254000000000000000,1.300000000000000000,20000.000000000000000000,18849.999999999999999999,8000.000000000000000000,7425.000000000000000000,8000.000000000000000000,7424.999999999999999999,0.254000000000000000,0.254000000000000000
1.256000000000000000,1.256000000000000000,1.300000000000000000,20000.000000000000000000,18899.999999999999999999,8000.000000000000000000,7450.000000000000000000,8000.000000000000000000,7449.999999999999999999,0.256000000000000000,0.256000000000000000
1.258000000000000000,1.258000000000000000,1.300000000000000000,20000.000000000000000000,18949.999999999999999999,8000.000000000000000000,7475.000000000000000000,8000.000000000000000000,7474.999999999999999999,0.258000000000000000,0.258000000000000000
1.260000000000000000,1.260000000000000000,1.300000000000000000,20000.000000000000000000,18999.999999999999999999,8000.000000000000000000,7500.000000000000000000,8000.000000000000000000,7499.999999999999999999,0.260000000000000000,0.260000000000000000
1.262000000000000000,1.262000000000000000,1.300000000000000000,20000.000000000000000000,19049.999999999999999999,8000.000000000000000000,7525.000000000000000000,8000.000000000000000000,7524.999999999999999999,0.262000000000000000,0.262000000000000000
1.264000000000000000,1.264000000000000000,1.300000000000000000,20000.000000000000000000,19099.999999999999999999,8000.000000000000000000,7550.000000000000000000,8000.000000000000000000,7549.999999999999999999,0.264000000000000000,0.264000000000000000
1.266000000000000000,1.266000000000000000,1.300000000000000000,20000.000000000000000000,19149.999999999999999999,8000.000000000000000000,7575.000000000000000000,8000.000000000000000000,7574.999999999999999999,0.266000000000000000,0.266000000000000000
1.268000000000000000,1.268000000000000000,1.300000000000000000,20000.000000000000000000,19199.999999999999999999,8000.000000000000000000,7600.000000000000000000,8000.000000000000000000,7599.999999999999999999,0.268000000000000000,0.268000000000000000
1.270000000000000000,1.270000000000000000,1.300000000000000000,20000.000000000000000000,19249.999999999999999999,8000.000000000000000000,7625.000000000000000000,8000.000000000000000000,7624.999999999999999999,0.270000000000000000,0.270000000000000000
1.272000000000000000,1.272000000000000000,1.300000000000000000,20000.000000000000000000,19299.999999999999999999,8000.000000000000000000,7650.000000000000000000,8000.000000000000000000,7649.999999999999999999,0.272000000000000000,0.272000000000000000
1.274000000000000000,1.274000000000000000,1.300000000000000000,20000.000000000000000000,19350.000000000000000000,8000.000000000000000000,7675.000000000000000000,8000.000000000000000000,7675.000000000000000000,0.274000000000000000,0.274000000000000000
1.276000000000000000,1.276000000000000000,1.300000000000000000,20000.000000000000000000,19399.999999999999999999,8000.000000000000000000,7700.000000000000000000,8000.000000000000000000,7699.999999999999999999,0.276000000000000000,0.276000000000000000
1.278000000000000000,1.278000000000000000,1.300000000000000000,20000.000000000000000000,19449.999999999999999999,8000.000000000000000000,7725.000000000000000000,8000.000000000000000000,7724.999999999999999999,0.278000000000000000,0.278000000000000000
1.280000000000000000,1.280000000000000000,1.300000000000000000,20000.000000000000000000,19499.999999999999999999,8000.000000000000000000,7750.000000000000000000,8000.000000000000000000,7749.999999999999999999,0.280000000000000000,0.280000000000000000
1.282000000000000000,1.282000000000000000,1.300000000000000000,20000.000000000000000000,19549.999999999999999999,8000.000000000000000000,7775.000000000000000000,8000.000000000000000000,7774.999999999999999999,0.282000000000000000,0.282000000000000000
1.284000000000000000,1.284000000000000000,1.300000000000000000,20000.000000000000000000,19599.999999999999999999,8000.000000000000000000,7800.000000000000000000,8000.000000000000000000,7799.999999999999999999,0.284000000000000000,0.284000000000000000
1.286000000000000000,1.286000000000000000,1.300000000000000000,20000.000000000000000000,19649.999999999999999999,8000.000000000000000000,7825.000000000000000000,8000.000000000000000000,7824.999999999999999999,0.286000000000000000,0.286000000000000000
1.288000000000000000,1.288000000000000000,1.300000000000000000,20000.000000000000000000,19699.999999999999999999,8000.000000000000000000,7850.000000000000000000,8000.000000000000000000,7849.999999999999999999,0.288000000000000000,0.288000000000000000
1.290000000000000000,1.290000000000000000,1.300000000000000000,20000.000000000000000000,19749.999999999999999999,8000.000000000000000000,7875.000000000000000000,8000.000000000000000000,7874.999999999999999999,0.290000000000000000,0.290000000000000000
1.292000000000000000,1.292000000000000000,1.300000000000000000,20000.000000000000000000,19799.999999999999999999,8000.000000000000000000,7900.000000000000000000,8000.000000000000000000,7899.999999999999999999,0.292000000000000000,0.292000000000000000
1.294000000000000000,1.294000000000000000,1.300000000000000000,20000.000000000000000000,19849.999999999999999999,8000.000000000000000000,7925.000000000000000000,8000.000000000000000000,7924.999999999999999999,0.294000000000000000,0.294000000000000000
1.296000000000000000,1.296000000000000000,1.300000000000000000,20000.000000000000000000,19899.999999999999999999,8000.000000000000000000,7950.000000000000000000,8000.000000000000000000,7949.999999999999999999,0.296000000000000000,0.296000000000000000
1.298000000000000000,1.298000000000000000,1.300000000000000000,20000.000000000000000000,19949.999999999999999999,8000.000000000000000000,7975.000000000000000000,8000.000000000000000000,7974.999999999999999999,0.298000000000000000,0.298000000000000000
1.300000000000000000,1.300000000000000000,1.300000000000000000,20000.000000000000000000,20000.000000000000000000,8000.000000000000000000,8000.000000000000000000,8000.000000000000000000,8000.000000000000000000,0.300000000000000000,0.300000000000000000
1.302000000000000000,1.302000000000000000,1.302000000000000000,20000.000000000000000000,20000.000000000000000000,8000.000000000000000000,8000.000000000000000000,8000.000000000000000000,8000.000000000000000000,0.302000000000000000,0.302000000000000000
1.304000000000000000,1.304000000000000000,1.304000000000000000,20000.000000000000000000,20000.000000000000000000,8000.000000000000000000,8000.000000000000000000,8000.000000000000000000,8000.000000000000000000,0.304000000000000000,0.304000000000000000
1.306000000000000000,1.306000000000000000,1.306000000000000000,20000.000000000000000000,20000.000000000000000000,8000.000000000000000000,8000.000000000000000000,8000.000000000000000000,8000.000000000000000000,0.306000000000000000,0.306000000000000000
1.308000000000000000,1.308000000000000000,1.308000000000000000,20000.000000000000000000,20000.000000000000000000,8000.000000000000000000,8000.000000000000000000,8000.000000000000000000,8000.000000000000000000,0.308000000000000000,0.308000000000000000
1.310000000000000000,1.310000000000000000,1.310000000000000000,20000.000000000000000000,20000.000000000000000000,8000.000000000000000000,8000.000000000000000000,8000.000000000000000000,8000.000000000000000000,0.310000000000000000,0.310000000000000000
1.312000000000000000,1.312000000000000000,1.312000000000000000,20000.000000000000000000,20000.000000000000000000,8000.000000000000000000,8000.000000000000000000,8000.000000000000000000,8000.000000000000000000,0.312000000000000000,0.312000000000000000
1.314000000000000000,1.314000000000000000,1.314000000000000000,20000.000000000000000000,20000.000000000000000000,8000.000000000000000000,8000.000000000000000000,8000.000000000000000000,8000.000000000000000000,0.314000000000000000,0.314000000000000000
1.316000000000000000,1.316000000000000000,1.316000000000000000,20000.000000000000000000,20000.000000000000000000,8000.000000000000000000,8000.000000000000000000,8000.000000000000000000,8000.000000000000000000,0.316000000000000000,0.316000000000000000
1.318000000000000000,1.318000000000000000,1.318000000000000000,20000.000000000000000000,20000.000000000000000000,8000.000000000000000000,8000.000000000000000000,8000.000000000000000000,8000.000000000000000000,0.318000000000000000,0.318000000000000000
1.320000000000000000,1.320000000000000000,1.320000000000000000,20000.000000000000000000,20000.000000000000000000,8000.000000000000000000,8000.000000000000000000,8000.000000000000000000,8000.000000000000000000,0.320000000000000000,0.320000000000000000
1.322000000000000000,1.322000000000000000,1.322000000000000000,20000.000000000000000000,20000.000000000000000000,8000.000000000000000000,8000.000000000000000000,8000.000000000000000000,8000.000000000000000000,0.322000000000000000,0.322000000000000000
1.324000000000000000,1.324000000000000000,1.324000000000000000,20000.000000000000000000,20000.000000000000000000,8000.000000000000000000,8000.000000000000000000,8000.000000000000000000,8000.000000000000000000,0.324000000000000000,0.324000000000000000
1.326000000000000000,1.326000000000000000,1.326000000000000000,20000.000000000000000000,20000.000000000000000000,8000.000000000000000000,8000.000000000000000000,8000.000000000000000000,8000.000000000000000000,0.326000000000000000,0.326000000000000000
1.328000000000000000,1.328000000000000000,1.328000000000000000,20000.000000000000000000,20000.000000000000000000,8000.000000000000000000,8000.000000000000000000,8000.000000000000000000,8000.000000000000000000,0.328000000000000000,0.328000000000000000
1.330000000000000000,1.330000000000000000,1.330000000000000000,20000.000000000000000000,20000.000000000000000000,8000.000000000000000000,8000.000000000000000000,8000.000000000000000000,8000.000000000000000000,0.330000000000000000,0.330000000000000000
1.332000000000000000,1.332000000000000000,1.332000000000000000,20000.000000000000000000,20000.000000000000000000,8000.000000000000000000,8000.000000000000000000,8000.000000000000000000,8000.000000000000000000,0.332000000000000000,0.332000000000000000
1.334000000000000000,1.334000000000000000,1.334000000000000000,20000.000000000000000000,20000.000000000000000000,8000.000000000000000000,8000.000000000000000000,8000.000000000000000000,8000.000000000000000000,0.334000000000000000,0.334000000000000000
1.336000000000000000,1.336000000000000000,1.336000000000000000,20000.000000000000000000,20000.000000000000000000,8000.000000000000000000,8000.000000000000000000,8000.000000000000000000,8000.000000000000000000,0.336000000000000000,0.336000000000000000
1.338000000000000000,1.338000000000000000,1.338000000000000000,20000.000000000000000000,20000.000000000000000000,8000.000000000000000000,8000.000000000000000000,8000.000000000000000000,8000.000000000000000000,0.338000000000000000,0.338000000000000000
1.340000000000000000,1.340000000000000000,1.340000000000000000,20000.000000000000000000,20000.000000000000000000,8000.000000000000000000,8000.000000000000000000,8000.000000000000000000,8000.000000000000000000,0.340000000000000000,0.340000000000000000
1.342000000000000000,1.342000000000000000,1.342000000000000000,20000.000000000000000000,20000.000000000000000000,8000.000000000000000000,8000.000000000000000000,8000.000000000000000000,8000.000000000000000000,0.342000000000000000,0.342000000000000000
1.344000000000000000,1.344000000000000000,1.344000000000000000,20000.000000000000000000,20000.000000000000000000,8000.000000000000000000,8000.000000000000000000,8000.000000000000000000,8000.000000000000000000,0.344000000000000000,0.344000000000000000
1.346000000000000000,1.346000000000000000,1.346000000000000000,20000.000000000000000000,20000.000000000000000000,8000.000000000000000000,8000.000000000000000000,8000.000000000000000000,8000.000000000000000000,0.346000000000000000,0.346000000000000000
1.348000000000000000,1.348000000000000000,1.348000000000000000,20000.000000000000000000,20000.000000000000000000,8000.000000000000000000,8000.000000000000000000,8000.000000000000000000,8000.000000000000000000,0.348000000000000000,0.348000000000000000
1.350000000000000000,1.350000000000000000,1.350000000000000000,20000.000000000000000000,20000.000000000000000000,8000.000000000000000000,8000.000000000000000000,8000.000000000000000000,8000.000000000000000000,0.350000000000000000,0.350000000000000000
1.352000000000000000,1.352000000000000000,1.352000000000000000,20000.000000000000000000,20000.000000000000000000,8000.000000000000000000,8000.000000000000000000,8000.000000000000000000,8000.000000000000000000,0.352000000000000000,0.352000000000000000
1.354000000000000000,1.354000000000000000,1.354000000000000000,20000.000000000000000000,20000.000000000000000000,8000.000000000000000000,8000.000000000000000000,8000.000000000000000000,8000.000000000000000000,0.354000000000000000,0.354000000000000000
1.356000000000000000,1.356000000000000000,1.356000000000000000,20000.000000000000000000,20000.000000000000000000,8000.000000000000000000,8000.000000000000000000,8000.000000000000000000,8000.000000000000000000,0.356000000000000000,0.356000000000000000
1.358000000000000000,1.358000000000000000,1.358000000000000000,20000.000000000000000000,20000.000000000000000000,8000.000000000000000000,8000.000000000000000000,8000.000000000000000000,8000.000000000000000000,0.358000000000000000,0.358000000000000000
1.360000000000000000,1.360000000000000000,1.360000000000000000,20000.000000000000000000,20000.000000000000000000,8000.000000000000000000,8000.000000000000000000,8000.000000000000000000,8000.000000000000000000,0.360000000000000000,0.360000000000000000
1.362000000000000000,1.362000000000000000,1.362000000000000000,20000.000000000000000000,20000.000000000000000000,8000.000000000000000000,8000.000000000000000000,8000.000000000000000000,8000.000000000000000000,0.362000000000000000,0.362000000000000000
1.364000000000000000,1.364000000000000000,1.364000000000000000,20000.000000000000000000,20000.000000000000000000,8000.000000000000000000,8000.000000000000000000,8000.000000000000000000,8000.000000000000000000,0.364000000000000000,0.364000000000000000
1.366000000000000000,1.366000000000000000,1.366000000000000000,20000.000000000000000000,20000.000000000000000000,8000.000000000000000000,8000.000000000000000000,8000.000000000000000000,8000.000000000000000000,0.366000000000000000,0.366000000000000000
1.368000000000000000,1.368000000000000000,1.368000000000000000,20000.000000000000000000,20000.000000000000000000,8000.000000000000000000,8000.000000000000000000,8000.000000000000000000,8000.000000000000000000,0.368000000000000000,0.368000000000000000
1.370000000000000000,1.370000000000000000,1.370000000000000000,20000.000000000000000000,20000.000000000000000000,8000.000000000000000000,8000.000000000000000000,8000.000000000000000000,8000.000000000000000000,0.370000000000000000,0.370000000000000000
1.372000000000000000,1.372000000000000000,1.372000000000000000,20000.000000000000000000,20000.000000000000000000,8000.000000000000000000,8000.000000000000000000,8000.000000000000000000,8000.000000000000000000,0.372000000000000000,0.372000000000000000
1.374000000000000000,1.374000000000000000,1.374000000000000000,20000.000000000000000000,20000.000000000000000000,8000.000000000000000000,8000.000000000000000000,8000.000000000000000000,8000.000000000000000000,0.374000000000000000,0.374000000000000000
1.376000000000000000,1.376000000000000000,1.376000000000000000,20000.000000000000000000,20000.000000000000000000,8000.000000000000000000,8000.000000000000000000,8000.000000000000000000,8000.000000000000000000,0.376000000000000000,0.376000000000000000
1.378000000000000000,1.378000000000000000,1.378000000000000000,20000.000000000000000000,20000.000000000000000000,8000.000000000000000000,8000.000000000000000000,8000.000000000000000000,8000.000000000000000000,0.378000000000000000,0.378000000000000000
1.380000000000000000,1.380000000000000000,1.380000000000000000,20000.000000000000000000,20000.000000000000000000,8000.000000000000000000,8000.000000000000000000,8000.000000000000000000,8000.000000000000000000,0.380000000000000000,0.380000000000000000
1.382000000000000000,1.382000000000000000,1.382000000000000000,20000.000000000000000000,20000.000000000000000000,8000.000000000000000000,8000.000000000000000000,8000.000000000000000000,8000.000000000000000000,0.382000000000000000,0.382000000000000000
1.384000000000000000,1.384000000000000000,1.384000000000000000,20000.000000000000000000,20000.000000000000000000,8000.000000000000000000,8000.000000000000000000,8000.000000000000000000,8000.000000000000000000,0.384000000000000000,0.384000000000000000
1.386000000000000000,1.386000000000000000,1.386000000000000000,20000.000000000000000000,20000.000000000000000000,8000.000000000000000000,8000.000000000000000000,8000.000000000000000000,8000.000000000000000000,0.386000000000000000,0.386000000000000000
1.388000000000000000,1.388000000000000000,1.388000000000000000,20000.000000000000000000,20000.000000000000000000,8000.000000000000000000,8000.000000000000000000,8000.000000000000000000,8000.000000000000000000,0.388000000000000000,0.388000000000000000
1.390000000000000000,1.390000000000000000,1.390000000000000000,20000.000000000000000000,20000.000000000000000000,8000.000000000000000000,8000.000000000000000000,8000.000000000000000000,8000.000000000000000000,0.390000000000000000,0.390000000000000000
1.392000000000000000,1.392000000000000000,1.392000000000000000,20000.000000000000000000,20000.000000000000000000,8000.000000000000000000,8000.000000000000000000,8000.000000000000000000,8000.000000000000000000,0.392000000000000000,0.392000000000000000
1.394000000000000000,1.394000000000000000,1.394000000000000000,20000.000000000000000000,20000.000000000000000000,8000.000000000000000000,8000.000000000000000000,8000.000000000000000000,8000.000000000000000000,0.394000000000000000,0.394000000000000000
1.396000000000000000,1.396000000000000000,1.396000000000000000,20000.000000000000000000,20000.000000000000000000,8000.000000000000000000,8000.000000000000000000,8000.000000000000000000,8000.000000000000000000,0.396000000000000000,0.396000000000000000
1.398000000000000000,1.398000000000000000,1.398000000000000000,20000.000000000000000000,20000.000000000000000000,8000.000000000000000000,8000.000000000000000000,8000.000000000000000000,8000.000000000000000000,0.398000000000000000,0.398000000000000000
1.400000000000000000,1.400000000000000000,1.400000000000000000,20000.000000000000000000,20000.000000000000000000,8000.000000000000000000,8000.000000000000000000,8000.000000000000000000,8000.000000000000000000,0.400000000000000000,0.400000000000000000
1.402000000000000000,1.402000000000000000,1.402000000000000000,20000.000000000000000000,20000.000000000000000000,8000.000000000000000000,8000.000000000000000000,8000.000000000000000000,8000.000000000000000000,0.402000000000000000,0.402000000000000000
1.404000000000000000,1.404000000000000000,1.404000000000000000,20000.000000000000000000,20000.000000000000000000,8000.000000000000000000,8000.000000000000000000,8000.000000000000000000,8000.000000000000000000,0.404000000000000000,0.404000000000000000
1.406000000000000000,1.406000000000000000,1.406000000000000000,20000.000000000000000000,20000.000000000000000000,8000.000000000000000000,8000.000000000000000000,8000.000000000000000000,8000.000000000000000000,0.406000000000000000,0.406000000000000000
1.408000000000000000,1.408000000000000000,1.408000000000000000,20000.000000000000000000,20000.000000000000000000,8000.000000000000000000,8000.000000000000000000,8000.000000000000000000,8000.000000000000000000,0.408000000000000000,0.408000000000000000
1.410000000000000000,1.410000000000000000,1.410000000000000000,20000.000000000000000000,20000.000000000000000000,8000.000000000000000000,8000.000000000000000000,8000.000000000000000000,8000.000000000000000000,0.410000000000000000,0.410000000000000000
1.412000000000000000,1.412000000000000000,1.412000000000000000,20000.000000000000000000,20000.000000000000000000,8000.000000000000000000,8000.000000000000000000,8000.000000000000000000,8000.000000000000000000,0.412000000000000000,0.412000000000000000
1.414000000000000000,1.414000000000000000,1.414000000000000000,20000.000000000000000000,20000.000000000000000000,8000.000000000000000000,8000.000000000000000000,8000.000000000000000000,8000.000000000000000000,0.414000000000000000,0.414000000000000000
1.416000000000000000,1.416000000000000000,1.416000000000000000,20000.000000000000000000,20000.000000000000000000,8000.000000000000000000,8000.000000000000000000,8000.000000000000000000,8000.000000000000000000,0.416000000000000000,0.416000000000000000
1.418000000000000000,1.418000000000000000,1.418000000000000000,20000.000000000000000000,20000.000000000000000000,8000.000000000000000000,8000.000000000000000000,8000.000000000000000000,8000.000000000000000000,0.418000000000000000,0.418000000000000000
1.420000000000000000,1.420000000000000000,1.420000000000000000,20000.000000000000000000,20000.000000000000000000,8000.000000000000000000,8000.000000000000000000,8000.000000000000000000,8000.000000000000000000,0.420000000000000000,0.420000000000000000
1.422000000000000000,1.422000000000000000,1.422000000000000000,20000.000000000000000000,20000.000000000000000000,8000.000000000000000000,8000.000000000000000000,8000.000000000000000000,8000.000000000000000000,0.422000000000000000,0.422000000000000000
1.424000000000000000,1.424000000000000000,1.424000000000000000,20000.000000000000000000,20000.000000000000000000,8000.000000000000000000,8000.000000000000000000,8000.000000000000000000,8000.000000000000000000,0.424000000000000000,0.424000000000000000
1.426000000000000000,1.426000000000000000,1.426000000000000000,20000.000000000000000000,20000.000000000000000000,8000.000000000000000000,8000.000000000000000000,8000.000000000000000000,8000.000000000000000000,0.426000000000000000,0.426000000000000000
1.428000000000000000,1.428000000000000000,1.428000000000000000,20000.000000000000000000,20000.000000000000000000,8000.000000000000000000,8000.000000000000000000,8000.000000000000000000,8000.000000000000000000,0.428000000000000000,0.428000000000000000
1.430000000000000000,1.430000000000000000,1.430000000000000000,20000.000000000000000000,20000.000000000000000000,8000.000000000000000000,8000.000000000000000000,8000.000000000000000000,8000.000000000000000000,0.430000000000000000,0.430000000000000000
1.432000000000000000,1.432000000000000000,1.432000000000000000,20000.000000000000000000,20000.000000000000000000,8000.000000000000000000,8000.000000000000000000,8000.000000000000000000,8000.000000000000000000,0.432000000000000000,0.432000000000000000
1.434000000000000000,1.434000000000000000,1.434000000000000000,20000.000000000000000000,20000.000000000000000000,8000.000000000000000000,8000.000000000000000000,8000.000000000000000000,8000.000000000000000000,0.434000000000000000,0.434000000000000000
1.436000000000000000,1.436000000000000000,1.436000000000000000,20000.000000000000000000,20000.000000000000000000,8000.000000000000000000,8000.000000000000000000,8000.000000000000000000,8000.000000000000000000,0.436000000000000000,0.436000000000000000
1.438000000000000000,1.438000000000000000,1.438000000000000000,20000.000000000000000000,20000.000000000000000000,8000.000000000000000000,8000.000000000000000000,8000.000000000000000000,8000.000000000000000000,0.438000000000000000,0.438000000000000000
1.440000000000000000,1.440000000000000000,1.440000000000000000,20000.000000000000000000,20000.000000000000000000,8000.000000000000000000,8000.000000000000000000,8000.000000000000000000,8000.000000000000000000,0.440000000000000000,0.440000000000000000
1.442000000000000000,1.442000000000000000,1.442000000000000000,20000.000000000000000000,20000.000000000000000000,8000.000000000000000000,8000.000000000000000000,8000.000000000000000000,8000.000000000000000000,0.442000000000000000,0.442000000000000000
1.444000000000000000,1.444000000000000000,1.444000000000000000,20000.000000000000000000,20000.000000000000000000,8000.000000000000000000,8000.000000000000000000,8000.000000000000000000,8000.000000000000000000,0.444000000000000000,0.444000000000000000
1.446000000000000000,1.446000000000000000,1.446000000000000000,20000.000000000000000000,20000.000000000000000000,8000.000000000000000000,8000.000000000000000000,8000.000000000000000000,8000.000000000000000000,0.446000000000000000,0.446000000000000000
1.448000000000000000,1.448000000000000000,1.448000000000000000,20000.000000000000000000,20000.000000000000000000,8000.000000000000000000,8000.000000000000000000,8000.000000000000000000,8000.000000000000000000,0.448000000000000000,0.448000000000000000
1.450000000000000000,1.450000000000000000,1.450000000000000000,20000.000000000000000000,20000.000000000000000000,8000.000000000000000000,8000.000000000000000000,8000.000000000000000000,8000.000000000000000000,0.450000000000000000,0.450000000000000000
1.452000000000000000,1.452000000000000000,1.452000000000000000,20000.000000000000000000,20000.000000000000000000,8000.000000000000000000,8000.000000000000000000,8000.000000000000000000,8000.000000000000000000,0.452000000000000000,0.452000000000000000
1.454000000000000000,1.454000000000000000,1.454000000000000000,20000.000000000000000000,20000.000000000000000000,8000.000000000000000000,8000.000000000000000000,8000.000000000000000000,8000.000000000000000000,0.454000000000000000,0.454000000000000000
1.456000000000000000,1.456000000000000000,1.456000000000000000,20000.000000000000000000,20000.000000000000000000,8000.000000000000000000,8000.000000000000000000,8000.000000000000000000,8000.000000000000000000,0.456000000000000000,0.456000000000000000
1.458000000000000000,1.458000000000000000,1.458000000000000000,20000.000000000000000000,20000.000000000000000000,8000.000000000000000000,8000.000000000000000000,8000.000000000000000000,8000.000000000000000000,0.458000000000000000,0.458000000000000000
1.460000000000000000,1.460000000000000000,1.460000000000000000,20000.000000000000000000,20000.000000000000000000,8000.000000000000000000,8000.000000000000000000,8000.000000000000000000,8000.000000000000000000,0.460000000000000000,0.460000000000000000
1.462000000000000000,1.462000000000000000,1.462000000000000000,20000.000000000000000000,20000.000000000000000000,8000.000000000000000000,8000.000000000000000000,8000.000000000000000000,8000.000000000000000000,0.462000000000000000,0.462000000000000000
1.464000000000000000,1.464000000000000000,1.464000000000000000,20000.000000000000000000,20000.000000000000000000,8000.000000000000000000,8000.000000000000000000,8000.000000000000000000,8000.000000000000000000,0.464000000000000000,0.464000000000000000
1.466000000000000000,1.466000000000000000,1.466000000000000000,20000.000000000000000000,20000.000000000000000000,8000.000000000000000000,8000.000000000000000000,8000.000000000000000000,8000.000000000000000000,0.466000000000000000,0.466000000000000000
1.468000000000000000,1.468000000000000000,1.468000000000000000,20000.000000000000000000,20000.000000000000000000,8000.000000000000000000,8000.000000000000000000,8000.000000000000000000,8000.000000000000000000,0.468000000000000000,0.468000000000000000
1.470000000000000000,1.470000000000000000,1.470000000000000000,20000.000000000000000000,20000.000000000000000000,8000.000000000000000000,8000.000000000000000000,8000.000000000000000000,8000.000000000000000000,0.470000000000000000,0.470000000000000000
1.472000000000000000,1.472000000000000000,1.472000000000000000,20000.000000000000000000,20000.000000000000000000,8000.000000000000000000,8000.000000000000000000,8000.000000000000000000,8000.000000000000000000,0.472000000000000000,0.472000000000000000
1.474000000000000000,1.474000000000000000,1.474000000000000000,20000.000000000000000000,20000.000000000000000000,8000.000000000000000000,8000.000000000000000000,8000.000000000000000000,8000.000000000000000000,0.474000000000000000,0.474000000000000000
1.476000000000000000,1.476000000000000000,1.476000000000000000,20000.000000000000000000,20000.000000000000000000,8000.000000000000000000,8000.000000000000000000,8000.000000000000000000,8000.000000000000000000,0.476000000000000000,0.476000000000000000
1.478000000000000000,1.478000000000000000,1.478000000000000000,20000.000000000000000000,20000.000000000000000000,8000.000000000000000000,8000.000000000000000000,8000.000000000000000000,8000.000000000000000000,0.478000000000000000,0.478000000000000000
1.480000000000000000,1.480000000000000000,1.480000000000000000,20000.000000000000000000,20000.000000000000000000,8000.000000000000000000,8000.000000000000000000,8000.000000000000000000,8000.000000000000000000,0.480000000000000000,0.480000000000000000
1.482000000000000000,1.482000000000000000,1.482000000000000000,20000.000000000000000000,20000.000000000000000000,8000.000000000000000000,8000.000000000000000000,8000.000000000000000000,8000.000000000000000000,0.482000000000000000,0.482000000000000000
1.484000000000000000,1.484000000000000000,1.484000000000000000,20000.000000000000000000,20000.000000000000000000,8000.000000000000000000,8000.000000000000000000,8000.000000000000000000,8000.000000000000000000,0.484000000000000000,0.484000000000000000
1.486000000000000000,1.486000000000000000,1.486000000000000000,20000.000000000000000000,20000.000000000000000000,8000.000000000000000000,8000.000000000000000000,8000.000000000000000000,8000.000000000000000000,0.486000000000000000,0.486000000000000000
1.488000000000000000,1.488000000000000000,1.488000000000000000,20000.000000000000000000,20000.000000000000000000,8000.000000000000000000,8000.000000000000000000,8000.000000000000000000,8000.000000000000000000,0.488000000000000000,0.488000000000000000
1.490000000000000000,1.490000000000000000,1.490000000000000000,20000.000000000000000000,20000.000000000000000000,8000.000000000000000000,8000.000000000000000000,8000.000000000000000000,8000.000000000000000000,0.490000000000000000,0.490000000000000000
1.492000000000000000,1.492000000000000000,1.492000000000000000,20000.000000000000000000,20000.000000000000000000,8000.000000000000000000,8000.000000000000000000,8000.000000000000000000,8000.000000000000000000,0.492000000000000000,0.492000000000000000
1.494000000000000000,1.494000000000000000,1.494000000000000000,20000.000000000000000000,20000.000000000000000000,8000.000000000000000000,8000.000000000000000000,8000.000000000000000000,8000.000000000000000000,0.494000000000000000,0.494000000000000000
1.496000000000000000,1.496000000000000000,1.496000000000000000,20000.000000000000000000,20000.000000000000000000,8000.000000000000000000,8000.000000000000000000,8000.000000000000000000,8000.000000000000000000,0.496000000000000000,0.496000000000000000
1.498000000000000000,1.498000000000000000,1.498000000000000000,20000.000000000000000000,20000.000000000000000000,8000.000000000000000000,8000.000000000000000000,8000.000000000000000000,8000.000000000000000000,0.498000000000000000,0.498000000000000000
1.500000000000000000,1.500000000000000000,1.500000000000000000,20000.000000000000000000,20000.000000000000000000,8000.000000000000000000,8000.000000000000000000,8000.000000000000000000,8000.000000000000000000,0.500000000000000000,0.500000000000000000
1.502000000000000000,1.502000000000000000,1.502000000000000000,20000.000000000000000000,20000.000000000000000000,8000.000000000000000000,8000.000000000000000000,8000.000000000000000000,8000.000000000000000000,0.502000000000000000,0.502000000000000000
1.504000000000000000,1.504000000000000000,1.504000000000000000,20000.000000000000000000,20000.000000000000000000,8000.000000000000000000,8000.000000000000000000,8000.000000000000000000,8000.000000000000000000,0.504000000000000000,0.504000000000000000
1.506000000000000000,1.506000000000000000,1.506000000000000000,20000.000000000000000000,20000.000000000000000000,8000.000000000000000000,8000.000000000000000000,8000.000000000000000000,8000.000000000000000000,0.506000000000000000,0.506000000000000000
1.508000000000000000,1.508000000000000000,1.508000000000000000,20000.000000000000000000,20000.000000000000000000,8000.000000000000000000,8000.000000000000000000,8000.000000000000000000,8000.000000000000000000,0.508000000000000000,0.508000000000000000
1.510000000000000000,1.510000000000000000,1.510000000000000000,20000.000000000000000000,20000.000000000000000000,8000.000000000000000000,8000.000000000000000000,8000.000000000000000000,8000.000000000000000000,0.510000000000000000,0.510000000000000000
1.512000000000000000,1.512000000000000000,1.512000000000000000,20000.000000000000000000,20000.000000000000000000,8000.000000000000000000,8000.000000000000000000,8000.000000000000000000,8000.000000000000000000,0.512000000000000000,0.512000000000000000
1.514000000000000000,1.514000000000000000,1.514000000000000000,20000.000000000000000000,20000.000000000000000000,8000.000000000000000000,8000.000000000000000000,8000.000000000000000000,8000.000000000000000000,0.514000000000000000,0.514000000000000000
1.516000000000000000,1.516000000000000000,1.516000000000000000,20000.000000000000000000,20000.000000000000000000,8000.000000000000000000,8000.000000000000000000,8000.000000000000000000,8000.000000000000000000,0.516000000000000000,0.516000000000000000
1.518000000000000000,1.518000000000000000,1.518000000000000000,20000.000000000000000000,20000.000000000000000000,8000.000000000000000000,8000.000000000000000000,8000.000000000000000000,8000.000000000000000000,0.518000000000000000,0.518000000000000000
1.520000000000000000,1.520000000000000000,1.520000000000000000,20000.000000000000000000,20000.000000000000000000,8000.000000000000000000,8000.000000000000000000,8000.000000000000000000,8000.000000000000000000,0.520000000000000000,0.520000000000000000
1.522000000000000000,1.522000000000000000,1.522000000000000000,20000.000000000000000000,20000.000000000000000000,8000.000000000000000000,8000.000000000000000000,8000.000000000000000000,8000.000000000000000000,0.522000000000000000,0.522000000000000000
1.524000000000000000,1.524000000000000000,1.524000000000000000,20000.000000000000000000,20000.000000000000000000,8000.000000000000000000,8000.000000000000000000,8000.000000000000000000,8000.000000000000000000,0.524000000000000000,0.524000000000000000
1.526000000000000000,1.526000000000000000,1.526000000000000000,20000.000000000000000000,20000.000000000000000000,8000.000000000000000000,8000.000000000000000000,8000.000000000000000000,8000.000000000000000000,0.526000000000000000,0.526000000000000000
1.528000000000000000,1.528000000000000000,1.528000000000000000,20000.000000000000000000,20000.000000000000000000,8000.000000000000000000,8000.000000000000000000,8000.000000000000000000,8000.000000000000000000,0.528000000000000000,0.528000000000000000
1.530000000000000000,1.530000000000000000,1.530000000000000000,20000.000000000000000000,20000.000000000000000000,8000.000000000000000000,8000.000000000000000000,8000.000000000000000000,8000.000000000000000000,0.530000000000000000,0.530000000000000000
1.532000000000000000,1.532000000000000000,1.532000000000000000,20000.000000000000000000,20000.000000000000000000,8000.000000000000000000,8000.000000000000000000,8000.000000000000000000,8000.000000000000000000,0.532000000000000000,0.532000000000000000
1.534000000000000000,1.534000000000000000,1.534000000000000000,20000.000000000000000000,20000.000000000000000000,8000.000000000000000000,8000.000000000000000000,8000.000000000000000000,8000.000000000000000000,0.534000000000000000,0.534000000000000000
1.536000000000000000,1.536000000000000000,1.536000000000000000,20000.000000000000000000,20000.000000000000000000,8000.000000000000000000,8000.000000000000000000,8000.000000000000000000,8000.000000000000000000,0.536000000000000000,0.536000000000000000
1.538000000000000000,1.538000000000000000,1.538000000000000000,20000.000000000000000000,20000.000000000000000000,8000.000000000000000000,8000.000000000000000000,8000.000000000000000000,8000.000000000000000000,0.538000000000000000,0.538000000000000000
1.540000000000000000,1.540000000000000000,1.540000000000000000,20000.000000000000000000,20000.000000000000000000,8000.000000000000000000,8000.000000000000000000,8000.000000000000000000,8000.000000000000000000,0.540000000000000000,0.540000000000000000
1.542000000000000000,1.542000000000000000,1.542000000000000000,20000.000000000000000000,20000.000000000000000000,8000.000000000000000000,8000.000000000000000000,8000.000000000000000000,8000.000000000000000000,0.542000000000000000,0.542000000000000000
1.544000000000000000,1.544000000000000000,1.544000000000000000,20000.000000000000000000,20000.000000000000000000,8000.000000000000000000,8000.000000000000000000,8000.000000000000000000,8000.000000000000000000,0.544000000000000000,0.544000000000000000
1.546000000000000000,1.546000000000000000,1.546000000000000000,20000.000000000000000000,20000.000000000000000000,8000.000000000000000000,8000.000000000000000000,8000.000000000000000000,8000.000000000000000000,0.546000000000000000,0.546000000000000000
1.548000000000000000,1.548000000000000000,1.548000000000000000,20000.000000000000000000,20000.000000000000000000,8000.000000000000000000,8000.000000000000000000,8000.000000000000000000,8000.000000000000000000,0.548000000000000000,0.548000000000000000
1.550000000000000000,1.550000000000000000,1.550000000000000000,20000.000000000000000000,20000.000000000000000000,8000.000000000000000000,8000.000000000000000000,8000.000000000000000000,8000.000000000000000000,0.550000000000000000,0.550000000000000000
1.552000000000000000,1.552000000000000000,1.552000000000000000,20000.000000000000000000,20000.000000000000000000,8000.000000000000000000,8000.000000000000000000,8000.000000000000000000,8000.000000000000000000,0.552000000000000000,0.552000000000000000
1.554000000000000000,1.554000000000000000,1.554000000000000000,20000.000000000000000000,20000.000000000000000000,8000.000000000000000000,8000.000000000000000000,8000.000000000000000000,8000.000000000000000000,0.554000000000000000,0.554000000000000000
1.556000000000000000,1.556000000000000000,1.556000000000000000,20000.000000000000000000,20000.000000000000000000,8000.000000000000000000,8000.000000000000000000,8000.000000000000000000,8000.000000000000000000,0.556000000000000000,0.556000000000000000
1.558000000000000000,1.558000000000000000,1.558000000000000000,20000.000000000000000000,20000.000000000000000000,8000.000000000000000000,8000.000000000000000000,8000.000000000000000000,8000.000000000000000000,0.558000000000000000,0.558000000000000000
1.560000000000000000,1.560000000000000000,1.560000000000000000,20000.000000000000000000,20000.000000000000000000,8000.000000000000000000,8000.000000000000000000,8000.000000000000000000,8000.000000000000000000,0.560000000000000000,0.560000000000000000
1.562000000000000000,1.562000000000000000,1.562000000000000000,20000.000000000000000000,20000.000000000000000000,8000.000000000000000000,8000.000000000000000000,8000.000000000000000000,8000.000000000000000000,0.562000000000000000,0.562000000000000000
1.564000000000000000,1.564000000000000000,1.564000000000000000,20000.000000000000000000,20000.000000000000000000,8000.000000000000000000,8000.000000000000000000,8000.000000000000000000,8000.000000000000000000,0.564000000000000000,0.564000000000000000
1.566000000000000000,1.566000000000000000,1.566000000000000000,20000.000000000000000000,20000.000000000000000000,8000.000000000000000000,8000.000000000000000000,8000.000000000000000000,8000.000000000000000000,0.566000000000000000,0.566000000000000000
1.568000000000000000,1.568000000000000000,1.568000000000000000,20000.000000000000000000,20000.000000000000000000,8000.000000000000000000,8000.000000000000000000,8000.000000000000000000,8000.000000000000000000,0.568000000000000000,0.568000000000000000
1.570000000000000000,1.570000000000000000,1.570000000000000000,20000.000000000000000000,20000.000000000000000000,8000.000000000000000000,8000.000000000000000000,8000.000000000000000000,8000.000000000000000000,0.570000000000000000,0.570000000000000000
1.572000000000000000,1.572000000000000000,1.572000000000000000,20000.000000000000000000,20000.000000000000000000,8000.000000000000000000,8000.000000000000000000,8000.000000000000000000,8000.000000000000000000,0.572000000000000000,0.572000000000000000
1.574000000000000000,1.574000000000000000,1.574000000000000000,20000.000000000000000000,20000.000000000000000000,8000.000000000000000000,8000.000000000000000000,8000.000000000000000000,8000.000000000000000000,0.574000000000000000,0.574000000000000000
1.576000000000000000,1.576000000000000000,1.576000000000000000,20000.000000000000000000,20000.000000000000000000,8000.000000000000000000,8000.000000000000000000,8000.000000000000000000,8000.000000000000000000,0.576000000000000000,0.576000000000000000
1.578000000000000000,1.578000000000000000,1.578000000000000000,20000.000000000000000000,20000.000000000000000000,8000.000000000000000000,8000.000000000000000000,8000.000000000000000000,8000.000000000000000000,0.578000000000000000,0.578000000000000000
1.580000000000000000,1.580000000000000000,1.580000000000000000,20000.000000000000000000,20000.000000000000000000,8000.000000000000000000,8000.000000000000000000,8000.000000000000000000,8000.000000000000000000,0.580000000000000000,0.580000000000000000
1.582000000000000000,1.582000000000000000,1.582000000000000000,20000.000000000000000000,20000.000000000000000000,8000.000000000000000000,8000.000000000000000000,8000.000000000000000000,8000.000000000000000000,0.582000000000000000,0.582000000000000000
1.584000000000000000,1.584000000000000000,1.584000000000000000,20000.000000000000000000,20000.000000000000000000,8000.000000000000000000,8000.000000000000000000,8000.000000000000000000,8000.000000000000000000,0.584000000000000000,0.584000000000000000
1.586000000000000000,1.586000000000000000,1.586000000000000000,20000.000000000000000000,20000.000000000000000000,8000.000000000000000000,8000.000000000000000000,8000.000000000000000000,8000.000000000000000000,0.586000000000000000,0.586000000000000000
1.588000000000000000,1.588000000000000000,1.588000000000000000,20000.000000000000000000,20000.000000000000000000,8000.000000000000000000,8000.000000000000000000,8000.000000000000000000,8000.000000000000000000,0.588000000000000000,0.588000000000000000
1.590000000000000000,1.590000000000000000,1.590000000000000000,20000.000000000000000000,20000.000000000000000000,8000.000000000000000000,8000.000000000000000000,8000.000000000000000000,8000.000000000000000000,0.590000000000000000,0.590000000000000000
1.592000000000000000,1.592000000000000000,1.592000000000000000,20000.000000000000000000,20000.000000000000000000,8000.000000000000000000,8000.000000000000000000,8000.000000000000000000,8000.000000000000000000,0.592000000000000000,0.592000000000000000
1.594000000000000000,1.594000000000000000,1.594000000000000000,20000.000000000000000000,20000.000000000000000000,8000.000000000000000000,8000.000000000000000000,8000.000000000000000000,8000.000000000000000000,0.594000000000000000,0.594000000000000000
1.596000000000000000,1.596000000000000000,1.596000000000000000,20000.000000000000000000,20000.000000000000000000,8000.000000000000000000,8000.000000000000000000,8000.000000000000000000,8000.000000000000000000,0.596000000000000000,0.596000000000000000
1.598000000000000000,1.598000000000000000,1.598000000000000000,20000.000000000000000000,20000.000000000000000000,8000.000000000000000000,8000.000000000000000000,8000.000000000000000000,8000.000000000000000000,0.598000000000000000,0.598000000000000000
1.600000000000000000,1.600000000000000000,1.600000000000000000,20000.000000000000000000,20000.000000000000000000,8000.000000000000000000,8000.000000000000000000,8000.000000000000000000,8000.000000000000000000,0.600000000000000000,0.600000000000000000
