current CR,after user collateral,after SPCollateral collateral,after user leveraged,after SPLeveraged leveraged,,after minter collateral,after user SPCollateral balance,after user SPLeveraged balance,after leveraged price
0.002000000000000000,0.000000000000000000,0.000000000000000000,0.000000000000000000,0.000000000000000000,0.000000000000000000,20.000000000000000000,12000.000000000000000000,4000.000000000000000000,0.000000000000000000
0.004000000000000000,0.000000000000000000,0.000000000000000000,0.000000000000000000,0.000000000000000000,0.000000000000000000,20.000000000000000000,12000.000000000000000000,4000.000000000000000000,0.000000000000000000
0.006000000000000000,0.000000000000000000,0.000000000000000000,0.000000000000000000,0.000000000000000000,0.000000000000000000,20.000000000000000000,12000.000000000000000000,4000.000000000000000000,0.000000000000000000
0.008000000000000000,0.000000000000000000,0.000000000000000000,0.000000000000000000,0.000000000000000000,0.000000000000000000,20.000000000000000000,12000.000000000000000000,4000.000000000000000000,0.000000000000000000
0.010000000000000000,0.000000000000000000,0.000000000000000000,0.000000000000000000,0.000000000000000000,0.000000000000000000,20.000000000000000000,12000.000000000000000000,4000.000000000000000000,0.000000000000000000
0.012000000000000000,0.000000000000000000,0.000000000000000000,0.000000000000000000,0.000000000000000000,0.000000000000000000,20.000000000000000000,12000.000000000000000000,4000.000000000000000000,0.000000000000000000
0.014000000000000000,0.000000000000000000,0.000000000000000000,0.000000000000000000,0.000000000000000000,0.000000000000000000,20.000000000000000000,12000.000000000000000000,4000.000000000000000000,0.000000000000000000
0.016000000000000000,0.000000000000000000,0.000000000000000000,0.000000000000000000,0.000000000000000000,0.000000000000000000,20.000000000000000000,12000.000000000000000000,4000.000000000000000000,0.000000000000000000
0.018000000000000000,0.000000000000000000,0.000000000000000000,0.000000000000000000,0.000000000000000000,0.000000000000000000,20.000000000000000000,12000.000000000000000000,4000.000000000000000000,0.000000000000000000
0.020000000000000000,0.000000000000000000,0.000000000000000000,0.000000000000000000,0.000000000000000000,0.000000000000000000,20.000000000000000000,12000.000000000000000000,4000.000000000000000000,0.000000000000000000
0.022000000000000000,0.000000000000000000,0.000000000000000000,0.000000000000000000,0.000000000000000000,0.000000000000000000,20.000000000000000000,12000.000000000000000000,4000.000000000000000000,0.000000000000000000
0.024000000000000000,0.000000000000000000,0.000000000000000000,0.000000000000000000,0.000000000000000000,0.000000000000000000,20.000000000000000000,12000.000000000000000000,4000.000000000000000000,0.000000000000000000
0.026000000000000000,0.000000000000000000,0.000000000000000000,0.000000000000000000,0.000000000000000000,0.000000000000000000,20.000000000000000000,12000.000000000000000000,4000.000000000000000000,0.000000000000000000
0.028000000000000000,0.000000000000000000,0.000000000000000000,0.000000000000000000,0.000000000000000000,0.000000000000000000,20.000000000000000000,12000.000000000000000000,4000.000000000000000000,0.000000000000000000
0.030000000000000000,0.000000000000000000,0.000000000000000000,0.000000000000000000,0.000000000000000000,0.000000000000000000,20.000000000000000000,12000.000000000000000000,4000.000000000000000000,0.000000000000000000
0.032000000000000000,0.000000000000000000,0.000000000000000000,0.000000000000000000,0.000000000000000000,0.000000000000000000,20.000000000000000000,12000.000000000000000000,4000.000000000000000000,0.000000000000000000
0.034000000000000000,0.000000000000000000,0.000000000000000000,0.000000000000000000,0.000000000000000000,0.000000000000000000,20.000000000000000000,12000.000000000000000000,4000.000000000000000000,0.000000000000000000
0.036000000000000000,0.000000000000000000,0.000000000000000000,0.000000000000000000,0.000000000000000000,0.000000000000000000,20.000000000000000000,12000.000000000000000000,4000.000000000000000000,0.000000000000000000
0.038000000000000000,0.000000000000000000,0.000000000000000000,0.000000000000000000,0.000000000000000000,0.000000000000000000,20.000000000000000000,12000.000000000000000000,4000.000000000000000000,0.000000000000000000
0.040000000000000000,0.000000000000000000,0.000000000000000000,0.000000000000000000,0.000000000000000000,0.000000000000000000,20.000000000000000000,12000.000000000000000000,4000.000000000000000000,0.000000000000000000
0.042000000000000000,0.000000000000000000,0.000000000000000000,0.000000000000000000,0.000000000000000000,0.000000000000000000,20.000000000000000000,12000.000000000000000000,4000.000000000000000000,0.000000000000000000
0.044000000000000000,0.000000000000000000,0.000000000000000000,0.000000000000000000,0.000000000000000000,0.000000000000000000,20.000000000000000000,12000.000000000000000000,4000.000000000000000000,0.000000000000000000
0.046000000000000000,0.000000000000000000,0.000000000000000000,0.000000000000000000,0.000000000000000000,0.000000000000000000,20.000000000000000000,12000.000000000000000000,4000.000000000000000000,0.000000000000000000
0.048000000000000000,0.000000000000000000,0.000000000000000000,0.000000000000000000,0.000000000000000000,0.000000000000000000,20.000000000000000000,12000.000000000000000000,4000.000000000000000000,0.000000000000000000
0.050000000000000000,0.000000000000000000,0.000000000000000000,0.000000000000000000,0.000000000000000000,0.000000000000000000,20.000000000000000000,12000.000000000000000000,4000.000000000000000000,0.000000000000000000
0.052000000000000000,0.000000000000000000,0.000000000000000000,0.000000000000000000,0.000000000000000000,0.000000000000000000,20.000000000000000000,12000.000000000000000000,4000.000000000000000000,0.000000000000000000
0.054000000000000000,0.000000000000000000,0.000000000000000000,0.000000000000000000,0.000000000000000000,0.000000000000000000,20.000000000000000000,12000.000000000000000000,4000.000000000000000000,0.000000000000000000
0.056000000000000000,0.000000000000000000,0.000000000000000000,0.000000000000000000,0.000000000000000000,0.000000000000000000,20.000000000000000000,12000.000000000000000000,4000.000000000000000000,0.000000000000000000
0.058000000000000000,0.000000000000000000,0.000000000000000000,0.000000000000000000,0.000000000000000000,0.000000000000000000,20.000000000000000000,12000.000000000000000000,4000.000000000000000000,0.000000000000000000
0.060000000000000000,0.000000000000000000,0.000000000000000000,0.000000000000000000,0.000000000000000000,0.000000000000000000,20.000000000000000000,12000.000000000000000000,4000.000000000000000000,0.000000000000000000
0.062000000000000000,0.000000000000000000,0.000000000000000000,0.000000000000000000,0.000000000000000000,0.000000000000000000,20.000000000000000000,12000.000000000000000000,4000.000000000000000000,0.000000000000000000
0.064000000000000000,0.000000000000000000,0.000000000000000000,0.000000000000000000,0.000000000000000000,0.000000000000000000,20.000000000000000000,12000.000000000000000000,4000.000000000000000000,0.000000000000000000
0.066000000000000000,0.000000000000000000,0.000000000000000000,0.000000000000000000,0.000000000000000000,0.000000000000000000,20.000000000000000000,12000.000000000000000000,4000.000000000000000000,0.000000000000000000
0.068000000000000000,0.000000000000000000,0.000000000000000000,0.000000000000000000,0.000000000000000000,0.000000000000000000,20.000000000000000000,12000.000000000000000000,4000.000000000000000000,0.000000000000000000
0.070000000000000000,0.000000000000000000,0.000000000000000000,0.000000000000000000,0.000000000000000000,0.000000000000000000,20.000000000000000000,12000.000000000000000000,4000.000000000000000000,0.000000000000000000
0.072000000000000000,0.000000000000000000,0.000000000000000000,0.000000000000000000,0.000000000000000000,0.000000000000000000,20.000000000000000000,12000.000000000000000000,4000.000000000000000000,0.000000000000000000
0.074000000000000000,0.000000000000000000,0.000000000000000000,0.000000000000000000,0.000000000000000000,0.000000000000000000,20.000000000000000000,12000.000000000000000000,4000.000000000000000000,0.000000000000000000
0.076000000000000000,0.000000000000000000,0.000000000000000000,0.000000000000000000,0.000000000000000000,0.000000000000000000,20.000000000000000000,12000.000000000000000000,4000.000000000000000000,0.000000000000000000
0.078000000000000000,0.000000000000000000,0.000000000000000000,0.000000000000000000,0.000000000000000000,0.000000000000000000,20.000000000000000000,12000.000000000000000000,4000.000000000000000000,0.000000000000000000
0.080000000000000000,0.000000000000000000,0.000000000000000000,0.000000000000000000,0.000000000000000000,0.000000000000000000,20.000000000000000000,12000.000000000000000000,4000.000000000000000000,0.000000000000000000
0.082000000000000000,0.000000000000000000,0.000000000000000000,0.000000000000000000,0.000000000000000000,0.000000000000000000,20.000000000000000000,12000.000000000000000000,4000.000000000000000000,0.000000000000000000
0.084000000000000000,0.000000000000000000,0.000000000000000000,0.000000000000000000,0.000000000000000000,0.000000000000000000,20.000000000000000000,12000.000000000000000000,4000.000000000000000000,0.000000000000000000
0.086000000000000000,0.000000000000000000,0.000000000000000000,0.000000000000000000,0.000000000000000000,0.000000000000000000,20.000000000000000000,12000.000000000000000000,4000.000000000000000000,0.000000000000000000
0.088000000000000000,0.000000000000000000,0.000000000000000000,0.000000000000000000,0.000000000000000000,0.000000000000000000,20.000000000000000000,12000.000000000000000000,4000.000000000000000000,0.000000000000000000
0.090000000000000000,0.000000000000000000,0.000000000000000000,0.000000000000000000,0.000000000000000000,0.000000000000000000,20.000000000000000000,12000.000000000000000000,4000.000000000000000000,0.000000000000000000
0.092000000000000000,0.000000000000000000,0.000000000000000000,0.000000000000000000,0.000000000000000000,0.000000000000000000,20.000000000000000000,12000.000000000000000000,4000.000000000000000000,0.000000000000000000
0.094000000000000000,0.000000000000000000,0.000000000000000000,0.000000000000000000,0.000000000000000000,0.000000000000000000,20.000000000000000000,12000.000000000000000000,4000.000000000000000000,0.000000000000000000
0.096000000000000000,0.000000000000000000,0.000000000000000000,0.000000000000000000,0.000000000000000000,0.000000000000000000,20.000000000000000000,12000.000000000000000000,4000.000000000000000000,0.000000000000000000
0.098000000000000000,0.000000000000000000,0.000000000000000000,0.000000000000000000,0.000000000000000000,0.000000000000000000,20.000000000000000000,12000.000000000000000000,4000.000000000000000000,0.000000000000000000
0.100000000000000000,0.000000000000000000,0.000000000000000000,0.000000000000000000,0.000000000000000000,0.000000000000000000,20.000000000000000000,12000.000000000000000000,4000.000000000000000000,0.000000000000000000
0.102000000000000000,0.000000000000000000,0.000000000000000000,0.000000000000000000,0.000000000000000000,0.000000000000000000,20.000000000000000000,12000.000000000000000000,4000.000000000000000000,0.000000000000000000
0.104000000000000000,0.000000000000000000,0.000000000000000000,0.000000000000000000,0.000000000000000000,0.000000000000000000,20.000000000000000000,12000.000000000000000000,4000.000000000000000000,0.000000000000000000
0.106000000000000000,0.000000000000000000,0.000000000000000000,0.000000000000000000,0.000000000000000000,0.000000000000000000,20.000000000000000000,12000.000000000000000000,4000.000000000000000000,0.000000000000000000
0.108000000000000000,0.000000000000000000,0.000000000000000000,0.000000000000000000,0.000000000000000000,0.000000000000000000,20.000000000000000000,12000.000000000000000000,4000.000000000000000000,0.000000000000000000
0.110000000000000000,0.000000000000000000,0.000000000000000000,0.000000000000000000,0.000000000000000000,0.000000000000000000,20.000000000000000000,12000.000000000000000000,4000.000000000000000000,0.000000000000000000
0.112000000000000000,0.000000000000000000,0.000000000000000000,0.000000000000000000,0.000000000000000000,0.000000000000000000,20.000000000000000000,12000.000000000000000000,4000.000000000000000000,0.000000000000000000
0.114000000000000000,0.000000000000000000,0.000000000000000000,0.000000000000000000,0.000000000000000000,0.000000000000000000,20.000000000000000000,12000.000000000000000000,4000.000000000000000000,0.000000000000000000
0.116000000000000000,0.000000000000000000,0.000000000000000000,0.000000000000000000,0.000000000000000000,0.000000000000000000,20.000000000000000000,12000.000000000000000000,4000.000000000000000000,0.000000000000000000
0.118000000000000000,0.000000000000000000,0.000000000000000000,0.000000000000000000,0.000000000000000000,0.000000000000000000,20.000000000000000000,12000.000000000000000000,4000.000000000000000000,0.000000000000000000
0.120000000000000000,0.000000000000000000,0.000000000000000000,0.000000000000000000,0.000000000000000000,0.000000000000000000,20.000000000000000000,12000.000000000000000000,4000.000000000000000000,0.000000000000000000
0.122000000000000000,0.000000000000000000,0.000000000000000000,0.000000000000000000,0.000000000000000000,0.000000000000000000,20.000000000000000000,12000.000000000000000000,4000.000000000000000000,0.000000000000000000
0.124000000000000000,0.000000000000000000,0.000000000000000000,0.000000000000000000,0.000000000000000000,0.000000000000000000,20.000000000000000000,12000.000000000000000000,4000.000000000000000000,0.000000000000000000
0.126000000000000000,0.000000000000000000,0.000000000000000000,0.000000000000000000,0.000000000000000000,0.000000000000000000,20.000000000000000000,12000.000000000000000000,4000.000000000000000000,0.000000000000000000
0.128000000000000000,0.000000000000000000,0.000000000000000000,0.000000000000000000,0.000000000000000000,0.000000000000000000,20.000000000000000000,12000.000000000000000000,4000.000000000000000000,0.000000000000000000
0.130000000000000000,0.000000000000000000,0.000000000000000000,0.000000000000000000,0.000000000000000000,0.000000000000000000,20.000000000000000000,12000.000000000000000000,4000.000000000000000000,0.000000000000000000
0.132000000000000000,0.000000000000000000,0.000000000000000000,0.000000000000000000,0.000000000000000000,0.000000000000000000,20.000000000000000000,12000.000000000000000000,4000.000000000000000000,0.000000000000000000
0.134000000000000000,0.000000000000000000,0.000000000000000000,0.000000000000000000,0.000000000000000000,0.000000000000000000,20.000000000000000000,12000.000000000000000000,4000.000000000000000000,0.000000000000000000
0.136000000000000000,0.000000000000000000,0.000000000000000000,0.000000000000000000,0.000000000000000000,0.000000000000000000,20.000000000000000000,12000.000000000000000000,4000.000000000000000000,0.000000000000000000
0.138000000000000000,0.000000000000000000,0.000000000000000000,0.000000000000000000,0.000000000000000000,0.000000000000000000,20.000000000000000000,12000.000000000000000000,4000.000000000000000000,0.000000000000000000
0.140000000000000000,0.000000000000000000,0.000000000000000000,0.000000000000000000,0.000000000000000000,0.000000000000000000,20.000000000000000000,12000.000000000000000000,4000.000000000000000000,0.000000000000000000
0.142000000000000000,0.000000000000000000,0.000000000000000000,0.000000000000000000,0.000000000000000000,0.000000000000000000,20.000000000000000000,12000.000000000000000000,4000.000000000000000000,0.000000000000000000
0.144000000000000000,0.000000000000000000,0.000000000000000000,0.000000000000000000,0.000000000000000000,0.000000000000000000,20.000000000000000000,12000.000000000000000000,4000.000000000000000000,0.000000000000000000
0.146000000000000000,0.000000000000000000,0.000000000000000000,0.000000000000000000,0.000000000000000000,0.000000000000000000,20.000000000000000000,12000.000000000000000000,4000.000000000000000000,0.000000000000000000
0.148000000000000000,0.000000000000000000,0.000000000000000000,0.000000000000000000,0.000000000000000000,0.000000000000000000,20.000000000000000000,12000.000000000000000000,4000.000000000000000000,0.000000000000000000
0.150000000000000000,0.000000000000000000,0.000000000000000000,0.000000000000000000,0.000000000000000000,0.000000000000000000,20.000000000000000000,12000.000000000000000000,4000.000000000000000000,0.000000000000000000
0.152000000000000000,0.000000000000000000,0.000000000000000000,0.000000000000000000,0.000000000000000000,0.000000000000000000,20.000000000000000000,12000.000000000000000000,4000.000000000000000000,0.000000000000000000
0.154000000000000000,0.000000000000000000,0.000000000000000000,0.000000000000000000,0.000000000000000000,0.000000000000000000,20.000000000000000000,12000.000000000000000000,4000.000000000000000000,0.000000000000000000
0.156000000000000000,0.000000000000000000,0.000000000000000000,0.000000000000000000,0.000000000000000000,0.000000000000000000,20.000000000000000000,12000.000000000000000000,4000.000000000000000000,0.000000000000000000
0.158000000000000000,0.000000000000000000,0.000000000000000000,0.000000000000000000,0.000000000000000000,0.000000000000000000,20.000000000000000000,12000.000000000000000000,4000.000000000000000000,0.000000000000000000
0.160000000000000000,0.000000000000000000,0.000000000000000000,0.000000000000000000,0.000000000000000000,0.000000000000000000,20.000000000000000000,12000.000000000000000000,4000.000000000000000000,0.000000000000000000
0.162000000000000000,0.000000000000000000,0.000000000000000000,0.000000000000000000,0.000000000000000000,0.000000000000000000,20.000000000000000000,12000.000000000000000000,4000.000000000000000000,0.000000000000000000
0.164000000000000000,0.000000000000000000,0.000000000000000000,0.000000000000000000,0.000000000000000000,0.000000000000000000,20.000000000000000000,12000.000000000000000000,4000.000000000000000000,0.000000000000000000
0.166000000000000000,0.000000000000000000,0.000000000000000000,0.000000000000000000,0.000000000000000000,0.000000000000000000,20.000000000000000000,12000.000000000000000000,4000.000000000000000000,0.000000000000000000
0.168000000000000000,0.000000000000000000,0.000000000000000000,0.000000000000000000,0.000000000000000000,0.000000000000000000,20.000000000000000000,12000.000000000000000000,4000.000000000000000000,0.000000000000000000
0.170000000000000000,0.000000000000000000,0.000000000000000000,0.000000000000000000,0.000000000000000000,0.000000000000000000,20.000000000000000000,12000.000000000000000000,4000.000000000000000000,0.000000000000000000
0.172000000000000000,0.000000000000000000,0.000000000000000000,0.000000000000000000,0.000000000000000000,0.000000000000000000,20.000000000000000000,12000.000000000000000000,4000.000000000000000000,0.000000000000000000
0.174000000000000000,0.000000000000000000,0.000000000000000000,0.000000000000000000,0.000000000000000000,0.000000000000000000,20.000000000000000000,12000.000000000000000000,4000.000000000000000000,0.000000000000000000
0.176000000000000000,0.000000000000000000,0.000000000000000000,0.000000000000000000,0.000000000000000000,0.000000000000000000,20.000000000000000000,12000.000000000000000000,4000.000000000000000000,0.000000000000000000
0.178000000000000000,0.000000000000000000,0.000000000000000000,0.000000000000000000,0.000000000000000000,0.000000000000000000,20.000000000000000000,12000.000000000000000000,4000.000000000000000000,0.000000000000000000
0.180000000000000000,0.000000000000000000,0.000000000000000000,0.000000000000000000,0.000000000000000000,0.000000000000000000,20.000000000000000000,12000.000000000000000000,4000.000000000000000000,0.000000000000000000
0.182000000000000000,0.000000000000000000,0.000000000000000000,0.000000000000000000,0.000000000000000000,0.000000000000000000,20.000000000000000000,12000.000000000000000000,4000.000000000000000000,0.000000000000000000
0.184000000000000000,0.000000000000000000,0.000000000000000000,0.000000000000000000,0.000000000000000000,0.000000000000000000,20.000000000000000000,12000.000000000000000000,4000.000000000000000000,0.000000000000000000
0.186000000000000000,0.000000000000000000,0.000000000000000000,0.000000000000000000,0.000000000000000000,0.000000000000000000,20.000000000000000000,12000.000000000000000000,4000.000000000000000000,0.000000000000000000
0.188000000000000000,0.000000000000000000,0.000000000000000000,0.000000000000000000,0.000000000000000000,0.000000000000000000,20.000000000000000000,12000.000000000000000000,4000.000000000000000000,0.000000000000000000
0.190000000000000000,0.000000000000000000,0.000000000000000000,0.000000000000000000,0.000000000000000000,0.000000000000000000,20.000000000000000000,12000.000000000000000000,4000.000000000000000000,0.000000000000000000
0.192000000000000000,0.000000000000000000,0.000000000000000000,0.000000000000000000,0.000000000000000000,0.000000000000000000,20.000000000000000000,12000.000000000000000000,4000.000000000000000000,0.000000000000000000
0.194000000000000000,0.000000000000000000,0.000000000000000000,0.000000000000000000,0.000000000000000000,0.000000000000000000,20.000000000000000000,12000.000000000000000000,4000.000000000000000000,0.000000000000000000
0.196000000000000000,0.000000000000000000,0.000000000000000000,0.000000000000000000,0.000000000000000000,0.000000000000000000,20.000000000000000000,12000.000000000000000000,4000.000000000000000000,0.000000000000000000
0.198000000000000000,0.000000000000000000,0.000000000000000000,0.000000000000000000,0.000000000000000000,0.000000000000000000,20.000000000000000000,12000.000000000000000000,4000.000000000000000000,0.000000000000000000
0.200000000000000000,0.000000000000000000,0.000000000000000000,0.000000000000000000,0.000000000000000000,0.000000000000000000,20.000000000000000000,12000.000000000000000000,4000.000000000000000000,0.000000000000000000
0.202000000000000000,0.000000000000000000,0.000000000000000000,0.000000000000000000,0.000000000000000000,0.000000000000000000,20.000000000000000000,12000.000000000000000000,4000.000000000000000000,0.000000000000000000
0.204000000000000000,0.000000000000000000,0.000000000000000000,0.000000000000000000,0.000000000000000000,0.000000000000000000,20.000000000000000000,12000.000000000000000000,4000.000000000000000000,0.000000000000000000
0.206000000000000000,0.000000000000000000,0.000000000000000000,0.000000000000000000,0.000000000000000000,0.000000000000000000,20.000000000000000000,12000.000000000000000000,4000.000000000000000000,0.000000000000000000
0.208000000000000000,0.000000000000000000,0.000000000000000000,0.000000000000000000,0.000000000000000000,0.000000000000000000,20.000000000000000000,12000.000000000000000000,4000.000000000000000000,0.000000000000000000
0.210000000000000000,0.000000000000000000,0.000000000000000000,0.000000000000000000,0.000000000000000000,0.000000000000000000,20.000000000000000000,12000.000000000000000000,4000.000000000000000000,0.000000000000000000
0.212000000000000000,0.000000000000000000,0.000000000000000000,0.000000000000000000,0.000000000000000000,0.000000000000000000,20.000000000000000000,12000.000000000000000000,4000.000000000000000000,0.000000000000000000
0.214000000000000000,0.000000000000000000,0.000000000000000000,0.000000000000000000,0.000000000000000000,0.000000000000000000,20.000000000000000000,12000.000000000000000000,4000.000000000000000000,0.000000000000000000
0.216000000000000000,0.000000000000000000,0.000000000000000000,0.000000000000000000,0.000000000000000000,0.000000000000000000,20.000000000000000000,12000.000000000000000000,4000.000000000000000000,0.000000000000000000
0.218000000000000000,0.000000000000000000,0.000000000000000000,0.000000000000000000,0.000000000000000000,0.000000000000000000,20.000000000000000000,12000.000000000000000000,4000.000000000000000000,0.000000000000000000
0.220000000000000000,0.000000000000000000,0.000000000000000000,0.000000000000000000,0.000000000000000000,0.000000000000000000,20.000000000000000000,12000.000000000000000000,4000.000000000000000000,0.000000000000000000
0.222000000000000000,0.000000000000000000,0.000000000000000000,0.000000000000000000,0.000000000000000000,0.000000000000000000,20.000000000000000000,12000.000000000000000000,4000.000000000000000000,0.000000000000000000
0.224000000000000000,0.000000000000000000,0.000000000000000000,0.000000000000000000,0.000000000000000000,0.000000000000000000,20.000000000000000000,12000.000000000000000000,4000.000000000000000000,0.000000000000000000
0.226000000000000000,0.000000000000000000,0.000000000000000000,0.000000000000000000,0.000000000000000000,0.000000000000000000,20.000000000000000000,12000.000000000000000000,4000.000000000000000000,0.000000000000000000
0.228000000000000000,0.000000000000000000,0.000000000000000000,0.000000000000000000,0.000000000000000000,0.000000000000000000,20.000000000000000000,12000.000000000000000000,4000.000000000000000000,0.000000000000000000
0.230000000000000000,0.000000000000000000,0.000000000000000000,0.000000000000000000,0.000000000000000000,0.000000000000000000,20.000000000000000000,12000.000000000000000000,4000.000000000000000000,0.000000000000000000
0.232000000000000000,0.000000000000000000,0.000000000000000000,0.000000000000000000,0.000000000000000000,0.000000000000000000,20.000000000000000000,12000.000000000000000000,4000.000000000000000000,0.000000000000000000
0.234000000000000000,0.000000000000000000,0.000000000000000000,0.000000000000000000,0.000000000000000000,0.000000000000000000,20.000000000000000000,12000.000000000000000000,4000.000000000000000000,0.000000000000000000
0.236000000000000000,0.000000000000000000,0.000000000000000000,0.000000000000000000,0.000000000000000000,0.000000000000000000,20.000000000000000000,12000.000000000000000000,4000.000000000000000000,0.000000000000000000
0.238000000000000000,0.000000000000000000,0.000000000000000000,0.000000000000000000,0.000000000000000000,0.000000000000000000,20.000000000000000000,12000.000000000000000000,4000.000000000000000000,0.000000000000000000
0.240000000000000000,0.000000000000000000,0.000000000000000000,0.000000000000000000,0.000000000000000000,0.000000000000000000,20.000000000000000000,12000.000000000000000000,4000.000000000000000000,0.000000000000000000
0.242000000000000000,0.000000000000000000,0.000000000000000000,0.000000000000000000,0.000000000000000000,0.000000000000000000,20.000000000000000000,12000.000000000000000000,4000.000000000000000000,0.000000000000000000
0.244000000000000000,0.000000000000000000,0.000000000000000000,0.000000000000000000,0.000000000000000000,0.000000000000000000,20.000000000000000000,12000.000000000000000000,4000.000000000000000000,0.000000000000000000
0.246000000000000000,0.000000000000000000,0.000000000000000000,0.000000000000000000,0.000000000000000000,0.000000000000000000,20.000000000000000000,12000.000000000000000000,4000.000000000000000000,0.000000000000000000
0.248000000000000000,0.000000000000000000,0.000000000000000000,0.000000000000000000,0.000000000000000000,0.000000000000000000,20.000000000000000000,12000.000000000000000000,4000.000000000000000000,0.000000000000000000
0.250000000000000000,0.000000000000000000,0.000000000000000000,0.000000000000000000,0.000000000000000000,0.000000000000000000,20.000000000000000000,12000.000000000000000000,4000.000000000000000000,0.000000000000000000
0.252000000000000000,0.000000000000000000,0.000000000000000000,0.000000000000000000,0.000000000000000000,0.000000000000000000,20.000000000000000000,12000.000000000000000000,4000.000000000000000000,0.000000000000000000
0.254000000000000000,0.000000000000000000,0.000000000000000000,0.000000000000000000,0.000000000000000000,0.000000000000000000,20.000000000000000000,12000.000000000000000000,4000.000000000000000000,0.000000000000000000
0.256000000000000000,0.000000000000000000,0.000000000000000000,0.000000000000000000,0.000000000000000000,0.000000000000000000,20.000000000000000000,12000.000000000000000000,4000.000000000000000000,0.000000000000000000
0.258000000000000000,0.000000000000000000,0.000000000000000000,0.000000000000000000,0.000000000000000000,0.000000000000000000,20.000000000000000000,12000.000000000000000000,4000.000000000000000000,0.000000000000000000
0.260000000000000000,0.000000000000000000,0.000000000000000000,0.000000000000000000,0.000000000000000000,0.000000000000000000,20.000000000000000000,12000.000000000000000000,4000.000000000000000000,0.000000000000000000
0.262000000000000000,0.000000000000000000,0.000000000000000000,0.000000000000000000,0.000000000000000000,0.000000000000000000,20.000000000000000000,12000.000000000000000000,4000.000000000000000000,0.000000000000000000
0.264000000000000000,0.000000000000000000,0.000000000000000000,0.000000000000000000,0.000000000000000000,0.000000000000000000,20.000000000000000000,12000.000000000000000000,4000.000000000000000000,0.000000000000000000
0.266000000000000000,0.000000000000000000,0.000000000000000000,0.000000000000000000,0.000000000000000000,0.000000000000000000,20.000000000000000000,12000.000000000000000000,4000.000000000000000000,0.000000000000000000
0.268000000000000000,0.000000000000000000,0.000000000000000000,0.000000000000000000,0.000000000000000000,0.000000000000000000,20.000000000000000000,12000.000000000000000000,4000.000000000000000000,0.000000000000000000
0.270000000000000000,0.000000000000000000,0.000000000000000000,0.000000000000000000,0.000000000000000000,0.000000000000000000,20.000000000000000000,12000.000000000000000000,4000.000000000000000000,0.000000000000000000
0.272000000000000000,0.000000000000000000,0.000000000000000000,0.000000000000000000,0.000000000000000000,0.000000000000000000,20.000000000000000000,12000.000000000000000000,4000.000000000000000000,0.000000000000000000
0.274000000000000000,0.000000000000000000,0.000000000000000000,0.000000000000000000,0.000000000000000000,0.000000000000000000,20.000000000000000000,12000.000000000000000000,4000.000000000000000000,0.000000000000000000
0.276000000000000000,0.000000000000000000,0.000000000000000000,0.000000000000000000,0.000000000000000000,0.000000000000000000,20.000000000000000000,12000.000000000000000000,4000.000000000000000000,0.000000000000000000
0.278000000000000000,0.000000000000000000,0.000000000000000000,0.000000000000000000,0.000000000000000000,0.000000000000000000,20.000000000000000000,12000.000000000000000000,4000.000000000000000000,0.000000000000000000
0.280000000000000000,0.000000000000000000,0.000000000000000000,0.000000000000000000,0.000000000000000000,0.000000000000000000,20.000000000000000000,12000.000000000000000000,4000.000000000000000000,0.000000000000000000
0.282000000000000000,0.000000000000000000,0.000000000000000000,0.000000000000000000,0.000000000000000000,0.000000000000000000,20.000000000000000000,12000.000000000000000000,4000.000000000000000000,0.000000000000000000
0.284000000000000000,0.000000000000000000,0.000000000000000000,0.000000000000000000,0.000000000000000000,0.000000000000000000,20.000000000000000000,12000.000000000000000000,4000.000000000000000000,0.000000000000000000
0.286000000000000000,0.000000000000000000,0.000000000000000000,0.000000000000000000,0.000000000000000000,0.000000000000000000,20.000000000000000000,12000.000000000000000000,4000.000000000000000000,0.000000000000000000
0.288000000000000000,0.000000000000000000,0.000000000000000000,0.000000000000000000,0.000000000000000000,0.000000000000000000,20.000000000000000000,12000.000000000000000000,4000.000000000000000000,0.000000000000000000
0.290000000000000000,0.000000000000000000,0.000000000000000000,0.000000000000000000,0.000000000000000000,0.000000000000000000,20.000000000000000000,12000.000000000000000000,4000.000000000000000000,0.000000000000000000
0.292000000000000000,0.000000000000000000,0.000000000000000000,0.000000000000000000,0.000000000000000000,0.000000000000000000,20.000000000000000000,12000.000000000000000000,4000.000000000000000000,0.000000000000000000
0.294000000000000000,0.000000000000000000,0.000000000000000000,0.000000000000000000,0.000000000000000000,0.000000000000000000,20.000000000000000000,12000.000000000000000000,4000.000000000000000000,0.000000000000000000
0.296000000000000000,0.000000000000000000,0.000000000000000000,0.000000000000000000,0.000000000000000000,0.000000000000000000,20.000000000000000000,12000.000000000000000000,4000.000000000000000000,0.000000000000000000
0.298000000000000000,0.000000000000000000,0.000000000000000000,0.000000000000000000,0.000000000000000000,0.000000000000000000,20.000000000000000000,12000.000000000000000000,4000.000000000000000000,0.000000000000000000
0.300000000000000000,0.000000000000000000,0.000000000000000000,0.000000000000000000,0.000000000000000000,0.000000000000000000,20.000000000000000000,12000.000000000000000000,4000.000000000000000000,0.000000000000000000
0.302000000000000000,0.000000000000000000,0.000000000000000000,0.000000000000000000,0.000000000000000000,0.000000000000000000,20.000000000000000000,12000.000000000000000000,4000.000000000000000000,0.000000000000000000
0.304000000000000000,0.000000000000000000,0.000000000000000000,0.000000000000000000,0.000000000000000000,0.000000000000000000,20.000000000000000000,12000.000000000000000000,4000.000000000000000000,0.000000000000000000
0.306000000000000000,0.000000000000000000,0.000000000000000000,0.000000000000000000,0.000000000000000000,0.000000000000000000,20.000000000000000000,12000.000000000000000000,4000.000000000000000000,0.000000000000000000
0.308000000000000000,0.000000000000000000,0.000000000000000000,0.000000000000000000,0.000000000000000000,0.000000000000000000,20.000000000000000000,12000.000000000000000000,4000.000000000000000000,0.000000000000000000
0.310000000000000000,0.000000000000000000,0.000000000000000000,0.000000000000000000,0.000000000000000000,0.000000000000000000,20.000000000000000000,12000.000000000000000000,4000.000000000000000000,0.000000000000000000
0.312000000000000000,0.000000000000000000,0.000000000000000000,0.000000000000000000,0.000000000000000000,0.000000000000000000,20.000000000000000000,12000.000000000000000000,4000.000000000000000000,0.000000000000000000
0.314000000000000000,0.000000000000000000,0.000000000000000000,0.000000000000000000,0.000000000000000000,0.000000000000000000,20.000000000000000000,12000.000000000000000000,4000.000000000000000000,0.000000000000000000
0.316000000000000000,0.000000000000000000,0.000000000000000000,0.000000000000000000,0.000000000000000000,0.000000000000000000,20.000000000000000000,12000.000000000000000000,4000.000000000000000000,0.000000000000000000
0.318000000000000000,0.000000000000000000,0.000000000000000000,0.000000000000000000,0.000000000000000000,0.000000000000000000,20.000000000000000000,12000.000000000000000000,4000.000000000000000000,0.000000000000000000
0.320000000000000000,0.000000000000000000,0.000000000000000000,0.000000000000000000,0.000000000000000000,0.000000000000000000,20.000000000000000000,12000.000000000000000000,4000.000000000000000000,0.000000000000000000
0.322000000000000000,0.000000000000000000,0.000000000000000000,0.000000000000000000,0.000000000000000000,0.000000000000000000,20.000000000000000000,12000.000000000000000000,4000.000000000000000000,0.000000000000000000
0.324000000000000000,0.000000000000000000,0.000000000000000000,0.000000000000000000,0.000000000000000000,0.000000000000000000,20.000000000000000000,12000.000000000000000000,4000.000000000000000000,0.000000000000000000
0.326000000000000000,0.000000000000000000,0.000000000000000000,0.000000000000000000,0.000000000000000000,0.000000000000000000,20.000000000000000000,12000.000000000000000000,4000.000000000000000000,0.000000000000000000
0.328000000000000000,0.000000000000000000,0.000000000000000000,0.000000000000000000,0.000000000000000000,0.000000000000000000,20.000000000000000000,12000.000000000000000000,4000.000000000000000000,0.000000000000000000
0.330000000000000000,0.000000000000000000,0.000000000000000000,0.000000000000000000,0.000000000000000000,0.000000000000000000,20.000000000000000000,12000.000000000000000000,4000.000000000000000000,0.000000000000000000
0.332000000000000000,0.000000000000000000,0.000000000000000000,0.000000000000000000,0.000000000000000000,0.000000000000000000,20.000000000000000000,12000.000000000000000000,4000.000000000000000000,0.000000000000000000
0.334000000000000000,0.000000000000000000,0.000000000000000000,0.000000000000000000,0.000000000000000000,0.000000000000000000,20.000000000000000000,12000.000000000000000000,4000.000000000000000000,0.000000000000000000
0.336000000000000000,0.000000000000000000,0.000000000000000000,0.000000000000000000,0.000000000000000000,0.000000000000000000,20.000000000000000000,12000.000000000000000000,4000.000000000000000000,0.000000000000000000
0.338000000000000000,0.000000000000000000,0.000000000000000000,0.000000000000000000,0.000000000000000000,0.000000000000000000,20.000000000000000000,12000.000000000000000000,4000.000000000000000000,0.000000000000000000
0.340000000000000000,0.000000000000000000,0.000000000000000000,0.000000000000000000,0.000000000000000000,0.000000000000000000,20.000000000000000000,12000.000000000000000000,4000.000000000000000000,0.000000000000000000
0.342000000000000000,0.000000000000000000,0.000000000000000000,0.000000000000000000,0.000000000000000000,0.000000000000000000,20.000000000000000000,12000.000000000000000000,4000.000000000000000000,0.000000000000000000
0.344000000000000000,0.000000000000000000,0.000000000000000000,0.000000000000000000,0.000000000000000000,0.000000000000000000,20.000000000000000000,12000.000000000000000000,4000.000000000000000000,0.000000000000000000
0.346000000000000000,0.000000000000000000,0.000000000000000000,0.000000000000000000,0.000000000000000000,0.000000000000000000,20.000000000000000000,12000.000000000000000000,4000.000000000000000000,0.000000000000000000
0.348000000000000000,0.000000000000000000,0.000000000000000000,0.000000000000000000,0.000000000000000000,0.000000000000000000,20.000000000000000000,12000.000000000000000000,4000.000000000000000000,0.000000000000000000
0.350000000000000000,0.000000000000000000,0.000000000000000000,0.000000000000000000,0.000000000000000000,0.000000000000000000,20.000000000000000000,12000.000000000000000000,4000.000000000000000000,0.000000000000000000
0.352000000000000000,0.000000000000000000,0.000000000000000000,0.000000000000000000,0.000000000000000000,0.000000000000000000,20.000000000000000000,12000.000000000000000000,4000.000000000000000000,0.000000000000000000
0.354000000000000000,0.000000000000000000,0.000000000000000000,0.000000000000000000,0.000000000000000000,0.000000000000000000,20.000000000000000000,12000.000000000000000000,4000.000000000000000000,0.000000000000000000
0.356000000000000000,0.000000000000000000,0.000000000000000000,0.000000000000000000,0.000000000000000000,0.000000000000000000,20.000000000000000000,12000.000000000000000000,4000.000000000000000000,0.000000000000000000
0.358000000000000000,0.000000000000000000,0.000000000000000000,0.000000000000000000,0.000000000000000000,0.000000000000000000,20.000000000000000000,12000.000000000000000000,4000.000000000000000000,0.000000000000000000
0.360000000000000000,0.000000000000000000,0.000000000000000000,0.000000000000000000,0.000000000000000000,0.000000000000000000,20.000000000000000000,12000.000000000000000000,4000.000000000000000000,0.000000000000000000
0.362000000000000000,0.000000000000000000,0.000000000000000000,0.000000000000000000,0.000000000000000000,0.000000000000000000,20.000000000000000000,12000.000000000000000000,4000.000000000000000000,0.000000000000000000
0.364000000000000000,0.000000000000000000,0.000000000000000000,0.000000000000000000,0.000000000000000000,0.000000000000000000,20.000000000000000000,12000.000000000000000000,4000.000000000000000000,0.000000000000000000
0.366000000000000000,0.000000000000000000,0.000000000000000000,0.000000000000000000,0.000000000000000000,0.000000000000000000,20.000000000000000000,12000.000000000000000000,4000.000000000000000000,0.000000000000000000
0.368000000000000000,0.000000000000000000,0.000000000000000000,0.000000000000000000,0.000000000000000000,0.000000000000000000,20.000000000000000000,12000.000000000000000000,4000.000000000000000000,0.000000000000000000
0.370000000000000000,0.000000000000000000,0.000000000000000000,0.000000000000000000,0.000000000000000000,0.000000000000000000,20.000000000000000000,12000.000000000000000000,4000.000000000000000000,0.000000000000000000
0.372000000000000000,0.000000000000000000,0.000000000000000000,0.000000000000000000,0.000000000000000000,0.000000000000000000,20.000000000000000000,12000.000000000000000000,4000.000000000000000000,0.000000000000000000
0.374000000000000000,0.000000000000000000,0.000000000000000000,0.000000000000000000,0.000000000000000000,0.000000000000000000,20.000000000000000000,12000.000000000000000000,4000.000000000000000000,0.000000000000000000
0.376000000000000000,0.000000000000000000,0.000000000000000000,0.000000000000000000,0.000000000000000000,0.000000000000000000,20.000000000000000000,12000.000000000000000000,4000.000000000000000000,0.000000000000000000
0.378000000000000000,0.000000000000000000,0.000000000000000000,0.000000000000000000,0.000000000000000000,0.000000000000000000,20.000000000000000000,12000.000000000000000000,4000.000000000000000000,0.000000000000000000
0.380000000000000000,0.000000000000000000,0.000000000000000000,0.000000000000000000,0.000000000000000000,0.000000000000000000,20.000000000000000000,12000.000000000000000000,4000.000000000000000000,0.000000000000000000
0.382000000000000000,0.000000000000000000,0.000000000000000000,0.000000000000000000,0.000000000000000000,0.000000000000000000,20.000000000000000000,12000.000000000000000000,4000.000000000000000000,0.000000000000000000
0.384000000000000000,0.000000000000000000,0.000000000000000000,0.000000000000000000,0.000000000000000000,0.000000000000000000,20.000000000000000000,12000.000000000000000000,4000.000000000000000000,0.000000000000000000
0.386000000000000000,0.000000000000000000,0.000000000000000000,0.000000000000000000,0.000000000000000000,0.000000000000000000,20.000000000000000000,12000.000000000000000000,4000.000000000000000000,0.000000000000000000
0.388000000000000000,0.000000000000000000,0.000000000000000000,0.000000000000000000,0.000000000000000000,0.000000000000000000,20.000000000000000000,12000.000000000000000000,4000.000000000000000000,0.000000000000000000
0.390000000000000000,0.000000000000000000,0.000000000000000000,0.000000000000000000,0.000000000000000000,0.000000000000000000,20.000000000000000000,12000.000000000000000000,4000.000000000000000000,0.000000000000000000
0.392000000000000000,0.000000000000000000,0.000000000000000000,0.000000000000000000,0.000000000000000000,0.000000000000000000,20.000000000000000000,12000.000000000000000000,4000.000000000000000000,0.000000000000000000
0.394000000000000000,0.000000000000000000,0.000000000000000000,0.000000000000000000,0.000000000000000000,0.000000000000000000,20.000000000000000000,12000.000000000000000000,4000.000000000000000000,0.000000000000000000
0.396000000000000000,0.000000000000000000,0.000000000000000000,0.000000000000000000,0.000000000000000000,0.000000000000000000,20.000000000000000000,12000.000000000000000000,4000.000000000000000000,0.000000000000000000
0.398000000000000000,0.000000000000000000,0.000000000000000000,0.000000000000000000,0.000000000000000000,0.000000000000000000,20.000000000000000000,12000.000000000000000000,4000.000000000000000000,0.000000000000000000
0.400000000000000000,0.000000000000000000,0.000000000000000000,0.000000000000000000,0.000000000000000000,0.000000000000000000,20.000000000000000000,12000.000000000000000000,4000.000000000000000000,0.000000000000000000
0.402000000000000000,0.000000000000000000,0.000000000000000000,0.000000000000000000,0.000000000000000000,0.000000000000000000,20.000000000000000000,12000.000000000000000000,4000.000000000000000000,0.000000000000000000
0.404000000000000000,0.000000000000000000,0.000000000000000000,0.000000000000000000,0.000000000000000000,0.000000000000000000,20.000000000000000000,12000.000000000000000000,4000.000000000000000000,0.000000000000000000
0.406000000000000000,0.000000000000000000,0.000000000000000000,0.000000000000000000,0.000000000000000000,0.000000000000000000,20.000000000000000000,12000.000000000000000000,4000.000000000000000000,0.000000000000000000
0.408000000000000000,0.000000000000000000,0.000000000000000000,0.000000000000000000,0.000000000000000000,0.000000000000000000,20.000000000000000000,12000.000000000000000000,4000.000000000000000000,0.000000000000000000
0.410000000000000000,0.000000000000000000,0.000000000000000000,0.000000000000000000,0.000000000000000000,0.000000000000000000,20.000000000000000000,12000.000000000000000000,4000.000000000000000000,0.000000000000000000
0.412000000000000000,0.000000000000000000,0.000000000000000000,0.000000000000000000,0.000000000000000000,0.000000000000000000,20.000000000000000000,12000.000000000000000000,4000.000000000000000000,0.000000000000000000
0.414000000000000000,0.000000000000000000,0.000000000000000000,0.000000000000000000,0.000000000000000000,0.000000000000000000,20.000000000000000000,12000.000000000000000000,4000.000000000000000000,0.000000000000000000
0.416000000000000000,0.000000000000000000,0.000000000000000000,0.000000000000000000,0.000000000000000000,0.000000000000000000,20.000000000000000000,12000.000000000000000000,4000.000000000000000000,0.000000000000000000
0.418000000000000000,0.000000000000000000,0.000000000000000000,0.000000000000000000,0.000000000000000000,0.000000000000000000,20.000000000000000000,12000.000000000000000000,4000.000000000000000000,0.000000000000000000
0.420000000000000000,0.000000000000000000,0.000000000000000000,0.000000000000000000,0.000000000000000000,0.000000000000000000,20.000000000000000000,12000.000000000000000000,4000.000000000000000000,0.000000000000000000
0.422000000000000000,0.000000000000000000,0.000000000000000000,0.000000000000000000,0.000000000000000000,0.000000000000000000,20.000000000000000000,12000.000000000000000000,4000.000000000000000000,0.000000000000000000
0.424000000000000000,0.000000000000000000,0.000000000000000000,0.000000000000000000,0.000000000000000000,0.000000000000000000,20.000000000000000000,12000.000000000000000000,4000.000000000000000000,0.000000000000000000
0.426000000000000000,0.000000000000000000,0.000000000000000000,0.000000000000000000,0.000000000000000000,0.000000000000000000,20.000000000000000000,12000.000000000000000000,4000.000000000000000000,0.000000000000000000
0.428000000000000000,0.000000000000000000,0.000000000000000000,0.000000000000000000,0.000000000000000000,0.000000000000000000,20.000000000000000000,12000.000000000000000000,4000.000000000000000000,0.000000000000000000
0.430000000000000000,0.000000000000000000,0.000000000000000000,0.000000000000000000,0.000000000000000000,0.000000000000000000,20.000000000000000000,12000.000000000000000000,4000.000000000000000000,0.000000000000000000
0.432000000000000000,0.000000000000000000,0.000000000000000000,0.000000000000000000,0.000000000000000000,0.000000000000000000,20.000000000000000000,12000.000000000000000000,4000.000000000000000000,0.000000000000000000
0.434000000000000000,0.000000000000000000,0.000000000000000000,0.000000000000000000,0.000000000000000000,0.000000000000000000,20.000000000000000000,12000.000000000000000000,4000.000000000000000000,0.000000000000000000
0.436000000000000000,0.000000000000000000,0.000000000000000000,0.000000000000000000,0.000000000000000000,0.000000000000000000,20.000000000000000000,12000.000000000000000000,4000.000000000000000000,0.000000000000000000
0.438000000000000000,0.000000000000000000,0.000000000000000000,0.000000000000000000,0.000000000000000000,0.000000000000000000,20.000000000000000000,12000.000000000000000000,4000.000000000000000000,0.000000000000000000
0.440000000000000000,0.000000000000000000,0.000000000000000000,0.000000000000000000,0.000000000000000000,0.000000000000000000,20.000000000000000000,12000.000000000000000000,4000.000000000000000000,0.000000000000000000
0.442000000000000000,0.000000000000000000,0.000000000000000000,0.000000000000000000,0.000000000000000000,0.000000000000000000,20.000000000000000000,12000.000000000000000000,4000.000000000000000000,0.000000000000000000
0.444000000000000000,0.000000000000000000,0.000000000000000000,0.000000000000000000,0.000000000000000000,0.000000000000000000,20.000000000000000000,12000.000000000000000000,4000.000000000000000000,0.000000000000000000
0.446000000000000000,0.000000000000000000,0.000000000000000000,0.000000000000000000,0.000000000000000000,0.000000000000000000,20.000000000000000000,12000.000000000000000000,4000.000000000000000000,0.000000000000000000
0.448000000000000000,0.000000000000000000,0.000000000000000000,0.000000000000000000,0.000000000000000000,0.000000000000000000,20.000000000000000000,12000.000000000000000000,4000.000000000000000000,0.000000000000000000
0.450000000000000000,0.000000000000000000,0.000000000000000000,0.000000000000000000,0.000000000000000000,0.000000000000000000,20.000000000000000000,12000.000000000000000000,4000.000000000000000000,0.000000000000000000
0.452000000000000000,0.000000000000000000,0.000000000000000000,0.000000000000000000,0.000000000000000000,0.000000000000000000,20.000000000000000000,12000.000000000000000000,4000.000000000000000000,0.000000000000000000
0.454000000000000000,0.000000000000000000,0.000000000000000000,0.000000000000000000,0.000000000000000000,0.000000000000000000,20.000000000000000000,12000.000000000000000000,4000.000000000000000000,0.000000000000000000
0.456000000000000000,0.000000000000000000,0.000000000000000000,0.000000000000000000,0.000000000000000000,0.000000000000000000,20.000000000000000000,12000.000000000000000000,4000.000000000000000000,0.000000000000000000
0.458000000000000000,0.000000000000000000,0.000000000000000000,0.000000000000000000,0.000000000000000000,0.000000000000000000,20.000000000000000000,12000.000000000000000000,4000.000000000000000000,0.000000000000000000
0.460000000000000000,0.000000000000000000,0.000000000000000000,0.000000000000000000,0.000000000000000000,0.000000000000000000,20.000000000000000000,12000.000000000000000000,4000.000000000000000000,0.000000000000000000
0.462000000000000000,0.000000000000000000,0.000000000000000000,0.000000000000000000,0.000000000000000000,0.000000000000000000,20.000000000000000000,12000.000000000000000000,4000.000000000000000000,0.000000000000000000
0.464000000000000000,0.000000000000000000,0.000000000000000000,0.000000000000000000,0.000000000000000000,0.000000000000000000,20.000000000000000000,12000.000000000000000000,4000.000000000000000000,0.000000000000000000
0.466000000000000000,0.000000000000000000,0.000000000000000000,0.000000000000000000,0.000000000000000000,0.000000000000000000,20.000000000000000000,12000.000000000000000000,4000.000000000000000000,0.000000000000000000
0.468000000000000000,0.000000000000000000,0.000000000000000000,0.000000000000000000,0.000000000000000000,0.000000000000000000,20.000000000000000000,12000.000000000000000000,4000.000000000000000000,0.000000000000000000
0.470000000000000000,0.000000000000000000,0.000000000000000000,0.000000000000000000,0.000000000000000000,0.000000000000000000,20.000000000000000000,12000.000000000000000000,4000.000000000000000000,0.000000000000000000
0.472000000000000000,0.000000000000000000,0.000000000000000000,0.000000000000000000,0.000000000000000000,0.000000000000000000,20.000000000000000000,12000.000000000000000000,4000.000000000000000000,0.000000000000000000
0.474000000000000000,0.000000000000000000,0.000000000000000000,0.000000000000000000,0.000000000000000000,0.000000000000000000,20.000000000000000000,12000.000000000000000000,4000.000000000000000000,0.000000000000000000
0.476000000000000000,0.000000000000000000,0.000000000000000000,0.000000000000000000,0.000000000000000000,0.000000000000000000,20.000000000000000000,12000.000000000000000000,4000.000000000000000000,0.000000000000000000
0.478000000000000000,0.000000000000000000,0.000000000000000000,0.000000000000000000,0.000000000000000000,0.000000000000000000,20.000000000000000000,12000.000000000000000000,4000.000000000000000000,0.000000000000000000
0.480000000000000000,0.000000000000000000,0.000000000000000000,0.000000000000000000,0.000000000000000000,0.000000000000000000,20.000000000000000000,12000.000000000000000000,4000.000000000000000000,0.000000000000000000
0.482000000000000000,0.000000000000000000,0.000000000000000000,0.000000000000000000,0.000000000000000000,0.000000000000000000,20.000000000000000000,12000.000000000000000000,4000.000000000000000000,0.000000000000000000
0.484000000000000000,0.000000000000000000,0.000000000000000000,0.000000000000000000,0.000000000000000000,0.000000000000000000,20.000000000000000000,12000.000000000000000000,4000.000000000000000000,0.000000000000000000
0.486000000000000000,0.000000000000000000,0.000000000000000000,0.000000000000000000,0.000000000000000000,0.000000000000000000,20.000000000000000000,12000.000000000000000000,4000.000000000000000000,0.000000000000000000
0.488000000000000000,0.000000000000000000,0.000000000000000000,0.000000000000000000,0.000000000000000000,0.000000000000000000,20.000000000000000000,12000.000000000000000000,4000.000000000000000000,0.000000000000000000
0.490000000000000000,0.000000000000000000,0.000000000000000000,0.000000000000000000,0.000000000000000000,0.000000000000000000,20.000000000000000000,12000.000000000000000000,4000.000000000000000000,0.000000000000000000
0.492000000000000000,0.000000000000000000,0.000000000000000000,0.000000000000000000,0.000000000000000000,0.000000000000000000,20.000000000000000000,12000.000000000000000000,4000.000000000000000000,0.000000000000000000
0.494000000000000000,0.000000000000000000,0.000000000000000000,0.000000000000000000,0.000000000000000000,0.000000000000000000,20.000000000000000000,12000.000000000000000000,4000.000000000000000000,0.000000000000000000
0.496000000000000000,0.000000000000000000,0.000000000000000000,0.000000000000000000,0.000000000000000000,0.000000000000000000,20.000000000000000000,12000.000000000000000000,4000.000000000000000000,0.000000000000000000
0.498000000000000000,0.000000000000000000,0.000000000000000000,0.000000000000000000,0.000000000000000000,0.000000000000000000,20.000000000000000000,12000.000000000000000000,4000.000000000000000000,0.000000000000000000
0.500000000000000000,0.000000000000000000,0.000000000000000000,0.000000000000000000,0.000000000000000000,0.000000000000000000,20.000000000000000000,12000.000000000000000000,4000.000000000000000000,0.000000000000000000
0.502000000000000000,0.000000000000000000,0.000000000000000000,0.000000000000000000,0.000000000000000000,0.000000000000000000,20.000000000000000000,12000.000000000000000000,4000.000000000000000000,0.000000000000000000
0.504000000000000000,0.000000000000000000,0.000000000000000000,0.000000000000000000,0.000000000000000000,0.000000000000000000,20.000000000000000000,12000.000000000000000000,4000.000000000000000000,0.000000000000000000
0.506000000000000000,0.000000000000000000,0.000000000000000000,0.000000000000000000,0.000000000000000000,0.000000000000000000,20.000000000000000000,12000.000000000000000000,4000.000000000000000000,0.000000000000000000
0.508000000000000000,0.000000000000000000,0.000000000000000000,0.000000000000000000,0.000000000000000000,0.000000000000000000,20.000000000000000000,12000.000000000000000000,4000.000000000000000000,0.000000000000000000
0.510000000000000000,0.000000000000000000,0.000000000000000000,0.000000000000000000,0.000000000000000000,0.000000000000000000,20.000000000000000000,12000.000000000000000000,4000.000000000000000000,0.000000000000000000
0.512000000000000000,0.000000000000000000,0.000000000000000000,0.000000000000000000,0.000000000000000000,0.000000000000000000,20.000000000000000000,12000.000000000000000000,4000.000000000000000000,0.000000000000000000
0.514000000000000000,0.000000000000000000,0.000000000000000000,0.000000000000000000,0.000000000000000000,0.000000000000000000,20.000000000000000000,12000.000000000000000000,4000.000000000000000000,0.000000000000000000
0.516000000000000000,0.000000000000000000,0.000000000000000000,0.000000000000000000,0.000000000000000000,0.000000000000000000,20.000000000000000000,12000.000000000000000000,4000.000000000000000000,0.000000000000000000
0.518000000000000000,0.000000000000000000,0.000000000000000000,0.000000000000000000,0.000000000000000000,0.000000000000000000,20.000000000000000000,12000.000000000000000000,4000.000000000000000000,0.000000000000000000
0.520000000000000000,0.000000000000000000,0.000000000000000000,0.000000000000000000,0.000000000000000000,0.000000000000000000,20.000000000000000000,12000.000000000000000000,4000.000000000000000000,0.000000000000000000
0.522000000000000000,0.000000000000000000,0.000000000000000000,0.000000000000000000,0.000000000000000000,0.000000000000000000,20.000000000000000000,12000.000000000000000000,4000.000000000000000000,0.000000000000000000
0.524000000000000000,0.000000000000000000,0.000000000000000000,0.000000000000000000,0.000000000000000000,0.000000000000000000,20.000000000000000000,12000.000000000000000000,4000.000000000000000000,0.000000000000000000
0.526000000000000000,0.000000000000000000,0.000000000000000000,0.000000000000000000,0.000000000000000000,0.000000000000000000,20.000000000000000000,12000.000000000000000000,4000.000000000000000000,0.000000000000000000
0.528000000000000000,0.000000000000000000,0.000000000000000000,0.000000000000000000,0.000000000000000000,0.000000000000000000,20.000000000000000000,12000.000000000000000000,4000.000000000000000000,0.000000000000000000
0.530000000000000000,0.000000000000000000,0.000000000000000000,0.000000000000000000,0.000000000000000000,0.000000000000000000,20.000000000000000000,12000.000000000000000000,4000.000000000000000000,0.000000000000000000
0.532000000000000000,0.000000000000000000,0.000000000000000000,0.000000000000000000,0.000000000000000000,0.000000000000000000,20.000000000000000000,12000.000000000000000000,4000.000000000000000000,0.000000000000000000
0.534000000000000000,0.000000000000000000,0.000000000000000000,0.000000000000000000,0.000000000000000000,0.000000000000000000,20.000000000000000000,12000.000000000000000000,4000.000000000000000000,0.000000000000000000
0.536000000000000000,0.000000000000000000,0.000000000000000000,0.000000000000000000,0.000000000000000000,0.000000000000000000,20.000000000000000000,12000.000000000000000000,4000.000000000000000000,0.000000000000000000
0.538000000000000000,0.000000000000000000,0.000000000000000000,0.000000000000000000,0.000000000000000000,0.000000000000000000,20.000000000000000000,12000.000000000000000000,4000.000000000000000000,0.000000000000000000
0.540000000000000000,0.000000000000000000,0.000000000000000000,0.000000000000000000,0.000000000000000000,0.000000000000000000,20.000000000000000000,12000.000000000000000000,4000.000000000000000000,0.000000000000000000
0.542000000000000000,0.000000000000000000,0.000000000000000000,0.000000000000000000,0.000000000000000000,0.000000000000000000,20.000000000000000000,12000.000000000000000000,4000.000000000000000000,0.000000000000000000
0.544000000000000000,0.000000000000000000,0.000000000000000000,0.000000000000000000,0.000000000000000000,0.000000000000000000,20.000000000000000000,12000.000000000000000000,4000.000000000000000000,0.000000000000000000
0.546000000000000000,0.000000000000000000,0.000000000000000000,0.000000000000000000,0.000000000000000000,0.000000000000000000,20.000000000000000000,12000.000000000000000000,4000.000000000000000000,0.000000000000000000
0.548000000000000000,0.000000000000000000,0.000000000000000000,0.000000000000000000,0.000000000000000000,0.000000000000000000,20.000000000000000000,12000.000000000000000000,4000.000000000000000000,0.000000000000000000
0.550000000000000000,0.000000000000000000,0.000000000000000000,0.000000000000000000,0.000000000000000000,0.000000000000000000,20.000000000000000000,12000.000000000000000000,4000.000000000000000000,0.000000000000000000
0.552000000000000000,0.000000000000000000,0.000000000000000000,0.000000000000000000,0.000000000000000000,0.000000000000000000,20.000000000000000000,12000.000000000000000000,4000.000000000000000000,0.000000000000000000
0.554000000000000000,0.000000000000000000,0.000000000000000000,0.000000000000000000,0.000000000000000000,0.000000000000000000,20.000000000000000000,12000.000000000000000000,4000.000000000000000000,0.000000000000000000
0.556000000000000000,0.000000000000000000,0.000000000000000000,0.000000000000000000,0.000000000000000000,0.000000000000000000,20.000000000000000000,12000.000000000000000000,4000.000000000000000000,0.000000000000000000
0.558000000000000000,0.000000000000000000,0.000000000000000000,0.000000000000000000,0.000000000000000000,0.000000000000000000,20.000000000000000000,12000.000000000000000000,4000.000000000000000000,0.000000000000000000
0.560000000000000000,0.000000000000000000,0.000000000000000000,0.000000000000000000,0.000000000000000000,0.000000000000000000,20.000000000000000000,12000.000000000000000000,4000.000000000000000000,0.000000000000000000
0.562000000000000000,0.000000000000000000,0.000000000000000000,0.000000000000000000,0.000000000000000000,0.000000000000000000,20.000000000000000000,12000.000000000000000000,4000.000000000000000000,0.000000000000000000
0.564000000000000000,0.000000000000000000,0.000000000000000000,0.000000000000000000,0.000000000000000000,0.000000000000000000,20.000000000000000000,12000.000000000000000000,4000.000000000000000000,0.000000000000000000
0.566000000000000000,0.000000000000000000,0.000000000000000000,0.000000000000000000,0.000000000000000000,0.000000000000000000,20.000000000000000000,12000.000000000000000000,4000.000000000000000000,0.000000000000000000
0.568000000000000000,0.000000000000000000,0.000000000000000000,0.000000000000000000,0.000000000000000000,0.000000000000000000,20.000000000000000000,12000.000000000000000000,4000.000000000000000000,0.000000000000000000
0.570000000000000000,0.000000000000000000,0.000000000000000000,0.000000000000000000,0.000000000000000000,0.000000000000000000,20.000000000000000000,12000.000000000000000000,4000.000000000000000000,0.000000000000000000
0.572000000000000000,0.000000000000000000,0.000000000000000000,0.000000000000000000,0.000000000000000000,0.000000000000000000,20.000000000000000000,12000.000000000000000000,4000.000000000000000000,0.000000000000000000
0.574000000000000000,0.000000000000000000,0.000000000000000000,0.000000000000000000,0.000000000000000000,0.000000000000000000,20.000000000000000000,12000.000000000000000000,4000.000000000000000000,0.000000000000000000
0.576000000000000000,0.000000000000000000,0.000000000000000000,0.000000000000000000,0.000000000000000000,0.000000000000000000,20.000000000000000000,12000.000000000000000000,4000.000000000000000000,0.000000000000000000
0.578000000000000000,0.000000000000000000,0.000000000000000000,0.000000000000000000,0.000000000000000000,0.000000000000000000,20.000000000000000000,12000.000000000000000000,4000.000000000000000000,0.000000000000000000
0.580000000000000000,0.000000000000000000,0.000000000000000000,0.000000000000000000,0.000000000000000000,0.000000000000000000,20.000000000000000000,12000.000000000000000000,4000.000000000000000000,0.000000000000000000
0.582000000000000000,0.000000000000000000,0.000000000000000000,0.000000000000000000,0.000000000000000000,0.000000000000000000,20.000000000000000000,12000.000000000000000000,4000.000000000000000000,0.000000000000000000
0.584000000000000000,0.000000000000000000,0.000000000000000000,0.000000000000000000,0.000000000000000000,0.000000000000000000,20.000000000000000000,12000.000000000000000000,4000.000000000000000000,0.000000000000000000
0.586000000000000000,0.000000000000000000,0.000000000000000000,0.000000000000000000,0.000000000000000000,0.000000000000000000,20.000000000000000000,12000.000000000000000000,4000.000000000000000000,0.000000000000000000
0.588000000000000000,0.000000000000000000,0.000000000000000000,0.000000000000000000,0.000000000000000000,0.000000000000000000,20.000000000000000000,12000.000000000000000000,4000.000000000000000000,0.000000000000000000
0.590000000000000000,0.000000000000000000,0.000000000000000000,0.000000000000000000,0.000000000000000000,0.000000000000000000,20.000000000000000000,12000.000000000000000000,4000.000000000000000000,0.000000000000000000
0.592000000000000000,0.000000000000000000,0.000000000000000000,0.000000000000000000,0.000000000000000000,0.000000000000000000,20.000000000000000000,12000.000000000000000000,4000.000000000000000000,0.000000000000000000
0.594000000000000000,0.000000000000000000,0.000000000000000000,0.000000000000000000,0.000000000000000000,0.000000000000000000,20.000000000000000000,12000.000000000000000000,4000.000000000000000000,0.000000000000000000
0.596000000000000000,0.000000000000000000,0.000000000000000000,0.000000000000000000,0.000000000000000000,0.000000000000000000,20.000000000000000000,12000.000000000000000000,4000.000000000000000000,0.000000000000000000
0.598000000000000000,0.000000000000000000,0.000000000000000000,0.000000000000000000,0.000000000000000000,0.000000000000000000,20.000000000000000000,12000.000000000000000000,4000.000000000000000000,0.000000000000000000
0.600000000000000000,0.000000000000000000,0.000000000000000000,0.000000000000000000,0.000000000000000000,0.000000000000000000,20.000000000000000000,12000.000000000000000000,4000.000000000000000000,0.000000000000000000
0.602000000000000000,0.000000000000000000,0.000000000000000000,0.000000000000000000,0.000000000000000000,0.000000000000000000,20.000000000000000000,12000.000000000000000000,4000.000000000000000000,0.000000000000000000
0.604000000000000000,0.000000000000000000,0.000000000000000000,0.000000000000000000,0.000000000000000000,0.000000000000000000,20.000000000000000000,12000.000000000000000000,4000.000000000000000000,0.000000000000000000
0.606000000000000000,0.000000000000000000,0.000000000000000000,0.000000000000000000,0.000000000000000000,0.000000000000000000,20.000000000000000000,12000.000000000000000000,4000.000000000000000000,0.000000000000000000
0.608000000000000000,0.000000000000000000,0.000000000000000000,0.000000000000000000,0.000000000000000000,0.000000000000000000,20.000000000000000000,12000.000000000000000000,4000.000000000000000000,0.000000000000000000
0.610000000000000000,0.000000000000000000,0.000000000000000000,0.000000000000000000,0.000000000000000000,0.000000000000000000,20.000000000000000000,12000.000000000000000000,4000.000000000000000000,0.000000000000000000
0.612000000000000000,0.000000000000000000,0.000000000000000000,0.000000000000000000,0.000000000000000000,0.000000000000000000,20.000000000000000000,12000.000000000000000000,4000.000000000000000000,0.000000000000000000
0.614000000000000000,0.000000000000000000,0.000000000000000000,0.000000000000000000,0.000000000000000000,0.000000000000000000,20.000000000000000000,12000.000000000000000000,4000.000000000000000000,0.000000000000000000
0.616000000000000000,0.000000000000000000,0.000000000000000000,0.000000000000000000,0.000000000000000000,0.000000000000000000,20.000000000000000000,12000.000000000000000000,4000.000000000000000000,0.000000000000000000
0.618000000000000000,0.000000000000000000,0.000000000000000000,0.000000000000000000,0.000000000000000000,0.000000000000000000,20.000000000000000000,12000.000000000000000000,4000.000000000000000000,0.000000000000000000
0.620000000000000000,0.000000000000000000,0.000000000000000000,0.000000000000000000,0.000000000000000000,0.000000000000000000,20.000000000000000000,12000.000000000000000000,4000.000000000000000000,0.000000000000000000
0.622000000000000000,0.000000000000000000,0.000000000000000000,0.000000000000000000,0.000000000000000000,0.000000000000000000,20.000000000000000000,12000.000000000000000000,4000.000000000000000000,0.000000000000000000
0.624000000000000000,0.000000000000000000,0.000000000000000000,0.000000000000000000,0.000000000000000000,0.000000000000000000,20.000000000000000000,12000.000000000000000000,4000.000000000000000000,0.000000000000000000
0.626000000000000000,0.000000000000000000,0.000000000000000000,0.000000000000000000,0.000000000000000000,0.000000000000000000,20.000000000000000000,12000.000000000000000000,4000.000000000000000000,0.000000000000000000
0.628000000000000000,0.000000000000000000,0.000000000000000000,0.000000000000000000,0.000000000000000000,0.000000000000000000,20.000000000000000000,12000.000000000000000000,4000.000000000000000000,0.000000000000000000
0.630000000000000000,0.000000000000000000,0.000000000000000000,0.000000000000000000,0.000000000000000000,0.000000000000000000,20.000000000000000000,12000.000000000000000000,4000.000000000000000000,0.000000000000000000
0.632000000000000000,0.000000000000000000,0.000000000000000000,0.000000000000000000,0.000000000000000000,0.000000000000000000,20.000000000000000000,12000.000000000000000000,4000.000000000000000000,0.000000000000000000
0.634000000000000000,0.000000000000000000,0.000000000000000000,0.000000000000000000,0.000000000000000000,0.000000000000000000,20.000000000000000000,12000.000000000000000000,4000.000000000000000000,0.000000000000000000
0.636000000000000000,0.000000000000000000,0.000000000000000000,0.000000000000000000,0.000000000000000000,0.000000000000000000,20.000000000000000000,12000.000000000000000000,4000.000000000000000000,0.000000000000000000
0.638000000000000000,0.000000000000000000,0.000000000000000000,0.000000000000000000,0.000000000000000000,0.000000000000000000,20.000000000000000000,12000.000000000000000000,4000.000000000000000000,0.000000000000000000
0.640000000000000000,0.000000000000000000,0.000000000000000000,0.000000000000000000,0.000000000000000000,0.000000000000000000,20.000000000000000000,12000.000000000000000000,4000.000000000000000000,0.000000000000000000
0.642000000000000000,0.000000000000000000,0.000000000000000000,0.000000000000000000,0.000000000000000000,0.000000000000000000,20.000000000000000000,12000.000000000000000000,4000.000000000000000000,0.000000000000000000
0.644000000000000000,0.000000000000000000,0.000000000000000000,0.000000000000000000,0.000000000000000000,0.000000000000000000,20.000000000000000000,12000.000000000000000000,4000.000000000000000000,0.000000000000000000
0.646000000000000000,0.000000000000000000,0.000000000000000000,0.000000000000000000,0.000000000000000000,0.000000000000000000,20.000000000000000000,12000.000000000000000000,4000.000000000000000000,0.000000000000000000
0.648000000000000000,0.000000000000000000,0.000000000000000000,0.000000000000000000,0.000000000000000000,0.000000000000000000,20.000000000000000000,12000.000000000000000000,4000.000000000000000000,0.000000000000000000
0.650000000000000000,0.000000000000000000,0.000000000000000000,0.000000000000000000,0.000000000000000000,0.000000000000000000,20.000000000000000000,12000.000000000000000000,4000.000000000000000000,0.000000000000000000
0.652000000000000000,0.000000000000000000,0.000000000000000000,0.000000000000000000,0.000000000000000000,0.000000000000000000,20.000000000000000000,12000.000000000000000000,4000.000000000000000000,0.000000000000000000
0.654000000000000000,0.000000000000000000,0.000000000000000000,0.000000000000000000,0.000000000000000000,0.000000000000000000,20.000000000000000000,12000.000000000000000000,4000.000000000000000000,0.000000000000000000
0.656000000000000000,0.000000000000000000,0.000000000000000000,0.000000000000000000,0.000000000000000000,0.000000000000000000,20.000000000000000000,12000.000000000000000000,4000.000000000000000000,0.000000000000000000
0.658000000000000000,0.000000000000000000,0.000000000000000000,0.000000000000000000,0.000000000000000000,0.000000000000000000,20.000000000000000000,12000.000000000000000000,4000.000000000000000000,0.000000000000000000
0.660000000000000000,0.000000000000000000,0.000000000000000000,0.000000000000000000,0.000000000000000000,0.000000000000000000,20.000000000000000000,12000.000000000000000000,4000.000000000000000000,0.000000000000000000
0.662000000000000000,0.000000000000000000,0.000000000000000000,0.000000000000000000,0.000000000000000000,0.000000000000000000,20.000000000000000000,12000.000000000000000000,4000.000000000000000000,0.000000000000000000
0.664000000000000000,0.000000000000000000,0.000000000000000000,0.000000000000000000,0.000000000000000000,0.000000000000000000,20.000000000000000000,12000.000000000000000000,4000.000000000000000000,0.000000000000000000
0.666000000000000000,0.000000000000000000,0.000000000000000000,0.000000000000000000,0.000000000000000000,0.000000000000000000,20.000000000000000000,12000.000000000000000000,4000.000000000000000000,0.000000000000000000
0.668000000000000000,0.000000000000000000,0.000000000000000000,0.000000000000000000,0.000000000000000000,0.000000000000000000,20.000000000000000000,12000.000000000000000000,4000.000000000000000000,0.000000000000000000
0.670000000000000000,0.000000000000000000,0.000000000000000000,0.000000000000000000,0.000000000000000000,0.000000000000000000,20.000000000000000000,12000.000000000000000000,4000.000000000000000000,0.000000000000000000
0.672000000000000000,0.000000000000000000,0.000000000000000000,0.000000000000000000,0.000000000000000000,0.000000000000000000,20.000000000000000000,12000.000000000000000000,4000.000000000000000000,0.000000000000000000
0.674000000000000000,0.000000000000000000,0.000000000000000000,0.000000000000000000,0.000000000000000000,0.000000000000000000,20.000000000000000000,12000.000000000000000000,4000.000000000000000000,0.000000000000000000
0.676000000000000000,0.000000000000000000,0.000000000000000000,0.000000000000000000,0.000000000000000000,0.000000000000000000,20.000000000000000000,12000.000000000000000000,4000.000000000000000000,0.000000000000000000
0.678000000000000000,0.000000000000000000,0.000000000000000000,0.000000000000000000,0.000000000000000000,0.000000000000000000,20.000000000000000000,12000.000000000000000000,4000.000000000000000000,0.000000000000000000
0.680000000000000000,0.000000000000000000,0.000000000000000000,0.000000000000000000,0.000000000000000000,0.000000000000000000,20.000000000000000000,12000.000000000000000000,4000.000000000000000000,0.000000000000000000
0.682000000000000000,0.000000000000000000,0.000000000000000000,0.000000000000000000,0.000000000000000000,0.000000000000000000,20.000000000000000000,12000.000000000000000000,4000.000000000000000000,0.000000000000000000
0.684000000000000000,0.000000000000000000,0.000000000000000000,0.000000000000000000,0.000000000000000000,0.000000000000000000,20.000000000000000000,12000.000000000000000000,4000.000000000000000000,0.000000000000000000
0.686000000000000000,0.000000000000000000,0.000000000000000000,0.000000000000000000,0.000000000000000000,0.000000000000000000,20.000000000000000000,12000.000000000000000000,4000.000000000000000000,0.000000000000000000
0.688000000000000000,0.000000000000000000,0.000000000000000000,0.000000000000000000,0.000000000000000000,0.000000000000000000,20.000000000000000000,12000.000000000000000000,4000.000000000000000000,0.000000000000000000
0.690000000000000000,0.000000000000000000,0.000000000000000000,0.000000000000000000,0.000000000000000000,0.000000000000000000,20.000000000000000000,12000.000000000000000000,4000.000000000000000000,0.000000000000000000
0.692000000000000000,0.000000000000000000,0.000000000000000000,0.000000000000000000,0.000000000000000000,0.000000000000000000,20.000000000000000000,12000.000000000000000000,4000.000000000000000000,0.000000000000000000
0.694000000000000000,0.000000000000000000,0.000000000000000000,0.000000000000000000,0.000000000000000000,0.000000000000000000,20.000000000000000000,12000.000000000000000000,4000.000000000000000000,0.000000000000000000
0.696000000000000000,0.000000000000000000,0.000000000000000000,0.000000000000000000,0.000000000000000000,0.000000000000000000,20.000000000000000000,12000.000000000000000000,4000.000000000000000000,0.000000000000000000
0.698000000000000000,0.000000000000000000,0.000000000000000000,0.000000000000000000,0.000000000000000000,0.000000000000000000,20.000000000000000000,12000.000000000000000000,4000.000000000000000000,0.000000000000000000
0.700000000000000000,0.000000000000000000,0.000000000000000000,0.000000000000000000,0.000000000000000000,0.000000000000000000,20.000000000000000000,12000.000000000000000000,4000.000000000000000000,0.000000000000000000
0.702000000000000000,0.000000000000000000,0.000000000000000000,0.000000000000000000,0.000000000000000000,0.000000000000000000,20.000000000000000000,12000.000000000000000000,4000.000000000000000000,0.000000000000000000
0.704000000000000000,0.000000000000000000,0.000000000000000000,0.000000000000000000,0.000000000000000000,0.000000000000000000,20.000000000000000000,12000.000000000000000000,4000.000000000000000000,0.000000000000000000
0.706000000000000000,0.000000000000000000,0.000000000000000000,0.000000000000000000,0.000000000000000000,0.000000000000000000,20.000000000000000000,12000.000000000000000000,4000.000000000000000000,0.000000000000000000
0.708000000000000000,0.000000000000000000,0.000000000000000000,0.000000000000000000,0.000000000000000000,0.000000000000000000,20.000000000000000000,12000.000000000000000000,4000.000000000000000000,0.000000000000000000
0.710000000000000000,0.000000000000000000,0.000000000000000000,0.000000000000000000,0.000000000000000000,0.000000000000000000,20.000000000000000000,12000.000000000000000000,4000.000000000000000000,0.000000000000000000
0.712000000000000000,0.000000000000000000,0.000000000000000000,0.000000000000000000,0.000000000000000000,0.000000000000000000,20.000000000000000000,12000.000000000000000000,4000.000000000000000000,0.000000000000000000
0.714000000000000000,0.000000000000000000,0.000000000000000000,0.000000000000000000,0.000000000000000000,0.000000000000000000,20.000000000000000000,12000.000000000000000000,4000.000000000000000000,0.000000000000000000
0.716000000000000000,0.000000000000000000,0.000000000000000000,0.000000000000000000,0.000000000000000000,0.000000000000000000,20.000000000000000000,12000.000000000000000000,4000.000000000000000000,0.000000000000000000
0.718000000000000000,0.000000000000000000,0.000000000000000000,0.000000000000000000,0.000000000000000000,0.000000000000000000,20.000000000000000000,12000.000000000000000000,4000.000000000000000000,0.000000000000000000
0.720000000000000000,0.000000000000000000,0.000000000000000000,0.000000000000000000,0.000000000000000000,0.000000000000000000,20.000000000000000000,12000.000000000000000000,4000.000000000000000000,0.000000000000000000
0.722000000000000000,0.000000000000000000,0.000000000000000000,0.000000000000000000,0.000000000000000000,0.000000000000000000,20.000000000000000000,12000.000000000000000000,4000.000000000000000000,0.000000000000000000
0.724000000000000000,0.000000000000000000,0.000000000000000000,0.000000000000000000,0.000000000000000000,0.000000000000000000,20.000000000000000000,12000.000000000000000000,4000.000000000000000000,0.000000000000000000
0.726000000000000000,0.000000000000000000,0.000000000000000000,0.000000000000000000,0.000000000000000000,0.000000000000000000,20.000000000000000000,12000.000000000000000000,4000.000000000000000000,0.000000000000000000
0.728000000000000000,0.000000000000000000,0.000000000000000000,0.000000000000000000,0.000000000000000000,0.000000000000000000,20.000000000000000000,12000.000000000000000000,4000.000000000000000000,0.000000000000000000
0.730000000000000000,0.000000000000000000,0.000000000000000000,0.000000000000000000,0.000000000000000000,0.000000000000000000,20.000000000000000000,12000.000000000000000000,4000.000000000000000000,0.000000000000000000
0.732000000000000000,0.000000000000000000,0.000000000000000000,0.000000000000000000,0.000000000000000000,0.000000000000000000,20.000000000000000000,12000.000000000000000000,4000.000000000000000000,0.000000000000000000
0.734000000000000000,0.000000000000000000,0.000000000000000000,0.000000000000000000,0.000000000000000000,0.000000000000000000,20.000000000000000000,12000.000000000000000000,4000.000000000000000000,0.000000000000000000
0.736000000000000000,0.000000000000000000,0.000000000000000000,0.000000000000000000,0.000000000000000000,0.000000000000000000,20.000000000000000000,12000.000000000000000000,4000.000000000000000000,0.000000000000000000
0.738000000000000000,0.000000000000000000,0.000000000000000000,0.000000000000000000,0.000000000000000000,0.000000000000000000,20.000000000000000000,12000.000000000000000000,4000.000000000000000000,0.000000000000000000
0.740000000000000000,0.000000000000000000,0.000000000000000000,0.000000000000000000,0.000000000000000000,0.000000000000000000,20.000000000000000000,12000.000000000000000000,4000.000000000000000000,0.000000000000000000
0.742000000000000000,0.000000000000000000,0.000000000000000000,0.000000000000000000,0.000000000000000000,0.000000000000000000,20.000000000000000000,12000.000000000000000000,4000.000000000000000000,0.000000000000000000
0.744000000000000000,0.000000000000000000,0.000000000000000000,0.000000000000000000,0.000000000000000000,0.000000000000000000,20.000000000000000000,12000.000000000000000000,4000.000000000000000000,0.000000000000000000
0.746000000000000000,0.000000000000000000,0.000000000000000000,0.000000000000000000,0.000000000000000000,0.000000000000000000,20.000000000000000000,12000.000000000000000000,4000.000000000000000000,0.000000000000000000
0.748000000000000000,0.000000000000000000,0.000000000000000000,0.000000000000000000,0.000000000000000000,0.000000000000000000,20.000000000000000000,12000.000000000000000000,4000.000000000000000000,0.000000000000000000
0.750000000000000000,0.000000000000000000,0.000000000000000000,0.000000000000000000,0.000000000000000000,0.000000000000000000,20.000000000000000000,12000.000000000000000000,4000.000000000000000000,0.000000000000000000
0.752000000000000000,0.000000000000000000,0.000000000000000000,0.000000000000000000,0.000000000000000000,0.000000000000000000,20.000000000000000000,12000.000000000000000000,4000.000000000000000000,0.000000000000000000
0.754000000000000000,0.000000000000000000,0.000000000000000000,0.000000000000000000,0.000000000000000000,0.000000000000000000,20.000000000000000000,12000.000000000000000000,4000.000000000000000000,0.000000000000000000
0.756000000000000000,0.000000000000000000,0.000000000000000000,0.000000000000000000,0.000000000000000000,0.000000000000000000,20.000000000000000000,12000.000000000000000000,4000.000000000000000000,0.000000000000000000
0.758000000000000000,0.000000000000000000,0.000000000000000000,0.000000000000000000,0.000000000000000000,0.000000000000000000,20.000000000000000000,12000.000000000000000000,4000.000000000000000000,0.000000000000000000
0.760000000000000000,0.000000000000000000,0.000000000000000000,0.000000000000000000,0.000000000000000000,0.000000000000000000,20.000000000000000000,12000.000000000000000000,4000.000000000000000000,0.000000000000000000
0.762000000000000000,0.000000000000000000,0.000000000000000000,0.000000000000000000,0.000000000000000000,0.000000000000000000,20.000000000000000000,12000.000000000000000000,4000.000000000000000000,0.000000000000000000
0.764000000000000000,0.000000000000000000,0.000000000000000000,0.000000000000000000,0.000000000000000000,0.000000000000000000,20.000000000000000000,12000.000000000000000000,4000.000000000000000000,0.000000000000000000
0.766000000000000000,0.000000000000000000,0.000000000000000000,0.000000000000000000,0.000000000000000000,0.000000000000000000,20.000000000000000000,12000.000000000000000000,4000.000000000000000000,0.000000000000000000
0.768000000000000000,0.000000000000000000,0.000000000000000000,0.000000000000000000,0.000000000000000000,0.000000000000000000,20.000000000000000000,12000.000000000000000000,4000.000000000000000000,0.000000000000000000
0.770000000000000000,0.000000000000000000,0.000000000000000000,0.000000000000000000,0.000000000000000000,0.000000000000000000,20.000000000000000000,12000.000000000000000000,4000.000000000000000000,0.000000000000000000
0.772000000000000000,0.000000000000000000,0.000000000000000000,0.000000000000000000,0.000000000000000000,0.000000000000000000,20.000000000000000000,12000.000000000000000000,4000.000000000000000000,0.000000000000000000
0.774000000000000000,0.000000000000000000,0.000000000000000000,0.000000000000000000,0.000000000000000000,0.000000000000000000,20.000000000000000000,12000.000000000000000000,4000.000000000000000000,0.000000000000000000
0.776000000000000000,0.000000000000000000,0.000000000000000000,0.000000000000000000,0.000000000000000000,0.000000000000000000,20.000000000000000000,12000.000000000000000000,4000.000000000000000000,0.000000000000000000
0.778000000000000000,0.000000000000000000,0.000000000000000000,0.000000000000000000,0.000000000000000000,0.000000000000000000,20.000000000000000000,12000.000000000000000000,4000.000000000000000000,0.000000000000000000
0.780000000000000000,0.000000000000000000,0.000000000000000000,0.000000000000000000,0.000000000000000000,0.000000000000000000,20.000000000000000000,12000.000000000000000000,4000.000000000000000000,0.000000000000000000
0.782000000000000000,0.000000000000000000,0.000000000000000000,0.000000000000000000,0.000000000000000000,0.000000000000000000,20.000000000000000000,12000.000000000000000000,4000.000000000000000000,0.000000000000000000
0.784000000000000000,0.000000000000000000,0.000000000000000000,0.000000000000000000,0.000000000000000000,0.000000000000000000,20.000000000000000000,12000.000000000000000000,4000.000000000000000000,0.000000000000000000
0.786000000000000000,0.000000000000000000,0.000000000000000000,0.000000000000000000,0.000000000000000000,0.000000000000000000,20.000000000000000000,12000.000000000000000000,4000.000000000000000000,0.000000000000000000
0.788000000000000000,0.000000000000000000,0.000000000000000000,0.000000000000000000,0.000000000000000000,0.000000000000000000,20.000000000000000000,12000.000000000000000000,4000.000000000000000000,0.000000000000000000
0.790000000000000000,0.000000000000000000,0.000000000000000000,0.000000000000000000,0.000000000000000000,0.000000000000000000,20.000000000000000000,12000.000000000000000000,4000.000000000000000000,0.000000000000000000
0.792000000000000000,0.000000000000000000,0.000000000000000000,0.000000000000000000,0.000000000000000000,0.000000000000000000,20.000000000000000000,12000.000000000000000000,4000.000000000000000000,0.000000000000000000
0.794000000000000000,0.000000000000000000,0.000000000000000000,0.000000000000000000,0.000000000000000000,0.000000000000000000,20.000000000000000000,12000.000000000000000000,4000.000000000000000000,0.000000000000000000
0.796000000000000000,0.000000000000000000,0.000000000000000000,0.000000000000000000,0.000000000000000000,0.000000000000000000,20.000000000000000000,12000.000000000000000000,4000.000000000000000000,0.000000000000000000
0.798000000000000000,0.000000000000000000,0.000000000000000000,0.000000000000000000,0.000000000000000000,0.000000000000000000,20.000000000000000000,12000.000000000000000000,4000.000000000000000000,0.000000000000000000
0.800000000000000000,0.000000000000000000,0.000000000000000000,0.000000000000000000,0.000000000000000000,0.000000000000000000,20.000000000000000000,12000.000000000000000000,4000.000000000000000000,0.000000000000000000
0.802000000000000000,0.000000000000000000,0.000000000000000000,0.000000000000000000,0.000000000000000000,0.000000000000000000,20.000000000000000000,12000.000000000000000000,4000.000000000000000000,0.000000000000000000
0.804000000000000000,0.000000000000000000,0.000000000000000000,0.000000000000000000,0.000000000000000000,0.000000000000000000,20.000000000000000000,12000.000000000000000000,4000.000000000000000000,0.000000000000000000
0.806000000000000000,0.000000000000000000,0.000000000000000000,0.000000000000000000,0.000000000000000000,0.000000000000000000,20.000000000000000000,12000.000000000000000000,4000.000000000000000000,0.000000000000000000
0.808000000000000000,0.000000000000000000,0.000000000000000000,0.000000000000000000,0.000000000000000000,0.000000000000000000,20.000000000000000000,12000.000000000000000000,4000.000000000000000000,0.000000000000000000
0.810000000000000000,0.000000000000000000,0.000000000000000000,0.000000000000000000,0.000000000000000000,0.000000000000000000,20.000000000000000000,12000.000000000000000000,4000.000000000000000000,0.000000000000000000
0.812000000000000000,0.000000000000000000,0.000000000000000000,0.000000000000000000,0.000000000000000000,0.000000000000000000,20.000000000000000000,12000.000000000000000000,4000.000000000000000000,0.000000000000000000
0.814000000000000000,0.000000000000000000,0.000000000000000000,0.000000000000000000,0.000000000000000000,0.000000000000000000,20.000000000000000000,12000.000000000000000000,4000.000000000000000000,0.000000000000000000
0.816000000000000000,0.000000000000000000,0.000000000000000000,0.000000000000000000,0.000000000000000000,0.000000000000000000,20.000000000000000000,12000.000000000000000000,4000.000000000000000000,0.000000000000000000
0.818000000000000000,0.000000000000000000,0.000000000000000000,0.000000000000000000,0.000000000000000000,0.000000000000000000,20.000000000000000000,12000.000000000000000000,4000.000000000000000000,0.000000000000000000
0.820000000000000000,0.000000000000000000,0.000000000000000000,0.000000000000000000,0.000000000000000000,0.000000000000000000,20.000000000000000000,12000.000000000000000000,4000.000000000000000000,0.000000000000000000
0.822000000000000000,0.000000000000000000,0.000000000000000000,0.000000000000000000,0.000000000000000000,0.000000000000000000,20.000000000000000000,12000.000000000000000000,4000.000000000000000000,0.000000000000000000
0.824000000000000000,0.000000000000000000,0.000000000000000000,0.000000000000000000,0.000000000000000000,0.000000000000000000,20.000000000000000000,12000.000000000000000000,4000.000000000000000000,0.000000000000000000
0.826000000000000000,0.000000000000000000,0.000000000000000000,0.000000000000000000,0.000000000000000000,0.000000000000000000,20.000000000000000000,12000.000000000000000000,4000.000000000000000000,0.000000000000000000
0.828000000000000000,0.000000000000000000,0.000000000000000000,0.000000000000000000,0.000000000000000000,0.000000000000000000,20.000000000000000000,12000.000000000000000000,4000.000000000000000000,0.000000000000000000
0.830000000000000000,0.000000000000000000,0.000000000000000000,0.000000000000000000,0.000000000000000000,0.000000000000000000,20.000000000000000000,12000.000000000000000000,4000.000000000000000000,0.000000000000000000
0.832000000000000000,0.000000000000000000,0.000000000000000000,0.000000000000000000,0.000000000000000000,0.000000000000000000,20.000000000000000000,12000.000000000000000000,4000.000000000000000000,0.000000000000000000
0.834000000000000000,0.000000000000000000,0.000000000000000000,0.000000000000000000,0.000000000000000000,0.000000000000000000,20.000000000000000000,12000.000000000000000000,4000.000000000000000000,0.000000000000000000
0.836000000000000000,0.000000000000000000,0.000000000000000000,0.000000000000000000,0.000000000000000000,0.000000000000000000,20.000000000000000000,12000.000000000000000000,4000.000000000000000000,0.000000000000000000
0.838000000000000000,0.000000000000000000,0.000000000000000000,0.000000000000000000,0.000000000000000000,0.000000000000000000,20.000000000000000000,12000.000000000000000000,4000.000000000000000000,0.000000000000000000
0.840000000000000000,0.000000000000000000,0.000000000000000000,0.000000000000000000,0.000000000000000000,0.000000000000000000,20.000000000000000000,12000.000000000000000000,4000.000000000000000000,0.000000000000000000
0.842000000000000000,0.000000000000000000,0.000000000000000000,0.000000000000000000,0.000000000000000000,0.000000000000000000,20.000000000000000000,12000.000000000000000000,4000.000000000000000000,0.000000000000000000
0.844000000000000000,0.000000000000000000,0.000000000000000000,0.000000000000000000,0.000000000000000000,0.000000000000000000,20.000000000000000000,12000.000000000000000000,4000.000000000000000000,0.000000000000000000
0.846000000000000000,0.000000000000000000,0.000000000000000000,0.000000000000000000,0.000000000000000000,0.000000000000000000,20.000000000000000000,12000.000000000000000000,4000.000000000000000000,0.000000000000000000
0.848000000000000000,0.000000000000000000,0.000000000000000000,0.000000000000000000,0.000000000000000000,0.000000000000000000,20.000000000000000000,12000.000000000000000000,4000.000000000000000000,0.000000000000000000
0.850000000000000000,0.000000000000000000,0.000000000000000000,0.000000000000000000,0.000000000000000000,0.000000000000000000,20.000000000000000000,12000.000000000000000000,4000.000000000000000000,0.000000000000000000
0.852000000000000000,0.000000000000000000,0.000000000000000000,0.000000000000000000,0.000000000000000000,0.000000000000000000,20.000000000000000000,12000.000000000000000000,4000.000000000000000000,0.000000000000000000
0.854000000000000000,0.000000000000000000,0.000000000000000000,0.000000000000000000,0.000000000000000000,0.000000000000000000,20.000000000000000000,12000.000000000000000000,4000.000000000000000000,0.000000000000000000
0.856000000000000000,0.000000000000000000,0.000000000000000000,0.000000000000000000,0.000000000000000000,0.000000000000000000,20.000000000000000000,12000.000000000000000000,4000.000000000000000000,0.000000000000000000
0.858000000000000000,0.000000000000000000,0.000000000000000000,0.000000000000000000,0.000000000000000000,0.000000000000000000,20.000000000000000000,12000.000000000000000000,4000.000000000000000000,0.000000000000000000
0.860000000000000000,0.000000000000000000,0.000000000000000000,0.000000000000000000,0.000000000000000000,0.000000000000000000,20.000000000000000000,12000.000000000000000000,4000.000000000000000000,0.000000000000000000
0.862000000000000000,0.000000000000000000,0.000000000000000000,0.000000000000000000,0.000000000000000000,0.000000000000000000,20.000000000000000000,12000.000000000000000000,4000.000000000000000000,0.000000000000000000
0.864000000000000000,0.000000000000000000,0.000000000000000000,0.000000000000000000,0.000000000000000000,0.000000000000000000,20.000000000000000000,12000.000000000000000000,4000.000000000000000000,0.000000000000000000
0.866000000000000000,0.000000000000000000,0.000000000000000000,0.000000000000000000,0.000000000000000000,0.000000000000000000,20.000000000000000000,12000.000000000000000000,4000.000000000000000000,0.000000000000000000
0.868000000000000000,0.000000000000000000,0.000000000000000000,0.000000000000000000,0.000000000000000000,0.000000000000000000,20.000000000000000000,12000.000000000000000000,4000.000000000000000000,0.000000000000000000
0.870000000000000000,0.000000000000000000,0.000000000000000000,0.000000000000000000,0.000000000000000000,0.000000000000000000,20.000000000000000000,12000.000000000000000000,4000.000000000000000000,0.000000000000000000
0.872000000000000000,0.000000000000000000,0.000000000000000000,0.000000000000000000,0.000000000000000000,0.000000000000000000,20.000000000000000000,12000.000000000000000000,4000.000000000000000000,0.000000000000000000
0.874000000000000000,0.000000000000000000,0.000000000000000000,0.000000000000000000,0.000000000000000000,0.000000000000000000,20.000000000000000000,12000.000000000000000000,4000.000000000000000000,0.000000000000000000
0.876000000000000000,0.000000000000000000,0.000000000000000000,0.000000000000000000,0.000000000000000000,0.000000000000000000,20.000000000000000000,12000.000000000000000000,4000.000000000000000000,0.000000000000000000
0.878000000000000000,0.000000000000000000,0.000000000000000000,0.000000000000000000,0.000000000000000000,0.000000000000000000,20.000000000000000000,12000.000000000000000000,4000.000000000000000000,0.000000000000000000
0.880000000000000000,0.000000000000000000,0.000000000000000000,0.000000000000000000,0.000000000000000000,0.000000000000000000,20.000000000000000000,12000.000000000000000000,4000.000000000000000000,0.000000000000000000
0.882000000000000000,0.000000000000000000,0.000000000000000000,0.000000000000000000,0.000000000000000000,0.000000000000000000,20.000000000000000000,12000.000000000000000000,4000.000000000000000000,0.000000000000000000
0.884000000000000000,0.000000000000000000,0.000000000000000000,0.000000000000000000,0.000000000000000000,0.000000000000000000,20.000000000000000000,12000.000000000000000000,4000.000000000000000000,0.000000000000000000
0.886000000000000000,0.000000000000000000,0.000000000000000000,0.000000000000000000,0.000000000000000000,0.000000000000000000,20.000000000000000000,12000.000000000000000000,4000.000000000000000000,0.000000000000000000
0.888000000000000000,0.000000000000000000,0.000000000000000000,0.000000000000000000,0.000000000000000000,0.000000000000000000,20.000000000000000000,12000.000000000000000000,4000.000000000000000000,0.000000000000000000
0.890000000000000000,0.000000000000000000,0.000000000000000000,0.000000000000000000,0.000000000000000000,0.000000000000000000,20.000000000000000000,12000.000000000000000000,4000.000000000000000000,0.000000000000000000
0.892000000000000000,0.000000000000000000,0.000000000000000000,0.000000000000000000,0.000000000000000000,0.000000000000000000,20.000000000000000000,12000.000000000000000000,4000.000000000000000000,0.000000000000000000
0.894000000000000000,0.000000000000000000,0.000000000000000000,0.000000000000000000,0.000000000000000000,0.000000000000000000,20.000000000000000000,12000.000000000000000000,4000.000000000000000000,0.000000000000000000
0.896000000000000000,0.000000000000000000,0.000000000000000000,0.000000000000000000,0.000000000000000000,0.000000000000000000,20.000000000000000000,12000.000000000000000000,4000.000000000000000000,0.000000000000000000
0.898000000000000000,0.000000000000000000,0.000000000000000000,0.000000000000000000,0.000000000000000000,0.000000000000000000,20.000000000000000000,12000.000000000000000000,4000.000000000000000000,0.000000000000000000
0.900000000000000000,0.000000000000000000,0.000000000000000000,0.000000000000000000,0.000000000000000000,0.000000000000000000,20.000000000000000000,12000.000000000000000000,4000.000000000000000000,0.000000000000000000
0.902000000000000000,0.000000000000000000,0.000000000000000000,0.000000000000000000,0.000000000000000000,0.000000000000000000,20.000000000000000000,12000.000000000000000000,4000.000000000000000000,0.000000000000000000
0.904000000000000000,0.000000000000000000,0.000000000000000000,0.000000000000000000,0.000000000000000000,0.000000000000000000,20.000000000000000000,12000.000000000000000000,4000.000000000000000000,0.000000000000000000
0.906000000000000000,0.000000000000000000,0.000000000000000000,0.000000000000000000,0.000000000000000000,0.000000000000000000,20.000000000000000000,12000.000000000000000000,4000.000000000000000000,0.000000000000000000
0.908000000000000000,0.000000000000000000,0.000000000000000000,0.000000000000000000,0.000000000000000000,0.000000000000000000,20.000000000000000000,12000.000000000000000000,4000.000000000000000000,0.000000000000000000
0.910000000000000000,0.000000000000000000,0.000000000000000000,0.000000000000000000,0.000000000000000000,0.000000000000000000,20.000000000000000000,12000.000000000000000000,4000.000000000000000000,0.000000000000000000
0.912000000000000000,0.000000000000000000,0.000000000000000000,0.000000000000000000,0.000000000000000000,0.000000000000000000,20.000000000000000000,12000.000000000000000000,4000.000000000000000000,0.000000000000000000
0.914000000000000000,0.000000000000000000,0.000000000000000000,0.000000000000000000,0.000000000000000000,0.000000000000000000,20.000000000000000000,12000.000000000000000000,4000.000000000000000000,0.000000000000000000
0.916000000000000000,0.000000000000000000,0.000000000000000000,0.000000000000000000,0.000000000000000000,0.000000000000000000,20.000000000000000000,12000.000000000000000000,4000.000000000000000000,0.000000000000000000
0.918000000000000000,0.000000000000000000,0.000000000000000000,0.000000000000000000,0.000000000000000000,0.000000000000000000,20.000000000000000000,12000.000000000000000000,4000.000000000000000000,0.000000000000000000
0.920000000000000000,0.000000000000000000,0.000000000000000000,0.000000000000000000,0.000000000000000000,0.000000000000000000,20.000000000000000000,12000.000000000000000000,4000.000000000000000000,0.000000000000000000
0.922000000000000000,0.000000000000000000,0.000000000000000000,0.000000000000000000,0.000000000000000000,0.000000000000000000,20.000000000000000000,12000.000000000000000000,4000.000000000000000000,0.000000000000000000
0.924000000000000000,0.000000000000000000,0.000000000000000000,0.000000000000000000,0.000000000000000000,0.000000000000000000,20.000000000000000000,12000.000000000000000000,4000.000000000000000000,0.000000000000000000
0.926000000000000000,0.000000000000000000,0.000000000000000000,0.000000000000000000,0.000000000000000000,0.000000000000000000,20.000000000000000000,12000.000000000000000000,4000.000000000000000000,0.000000000000000000
0.928000000000000000,0.000000000000000000,0.000000000000000000,0.000000000000000000,0.000000000000000000,0.000000000000000000,20.000000000000000000,12000.000000000000000000,4000.000000000000000000,0.000000000000000000
0.930000000000000000,0.000000000000000000,0.000000000000000000,0.000000000000000000,0.000000000000000000,0.000000000000000000,20.000000000000000000,12000.000000000000000000,4000.000000000000000000,0.000000000000000000
0.932000000000000000,0.000000000000000000,0.000000000000000000,0.000000000000000000,0.000000000000000000,0.000000000000000000,20.000000000000000000,12000.000000000000000000,4000.000000000000000000,0.000000000000000000
0.934000000000000000,0.000000000000000000,0.000000000000000000,0.000000000000000000,0.000000000000000000,0.000000000000000000,20.000000000000000000,12000.000000000000000000,4000.000000000000000000,0.000000000000000000
0.936000000000000000,0.000000000000000000,0.000000000000000000,0.000000000000000000,0.000000000000000000,0.000000000000000000,20.000000000000000000,12000.000000000000000000,4000.000000000000000000,0.000000000000000000
0.938000000000000000,0.000000000000000000,0.000000000000000000,0.000000000000000000,0.000000000000000000,0.000000000000000000,20.000000000000000000,12000.000000000000000000,4000.000000000000000000,0.000000000000000000
0.940000000000000000,0.000000000000000000,0.000000000000000000,0.000000000000000000,0.000000000000000000,0.000000000000000000,20.000000000000000000,12000.000000000000000000,4000.000000000000000000,0.000000000000000000
0.942000000000000000,0.000000000000000000,0.000000000000000000,0.000000000000000000,0.000000000000000000,0.000000000000000000,20.000000000000000000,12000.000000000000000000,4000.000000000000000000,0.000000000000000000
0.944000000000000000,0.000000000000000000,0.000000000000000000,0.000000000000000000,0.000000000000000000,0.000000000000000000,20.000000000000000000,12000.000000000000000000,4000.000000000000000000,0.000000000000000000
0.946000000000000000,0.000000000000000000,0.000000000000000000,0.000000000000000000,0.000000000000000000,0.000000000000000000,20.000000000000000000,12000.000000000000000000,4000.000000000000000000,0.000000000000000000
0.948000000000000000,0.000000000000000000,0.000000000000000000,0.000000000000000000,0.000000000000000000,0.000000000000000000,20.000000000000000000,12000.000000000000000000,4000.000000000000000000,0.000000000000000000
0.950000000000000000,0.000000000000000000,0.000000000000000000,0.000000000000000000,0.000000000000000000,0.000000000000000000,20.000000000000000000,12000.000000000000000000,4000.000000000000000000,0.000000000000000000
0.952000000000000000,0.000000000000000000,0.000000000000000000,0.000000000000000000,0.000000000000000000,0.000000000000000000,20.000000000000000000,12000.000000000000000000,4000.000000000000000000,0.000000000000000000
0.954000000000000000,0.000000000000000000,0.000000000000000000,0.000000000000000000,0.000000000000000000,0.000000000000000000,20.000000000000000000,12000.000000000000000000,4000.000000000000000000,0.000000000000000000
0.956000000000000000,0.000000000000000000,0.000000000000000000,0.000000000000000000,0.000000000000000000,0.000000000000000000,20.000000000000000000,12000.000000000000000000,4000.000000000000000000,0.000000000000000000
0.958000000000000000,0.000000000000000000,0.000000000000000000,0.000000000000000000,0.000000000000000000,0.000000000000000000,20.000000000000000000,12000.000000000000000000,4000.000000000000000000,0.000000000000000000
0.960000000000000000,0.000000000000000000,0.000000000000000000,0.000000000000000000,0.000000000000000000,0.000000000000000000,20.000000000000000000,12000.000000000000000000,4000.000000000000000000,0.000000000000000000
0.962000000000000000,0.000000000000000000,0.000000000000000000,0.000000000000000000,0.000000000000000000,0.000000000000000000,20.000000000000000000,12000.000000000000000000,4000.000000000000000000,0.000000000000000000
0.964000000000000000,0.000000000000000000,0.000000000000000000,0.000000000000000000,0.000000000000000000,0.000000000000000000,20.000000000000000000,12000.000000000000000000,4000.000000000000000000,0.000000000000000000
0.966000000000000000,0.000000000000000000,0.000000000000000000,0.000000000000000000,0.000000000000000000,0.000000000000000000,20.000000000000000000,12000.000000000000000000,4000.000000000000000000,0.000000000000000000
0.968000000000000000,0.000000000000000000,0.000000000000000000,0.000000000000000000,0.000000000000000000,0.000000000000000000,20.000000000000000000,12000.000000000000000000,4000.000000000000000000,0.000000000000000000
0.970000000000000000,0.000000000000000000,0.000000000000000000,0.000000000000000000,0.000000000000000000,0.000000000000000000,20.000000000000000000,12000.000000000000000000,4000.000000000000000000,0.000000000000000000
0.972000000000000000,0.000000000000000000,0.000000000000000000,0.000000000000000000,0.000000000000000000,0.000000000000000000,20.000000000000000000,12000.000000000000000000,4000.000000000000000000,0.000000000000000000
0.974000000000000000,0.000000000000000000,0.000000000000000000,0.000000000000000000,0.000000000000000000,0.000000000000000000,20.000000000000000000,12000.000000000000000000,4000.000000000000000000,0.000000000000000000
0.976000000000000000,0.000000000000000000,0.000000000000000000,0.000000000000000000,0.000000000000000000,0.000000000000000000,20.000000000000000000,12000.000000000000000000,4000.000000000000000000,0.000000000000000000
0.978000000000000000,0.000000000000000000,0.000000000000000000,0.000000000000000000,0.000000000000000000,0.000000000000000000,20.000000000000000000,12000.000000000000000000,4000.000000000000000000,0.000000000000000000
0.980000000000000000,0.000000000000000000,0.000000000000000000,0.000000000000000000,0.000000000000000000,0.000000000000000000,20.000000000000000000,12000.000000000000000000,4000.000000000000000000,0.000000000000000000
0.982000000000000000,0.000000000000000000,0.000000000000000000,0.000000000000000000,0.000000000000000000,0.000000000000000000,20.000000000000000000,12000.000000000000000000,4000.000000000000000000,0.000000000000000000
0.984000000000000000,0.000000000000000000,0.000000000000000000,0.000000000000000000,0.000000000000000000,0.000000000000000000,20.000000000000000000,12000.000000000000000000,4000.000000000000000000,0.000000000000000000
0.986000000000000000,0.000000000000000000,0.000000000000000000,0.000000000000000000,0.000000000000000000,0.000000000000000000,20.000000000000000000,12000.000000000000000000,4000.000000000000000000,0.000000000000000000
0.988000000000000000,0.000000000000000000,0.000000000000000000,0.000000000000000000,0.000000000000000000,0.000000000000000000,20.000000000000000000,12000.000000000000000000,4000.000000000000000000,0.000000000000000000
0.990000000000000000,0.000000000000000000,0.000000000000000000,0.000000000000000000,0.000000000000000000,0.000000000000000000,20.000000000000000000,12000.000000000000000000,4000.000000000000000000,0.000000000000000000
0.992000000000000000,0.000000000000000000,0.000000000000000000,0.000000000000000000,0.000000000000000000,0.000000000000000000,20.000000000000000000,12000.000000000000000000,4000.000000000000000000,0.000000000000000000
0.994000000000000000,0.000000000000000000,0.000000000000000000,0.000000000000000000,0.000000000000000000,0.000000000000000000,20.000000000000000000,12000.000000000000000000,4000.000000000000000000,0.000000000000000000
0.996000000000000000,0.000000000000000000,0.000000000000000000,0.000000000000000000,0.000000000000000000,0.000000000000000000,20.000000000000000000,12000.000000000000000000,4000.000000000000000000,0.000000000000000000
0.998000000000000000,0.000000000000000000,0.000000000000000000,0.000000000000000000,0.000000000000000000,0.000000000000000000,20.000000000000000000,12000.000000000000000000,4000.000000000000000000,0.000000000000000000
1.000000000000000000,0.000000000000000000,0.000000000000000000,0.000000000000000000,0.000000000000000000,0.000000000000000000,20.000000000000000000,12000.000000000000000000,4000.000000000000000000,0.000000000000000000
1.002000000000000000,11.975049900199600797,11.975049900199600797,0.000000000000000000,0.000000000000000000,0.000000000000000000,4.033932135728542915,0.999999999999996000,1.000000000000000000,0.002000000000000000
1.004000000000000000,11.951195219123505975,11.951195219123505975,0.000000000000000000,0.000000000000000000,0.000000000000000000,4.065737051792828686,0.999999999999996000,1.000000000000000000,0.004000000000000000
1.006000000000000000,11.927435387673956260,11.927435387673956261,0.000000000000000000,0.000000000000000000,0.000000000000000000,4.097415506958250498,0.999999999999996000,1.000000000000000000,0.006000000000000000
1.008000000000000000,11.903769841269841269,11.903769841269841269,0.000000000000000000,0.000000000000000000,0.000000000000000000,4.128968253968253969,0.999999999999996000,1.000000000000000000,0.008000000000000000
1.010000000000000000,11.880198019801980196,11.880198019801980197,0.000000000000000000,0.000000000000000000,0.000000000000000000,4.160396039603960397,0.999999999999996000,1.000000000000000000,0.010000000000000000
1.012000000000000000,11.856719367588932803,11.856719367588932804,11583.333333333333001555,11583.333333333333001555,0.000000000000000000,4.329051383399209484,1.000000000000000831,1.000000000000000271,0.012000000000000000
1.014000000000000000,11.833333333333333332,11.833333333333333332,23499.999999999999711566,23499.999999999999711566,0.000000000000000000,4.547337278106508873,1.000000000000000877,1.000000000000000217,0.014000000000000000
1.016000000000000000,11.810039370078740155,11.810039370078740156,32437.499999999999729147,32437.499999999999729147,0.000000000000000000,4.764763779527559053,1.000000000000001512,1.000000000000000472,0.016000000000000000
1.018000000000000000,11.786836935166994103,11.786836935166994104,39388.888888888888611607,39388.888888888888611607,0.000000000000000000,4.981335952848722985,1.000000000000001334,1.000000000000000624,0.018000000000000000
1.020000000000000000,11.631016042780748661,11.631016042780748662,42727.272727272727226956,42727.272727272727226956,0.000000000000000000,5.329768270944741531,136.363636363636365593,45.454545454545452497,0.020000000000000000
1.022000000000000000,11.301369863013698625,11.301369863013698626,42727.272727272727195154,42727.272727272727195154,0.000000000000000000,5.851272015655577300,450.000000000000002248,149.999999999999998569,0.022000000000000000
1.024000000000000000,10.973011363636363632,10.973011363636363633,42727.272727272727269282,42727.272727272727269282,0.000000000000000000,6.370738636363636364,763.636363636363639213,254.545454545454543844,0.024000000000000000
1.026000000000000000,10.645933014354066981,10.645933014354066982,42727.272727272727264043,42727.272727272727264043,0.000000000000000000,6.888180046074782918,1077.272727272727278168,359.090909090909088312,0.026000000000000000
1.028000000000000000,10.320127343473646969,10.320127343473646970,42727.272727272727251034,42727.272727272727251034,0.000000000000000000,7.403608065086664311,1390.909090909090916108,463.636363636363633722,0.028000000000000000
1.030000000000000000,9.995586937334510142,9.995586937334510143,42727.272727272727262383,42727.272727272727262383,0.000000000000000000,7.917034421888790825,1704.545454545454551164,568.181818181818180021,0.030000000000000000
1.032000000000000000,9.672304439746300203,9.672304439746300204,42727.272727272727256149,42727.272727272727256149,0.000000000000000000,8.428470754052149406,2018.181818181818190242,672.727272727272726000,0.032000000000000000
1.034000000000000000,9.350272551433093010,9.350272551433093011,42727.272727272727271947,42727.272727272727271947,0.000000000000000000,8.937928609108493060,2331.818181818181828797,777.272727272727269575,0.034000000000000000
1.036000000000000000,9.029484029484029474,9.029484029484029475,42727.272727272727248869,42727.272727272727248869,0.000000000000000000,9.445419445419445427,2645.454545454545463787,881.818181818181816422,0.036000000000000000
1.038000000000000000,8.709931686810299516,8.709931686810299517,42727.272727272727274053,42727.272727272727274053,0.000000000000000000,9.950954633035557899,2959.090909090909097994,986.363636363636360778,0.038000000000000000
1.040000000000000000,8.391608391608391598,8.391608391608391599,42727.272727272727322871,42727.272727272727322871,0.000000000000000000,10.454545454545454553,3272.727272727272736124,1090.909090909090906441,0.040000000000000000
1.042000000000000000,8.074507066829523632,8.074507066829523633,42727.272727272727297323,42727.272727272727297323,0.000000000000000000,10.956203105915198055,3586.363636363636377872,1195.454545454545453310,0.042000000000000000
1.044000000000000000,7.758620689655172401,7.758620689655172402,42727.272727272727299790,42727.272727272727299790,0.000000000000000000,11.455938697318007673,3900.000000000000009374,1299.999999999999996764,0.044000000000000000
1.046000000000000000,7.443942290978619837,7.443942290978619838,42727.272727272727286370,42727.272727272727286370,0.000000000000000000,11.953763253954458555,4213.636363636363649798,1404.545454545454543192,0.046000000000000000
1.048000000000000000,7.130464954892435795,7.130464954892435796,42727.272727272727320292,42727.272727272727320292,0.000000000000000000,12.449687716863289394,4527.272727272727287473,1509.090909090909088704,0.048000000000000000
1.050000000000000000,6.818181818181818166,6.818181818181818167,42727.272727272727289182,42727.272727272727289182,0.000000000000000000,12.943722943722943737,4840.909090909090926086,1613.636363636363634528,0.050000000000000000
1.052000000000000000,6.507086069823712393,6.507086069823712394,42727.272727272727298179,42727.272727272727298179,0.000000000000000000,13.435879709643968214,5154.545454545454558766,1718.181818181818178375,0.052000000000000000
1.054000000000000000,6.365361393824391913,6.365361393824391914,41414.141414141414205148,41414.141414141414205148,0.000000000000000000,13.634638606175608086,5290.909090909090920000,1763.636363636363632000,0.054000000000000000
1.056000000000000000,6.301652892561983457,6.301652892561983458,39610.389610389610450553,39610.389610389610450553,0.000000000000000000,13.698347107438016542,5345.454545454545460000,1781.818181818181812000,0.056000000000000000
1.058000000000000000,6.238185255198487699,6.238185255198487700,37931.034482758620748034,37931.034482758620748034,0.000000000000000000,13.761814744801512300,5400.000000000000012000,1799.999999999999996000,0.058000000000000000
1.060000000000000000,6.174957118353344755,6.174957118353344756,36363.636363636363692316,36363.636363636363692316,0.000000000000000000,13.825042881646655244,5454.545454545454552000,1818.181818181818176000,0.060000000000000000
1.062000000000000000,6.111967128916281445,6.111967128916281446,34897.360703812316769241,34897.360703812316769241,0.000000000000000000,13.888032871083718554,5509.090909090909092000,1836.363636363636360000,0.062000000000000000
1.064000000000000000,6.049213943950786042,6.049213943950786043,33522.727272727272778859,33522.727272727272778859,0.000000000000000000,13.950786056049213957,5563.636363636363644000,1854.545454545454540000,0.064000000000000000
1.066000000000000000,5.986696230598669611,5.986696230598669611,32231.404958677686000000,32231.404958677686000000,0.000000000000000000,14.013303769401330389,5618.181818181818184000,1872.727272727272724000,0.066000000000000000
1.068000000000000000,5.924412665985699681,5.924412665985699681,31016.042780748663149338,31016.042780748663149338,0.000000000000000000,14.075587334014300319,5672.727272727272736000,1890.909090909090904000,0.068000000000000000
1.070000000000000000,5.862361937128292256,5.862361937128292256,29870.129870129870175842,29870.129870129870175842,0.000000000000000000,14.137638062871707744,5727.272727272727276000,1909.090909090909084000,0.070000000000000000
1.072000000000000000,5.800542740841248292,5.800542740841248292,28787.878787878787923083,28787.878787878787923083,0.000000000000000000,14.199457259158751708,5781.818181818181828000,1927.272727272727268000,0.072000000000000000
1.074000000000000000,5.738953783646521065,5.738953783646521065,27764.127764127764170486,27764.127764127764170486,0.000000000000000000,14.261046216353478935,5836.363636363636368000,1945.454545454545448000,0.074000000000000000
1.076000000000000000,5.677593781683001002,5.677593781683001002,26794.258373205741668026,26794.258373205741668026,0.000000000000000000,14.322406218316998998,5890.909090909090920000,1963.636363636363632000,0.076000000000000000
1.078000000000000000,5.616461460617304762,5.616461460617304762,25874.125874125874165692,25874.125874125874165692,0.000000000000000000,14.383538539382695238,5945.454545454545460000,1981.818181818181812000,0.078000000000000000
1.080000000000000000,5.555555555555555544,5.555555555555555544,25000.000000000000038475,25000.000000000000038475,0.000000000000000000,14.444444444444444456,6000.000000000000000000,1999.999999999999996000,0.080000000000000000
1.082000000000000000,5.494874810956141813,5.494874810956141814,24168.514412416851478426,24168.514412416851478426,0.000000000000000000,14.505125189043858186,6054.545454545454552000,2018.181818181818176000,0.082000000000000000
1.084000000000000000,5.434417980543441786,5.434417980543441787,23376.623376623376659357,23376.623376623376659357,0.000000000000000000,14.565582019456558213,6109.090909090909092000,2036.363636363636360000,0.084000000000000000
1.086000000000000000,5.374183827222501244,5.374183827222501245,22621.564482029598343476,22621.564482029598343476,0.000000000000000000,14.625816172777498755,6163.636363636363644000,2054.545454545454540000,0.086000000000000000
1.088000000000000000,5.314171122994652394,5.314171122994652395,21900.826446280991769238,21900.826446280991769238,0.000000000000000000,14.685828877005347605,6218.181818181818184000,2072.727272727272724000,0.088000000000000000
1.090000000000000000,5.254378648874061706,5.254378648874061707,21212.121212121212153855,21212.121212121212153855,0.000000000000000000,14.745621351125938293,6272.727272727272736000,2090.909090909090904000,0.090000000000000000
1.092000000000000000,5.194805194805194794,5.194805194805194795,20553.359683794466434782,20553.359683794466434782,0.000000000000000000,14.805194805194805205,6327.272727272727276000,2109.090909090909088000,0.092000000000000000
1.094000000000000000,5.135449559581186626,5.135449559581186627,19922.630560928433299521,19922.630560928433299521,0.000000000000000000,14.864550440418813373,6381.818181818181828000,2127.272727272727268000,0.094000000000000000
1.096000000000000000,5.076310550763105496,5.076310550763105497,19318.181818181818211552,19318.181818181818211552,0.000000000000000000,14.923689449236894503,6436.363636363636368000,2145.454545454545448000,0.096000000000000000
1.098000000000000000,5.017386984600099343,5.017386984600099344,18738.404452690167004714,18738.404452690167004714,0.000000000000000000,14.982613015399900656,6490.909090909090908000,2163.636363636363632000,0.098000000000000000
1.100000000000000000,4.958677685950413213,4.958677685950413213,18181.818181818181846160,18181.818181818181846160,0.000000000000000000,15.041322314049586787,6545.454545454545460000,2181.818181818181812000,0.100000000000000000
1.102000000000000000,4.900181488203266778,4.900181488203266778,17647.058823529411791862,17647.058823529411791862,0.000000000000000000,15.099818511796733222,6600.000000000000000000,2199.999999999999996000,0.102000000000000000
1.104000000000000000,4.841897233201581018,4.841897233201581018,17132.867132867132893500,17132.867132867132893500,0.000000000000000000,15.158102766798418982,6654.545454545454552000,2218.181818181818176000,0.104000000000000000
1.106000000000000000,4.783823771165543307,4.783823771165543308,16638.078902229845651679,16638.078902229845651679,0.000000000000000000,15.216176228834456692,6709.090909090909092000,2236.363636363636360000,0.106000000000000000
1.108000000000000000,4.725959960617000318,4.725959960617000319,16161.616161616161641027,16161.616161616161641027,0.000000000000000000,15.274040039382999681,6763.636363636363644000,2254.545454545454540000,0.108000000000000000
1.110000000000000000,4.668304668304668294,4.668304668304668295,15702.479338842975230781,15702.479338842975230781,0.000000000000000000,15.331695331695331705,6818.181818181818184000,2272.727272727272724000,0.110000000000000000
1.112000000000000000,4.610856769130150415,4.610856769130150416,15259.740259740259763741,15259.740259740259763741,0.000000000000000000,15.389143230869849584,6872.727272727272736000,2290.909090909090904000,0.112000000000000000
1.114000000000000000,4.553615146074751092,4.553615146074751092,14832.535885167464137657,14832.535885167464137657,0.000000000000000000,15.446384853925248908,6927.272727272727276000,2309.090909090909088000,0.114000000000000000
1.116000000000000000,4.496578690127077215,4.496578690127077215,14420.062695924764912474,14420.062695924764912474,0.000000000000000000,15.503421309872922785,6981.818181818181816000,2327.272727272727268000,0.116000000000000000
1.118000000000000000,4.439746300211416480,4.439746300211416481,14021.571648690292779661,14021.571648690292779661,0.000000000000000000,15.560253699788583519,7036.363636363636368000,2345.454545454545452000,0.118000000000000000
1.120000000000000000,4.383116883116883108,4.383116883116883108,13636.363636363636384625,13636.363636363636384625,0.000000000000000000,15.616883116883116892,7090.909090909090908000,2363.636363636363632000,0.120000000000000000
1.122000000000000000,4.326689353427321332,4.326689353427321333,13263.785394932935936959,13263.785394932935936959,0.000000000000000000,15.673310646572678667,7145.454545454545460000,2381.818181818181812000,0.122000000000000000
1.124000000000000000,4.270462633451957286,4.270462633451957287,12903.225806451612923080,12903.225806451612923080,0.000000000000000000,15.729537366548042713,7200.000000000000000000,2399.999999999999996000,0.124000000000000000
1.126000000000000000,4.214435653156789915,4.214435653156789916,12554.112554112554131873,12554.112554112554131873,0.000000000000000000,15.785564346843210084,7254.545454545454552000,2418.181818181818176000,0.126000000000000000
1.128000000000000000,4.158607350096711789,4.158607350096711790,12215.909090909090927890,12215.909090909090927890,0.000000000000000000,15.841392649903288210,7309.090909090909092000,2436.363636363636360000,0.128000000000000000
1.130000000000000000,4.102976669348350755,4.102976669348350756,11888.111888111888130184,11888.111888111888130184,0.000000000000000000,15.897023330651649244,7363.636363636363644000,2454.545454545454540000,0.130000000000000000
1.132000000000000000,4.047542563443623505,4.047542563443623506,11570.247933884297538469,11570.247933884297538469,0.000000000000000000,15.952457436556376494,7418.181818181818184000,2472.727272727272724000,0.132000000000000000
1.134000000000000000,3.992303992303992295,3.992303992303992296,11261.872455902306665902,11261.872455902306665902,0.000000000000000000,16.007696007696007704,7472.727272727272724000,2490.909090909090904000,0.134000000000000000
1.136000000000000000,3.937259923175416125,3.937259923175416125,10962.566844919786113132,10962.566844919786113132,0.000000000000000000,16.062740076824583875,7527.272727272727276000,2509.090909090909088000,0.136000000000000000
1.138000000000000000,3.882409330563987849,3.882409330563987850,10671.936758893280648833,10671.936758893280648833,0.000000000000000000,16.117590669436012150,7581.818181818181816000,2527.272727272727268000,0.138000000000000000
1.140000000000000000,3.827751196172248795,3.827751196172248796,10389.610389610389626378,10389.610389610389626378,0.000000000000000000,16.172248803827751204,7636.363636363636368000,2545.454545454545452000,0.140000000000000000
1.142000000000000000,3.773284508836172575,3.773284508836172576,10115.236875800256097514,10115.236875800256097514,0.000000000000000000,16.226715491163827424,7690.909090909090908000,2563.636363636363632000,0.142000000000000000
1.144000000000000000,3.719008264462809909,3.719008264462809910,9848.484848484848500000,9848.484848484848500000,0.000000000000000000,16.280991735537190090,7745.454545454545460000,2581.818181818181816000,0.144000000000000000
1.146000000000000000,3.664921465968586380,3.664921465968586380,9589.041095890410973664,9589.041095890410973664,0.000000000000000000,16.335078534031413620,7800.000000000000000000,2599.999999999999996000,0.146000000000000000
1.148000000000000000,3.611023123218245161,3.611023123218245162,9336.609336609336623709,9336.609336609336623709,0.000000000000000000,16.388976876781754838,7854.545454545454552000,2618.181818181818176000,0.148000000000000000
1.150000000000000000,3.557312252964426870,3.557312252964426870,9090.909090909090923080,9090.909090909090923080,0.000000000000000000,16.442687747035573130,7909.090909090909092000,2636.363636363636360000,0.150000000000000000
1.152000000000000000,3.503787878787878781,3.503787878787878781,8851.674641148325372473,8851.674641148325372473,0.000000000000000000,16.496212121212121219,7963.636363636363632000,2654.545454545454540000,0.152000000000000000
1.154000000000000000,3.450449031038285797,3.450449031038285798,8618.654073199527758246,8618.654073199527758246,0.000000000000000000,16.549550968961714202,8018.181818181818184000,2672.727272727272724000,0.154000000000000000
1.156000000000000000,3.397294746775715626,3.397294746775715627,8391.608391608391621307,8391.608391608391621307,0.000000000000000000,16.602705253224284373,8072.727272727272724000,2690.909090909090904000,0.156000000000000000
1.158000000000000000,3.344324069712670741,3.344324069712670742,8170.310701956271589101,8170.310701956271589101,0.000000000000000000,16.655675930287329258,8127.272727272727276000,2709.090909090909088000,0.158000000000000000
1.160000000000000000,3.291536050156739805,3.291536050156739805,7954.545454545454557693,7954.545454545454557693,0.000000000000000000,16.708463949843260195,8181.818181818181816000,2727.272727272727268000,0.160000000000000000
1.162000000000000000,3.238929744953841333,3.238929744953841333,7744.107744107744119666,7744.107744107744119666,0.000000000000000000,16.761070255046158667,8236.363636363636368000,2745.454545454545452000,0.162000000000000000
1.164000000000000000,3.186504217432052476,3.186504217432052477,7538.802660753880277676,7538.802660753880277676,0.000000000000000000,16.813495782567947523,8290.909090909090908000,2763.636363636363632000,0.164000000000000000
1.166000000000000000,3.134258537346015898,3.134258537346015899,7338.444687842278215018,7338.444687842278215018,0.000000000000000000,16.865741462653984101,8345.454545454545460000,2781.818181818181816000,0.166000000000000000
1.168000000000000000,3.082191780821917801,3.082191780821917802,7142.857142857142868136,7142.857142857142868136,0.000000000000000000,16.917808219178082198,8400.000000000000000000,2799.999999999999996000,0.168000000000000000
1.170000000000000000,3.030303030303030297,3.030303030303030297,6951.871657754010705882,6951.871657754010705882,0.000000000000000000,16.969696969696969703,8454.545454545454540000,2818.181818181818180000,0.170000000000000000
1.172000000000000000,2.978591374495811349,2.978591374495811350,6765.327695560253710203,6765.327695560253710203,0.000000000000000000,17.021408625504188650,8509.090909090909092000,2836.363636363636360000,0.172000000000000000
1.174000000000000000,2.927055908316555669,2.927055908316555670,6583.072100313479633959,6583.072100313479633959,0.000000000000000000,17.072944091683444330,8563.636363636363632000,2854.545454545454540000,0.174000000000000000
1.176000000000000000,2.875695732838589976,2.875695732838589976,6404.958677685950423079,6404.958677685950423079,0.000000000000000000,17.124304267161410024,8618.181818181818184000,2872.727272727272724000,0.176000000000000000
1.178000000000000000,2.824509955240006167,2.824509955240006168,6230.847803881511756269,6230.847803881511756269,0.000000000000000000,17.175490044759993832,8672.727272727272724000,2890.909090909090904000,0.178000000000000000
1.180000000000000000,2.773497688751926035,2.773497688751926035,6060.606060606060615388,6060.606060606060615388,0.000000000000000000,17.226502311248073965,8727.272727272727276000,2909.090909090909088000,0.180000000000000000
1.182000000000000000,2.722658052607291180,2.722658052607291181,5894.105894105894114967,5894.105894105894114967,0.000000000000000000,17.277341947392708819,8781.818181818181816000,2927.272727272727268000,0.182000000000000000
1.184000000000000000,2.671990171990171984,2.671990171990171985,5731.225296442687755858,5731.225296442687755858,0.000000000000000000,17.328009828009828015,8836.363636363636368000,2945.454545454545452000,0.184000000000000000
1.186000000000000000,2.621493177985589448,2.621493177985589448,5571.847507331378307693,5571.847507331378307693,0.000000000000000000,17.378506822014410552,8890.909090909090908000,2963.636363636363632000,0.186000000000000000
1.188000000000000000,2.571166207529843889,2.571166207529843889,5415.860735009671188223,5415.860735009671188223,0.000000000000000000,17.428833792470156111,8945.454545454545448000,2981.818181818181816000,0.188000000000000000
1.190000000000000000,2.521008403361344533,2.521008403361344533,5263.157894736842113363,5263.157894736842113363,0.000000000000000000,17.478991596638655467,9000.000000000000000000,2999.999999999999996000,0.190000000000000000
1.192000000000000000,2.471018913971934102,2.471018913971934102,5113.636363636363644234,5113.636363636363644234,0.000000000000000000,17.528981086028065898,9054.545454545454540000,3018.181818181818180000,0.192000000000000000
1.194000000000000000,2.421196893558702598,2.421196893558702599,4967.197750702905349726,4967.197750702905349726,0.000000000000000000,17.578803106441297401,9109.090909090909092000,3036.363636363636360000,0.194000000000000000
1.196000000000000000,2.371541501976284580,2.371541501976284581,4823.747680890538040816,4823.747680890538040816,0.000000000000000000,17.628458498023715419,9163.636363636363632000,3054.545454545454544000,0.196000000000000000
1.198000000000000000,2.322051904689634234,2.322051904689634235,4683.195592286501384621,4683.195592286501384621,0.000000000000000000,17.677948095310365765,9218.181818181818184000,3072.727272727272724000,0.198000000000000000
1.200000000000000000,2.272727272727272722,2.272727272727272723,4545.454545454545461545,4545.454545454545461545,0.000000000000000000,17.727272727272727277,9272.727272727272724000,3090.909090909090904000,0.200000000000000000
1.202000000000000000,2.223566782635002265,2.223566782635002265,4410.441044104410447831,4410.441044104410447831,0.000000000000000000,17.776433217364997735,9327.272727272727276000,3109.090909090909088000,0.202000000000000000
1.204000000000000000,2.174569616430081541,2.174569616430081542,4278.074866310160434392,4278.074866310160434392,0.000000000000000000,17.825430383569918458,9381.818181818181816000,3127.272727272727268000,0.204000000000000000
1.206000000000000000,2.125734961555857073,2.125734961555857074,4148.278905560458964902,4148.278905560458964902,0.000000000000000000,17.874265038444142926,9436.363636363636356000,3145.454545454545452000,0.206000000000000000
1.208000000000000000,2.077062010836845269,2.077062010836845270,4020.979020979020985211,4020.979020979020985211,0.000000000000000000,17.922937989163154730,9490.909090909090908000,3163.636363636363632000,0.208000000000000000
1.210000000000000000,2.028549962434259950,2.028549962434259951,3896.103896103896109895,3896.103896103896109895,0.000000000000000000,17.971450037565740049,9545.454545454545448000,3181.818181818181816000,0.210000000000000000
1.212000000000000000,1.980198019801980193,1.980198019801980194,3773.584905660377364297,3773.584905660377364297,0.000000000000000000,18.019801980198019806,9600.000000000000000000,3199.999999999999996000,0.212000000000000000
1.214000000000000000,1.932005391642953418,1.932005391642953419,3653.355989804587941056,3653.355989804587941056,0.000000000000000000,18.067994608357046581,9654.545454545454540000,3218.181818181818180000,0.214000000000000000
1.216000000000000000,1.883971291866028704,1.883971291866028705,3535.353535353535358976,3535.353535353535358976,0.000000000000000000,18.116028708133971295,9709.090909090909092000,3236.363636363636360000,0.216000000000000000
1.218000000000000000,1.836094939543215402,1.836094939543215402,3419.516263552960805931,3419.516263552960805931,0.000000000000000000,18.163905060456784598,9763.636363636363632000,3254.545454545454544000,0.218000000000000000
1.220000000000000000,1.788375558867362142,1.788375558867362143,3305.785123966942153850,3305.785123966942153850,0.000000000000000000,18.211624441132637857,9818.181818181818184000,3272.727272727272724000,0.220000000000000000
1.222000000000000000,1.740812379110251447,1.740812379110251448,3194.103194103194108108,3194.103194103194108108,0.000000000000000000,18.259187620889748552,9872.727272727272724000,3290.909090909090908000,0.222000000000000000
1.224000000000000000,1.693404634581105165,1.693404634581105166,3084.415584415584420334,3084.415584415584420334,0.000000000000000000,18.306595365418894834,9927.272727272727264000,3309.090909090909088000,0.224000000000000000
1.226000000000000000,1.646151564585496066,1.646151564585496067,2976.669348350764284553,2976.669348350764284553,0.000000000000000000,18.353848435414503933,9981.818181818181816000,3327.272727272727268000,0.226000000000000000
1.228000000000000000,1.599052413384660939,1.599052413384660939,2870.813397129186607289,2870.813397129186607289,0.000000000000000000,18.400947586615339061,10036.363636363636356000,3345.454545454545452000,0.228000000000000000
1.230000000000000000,1.552106430155210640,1.552106430155210640,2766.798418972332020069,2766.798418972332020069,0.000000000000000000,18.447893569844789360,10090.909090909090908000,3363.636363636363632000,0.230000000000000000
1.232000000000000000,1.505312868949232583,1.505312868949232583,2664.576802507836994698,2664.576802507836994698,0.000000000000000000,18.494687131050767417,10145.454545454545448000,3381.818181818181816000,0.232000000000000000
1.234000000000000000,1.458670988654781196,1.458670988654781197,2564.102564102564106512,2564.102564102564106512,0.000000000000000000,18.541329011345218803,10200.000000000000000000,3399.999999999999996000,0.234000000000000000
1.236000000000000000,1.412180052956751984,1.412180052956751984,2465.331278890600928296,2465.331278890600928296,0.000000000000000000,18.587819947043248016,10254.545454545454540000,3418.181818181818180000,0.236000000000000000
1.238000000000000000,1.365839330298134818,1.365839330298134819,2368.220015278838811894,2368.220015278838811894,0.000000000000000000,18.634160669701865181,10309.090909090909092000,3436.363636363636360000,0.238000000000000000
1.240000000000000000,1.319648093841642226,1.319648093841642227,2272.727272727272730775,2272.727272727272730775,0.000000000000000000,18.680351906158357773,10363.636363636363632000,3454.545454545454544000,0.240000000000000000
1.242000000000000000,1.273605621431708385,1.273605621431708386,2178.812922614575510491,2178.812922614575510491,0.000000000000000000,18.726394378568291614,10418.181818181818172000,3472.727272727272724000,0.242000000000000000
1.244000000000000000,1.227711195556854718,1.227711195556854719,2086.438152011922506938,2086.438152011922506938,0.000000000000000000,18.772288804443145281,10472.727272727272724000,3490.909090909090908000,0.244000000000000000
1.246000000000000000,1.181964103312417917,1.181964103312417917,1995.565410199556544093,1995.565410199556544093,0.000000000000000000,18.818035896687582083,10527.272727272727264000,3509.090909090909088000,0.246000000000000000
1.248000000000000000,1.136363636363636361,1.136363636363636362,1906.158357771261000000,1906.158357771261000000,0.000000000000000000,18.863636363636363638,10581.818181818181816000,3527.272727272727272000,0.248000000000000000
1.250000000000000000,1.090909090909090908,1.090909090909090908,1818.181818181818184620,1818.181818181818184620,0.000000000000000000,18.909090909090909092,10636.363636363636356000,3545.454545454545452000,0.250000000000000000
1.252000000000000000,1.045599767644496077,1.045599767644496078,1731.601731601731604400,1731.601731601731604400,0.000000000000000000,18.954400232355503922,10690.909090909090908000,3563.636363636363632000,0.252000000000000000
1.254000000000000000,1.000434971726837754,1.000434971726837754,1646.385110952040088433,1646.385110952040088433,0.000000000000000000,18.999565028273162246,10745.454545454545448000,3581.818181818181816000,0.254000000000000000
1.256000000000000000,0.955414012738853502,0.955414012738853502,1562.500000000000002406,1562.500000000000002406,0.000000000000000000,19.044585987261146498,10800.000000000000000000,3599.999999999999996000,0.256000000000000000
1.258000000000000000,0.910536204653851711,0.910536204653851712,1479.915433403805499108,1479.915433403805499108,0.000000000000000000,19.089463795346148288,10854.545454545454540000,3618.181818181818180000,0.258000000000000000
1.260000000000000000,0.865800865800865800,0.865800865800865800,1398.601398601398603553,1398.601398601398603553,0.000000000000000000,19.134199134199134200,10909.090909090909080000,3636.363636363636360000,0.260000000000000000
1.262000000000000000,0.821207318830139748,0.821207318830139748,1318.528799444829981213,1318.528799444829981213,0.000000000000000000,19.178792681169860252,10963.636363636363632000,3654.545454545454544000,0.262000000000000000
1.264000000000000000,0.776754890678941311,0.776754890678941311,1239.669421487603307693,1239.669421487603307693,0.000000000000000000,19.223245109321058689,11018.181818181818172000,3672.727272727272724000,0.264000000000000000
1.266000000000000000,0.732442912537699266,0.732442912537699267,1161.995898838004102954,1161.995898838004102954,0.000000000000000000,19.267557087462300733,11072.727272727272724000,3690.909090909090908000,0.266000000000000000
1.268000000000000000,0.688270719816461140,0.688270719816461141,1085.481682496607871414,1085.481682496607871414,0.000000000000000000,19.311729280183538859,11127.272727272727264000,3709.090909090909088000,0.268000000000000000
1.270000000000000000,0.644237652111667858,0.644237652111667859,1010.101010101010102566,1010.101010101010102566,0.000000000000000000,19.355762347888332141,11181.818181818181816000,3727.272727272727272000,0.270000000000000000
1.272000000000000000,0.600343053173241852,0.600343053173241852,935.828877005347595025,935.828877005347595025,0.000000000000000000,19.399656946826758148,11236.363636363636356000,3745.454545454545452000,0.272000000000000000
1.274000000000000000,0.556586270871985156,0.556586270871985157,862.641008626410087591,862.641008626410087591,0.000000000000000000,19.443413729128014843,11290.909090909090908000,3763.636363636363636000,0.274000000000000000
1.276000000000000000,0.512966657167284126,0.512966657167284126,790.513833992094862880,790.513833992094862880,0.000000000000000000,19.487033342832715874,11345.454545454545448000,3781.818181818181816000,0.276000000000000000
1.278000000000000000,0.469483568075117370,0.469483568075117371,719.424460431654677370,719.424460431654677370,0.000000000000000000,19.530516431924882629,11399.999999999999988000,3799.999999999999996000,0.278000000000000000
1.280000000000000000,0.426136363636363635,0.426136363636363636,649.350649350649351650,649.350649350649351650,0.000000000000000000,19.573863636363636364,11454.545454545454540000,3818.181818181818180000,0.280000000000000000
1.282000000000000000,0.382924407885406324,0.382924407885406325,580.270793036750484453,580.270793036750484453,0.000000000000000000,19.617075592114593675,11509.090909090909080000,3836.363636363636360000,0.282000000000000000
1.284000000000000000,0.339847068819031434,0.339847068819031435,512.163892445582588084,512.163892445582588084,0.000000000000000000,19.660152931180968565,11563.636363636363632000,3854.545454545454544000,0.284000000000000000
1.286000000000000000,0.296903718365615721,0.296903718365615721,445.009535918626829157,445.009535918626829157,0.000000000000000000,19.703096281634384279,11618.181818181818172000,3872.727272727272724000,0.286000000000000000
1.288000000000000000,0.254093732354601918,0.254093732354601919,378.787878787878789104,378.787878787878789104,0.000000000000000000,19.745906267645398081,11672.727272727272724000,3890.909090909090908000,0.288000000000000000
1.290000000000000000,0.211416490486257927,0.211416490486257928,313.479623824451411672,313.479623824451411672,0.000000000000000000,19.788583509513742072,11727.272727272727264000,3909.090909090909088000,0.290000000000000000
1.292000000000000000,0.168871376301716859,0.168871376301716859,249.066002490660026136,249.066002490660026136,0.000000000000000000,19.831128623698283141,11781.818181818181816000,3927.272727272727272000,0.292000000000000000
1.294000000000000000,0.126457777153294927,0.126457777153294928,185.528756957328386816,185.528756957328386816,0.000000000000000000,19.873542222846705072,11836.363636363636356000,3945.454545454545452000,0.294000000000000000
1.296000000000000000,0.084175084175084175,0.084175084175084175,122.850122850122851145,122.850122850122851145,0.000000000000000000,19.915824915824915825,11890.909090909090908000,3963.636363636363636000,0.296000000000000000
1.298000000000000000,0.042022692253817061,0.042022692253817061,61.012812690665040476,61.012812690665040476,0.000000000000000000,19.957977307746182939,11945.454545454545448000,3981.818181818181816000,0.298000000000000000
1.300000000000000000,0.000000000000000000,0.000000000000000000,0.000000000000000000,0.000000000000000000,0.000000000000000000,20.000000000000000000,12000.000000000000000000,4000.000000000000000000,0.300000000000000000
1.302000000000000000,0.000000000000000000,0.000000000000000000,0.000000000000000000,0.000000000000000000,0.000000000000000000,20.000000000000000000,12000.000000000000000000,4000.000000000000000000,0.302000000000000000
1.304000000000000000,0.000000000000000000,0.000000000000000000,0.000000000000000000,0.000000000000000000,0.000000000000000000,20.000000000000000000,12000.000000000000000000,4000.000000000000000000,0.304000000000000000
1.306000000000000000,0.000000000000000000,0.000000000000000000,0.000000000000000000,0.000000000000000000,0.000000000000000000,20.000000000000000000,12000.000000000000000000,4000.000000000000000000,0.306000000000000000
1.308000000000000000,0.000000000000000000,0.000000000000000000,0.000000000000000000,0.000000000000000000,0.000000000000000000,20.000000000000000000,12000.000000000000000000,4000.000000000000000000,0.308000000000000000
1.310000000000000000,0.000000000000000000,0.000000000000000000,0.000000000000000000,0.000000000000000000,0.000000000000000000,20.000000000000000000,12000.000000000000000000,4000.000000000000000000,0.310000000000000000
1.312000000000000000,0.000000000000000000,0.000000000000000000,0.000000000000000000,0.000000000000000000,0.000000000000000000,20.000000000000000000,12000.000000000000000000,4000.000000000000000000,0.312000000000000000
1.314000000000000000,0.000000000000000000,0.000000000000000000,0.000000000000000000,0.000000000000000000,0.000000000000000000,20.000000000000000000,12000.000000000000000000,4000.000000000000000000,0.314000000000000000
1.316000000000000000,0.000000000000000000,0.000000000000000000,0.000000000000000000,0.000000000000000000,0.000000000000000000,20.000000000000000000,12000.000000000000000000,4000.000000000000000000,0.316000000000000000
1.318000000000000000,0.000000000000000000,0.000000000000000000,0.000000000000000000,0.000000000000000000,0.000000000000000000,20.000000000000000000,12000.000000000000000000,4000.000000000000000000,0.318000000000000000
1.320000000000000000,0.000000000000000000,0.000000000000000000,0.000000000000000000,0.000000000000000000,0.000000000000000000,20.000000000000000000,12000.000000000000000000,4000.000000000000000000,0.320000000000000000
1.322000000000000000,0.000000000000000000,0.000000000000000000,0.000000000000000000,0.000000000000000000,0.000000000000000000,20.000000000000000000,12000.000000000000000000,4000.000000000000000000,0.322000000000000000
1.324000000000000000,0.000000000000000000,0.000000000000000000,0.000000000000000000,0.000000000000000000,0.000000000000000000,20.000000000000000000,12000.000000000000000000,4000.000000000000000000,0.324000000000000000
1.326000000000000000,0.000000000000000000,0.000000000000000000,0.000000000000000000,0.000000000000000000,0.000000000000000000,20.000000000000000000,12000.000000000000000000,4000.000000000000000000,0.326000000000000000
1.328000000000000000,0.000000000000000000,0.000000000000000000,0.000000000000000000,0.000000000000000000,0.000000000000000000,20.000000000000000000,12000.000000000000000000,4000.000000000000000000,0.328000000000000000
1.330000000000000000,0.000000000000000000,0.000000000000000000,0.000000000000000000,0.000000000000000000,0.000000000000000000,20.000000000000000000,12000.000000000000000000,4000.000000000000000000,0.330000000000000000
1.332000000000000000,0.000000000000000000,0.000000000000000000,0.000000000000000000,0.000000000000000000,0.000000000000000000,20.000000000000000000,12000.000000000000000000,4000.000000000000000000,0.332000000000000000
1.334000000000000000,0.000000000000000000,0.000000000000000000,0.000000000000000000,0.000000000000000000,0.000000000000000000,20.000000000000000000,12000.000000000000000000,4000.000000000000000000,0.334000000000000000
1.336000000000000000,0.000000000000000000,0.000000000000000000,0.000000000000000000,0.000000000000000000,0.000000000000000000,20.000000000000000000,12000.000000000000000000,4000.000000000000000000,0.336000000000000000
1.338000000000000000,0.000000000000000000,0.000000000000000000,0.000000000000000000,0.000000000000000000,0.000000000000000000,20.000000000000000000,12000.000000000000000000,4000.000000000000000000,0.338000000000000000
1.340000000000000000,0.000000000000000000,0.000000000000000000,0.000000000000000000,0.000000000000000000,0.000000000000000000,20.000000000000000000,12000.000000000000000000,4000.000000000000000000,0.340000000000000000
1.342000000000000000,0.000000000000000000,0.000000000000000000,0.000000000000000000,0.000000000000000000,0.000000000000000000,20.000000000000000000,12000.000000000000000000,4000.000000000000000000,0.342000000000000000
1.344000000000000000,0.000000000000000000,0.000000000000000000,0.000000000000000000,0.000000000000000000,0.000000000000000000,20.000000000000000000,12000.000000000000000000,4000.000000000000000000,0.344000000000000000
1.346000000000000000,0.000000000000000000,0.000000000000000000,0.000000000000000000,0.000000000000000000,0.000000000000000000,20.000000000000000000,12000.000000000000000000,4000.000000000000000000,0.346000000000000000
1.348000000000000000,0.000000000000000000,0.000000000000000000,0.000000000000000000,0.000000000000000000,0.000000000000000000,20.000000000000000000,12000.000000000000000000,4000.000000000000000000,0.348000000000000000
1.350000000000000000,0.000000000000000000,0.000000000000000000,0.000000000000000000,0.000000000000000000,0.000000000000000000,20.000000000000000000,12000.000000000000000000,4000.000000000000000000,0.350000000000000000
1.352000000000000000,0.000000000000000000,0.000000000000000000,0.000000000000000000,0.000000000000000000,0.000000000000000000,20.000000000000000000,12000.000000000000000000,4000.000000000000000000,0.352000000000000000
1.354000000000000000,0.000000000000000000,0.000000000000000000,0.000000000000000000,0.000000000000000000,0.000000000000000000,20.000000000000000000,12000.000000000000000000,4000.000000000000000000,0.354000000000000000
1.356000000000000000,0.000000000000000000,0.000000000000000000,0.000000000000000000,0.000000000000000000,0.000000000000000000,20.000000000000000000,12000.000000000000000000,4000.000000000000000000,0.356000000000000000
1.358000000000000000,0.000000000000000000,0.000000000000000000,0.000000000000000000,0.000000000000000000,0.000000000000000000,20.000000000000000000,12000.000000000000000000,4000.000000000000000000,0.358000000000000000
1.360000000000000000,0.000000000000000000,0.000000000000000000,0.000000000000000000,0.000000000000000000,0.000000000000000000,20.000000000000000000,12000.000000000000000000,4000.000000000000000000,0.360000000000000000
1.362000000000000000,0.000000000000000000,0.000000000000000000,0.000000000000000000,0.000000000000000000,0.000000000000000000,20.000000000000000000,12000.000000000000000000,4000.000000000000000000,0.362000000000000000
1.364000000000000000,0.000000000000000000,0.000000000000000000,0.000000000000000000,0.000000000000000000,0.000000000000000000,20.000000000000000000,12000.000000000000000000,4000.000000000000000000,0.364000000000000000
1.366000000000000000,0.000000000000000000,0.000000000000000000,0.000000000000000000,0.000000000000000000,0.000000000000000000,20.000000000000000000,12000.000000000000000000,4000.000000000000000000,0.366000000000000000
1.368000000000000000,0.000000000000000000,0.000000000000000000,0.000000000000000000,0.000000000000000000,0.000000000000000000,20.000000000000000000,12000.000000000000000000,4000.000000000000000000,0.368000000000000000
1.370000000000000000,0.000000000000000000,0.000000000000000000,0.000000000000000000,0.000000000000000000,0.000000000000000000,20.000000000000000000,12000.000000000000000000,4000.000000000000000000,0.370000000000000000
1.372000000000000000,0.000000000000000000,0.000000000000000000,0.000000000000000000,0.000000000000000000,0.000000000000000000,20.000000000000000000,12000.000000000000000000,4000.000000000000000000,0.372000000000000000
1.374000000000000000,0.000000000000000000,0.000000000000000000,0.000000000000000000,0.000000000000000000,0.000000000000000000,20.000000000000000000,12000.000000000000000000,4000.000000000000000000,0.374000000000000000
1.376000000000000000,0.000000000000000000,0.000000000000000000,0.000000000000000000,0.000000000000000000,0.000000000000000000,20.000000000000000000,12000.000000000000000000,4000.000000000000000000,0.376000000000000000
1.378000000000000000,0.000000000000000000,0.000000000000000000,0.000000000000000000,0.000000000000000000,0.000000000000000000,20.000000000000000000,12000.000000000000000000,4000.000000000000000000,0.378000000000000000
1.380000000000000000,0.000000000000000000,0.000000000000000000,0.000000000000000000,0.000000000000000000,0.000000000000000000,20.000000000000000000,12000.000000000000000000,4000.000000000000000000,0.380000000000000000
1.382000000000000000,0.000000000000000000,0.000000000000000000,0.000000000000000000,0.000000000000000000,0.000000000000000000,20.000000000000000000,12000.000000000000000000,4000.000000000000000000,0.382000000000000000
1.384000000000000000,0.000000000000000000,0.000000000000000000,0.000000000000000000,0.000000000000000000,0.000000000000000000,20.000000000000000000,12000.000000000000000000,4000.000000000000000000,0.384000000000000000
1.386000000000000000,0.000000000000000000,0.000000000000000000,0.000000000000000000,0.000000000000000000,0.000000000000000000,20.000000000000000000,12000.000000000000000000,4000.000000000000000000,0.386000000000000000
1.388000000000000000,0.000000000000000000,0.000000000000000000,0.000000000000000000,0.000000000000000000,0.000000000000000000,20.000000000000000000,12000.000000000000000000,4000.000000000000000000,0.388000000000000000
1.390000000000000000,0.000000000000000000,0.000000000000000000,0.000000000000000000,0.000000000000000000,0.000000000000000000,20.000000000000000000,12000.000000000000000000,4000.000000000000000000,0.390000000000000000
1.392000000000000000,0.000000000000000000,0.000000000000000000,0.000000000000000000,0.000000000000000000,0.000000000000000000,20.000000000000000000,12000.000000000000000000,4000.000000000000000000,0.392000000000000000
1.394000000000000000,0.000000000000000000,0.000000000000000000,0.000000000000000000,0.000000000000000000,0.000000000000000000,20.000000000000000000,12000.000000000000000000,4000.000000000000000000,0.394000000000000000
1.396000000000000000,0.000000000000000000,0.000000000000000000,0.000000000000000000,0.000000000000000000,0.000000000000000000,20.000000000000000000,12000.000000000000000000,4000.000000000000000000,0.396000000000000000
1.398000000000000000,0.000000000000000000,0.000000000000000000,0.000000000000000000,0.000000000000000000,0.000000000000000000,20.000000000000000000,12000.000000000000000000,4000.000000000000000000,0.398000000000000000
1.400000000000000000,0.000000000000000000,0.000000000000000000,0.000000000000000000,0.000000000000000000,0.000000000000000000,20.000000000000000000,12000.000000000000000000,4000.000000000000000000,0.400000000000000000
1.402000000000000000,0.000000000000000000,0.000000000000000000,0.000000000000000000,0.000000000000000000,0.000000000000000000,20.000000000000000000,12000.000000000000000000,4000.000000000000000000,0.402000000000000000
1.404000000000000000,0.000000000000000000,0.000000000000000000,0.000000000000000000,0.000000000000000000,0.000000000000000000,20.000000000000000000,12000.000000000000000000,4000.000000000000000000,0.404000000000000000
1.406000000000000000,0.000000000000000000,0.000000000000000000,0.000000000000000000,0.000000000000000000,0.000000000000000000,20.000000000000000000,12000.000000000000000000,4000.000000000000000000,0.406000000000000000
1.408000000000000000,0.000000000000000000,0.000000000000000000,0.000000000000000000,0.000000000000000000,0.000000000000000000,20.000000000000000000,12000.000000000000000000,4000.000000000000000000,0.408000000000000000
1.410000000000000000,0.000000000000000000,0.000000000000000000,0.000000000000000000,0.000000000000000000,0.000000000000000000,20.000000000000000000,12000.000000000000000000,4000.000000000000000000,0.410000000000000000
1.412000000000000000,0.000000000000000000,0.000000000000000000,0.000000000000000000,0.000000000000000000,0.000000000000000000,20.000000000000000000,12000.000000000000000000,4000.000000000000000000,0.412000000000000000
1.414000000000000000,0.000000000000000000,0.000000000000000000,0.000000000000000000,0.000000000000000000,0.000000000000000000,20.000000000000000000,12000.000000000000000000,4000.000000000000000000,0.414000000000000000
1.416000000000000000,0.000000000000000000,0.000000000000000000,0.000000000000000000,0.000000000000000000,0.000000000000000000,20.000000000000000000,12000.000000000000000000,4000.000000000000000000,0.416000000000000000
1.418000000000000000,0.000000000000000000,0.000000000000000000,0.000000000000000000,0.000000000000000000,0.000000000000000000,20.000000000000000000,12000.000000000000000000,4000.000000000000000000,0.418000000000000000
1.420000000000000000,0.000000000000000000,0.000000000000000000,0.000000000000000000,0.000000000000000000,0.000000000000000000,20.000000000000000000,12000.000000000000000000,4000.000000000000000000,0.420000000000000000
1.422000000000000000,0.000000000000000000,0.000000000000000000,0.000000000000000000,0.000000000000000000,0.000000000000000000,20.000000000000000000,12000.000000000000000000,4000.000000000000000000,0.422000000000000000
1.424000000000000000,0.000000000000000000,0.000000000000000000,0.000000000000000000,0.000000000000000000,0.000000000000000000,20.000000000000000000,12000.000000000000000000,4000.000000000000000000,0.424000000000000000
1.426000000000000000,0.000000000000000000,0.000000000000000000,0.000000000000000000,0.000000000000000000,0.000000000000000000,20.000000000000000000,12000.000000000000000000,4000.000000000000000000,0.426000000000000000
1.428000000000000000,0.000000000000000000,0.000000000000000000,0.000000000000000000,0.000000000000000000,0.000000000000000000,20.000000000000000000,12000.000000000000000000,4000.000000000000000000,0.428000000000000000
1.430000000000000000,0.000000000000000000,0.000000000000000000,0.000000000000000000,0.000000000000000000,0.000000000000000000,20.000000000000000000,12000.000000000000000000,4000.000000000000000000,0.430000000000000000
1.432000000000000000,0.000000000000000000,0.000000000000000000,0.000000000000000000,0.000000000000000000,0.000000000000000000,20.000000000000000000,12000.000000000000000000,4000.000000000000000000,0.432000000000000000
1.434000000000000000,0.000000000000000000,0.000000000000000000,0.000000000000000000,0.000000000000000000,0.000000000000000000,20.000000000000000000,12000.000000000000000000,4000.000000000000000000,0.434000000000000000
1.436000000000000000,0.000000000000000000,0.000000000000000000,0.000000000000000000,0.000000000000000000,0.000000000000000000,20.000000000000000000,12000.000000000000000000,4000.000000000000000000,0.436000000000000000
1.438000000000000000,0.000000000000000000,0.000000000000000000,0.000000000000000000,0.000000000000000000,0.000000000000000000,20.000000000000000000,12000.000000000000000000,4000.000000000000000000,0.438000000000000000
1.440000000000000000,0.000000000000000000,0.000000000000000000,0.000000000000000000,0.000000000000000000,0.000000000000000000,20.000000000000000000,12000.000000000000000000,4000.000000000000000000,0.440000000000000000
1.442000000000000000,0.000000000000000000,0.000000000000000000,0.000000000000000000,0.000000000000000000,0.000000000000000000,20.000000000000000000,12000.000000000000000000,4000.000000000000000000,0.442000000000000000
1.444000000000000000,0.000000000000000000,0.000000000000000000,0.000000000000000000,0.000000000000000000,0.000000000000000000,20.000000000000000000,12000.000000000000000000,4000.000000000000000000,0.444000000000000000
1.446000000000000000,0.000000000000000000,0.000000000000000000,0.000000000000000000,0.000000000000000000,0.000000000000000000,20.000000000000000000,12000.000000000000000000,4000.000000000000000000,0.446000000000000000
1.448000000000000000,0.000000000000000000,0.000000000000000000,0.000000000000000000,0.000000000000000000,0.000000000000000000,20.000000000000000000,12000.000000000000000000,4000.000000000000000000,0.448000000000000000
1.450000000000000000,0.000000000000000000,0.000000000000000000,0.000000000000000000,0.000000000000000000,0.000000000000000000,20.000000000000000000,12000.000000000000000000,4000.000000000000000000,0.450000000000000000
1.452000000000000000,0.000000000000000000,0.000000000000000000,0.000000000000000000,0.000000000000000000,0.000000000000000000,20.000000000000000000,12000.000000000000000000,4000.000000000000000000,0.452000000000000000
1.454000000000000000,0.000000000000000000,0.000000000000000000,0.000000000000000000,0.000000000000000000,0.000000000000000000,20.000000000000000000,12000.000000000000000000,4000.000000000000000000,0.454000000000000000
1.456000000000000000,0.000000000000000000,0.000000000000000000,0.000000000000000000,0.000000000000000000,0.000000000000000000,20.000000000000000000,12000.000000000000000000,4000.000000000000000000,0.456000000000000000
1.458000000000000000,0.000000000000000000,0.000000000000000000,0.000000000000000000,0.000000000000000000,0.000000000000000000,20.000000000000000000,12000.000000000000000000,4000.000000000000000000,0.458000000000000000
1.460000000000000000,0.000000000000000000,0.000000000000000000,0.000000000000000000,0.000000000000000000,0.000000000000000000,20.000000000000000000,12000.000000000000000000,4000.000000000000000000,0.460000000000000000
1.462000000000000000,0.000000000000000000,0.000000000000000000,0.000000000000000000,0.000000000000000000,0.000000000000000000,20.000000000000000000,12000.000000000000000000,4000.000000000000000000,0.462000000000000000
1.464000000000000000,0.000000000000000000,0.000000000000000000,0.000000000000000000,0.000000000000000000,0.000000000000000000,20.000000000000000000,12000.000000000000000000,4000.000000000000000000,0.464000000000000000
1.466000000000000000,0.000000000000000000,0.000000000000000000,0.000000000000000000,0.000000000000000000,0.000000000000000000,20.000000000000000000,12000.000000000000000000,4000.000000000000000000,0.466000000000000000
1.468000000000000000,0.000000000000000000,0.000000000000000000,0.000000000000000000,0.000000000000000000,0.000000000000000000,20.000000000000000000,12000.000000000000000000,4000.000000000000000000,0.468000000000000000
1.470000000000000000,0.000000000000000000,0.000000000000000000,0.000000000000000000,0.000000000000000000,0.000000000000000000,20.000000000000000000,12000.000000000000000000,4000.000000000000000000,0.470000000000000000
1.472000000000000000,0.000000000000000000,0.000000000000000000,0.000000000000000000,0.000000000000000000,0.000000000000000000,20.000000000000000000,12000.000000000000000000,4000.000000000000000000,0.472000000000000000
1.474000000000000000,0.000000000000000000,0.000000000000000000,0.000000000000000000,0.000000000000000000,0.000000000000000000,20.000000000000000000,12000.000000000000000000,4000.000000000000000000,0.474000000000000000
1.476000000000000000,0.000000000000000000,0.000000000000000000,0.000000000000000000,0.000000000000000000,0.000000000000000000,20.000000000000000000,12000.000000000000000000,4000.000000000000000000,0.476000000000000000
1.478000000000000000,0.000000000000000000,0.000000000000000000,0.000000000000000000,0.000000000000000000,0.000000000000000000,20.000000000000000000,12000.000000000000000000,4000.000000000000000000,0.478000000000000000
1.480000000000000000,0.000000000000000000,0.000000000000000000,0.000000000000000000,0.000000000000000000,0.000000000000000000,20.000000000000000000,12000.000000000000000000,4000.000000000000000000,0.480000000000000000
1.482000000000000000,0.000000000000000000,0.000000000000000000,0.000000000000000000,0.000000000000000000,0.000000000000000000,20.000000000000000000,12000.000000000000000000,4000.000000000000000000,0.482000000000000000
1.484000000000000000,0.000000000000000000,0.000000000000000000,0.000000000000000000,0.000000000000000000,0.000000000000000000,20.000000000000000000,12000.000000000000000000,4000.000000000000000000,0.484000000000000000
1.486000000000000000,0.000000000000000000,0.000000000000000000,0.000000000000000000,0.000000000000000000,0.000000000000000000,20.000000000000000000,12000.000000000000000000,4000.000000000000000000,0.486000000000000000
1.488000000000000000,0.000000000000000000,0.000000000000000000,0.000000000000000000,0.000000000000000000,0.000000000000000000,20.000000000000000000,12000.000000000000000000,4000.000000000000000000,0.488000000000000000
1.490000000000000000,0.000000000000000000,0.000000000000000000,0.000000000000000000,0.000000000000000000,0.000000000000000000,20.000000000000000000,12000.000000000000000000,4000.000000000000000000,0.490000000000000000
1.492000000000000000,0.000000000000000000,0.000000000000000000,0.000000000000000000,0.000000000000000000,0.000000000000000000,20.000000000000000000,12000.000000000000000000,4000.000000000000000000,0.492000000000000000
1.494000000000000000,0.000000000000000000,0.000000000000000000,0.000000000000000000,0.000000000000000000,0.000000000000000000,20.000000000000000000,12000.000000000000000000,4000.000000000000000000,0.494000000000000000
1.496000000000000000,0.000000000000000000,0.000000000000000000,0.000000000000000000,0.000000000000000000,0.000000000000000000,20.000000000000000000,12000.000000000000000000,4000.000000000000000000,0.496000000000000000
1.498000000000000000,0.000000000000000000,0.000000000000000000,0.000000000000000000,0.000000000000000000,0.000000000000000000,20.000000000000000000,12000.000000000000000000,4000.000000000000000000,0.498000000000000000
1.500000000000000000,0.000000000000000000,0.000000000000000000,0.000000000000000000,0.000000000000000000,0.000000000000000000,20.000000000000000000,12000.000000000000000000,4000.000000000000000000,0.500000000000000000
1.502000000000000000,0.000000000000000000,0.000000000000000000,0.000000000000000000,0.000000000000000000,0.000000000000000000,20.000000000000000000,12000.000000000000000000,4000.000000000000000000,0.502000000000000000
1.504000000000000000,0.000000000000000000,0.000000000000000000,0.000000000000000000,0.000000000000000000,0.000000000000000000,20.000000000000000000,12000.000000000000000000,4000.000000000000000000,0.504000000000000000
1.506000000000000000,0.000000000000000000,0.000000000000000000,0.000000000000000000,0.000000000000000000,0.000000000000000000,20.000000000000000000,12000.000000000000000000,4000.000000000000000000,0.506000000000000000
1.508000000000000000,0.000000000000000000,0.000000000000000000,0.000000000000000000,0.000000000000000000,0.000000000000000000,20.000000000000000000,12000.000000000000000000,4000.000000000000000000,0.508000000000000000
1.510000000000000000,0.000000000000000000,0.000000000000000000,0.000000000000000000,0.000000000000000000,0.000000000000000000,20.000000000000000000,12000.000000000000000000,4000.000000000000000000,0.510000000000000000
1.512000000000000000,0.000000000000000000,0.000000000000000000,0.000000000000000000,0.000000000000000000,0.000000000000000000,20.000000000000000000,12000.000000000000000000,4000.000000000000000000,0.512000000000000000
1.514000000000000000,0.000000000000000000,0.000000000000000000,0.000000000000000000,0.000000000000000000,0.000000000000000000,20.000000000000000000,12000.000000000000000000,4000.000000000000000000,0.514000000000000000
1.516000000000000000,0.000000000000000000,0.000000000000000000,0.000000000000000000,0.000000000000000000,0.000000000000000000,20.000000000000000000,12000.000000000000000000,4000.000000000000000000,0.516000000000000000
1.518000000000000000,0.000000000000000000,0.000000000000000000,0.000000000000000000,0.000000000000000000,0.000000000000000000,20.000000000000000000,12000.000000000000000000,4000.000000000000000000,0.518000000000000000
1.520000000000000000,0.000000000000000000,0.000000000000000000,0.000000000000000000,0.000000000000000000,0.000000000000000000,20.000000000000000000,12000.000000000000000000,4000.000000000000000000,0.520000000000000000
1.522000000000000000,0.000000000000000000,0.000000000000000000,0.000000000000000000,0.000000000000000000,0.000000000000000000,20.000000000000000000,12000.000000000000000000,4000.000000000000000000,0.522000000000000000
1.524000000000000000,0.000000000000000000,0.000000000000000000,0.000000000000000000,0.000000000000000000,0.000000000000000000,20.000000000000000000,12000.000000000000000000,4000.000000000000000000,0.524000000000000000
1.526000000000000000,0.000000000000000000,0.000000000000000000,0.000000000000000000,0.000000000000000000,0.000000000000000000,20.000000000000000000,12000.000000000000000000,4000.000000000000000000,0.526000000000000000
1.528000000000000000,0.000000000000000000,0.000000000000000000,0.000000000000000000,0.000000000000000000,0.000000000000000000,20.000000000000000000,12000.000000000000000000,4000.000000000000000000,0.528000000000000000
1.530000000000000000,0.000000000000000000,0.000000000000000000,0.000000000000000000,0.000000000000000000,0.000000000000000000,20.000000000000000000,12000.000000000000000000,4000.000000000000000000,0.530000000000000000
1.532000000000000000,0.000000000000000000,0.000000000000000000,0.000000000000000000,0.000000000000000000,0.000000000000000000,20.000000000000000000,12000.000000000000000000,4000.000000000000000000,0.532000000000000000
1.534000000000000000,0.000000000000000000,0.000000000000000000,0.000000000000000000,0.000000000000000000,0.000000000000000000,20.000000000000000000,12000.000000000000000000,4000.000000000000000000,0.534000000000000000
1.536000000000000000,0.000000000000000000,0.000000000000000000,0.000000000000000000,0.000000000000000000,0.000000000000000000,20.000000000000000000,12000.000000000000000000,4000.000000000000000000,0.536000000000000000
1.538000000000000000,0.000000000000000000,0.000000000000000000,0.000000000000000000,0.000000000000000000,0.000000000000000000,20.000000000000000000,12000.000000000000000000,4000.000000000000000000,0.538000000000000000
1.540000000000000000,0.000000000000000000,0.000000000000000000,0.000000000000000000,0.000000000000000000,0.000000000000000000,20.000000000000000000,12000.000000000000000000,4000.000000000000000000,0.540000000000000000
1.542000000000000000,0.000000000000000000,0.000000000000000000,0.000000000000000000,0.000000000000000000,0.000000000000000000,20.000000000000000000,12000.000000000000000000,4000.000000000000000000,0.542000000000000000
1.544000000000000000,0.000000000000000000,0.000000000000000000,0.000000000000000000,0.000000000000000000,0.000000000000000000,20.000000000000000000,12000.000000000000000000,4000.000000000000000000,0.544000000000000000
1.546000000000000000,0.000000000000000000,0.000000000000000000,0.000000000000000000,0.000000000000000000,0.000000000000000000,20.000000000000000000,12000.000000000000000000,4000.000000000000000000,0.546000000000000000
1.548000000000000000,0.000000000000000000,0.000000000000000000,0.000000000000000000,0.000000000000000000,0.000000000000000000,20.000000000000000000,12000.000000000000000000,4000.000000000000000000,0.548000000000000000
1.550000000000000000,0.000000000000000000,0.000000000000000000,0.000000000000000000,0.000000000000000000,0.000000000000000000,20.000000000000000000,12000.000000000000000000,4000.000000000000000000,0.550000000000000000
1.552000000000000000,0.000000000000000000,0.000000000000000000,0.000000000000000000,0.000000000000000000,0.000000000000000000,20.000000000000000000,12000.000000000000000000,4000.000000000000000000,0.552000000000000000
1.554000000000000000,0.000000000000000000,0.000000000000000000,0.000000000000000000,0.000000000000000000,0.000000000000000000,20.000000000000000000,12000.000000000000000000,4000.000000000000000000,0.554000000000000000
1.556000000000000000,0.000000000000000000,0.000000000000000000,0.000000000000000000,0.000000000000000000,0.000000000000000000,20.000000000000000000,12000.000000000000000000,4000.000000000000000000,0.556000000000000000
1.558000000000000000,0.000000000000000000,0.000000000000000000,0.000000000000000000,0.000000000000000000,0.000000000000000000,20.000000000000000000,12000.000000000000000000,4000.000000000000000000,0.558000000000000000
1.560000000000000000,0.000000000000000000,0.000000000000000000,0.000000000000000000,0.000000000000000000,0.000000000000000000,20.000000000000000000,12000.000000000000000000,4000.000000000000000000,0.560000000000000000
1.562000000000000000,0.000000000000000000,0.000000000000000000,0.000000000000000000,0.000000000000000000,0.000000000000000000,20.000000000000000000,12000.000000000000000000,4000.000000000000000000,0.562000000000000000
1.564000000000000000,0.000000000000000000,0.000000000000000000,0.000000000000000000,0.000000000000000000,0.000000000000000000,20.000000000000000000,12000.000000000000000000,4000.000000000000000000,0.564000000000000000
1.566000000000000000,0.000000000000000000,0.000000000000000000,0.000000000000000000,0.000000000000000000,0.000000000000000000,20.000000000000000000,12000.000000000000000000,4000.000000000000000000,0.566000000000000000
1.568000000000000000,0.000000000000000000,0.000000000000000000,0.000000000000000000,0.000000000000000000,0.000000000000000000,20.000000000000000000,12000.000000000000000000,4000.000000000000000000,0.568000000000000000
1.570000000000000000,0.000000000000000000,0.000000000000000000,0.000000000000000000,0.000000000000000000,0.000000000000000000,20.000000000000000000,12000.000000000000000000,4000.000000000000000000,0.570000000000000000
1.572000000000000000,0.000000000000000000,0.000000000000000000,0.000000000000000000,0.000000000000000000,0.000000000000000000,20.000000000000000000,12000.000000000000000000,4000.000000000000000000,0.572000000000000000
1.574000000000000000,0.000000000000000000,0.000000000000000000,0.000000000000000000,0.000000000000000000,0.000000000000000000,20.000000000000000000,12000.000000000000000000,4000.000000000000000000,0.574000000000000000
1.576000000000000000,0.000000000000000000,0.000000000000000000,0.000000000000000000,0.000000000000000000,0.000000000000000000,20.000000000000000000,12000.000000000000000000,4000.000000000000000000,0.576000000000000000
1.578000000000000000,0.000000000000000000,0.000000000000000000,0.000000000000000000,0.000000000000000000,0.000000000000000000,20.000000000000000000,12000.000000000000000000,4000.000000000000000000,0.578000000000000000
1.580000000000000000,0.000000000000000000,0.000000000000000000,0.000000000000000000,0.000000000000000000,0.000000000000000000,20.000000000000000000,12000.000000000000000000,4000.000000000000000000,0.580000000000000000
1.582000000000000000,0.000000000000000000,0.000000000000000000,0.000000000000000000,0.000000000000000000,0.000000000000000000,20.000000000000000000,12000.000000000000000000,4000.000000000000000000,0.582000000000000000
1.584000000000000000,0.000000000000000000,0.000000000000000000,0.000000000000000000,0.000000000000000000,0.000000000000000000,20.000000000000000000,12000.000000000000000000,4000.000000000000000000,0.584000000000000000
1.586000000000000000,0.000000000000000000,0.000000000000000000,0.000000000000000000,0.000000000000000000,0.000000000000000000,20.000000000000000000,12000.000000000000000000,4000.000000000000000000,0.586000000000000000
1.588000000000000000,0.000000000000000000,0.000000000000000000,0.000000000000000000,0.000000000000000000,0.000000000000000000,20.000000000000000000,12000.000000000000000000,4000.000000000000000000,0.588000000000000000
1.590000000000000000,0.000000000000000000,0.000000000000000000,0.000000000000000000,0.000000000000000000,0.000000000000000000,20.000000000000000000,12000.000000000000000000,4000.000000000000000000,0.590000000000000000
1.592000000000000000,0.000000000000000000,0.000000000000000000,0.000000000000000000,0.000000000000000000,0.000000000000000000,20.000000000000000000,12000.000000000000000000,4000.000000000000000000,0.592000000000000000
1.594000000000000000,0.000000000000000000,0.000000000000000000,0.000000000000000000,0.000000000000000000,0.000000000000000000,20.000000000000000000,12000.000000000000000000,4000.000000000000000000,0.594000000000000000
1.596000000000000000,0.000000000000000000,0.000000000000000000,0.000000000000000000,0.000000000000000000,0.000000000000000000,20.000000000000000000,12000.000000000000000000,4000.000000000000000000,0.596000000000000000
1.598000000000000000,0.000000000000000000,0.000000000000000000,0.000000000000000000,0.000000000000000000,0.000000000000000000,20.000000000000000000,12000.000000000000000000,4000.000000000000000000,0.598000000000000000
1.600000000000000000,0.000000000000000000,0.000000000000000000,0.000000000000000000,0.000000000000000000,0.000000000000000000,20.000000000000000000,12000.000000000000000000,4000.000000000000000000,0.600000000000000000
