collateral ratio swept to,collateral ratio before the rebalance,collateral ratio after the rebalance,minter pegged before,minter pegged after,StabilityPoolCollateral pegged before,StabilityPoolCollateral pegged after,StabilityPoolLeveraged pegged before,StabilityPoolLeveraged pegged after,leveraged token price before,leveraged token price after
0.002000000000000000,0.002000000000000000,0.002039992000799920,20000.000000000000000000,10001.000000000000000000,10000.000000000000000000,1.000000000000000000,0.000000000000000000,0.000000000000000000,0.000040000000000000,0.000020401960000000
0.004000000000000000,0.004000000000000000,0.004079984001599840,20000.000000000000000000,10001.000000000000000000,10000.000000000000000000,1.000000000000000000,0.000000000000000000,0.000000000000000000,0.000080000000000000,0.000040803920000000
0.006000000000000000,0.006000000000000000,0.006119976002399760,20000.000000000000000000,10001.000000000000000000,10000.000000000000000000,1.000000000000000000,0.000000000000000000,0.000000000000000000,0.000120000000000000,0.000061205880000000
0.008000000000000000,0.008000000000000000,0.008159968003199680,20000.000000000000000000,10001.000000000000000000,10000.000000000000000000,1.000000000000000000,0.000000000000000000,0.000000000000000000,0.000160000000000000,0.000081607840000000
0.010000000000000000,0.010000000000000000,0.010199960003999600,20000.000000000000000000,10001.000000000000000000,10000.000000000000000000,1.000000000000000000,0.000000000000000000,0.000000000000000000,0.000200000000000000,0.000102009800000000
0.012000000000000000,0.012000000000000000,0.012239952004799520,20000.000000000000000000,10001.000000000000000000,10000.000000000000000000,1.000000000000000000,0.000000000000000000,0.000000000000000000,0.000240000000000000,0.000122411760000000
0.014000000000000000,0.014000000000000000,0.014279944005599440,20000.000000000000000000,10001.000000000000000000,10000.000000000000000000,1.000000000000000000,0.000000000000000000,0.000000000000000000,0.000280000000000000,0.000142813720000000
0.016000000000000000,0.016000000000000000,0.016319936006399360,20000.000000000000000000,10001.000000000000000000,10000.000000000000000000,1.000000000000000000,0.000000000000000000,0.000000000000000000,0.000320000000000000,0.000163215680000000
0.018000000000000000,0.018000000000000000,0.018359928007199280,20000.000000000000000000,10001.000000000000000000,10000.000000000000000000,1.000000000000000000,0.000000000000000000,0.000000000000000000,0.000360000000000000,0.000183617640000000
0.020000000000000000,0.020000000000000000,0.020399920007999200,20000.000000000000000000,10001.000000000000000000,10000.000000000000000000,1.000000000000000000,0.000000000000000000,0.000000000000000000,0.000400000000000000,0.000204019600000000
0.022000000000000000,0.022000000000000000,0.022439912008799120,20000.000000000000000000,10001.000000000000000000,10000.000000000000000000,1.000000000000000000,0.000000000000000000,0.000000000000000000,0.000440000000000000,0.000224421560000000
0.024000000000000000,0.024000000000000000,0.024479904009599040,20000.000000000000000000,10001.000000000000000000,10000.000000000000000000,1.000000000000000000,0.000000000000000000,0.000000000000000000,0.000480000000000000,0.000244823520000000
0.026000000000000000,0.026000000000000000,0.026519896010398960,20000.000000000000000000,10001.000000000000000000,10000.000000000000000000,1.000000000000000000,0.000000000000000000,0.000000000000000000,0.000520000000000000,0.000265225480000000
0.028000000000000000,0.028000000000000000,0.028559888011198880,20000.000000000000000000,10001.000000000000000000,10000.000000000000000000,1.000000000000000000,0.000000000000000000,0.000000000000000000,0.000560000000000000,0.000285627440000000
0.030000000000000000,0.030000000000000000,0.030599880011998800,20000.000000000000000000,10001.000000000000000000,10000.000000000000000000,1.000000000000000000,0.000000000000000000,0.000000000000000000,0.000600000000000000,0.000306029400000000
0.032000000000000000,0.032000000000000000,0.032639872012798720,20000.000000000000000000,10001.000000000000000000,10000.000000000000000000,1.000000000000000000,0.000000000000000000,0.000000000000000000,0.000640000000000000,0.000326431360000000
0.034000000000000000,0.034000000000000000,0.034679864013598640,20000.000000000000000000,10001.000000000000000000,10000.000000000000000000,1.000000000000000000,0.000000000000000000,0.000000000000000000,0.000680000000000000,0.000346833320000000
0.036000000000000000,0.036000000000000000,0.036719856014398560,20000.000000000000000000,10001.000000000000000000,10000.000000000000000000,1.000000000000000000,0.000000000000000000,0.000000000000000000,0.000720000000000000,0.000367235280000000
0.038000000000000000,0.038000000000000000,0.038759848015198480,20000.000000000000000000,10001.000000000000000000,10000.000000000000000000,1.000000000000000000,0.000000000000000000,0.000000000000000000,0.000760000000000000,0.000387637240000000
0.040000000000000000,0.040000000000000000,0.040799840015998400,20000.000000000000000000,10001.000000000000000000,10000.000000000000000000,1.000000000000000000,0.000000000000000000,0.000000000000000000,0.000800000000000000,0.000408039200000000
0.042000000000000000,0.042000000000000000,0.042839832016798320,20000.000000000000000000,10001.000000000000000000,10000.000000000000000000,1.000000000000000000,0.000000000000000000,0.000000000000000000,0.000840000000000000,0.000428441160000000
0.044000000000000000,0.044000000000000000,0.044879824017598240,20000.000000000000000000,10001.000000000000000000,10000.000000000000000000,1.000000000000000000,0.000000000000000000,0.000000000000000000,0.000880000000000000,0.000448843120000000
0.046000000000000000,0.046000000000000000,0.046919816018398160,20000.000000000000000000,10001.000000000000000000,10000.000000000000000000,1.000000000000000000,0.000000000000000000,0.000000000000000000,0.000920000000000000,0.000469245080000000
0.048000000000000000,0.048000000000000000,0.048959808019198080,20000.000000000000000000,10001.000000000000000000,10000.000000000000000000,1.000000000000000000,0.000000000000000000,0.000000000000000000,0.000960000000000000,0.000489647040000000
0.050000000000000000,0.050000000000000000,0.050999800019998000,20000.000000000000000000,10001.000000000000000000,10000.000000000000000000,1.000000000000000000,0.000000000000000000,0.000000000000000000,0.001000000000000000,0.000510049000000000
0.052000000000000000,0.052000000000000000,0.053039792020797920,20000.000000000000000000,10001.000000000000000000,10000.000000000000000000,1.000000000000000000,0.000000000000000000,0.000000000000000000,0.001040000000000000,0.000530450960000000
0.054000000000000000,0.054000000000000000,0.055079784021597840,20000.000000000000000000,10001.000000000000000000,10000.000000000000000000,1.000000000000000000,0.000000000000000000,0.000000000000000000,0.001080000000000000,0.000550852920000000
0.056000000000000000,0.056000000000000000,0.057119776022397760,20000.000000000000000000,10001.000000000000000000,10000.000000000000000000,1.000000000000000000,0.000000000000000000,0.000000000000000000,0.001120000000000000,0.000571254880000000
0.058000000000000000,0.058000000000000000,0.059159768023197680,20000.000000000000000000,10001.000000000000000000,10000.000000000000000000,1.000000000000000000,0.000000000000000000,0.000000000000000000,0.001160000000000000,0.000591656840000000
0.060000000000000000,0.060000000000000000,0.061199760023997600,20000.000000000000000000,10001.000000000000000000,10000.000000000000000000,1.000000000000000000,0.000000000000000000,0.000000000000000000,0.001200000000000000,0.000612058800000000
0.062000000000000000,0.062000000000000000,0.063239752024797520,20000.000000000000000000,10001.000000000000000000,10000.000000000000000000,1.000000000000000000,0.000000000000000000,0.000000000000000000,0.001240000000000000,0.000632460760000000
0.064000000000000000,0.064000000000000000,0.065279744025597440,20000.000000000000000000,10001.000000000000000000,10000.000000000000000000,1.000000000000000000,0.000000000000000000,0.000000000000000000,0.001280000000000000,0.000652862720000000
0.066000000000000000,0.066000000000000000,0.067319736026397360,20000.000000000000000000,10001.000000000000000000,10000.000000000000000000,1.000000000000000000,0.000000000000000000,0.000000000000000000,0.001320000000000000,0.000673264680000000
0.068000000000000000,0.068000000000000000,0.069359728027197280,20000.000000000000000000,10001.000000000000000000,10000.000000000000000000,1.000000000000000000,0.000000000000000000,0.000000000000000000,0.001360000000000000,0.000693666640000000
0.070000000000000000,0.070000000000000000,0.071399720027997200,20000.000000000000000000,10001.000000000000000000,10000.000000000000000000,1.000000000000000000,0.000000000000000000,0.000000000000000000,0.001400000000000000,0.000714068600000000
0.072000000000000000,0.072000000000000000,0.073439712028797120,20000.000000000000000000,10001.000000000000000000,10000.000000000000000000,1.000000000000000000,0.000000000000000000,0.000000000000000000,0.001440000000000000,0.000734470560000000
0.074000000000000000,0.074000000000000000,0.075479704029597040,20000.000000000000000000,10001.000000000000000000,10000.000000000000000000,1.000000000000000000,0.000000000000000000,0.000000000000000000,0.001480000000000000,0.000754872520000000
0.076000000000000000,0.076000000000000000,0.077519696030396960,20000.000000000000000000,10001.000000000000000000,10000.000000000000000000,1.000000000000000000,0.000000000000000000,0.000000000000000000,0.001520000000000000,0.000775274480000000
0.078000000000000000,0.078000000000000000,0.079559688031196880,20000.000000000000000000,10001.000000000000000000,10000.000000000000000000,1.000000000000000000,0.000000000000000000,0.000000000000000000,0.001560000000000000,0.000795676440000000
0.080000000000000000,0.080000000000000000,0.081599680031996800,20000.000000000000000000,10001.000000000000000000,10000.000000000000000000,1.000000000000000000,0.000000000000000000,0.000000000000000000,0.001600000000000000,0.000816078400000000
0.082000000000000000,0.082000000000000000,0.083639672032796720,20000.000000000000000000,10001.000000000000000000,10000.000000000000000000,1.000000000000000000,0.000000000000000000,0.000000000000000000,0.001640000000000000,0.000836480360000000
0.084000000000000000,0.084000000000000000,0.085679664033596640,20000.000000000000000000,10001.000000000000000000,10000.000000000000000000,1.000000000000000000,0.000000000000000000,0.000000000000000000,0.001680000000000000,0.000856882320000000
0.086000000000000000,0.086000000000000000,0.087719656034396560,20000.000000000000000000,10001.000000000000000000,10000.000000000000000000,1.000000000000000000,0.000000000000000000,0.000000000000000000,0.001720000000000000,0.000877284280000000
0.088000000000000000,0.088000000000000000,0.089759648035196480,20000.000000000000000000,10001.000000000000000000,10000.000000000000000000,1.000000000000000000,0.000000000000000000,0.000000000000000000,0.001760000000000000,0.000897686240000000
0.090000000000000000,0.090000000000000000,0.091799640035996400,20000.000000000000000000,10001.000000000000000000,10000.000000000000000000,1.000000000000000000,0.000000000000000000,0.000000000000000000,0.001800000000000000,0.000918088200000000
0.092000000000000000,0.092000000000000000,0.093839632036796320,20000.000000000000000000,10001.000000000000000000,10000.000000000000000000,1.000000000000000000,0.000000000000000000,0.000000000000000000,0.001840000000000000,0.000938490160000000
0.094000000000000000,0.094000000000000000,0.095879624037596240,20000.000000000000000000,10001.000000000000000000,10000.000000000000000000,1.000000000000000000,0.000000000000000000,0.000000000000000000,0.001880000000000000,0.000958892120000000
0.096000000000000000,0.096000000000000000,0.097919616038396160,20000.000000000000000000,10001.000000000000000000,10000.000000000000000000,1.000000000000000000,0.000000000000000000,0.000000000000000000,0.001920000000000000,0.000979294080000000
0.098000000000000000,0.098000000000000000,0.099959608039196080,20000.000000000000000000,10001.000000000000000000,10000.000000000000000000,1.000000000000000000,0.000000000000000000,0.000000000000000000,0.001960000000000000,0.000999696040000000
0.100000000000000000,0.100000000000000000,0.101999600039996000,20000.000000000000000000,10001.000000000000000000,10000.000000000000000000,1.000000000000000000,0.000000000000000000,0.000000000000000000,0.002000000000000000,0.001020098000000000
0.102000000000000000,0.102000000000000000,0.104039592040795920,20000.000000000000000000,10001.000000000000000000,10000.000000000000000000,1.000000000000000000,0.000000000000000000,0.000000000000000000,0.002040000000000000,0.001040499960000000
0.104000000000000000,0.104000000000000000,0.106079584041595840,20000.000000000000000000,10001.000000000000000000,10000.000000000000000000,1.000000000000000000,0.000000000000000000,0.000000000000000000,0.002080000000000000,0.001060901920000000
0.106000000000000000,0.106000000000000000,0.108119576042395760,20000.000000000000000000,10001.000000000000000000,10000.000000000000000000,1.000000000000000000,0.000000000000000000,0.000000000000000000,0.002120000000000000,0.001081303880000000
0.108000000000000000,0.108000000000000000,0.110159568043195680,20000.000000000000000000,10001.000000000000000000,10000.000000000000000000,1.000000000000000000,0.000000000000000000,0.000000000000000000,0.002160000000000000,0.001101705840000000
0.110000000000000000,0.110000000000000000,0.112199560043995600,20000.000000000000000000,10001.000000000000000000,10000.000000000000000000,1.000000000000000000,0.000000000000000000,0.000000000000000000,0.002200000000000000,0.001122107800000000
0.112000000000000000,0.112000000000000000,0.114239552044795520,20000.000000000000000000,10001.000000000000000000,10000.000000000000000000,1.000000000000000000,0.000000000000000000,0.000000000000000000,0.002240000000000000,0.001142509760000000
0.114000000000000000,0.114000000000000000,0.116279544045595440,20000.000000000000000000,10001.000000000000000000,10000.000000000000000000,1.000000000000000000,0.000000000000000000,0.000000000000000000,0.002280000000000000,0.001162911720000000
0.116000000000000000,0.116000000000000000,0.118319536046395360,20000.000000000000000000,10001.000000000000000000,10000.000000000000000000,1.000000000000000000,0.000000000000000000,0.000000000000000000,0.002320000000000000,0.001183313680000000
0.118000000000000000,0.118000000000000000,0.120359528047195280,20000.000000000000000000,10001.000000000000000000,10000.000000000000000000,1.000000000000000000,0.000000000000000000,0.000000000000000000,0.002360000000000000,0.001203715640000000
0.120000000000000000,0.120000000000000000,0.122399520047995200,20000.000000000000000000,10001.000000000000000000,10000.000000000000000000,1.000000000000000000,0.000000000000000000,0.000000000000000000,0.002400000000000000,0.001224117600000000
0.122000000000000000,0.122000000000000000,0.124439512048795120,20000.000000000000000000,10001.000000000000000000,10000.000000000000000000,1.000000000000000000,0.000000000000000000,0.000000000000000000,0.002440000000000000,0.001244519560000000
0.124000000000000000,0.124000000000000000,0.126479504049595040,20000.000000000000000000,10001.000000000000000000,10000.000000000000000000,1.000000000000000000,0.000000000000000000,0.000000000000000000,0.002480000000000000,0.001264921520000000
0.126000000000000000,0.126000000000000000,0.128519496050394960,20000.000000000000000000,10001.000000000000000000,10000.000000000000000000,1.000000000000000000,0.000000000000000000,0.000000000000000000,0.002520000000000000,0.001285323480000000
0.128000000000000000,0.128000000000000000,0.130559488051194880,20000.000000000000000000,10001.000000000000000000,10000.000000000000000000,1.000000000000000000,0.000000000000000000,0.000000000000000000,0.002560000000000000,0.001305725440000000
0.130000000000000000,0.130000000000000000,0.132599480051994800,20000.000000000000000000,10001.000000000000000000,10000.000000000000000000,1.000000000000000000,0.000000000000000000,0.000000000000000000,0.002600000000000000,0.001326127400000000
0.132000000000000000,0.132000000000000000,0.134639472052794720,20000.000000000000000000,10001.000000000000000000,10000.000000000000000000,1.000000000000000000,0.000000000000000000,0.000000000000000000,0.002640000000000000,0.001346529360000000
0.134000000000000000,0.134000000000000000,0.136679464053594640,20000.000000000000000000,10001.000000000000000000,10000.000000000000000000,1.000000000000000000,0.000000000000000000,0.000000000000000000,0.002680000000000000,0.001366931320000000
0.136000000000000000,0.136000000000000000,0.138719456054394560,20000.000000000000000000,10001.000000000000000000,10000.000000000000000000,1.000000000000000000,0.000000000000000000,0.000000000000000000,0.002720000000000000,0.001387333280000000
0.138000000000000000,0.138000000000000000,0.140759448055194480,20000.000000000000000000,10001.000000000000000000,10000.000000000000000000,1.000000000000000000,0.000000000000000000,0.000000000000000000,0.002760000000000000,0.001407735240000000
0.140000000000000000,0.140000000000000000,0.142799440055994400,20000.000000000000000000,10001.000000000000000000,10000.000000000000000000,1.000000000000000000,0.000000000000000000,0.000000000000000000,0.002800000000000000,0.001428137200000000
0.142000000000000000,0.142000000000000000,0.144839432056794320,20000.000000000000000000,10001.000000000000000000,10000.000000000000000000,1.000000000000000000,0.000000000000000000,0.000000000000000000,0.002840000000000000,0.001448539160000000
0.144000000000000000,0.144000000000000000,0.146879424057594240,20000.000000000000000000,10001.000000000000000000,10000.000000000000000000,1.000000000000000000,0.000000000000000000,0.000000000000000000,0.002880000000000000,0.001468941120000000
0.146000000000000000,0.146000000000000000,0.148919416058394160,20000.000000000000000000,10001.000000000000000000,10000.000000000000000000,1.000000000000000000,0.000000000000000000,0.000000000000000000,0.002920000000000000,0.001489343080000000
0.148000000000000000,0.148000000000000000,0.150959408059194080,20000.000000000000000000,10001.000000000000000000,10000.000000000000000000,1.000000000000000000,0.000000000000000000,0.000000000000000000,0.002960000000000000,0.001509745040000000
0.150000000000000000,0.150000000000000000,0.152999400059994000,20000.000000000000000000,10001.000000000000000000,10000.000000000000000000,1.000000000000000000,0.000000000000000000,0.000000000000000000,0.003000000000000000,0.001530147000000000
0.152000000000000000,0.152000000000000000,0.155039392060793920,20000.000000000000000000,10001.000000000000000000,10000.000000000000000000,1.000000000000000000,0.000000000000000000,0.000000000000000000,0.003040000000000000,0.001550548960000000
0.154000000000000000,0.154000000000000000,0.157079384061593840,20000.000000000000000000,10001.000000000000000000,10000.000000000000000000,1.000000000000000000,0.000000000000000000,0.000000000000000000,0.003080000000000000,0.001570950920000000
0.156000000000000000,0.156000000000000000,0.159119376062393760,20000.000000000000000000,10001.000000000000000000,10000.000000000000000000,1.000000000000000000,0.000000000000000000,0.000000000000000000,0.003120000000000000,0.001591352880000000
0.158000000000000000,0.158000000000000000,0.161159368063193680,20000.000000000000000000,10001.000000000000000000,10000.000000000000000000,1.000000000000000000,0.000000000000000000,0.000000000000000000,0.003160000000000000,0.001611754840000000
0.160000000000000000,0.160000000000000000,0.163199360063993600,20000.000000000000000000,10001.000000000000000000,10000.000000000000000000,1.000000000000000000,0.000000000000000000,0.000000000000000000,0.003200000000000000,0.001632156800000000
0.162000000000000000,0.162000000000000000,0.165239352064793520,20000.000000000000000000,10001.000000000000000000,10000.000000000000000000,1.000000000000000000,0.000000000000000000,0.000000000000000000,0.003240000000000000,0.001652558760000000
0.164000000000000000,0.164000000000000000,0.167279344065593440,20000.000000000000000000,10001.000000000000000000,10000.000000000000000000,1.000000000000000000,0.000000000000000000,0.000000000000000000,0.003280000000000000,0.001672960720000000
0.166000000000000000,0.166000000000000000,0.169319336066393360,20000.000000000000000000,10001.000000000000000000,10000.000000000000000000,1.000000000000000000,0.000000000000000000,0.000000000000000000,0.003320000000000000,0.001693362680000000
0.168000000000000000,0.168000000000000000,0.171359328067193280,20000.000000000000000000,10001.000000000000000000,10000.000000000000000000,1.000000000000000000,0.000000000000000000,0.000000000000000000,0.003360000000000000,0.001713764640000000
0.170000000000000000,0.170000000000000000,0.173399320067993200,20000.000000000000000000,10001.000000000000000000,10000.000000000000000000,1.000000000000000000,0.000000000000000000,0.000000000000000000,0.003400000000000000,0.001734166600000000
0.172000000000000000,0.172000000000000000,0.175439312068793120,20000.000000000000000000,10001.000000000000000000,10000.000000000000000000,1.000000000000000000,0.000000000000000000,0.000000000000000000,0.003440000000000000,0.001754568560000000
0.174000000000000000,0.174000000000000000,0.177479304069593040,20000.000000000000000000,10001.000000000000000000,10000.000000000000000000,1.000000000000000000,0.000000000000000000,0.000000000000000000,0.003480000000000000,0.001774970520000000
0.176000000000000000,0.176000000000000000,0.179519296070392960,20000.000000000000000000,10001.000000000000000000,10000.000000000000000000,1.000000000000000000,0.000000000000000000,0.000000000000000000,0.003520000000000000,0.001795372480000000
0.178000000000000000,0.178000000000000000,0.181559288071192880,20000.000000000000000000,10001.000000000000000000,10000.000000000000000000,1.000000000000000000,0.000000000000000000,0.000000000000000000,0.003560000000000000,0.001815774440000000
0.180000000000000000,0.180000000000000000,0.183599280071992800,20000.000000000000000000,10001.000000000000000000,10000.000000000000000000,1.000000000000000000,0.000000000000000000,0.000000000000000000,0.003600000000000000,0.001836176400000000
0.182000000000000000,0.182000000000000000,0.185639272072792720,20000.000000000000000000,10001.000000000000000000,10000.000000000000000000,1.000000000000000000,0.000000000000000000,0.000000000000000000,0.003640000000000000,0.001856578360000000
0.184000000000000000,0.184000000000000000,0.187679264073592640,20000.000000000000000000,10001.000000000000000000,10000.000000000000000000,1.000000000000000000,0.000000000000000000,0.000000000000000000,0.003680000000000000,0.001876980320000000
0.186000000000000000,0.186000000000000000,0.189719256074392560,20000.000000000000000000,10001.000000000000000000,10000.000000000000000000,1.000000000000000000,0.000000000000000000,0.000000000000000000,0.003720000000000000,0.001897382280000000
0.188000000000000000,0.188000000000000000,0.191759248075192480,20000.000000000000000000,10001.000000000000000000,10000.000000000000000000,1.000000000000000000,0.000000000000000000,0.000000000000000000,0.003760000000000000,0.001917784240000000
0.190000000000000000,0.190000000000000000,0.193799240075992400,20000.000000000000000000,10001.000000000000000000,10000.000000000000000000,1.000000000000000000,0.000000000000000000,0.000000000000000000,0.003800000000000000,0.001938186200000000
0.192000000000000000,0.192000000000000000,0.195839232076792320,20000.000000000000000000,10001.000000000000000000,10000.000000000000000000,1.000000000000000000,0.000000000000000000,0.000000000000000000,0.003840000000000000,0.001958588160000000
0.194000000000000000,0.194000000000000000,0.197879224077592240,20000.000000000000000000,10001.000000000000000000,10000.000000000000000000,1.000000000000000000,0.000000000000000000,0.000000000000000000,0.003880000000000000,0.001978990120000000
0.196000000000000000,0.196000000000000000,0.199919216078392160,20000.000000000000000000,10001.000000000000000000,10000.000000000000000000,1.000000000000000000,0.000000000000000000,0.000000000000000000,0.003920000000000000,0.001999392080000000
0.198000000000000000,0.198000000000000000,0.201959208079192080,20000.000000000000000000,10001.000000000000000000,10000.000000000000000000,1.000000000000000000,0.000000000000000000,0.000000000000000000,0.003960000000000000,0.002019794040000000
0.200000000000000000,0.200000000000000000,0.203999200079992000,20000.000000000000000000,10001.000000000000000000,10000.000000000000000000,1.000000000000000000,0.000000000000000000,0.000000000000000000,0.004000000000000000,0.002040196000000000
0.202000000000000000,0.202000000000000000,0.206039192080791920,20000.000000000000000000,10001.000000000000000000,10000.000000000000000000,1.000000000000000000,0.000000000000000000,0.000000000000000000,0.004040000000000000,0.002060597960000000
0.204000000000000000,0.204000000000000000,0.208079184081591840,20000.000000000000000000,10001.000000000000000000,10000.000000000000000000,1.000000000000000000,0.000000000000000000,0.000000000000000000,0.004080000000000000,0.002080999920000000
0.206000000000000000,0.206000000000000000,0.210119176082391760,20000.000000000000000000,10001.000000000000000000,10000.000000000000000000,1.000000000000000000,0.000000000000000000,0.000000000000000000,0.004120000000000000,0.002101401880000000
0.208000000000000000,0.208000000000000000,0.212159168083191680,20000.000000000000000000,10001.000000000000000000,10000.000000000000000000,1.000000000000000000,0.000000000000000000,0.000000000000000000,0.004160000000000000,0.002121803840000000
0.210000000000000000,0.210000000000000000,0.214199160083991600,20000.000000000000000000,10001.000000000000000000,10000.000000000000000000,1.000000000000000000,0.000000000000000000,0.000000000000000000,0.004200000000000000,0.002142205800000000
0.212000000000000000,0.212000000000000000,0.216239152084791520,20000.000000000000000000,10001.000000000000000000,10000.000000000000000000,1.000000000000000000,0.000000000000000000,0.000000000000000000,0.004240000000000000,0.002162607760000000
0.214000000000000000,0.214000000000000000,0.218279144085591440,20000.000000000000000000,10001.000000000000000000,10000.000000000000000000,1.000000000000000000,0.000000000000000000,0.000000000000000000,0.004280000000000000,0.002183009720000000
0.216000000000000000,0.216000000000000000,0.220319136086391360,20000.000000000000000000,10001.000000000000000000,10000.000000000000000000,1.000000000000000000,0.000000000000000000,0.000000000000000000,0.004320000000000000,0.002203411680000000
0.218000000000000000,0.218000000000000000,0.222359128087191280,20000.000000000000000000,10001.000000000000000000,10000.000000000000000000,1.000000000000000000,0.000000000000000000,0.000000000000000000,0.004360000000000000,0.002223813640000000
0.220000000000000000,0.220000000000000000,0.224399120087991200,20000.000000000000000000,10001.000000000000000000,10000.000000000000000000,1.000000000000000000,0.000000000000000000,0.000000000000000000,0.004400000000000000,0.002244215600000000
0.222000000000000000,0.222000000000000000,0.226439112088791120,20000.000000000000000000,10001.000000000000000000,10000.000000000000000000,1.000000000000000000,0.000000000000000000,0.000000000000000000,0.004440000000000000,0.002264617560000000
0.224000000000000000,0.224000000000000000,0.228479104089591040,20000.000000000000000000,10001.000000000000000000,10000.000000000000000000,1.000000000000000000,0.000000000000000000,0.000000000000000000,0.004480000000000000,0.002285019520000000
0.226000000000000000,0.226000000000000000,0.230519096090390960,20000.000000000000000000,10001.000000000000000000,10000.000000000000000000,1.000000000000000000,0.000000000000000000,0.000000000000000000,0.004520000000000000,0.002305421480000000
0.228000000000000000,0.228000000000000000,0.232559088091190880,20000.000000000000000000,10001.000000000000000000,10000.000000000000000000,1.000000000000000000,0.000000000000000000,0.000000000000000000,0.004560000000000000,0.002325823440000000
0.230000000000000000,0.230000000000000000,0.234599080091990800,20000.000000000000000000,10001.000000000000000000,10000.000000000000000000,1.000000000000000000,0.000000000000000000,0.000000000000000000,0.004600000000000000,0.002346225400000000
0.232000000000000000,0.232000000000000000,0.236639072092790720,20000.000000000000000000,10001.000000000000000000,10000.000000000000000000,1.000000000000000000,0.000000000000000000,0.000000000000000000,0.004640000000000000,0.002366627360000000
0.234000000000000000,0.234000000000000000,0.238679064093590640,20000.000000000000000000,10001.000000000000000000,10000.000000000000000000,1.000000000000000000,0.000000000000000000,0.000000000000000000,0.004680000000000000,0.002387029320000000
0.236000000000000000,0.236000000000000000,0.240719056094390560,20000.000000000000000000,10001.000000000000000000,10000.000000000000000000,1.000000000000000000,0.000000000000000000,0.000000000000000000,0.004720000000000000,0.002407431280000000
0.238000000000000000,0.238000000000000000,0.242759048095190480,20000.000000000000000000,10001.000000000000000000,10000.000000000000000000,1.000000000000000000,0.000000000000000000,0.000000000000000000,0.004760000000000000,0.002427833240000000
0.240000000000000000,0.240000000000000000,0.244799040095990400,20000.000000000000000000,10001.000000000000000000,10000.000000000000000000,1.000000000000000000,0.000000000000000000,0.000000000000000000,0.004800000000000000,0.002448235200000000
0.242000000000000000,0.242000000000000000,0.246839032096790320,20000.000000000000000000,10001.000000000000000000,10000.000000000000000000,1.000000000000000000,0.000000000000000000,0.000000000000000000,0.004840000000000000,0.002468637160000000
0.244000000000000000,0.244000000000000000,0.248879024097590240,20000.000000000000000000,10001.000000000000000000,10000.000000000000000000,1.000000000000000000,0.000000000000000000,0.000000000000000000,0.004880000000000000,0.002489039120000000
0.246000000000000000,0.246000000000000000,0.250919016098390160,20000.000000000000000000,10001.000000000000000000,10000.000000000000000000,1.000000000000000000,0.000000000000000000,0.000000000000000000,0.004920000000000000,0.002509441080000000
0.248000000000000000,0.248000000000000000,0.252959008099190080,20000.000000000000000000,10001.000000000000000000,10000.000000000000000000,1.000000000000000000,0.000000000000000000,0.000000000000000000,0.004960000000000000,0.002529843040000000
0.250000000000000000,0.250000000000000000,0.254999000099990000,20000.000000000000000000,10001.000000000000000000,10000.000000000000000000,1.000000000000000000,0.000000000000000000,0.000000000000000000,0.005000000000000000,0.002550245000000000
0.252000000000000000,0.252000000000000000,0.257038992100789921,20000.000000000000000000,10001.000000000000000000,10000.000000000000000000,1.000000000000000000,0.000000000000000000,0.000000000000000000,0.005040000000000000,0.002570646960000000
0.254000000000000000,0.254000000000000000,0.259078984101589841,20000.000000000000000000,10001.000000000000000000,10000.000000000000000000,1.000000000000000000,0.000000000000000000,0.000000000000000000,0.005080000000000000,0.002591048920000000
0.256000000000000000,0.256000000000000000,0.261118976102389761,20000.000000000000000000,10001.000000000000000000,10000.000000000000000000,1.000000000000000000,0.000000000000000000,0.000000000000000000,0.005120000000000000,0.002611450880000000
0.258000000000000000,0.258000000000000000,0.263158968103189681,20000.000000000000000000,10001.000000000000000000,10000.000000000000000000,1.000000000000000000,0.000000000000000000,0.000000000000000000,0.005160000000000000,0.002631852840000000
0.260000000000000000,0.260000000000000000,0.265198960103989601,20000.000000000000000000,10001.000000000000000000,10000.000000000000000000,1.000000000000000000,0.000000000000000000,0.000000000000000000,0.005200000000000000,0.002652254800000000
0.262000000000000000,0.262000000000000000,0.267238952104789521,20000.000000000000000000,10001.000000000000000000,10000.000000000000000000,1.000000000000000000,0.000000000000000000,0.000000000000000000,0.005240000000000000,0.002672656760000000
0.264000000000000000,0.264000000000000000,0.269278944105589441,20000.000000000000000000,10001.000000000000000000,10000.000000000000000000,1.000000000000000000,0.000000000000000000,0.000000000000000000,0.005280000000000000,0.002693058720000000
0.266000000000000000,0.266000000000000000,0.271318936106389361,20000.000000000000000000,10001.000000000000000000,10000.000000000000000000,1.000000000000000000,0.000000000000000000,0.000000000000000000,0.005320000000000000,0.002713460680000000
0.268000000000000000,0.268000000000000000,0.273358928107189281,20000.000000000000000000,10001.000000000000000000,10000.000000000000000000,1.000000000000000000,0.000000000000000000,0.000000000000000000,0.005360000000000000,0.002733862640000000
0.270000000000000000,0.270000000000000000,0.275398920107989201,20000.000000000000000000,10001.000000000000000000,10000.000000000000000000,1.000000000000000000,0.000000000000000000,0.000000000000000000,0.005400000000000000,0.002754264600000000
0.272000000000000000,0.272000000000000000,0.277438912108789121,20000.000000000000000000,10001.000000000000000000,10000.000000000000000000,1.000000000000000000,0.000000000000000000,0.000000000000000000,0.005440000000000000,0.002774666560000000
0.274000000000000000,0.274000000000000000,0.279478904109589041,20000.000000000000000000,10001.000000000000000000,10000.000000000000000000,1.000000000000000000,0.000000000000000000,0.000000000000000000,0.005480000000000000,0.002795068520000000
0.276000000000000000,0.276000000000000000,0.281518896110388961,20000.000000000000000000,10001.000000000000000000,10000.000000000000000000,1.000000000000000000,0.000000000000000000,0.000000000000000000,0.005520000000000000,0.002815470480000000
0.278000000000000000,0.278000000000000000,0.283558888111188881,20000.000000000000000000,10001.000000000000000000,10000.000000000000000000,1.000000000000000000,0.000000000000000000,0.000000000000000000,0.005560000000000000,0.002835872440000000
0.280000000000000000,0.280000000000000000,0.285598880111988801,20000.000000000000000000,10001.000000000000000000,10000.000000000000000000,1.000000000000000000,0.000000000000000000,0.000000000000000000,0.005600000000000000,0.002856274400000000
0.282000000000000000,0.282000000000000000,0.287638872112788721,20000.000000000000000000,10001.000000000000000000,10000.000000000000000000,1.000000000000000000,0.000000000000000000,0.000000000000000000,0.005640000000000000,0.002876676360000000
0.284000000000000000,0.284000000000000000,0.289678864113588641,20000.000000000000000000,10001.000000000000000000,10000.000000000000000000,1.000000000000000000,0.000000000000000000,0.000000000000000000,0.005680000000000000,0.002897078320000000
0.286000000000000000,0.286000000000000000,0.291718856114388561,20000.000000000000000000,10001.000000000000000000,10000.000000000000000000,1.000000000000000000,0.000000000000000000,0.000000000000000000,0.005720000000000000,0.002917480280000000
0.288000000000000000,0.288000000000000000,0.293758848115188481,20000.000000000000000000,10001.000000000000000000,10000.000000000000000000,1.000000000000000000,0.000000000000000000,0.000000000000000000,0.005760000000000000,0.002937882240000000
0.290000000000000000,0.290000000000000000,0.295798840115988401,20000.000000000000000000,10001.000000000000000000,10000.000000000000000000,1.000000000000000000,0.000000000000000000,0.000000000000000000,0.005800000000000000,0.002958284200000000
0.292000000000000000,0.292000000000000000,0.297838832116788321,20000.000000000000000000,10001.000000000000000000,10000.000000000000000000,1.000000000000000000,0.000000000000000000,0.000000000000000000,0.005840000000000000,0.002978686160000000
0.294000000000000000,0.294000000000000000,0.299878824117588241,20000.000000000000000000,10001.000000000000000000,10000.000000000000000000,1.000000000000000000,0.000000000000000000,0.000000000000000000,0.005880000000000000,0.002999088120000000
0.296000000000000000,0.296000000000000000,0.301918816118388161,20000.000000000000000000,10001.000000000000000000,10000.000000000000000000,1.000000000000000000,0.000000000000000000,0.000000000000000000,0.005920000000000000,0.003019490080000000
0.298000000000000000,0.298000000000000000,0.303958808119188081,20000.000000000000000000,10001.000000000000000000,10000.000000000000000000,1.000000000000000000,0.000000000000000000,0.000000000000000000,0.005960000000000000,0.003039892040000000
0.300000000000000000,0.300000000000000000,0.305998800119988001,20000.000000000000000000,10001.000000000000000000,10000.000000000000000000,1.000000000000000000,0.000000000000000000,0.000000000000000000,0.006000000000000000,0.003060294000000000
0.302000000000000000,0.302000000000000000,0.308038792120787921,20000.000000000000000000,10001.000000000000000000,10000.000000000000000000,1.000000000000000000,0.000000000000000000,0.000000000000000000,0.006040000000000000,0.003080695960000000
0.304000000000000000,0.304000000000000000,0.310078784121587841,20000.000000000000000000,10001.000000000000000000,10000.000000000000000000,1.000000000000000000,0.000000000000000000,0.000000000000000000,0.006080000000000000,0.003101097920000000
0.306000000000000000,0.306000000000000000,0.312118776122387761,20000.000000000000000000,10001.000000000000000000,10000.000000000000000000,1.000000000000000000,0.000000000000000000,0.000000000000000000,0.006120000000000000,0.003121499880000000
0.308000000000000000,0.308000000000000000,0.314158768123187681,20000.000000000000000000,10001.000000000000000000,10000.000000000000000000,1.000000000000000000,0.000000000000000000,0.000000000000000000,0.006160000000000000,0.003141901840000000
0.310000000000000000,0.310000000000000000,0.316198760123987601,20000.000000000000000000,10001.000000000000000000,10000.000000000000000000,1.000000000000000000,0.000000000000000000,0.000000000000000000,0.006200000000000000,0.003162303800000000
0.312000000000000000,0.312000000000000000,0.318238752124787521,20000.000000000000000000,10001.000000000000000000,10000.000000000000000000,1.000000000000000000,0.000000000000000000,0.000000000000000000,0.006240000000000000,0.003182705760000000
0.314000000000000000,0.314000000000000000,0.320278744125587441,20000.000000000000000000,10001.000000000000000000,10000.000000000000000000,1.000000000000000000,0.000000000000000000,0.000000000000000000,0.006280000000000000,0.003203107720000000
0.316000000000000000,0.316000000000000000,0.322318736126387361,20000.000000000000000000,10001.000000000000000000,10000.000000000000000000,1.000000000000000000,0.000000000000000000,0.000000000000000000,0.006320000000000000,0.003223509680000000
0.318000000000000000,0.318000000000000000,0.324358728127187281,20000.000000000000000000,10001.000000000000000000,10000.000000000000000000,1.000000000000000000,0.000000000000000000,0.000000000000000000,0.006360000000000000,0.003243911640000000
0.320000000000000000,0.320000000000000000,0.326398720127987201,20000.000000000000000000,10001.000000000000000000,10000.000000000000000000,1.000000000000000000,0.000000000000000000,0.000000000000000000,0.006400000000000000,0.003264313600000000
0.322000000000000000,0.322000000000000000,0.328438712128787121,20000.000000000000000000,10001.000000000000000000,10000.000000000000000000,1.000000000000000000,0.000000000000000000,0.000000000000000000,0.006440000000000000,0.003284715560000000
0.324000000000000000,0.324000000000000000,0.330478704129587041,20000.000000000000000000,10001.000000000000000000,10000.000000000000000000,1.000000000000000000,0.000000000000000000,0.000000000000000000,0.006480000000000000,0.003305117520000000
0.326000000000000000,0.326000000000000000,0.332518696130386961,20000.000000000000000000,10001.000000000000000000,10000.000000000000000000,1.000000000000000000,0.000000000000000000,0.000000000000000000,0.006520000000000000,0.003325519480000000
0.328000000000000000,0.328000000000000000,0.334558688131186881,20000.000000000000000000,10001.000000000000000000,10000.000000000000000000,1.000000000000000000,0.000000000000000000,0.000000000000000000,0.006560000000000000,0.003345921440000000
0.330000000000000000,0.330000000000000000,0.336598680131986801,20000.000000000000000000,10001.000000000000000000,10000.000000000000000000,1.000000000000000000,0.000000000000000000,0.000000000000000000,0.006600000000000000,0.003366323400000000
0.332000000000000000,0.332000000000000000,0.338638672132786721,20000.000000000000000000,10001.000000000000000000,10000.000000000000000000,1.000000000000000000,0.000000000000000000,0.000000000000000000,0.006640000000000000,0.003386725360000000
0.334000000000000000,0.334000000000000000,0.340678664133586641,20000.000000000000000000,10001.000000000000000000,10000.000000000000000000,1.000000000000000000,0.000000000000000000,0.000000000000000000,0.006680000000000000,0.003407127320000000
0.336000000000000000,0.336000000000000000,0.342718656134386561,20000.000000000000000000,10001.000000000000000000,10000.000000000000000000,1.000000000000000000,0.000000000000000000,0.000000000000000000,0.006720000000000000,0.003427529280000000
0.338000000000000000,0.338000000000000000,0.344758648135186481,20000.000000000000000000,10001.000000000000000000,10000.000000000000000000,1.000000000000000000,0.000000000000000000,0.000000000000000000,0.006760000000000000,0.003447931240000000
0.340000000000000000,0.340000000000000000,0.346798640135986401,20000.000000000000000000,10001.000000000000000000,10000.000000000000000000,1.000000000000000000,0.000000000000000000,0.000000000000000000,0.006800000000000000,0.003468333200000000
0.342000000000000000,0.342000000000000000,0.348838632136786321,20000.000000000000000000,10001.000000000000000000,10000.000000000000000000,1.000000000000000000,0.000000000000000000,0.000000000000000000,0.006840000000000000,0.003488735160000000
0.344000000000000000,0.344000000000000000,0.350878624137586241,20000.000000000000000000,10001.000000000000000000,10000.000000000000000000,1.000000000000000000,0.000000000000000000,0.000000000000000000,0.006880000000000000,0.003509137120000000
0.346000000000000000,0.346000000000000000,0.352918616138386161,20000.000000000000000000,10001.000000000000000000,10000.000000000000000000,1.000000000000000000,0.000000000000000000,0.000000000000000000,0.006920000000000000,0.003529539080000000
0.348000000000000000,0.348000000000000000,0.354958608139186081,20000.000000000000000000,10001.000000000000000000,10000.000000000000000000,1.000000000000000000,0.000000000000000000,0.000000000000000000,0.006960000000000000,0.003549941040000000
0.350000000000000000,0.350000000000000000,0.356998600139986001,20000.000000000000000000,10001.000000000000000000,10000.000000000000000000,1.000000000000000000,0.000000000000000000,0.000000000000000000,0.007000000000000000,0.003570343000000000
0.352000000000000000,0.352000000000000000,0.359038592140785921,20000.000000000000000000,10001.000000000000000000,10000.000000000000000000,1.000000000000000000,0.000000000000000000,0.000000000000000000,0.007040000000000000,0.003590744960000000
0.354000000000000000,0.354000000000000000,0.361078584141585841,20000.000000000000000000,10001.000000000000000000,10000.000000000000000000,1.000000000000000000,0.000000000000000000,0.000000000000000000,0.007080000000000000,0.003611146920000000
0.356000000000000000,0.356000000000000000,0.363118576142385761,20000.000000000000000000,10001.000000000000000000,10000.000000000000000000,1.000000000000000000,0.000000000000000000,0.000000000000000000,0.007120000000000000,0.003631548880000000
0.358000000000000000,0.358000000000000000,0.365158568143185681,20000.000000000000000000,10001.000000000000000000,10000.000000000000000000,1.000000000000000000,0.000000000000000000,0.000000000000000000,0.007160000000000000,0.003651950840000000
0.360000000000000000,0.360000000000000000,0.367198560143985601,20000.000000000000000000,10001.000000000000000000,10000.000000000000000000,1.000000000000000000,0.000000000000000000,0.000000000000000000,0.007200000000000000,0.003672352800000000
0.362000000000000000,0.362000000000000000,0.369238552144785521,20000.000000000000000000,10001.000000000000000000,10000.000000000000000000,1.000000000000000000,0.000000000000000000,0.000000000000000000,0.007240000000000000,0.003692754760000000
0.364000000000000000,0.364000000000000000,0.371278544145585441,20000.000000000000000000,10001.000000000000000000,10000.000000000000000000,1.000000000000000000,0.000000000000000000,0.000000000000000000,0.007280000000000000,0.003713156720000000
0.366000000000000000,0.366000000000000000,0.373318536146385361,20000.000000000000000000,10001.000000000000000000,10000.000000000000000000,1.000000000000000000,0.000000000000000000,0.000000000000000000,0.007320000000000000,0.003733558680000000
0.368000000000000000,0.368000000000000000,0.375358528147185281,20000.000000000000000000,10001.000000000000000000,10000.000000000000000000,1.000000000000000000,0.000000000000000000,0.000000000000000000,0.007360000000000000,0.003753960640000000
0.370000000000000000,0.370000000000000000,0.377398520147985201,20000.000000000000000000,10001.000000000000000000,10000.000000000000000000,1.000000000000000000,0.000000000000000000,0.000000000000000000,0.007400000000000000,0.003774362600000000
0.372000000000000000,0.372000000000000000,0.379438512148785121,20000.000000000000000000,10001.000000000000000000,10000.000000000000000000,1.000000000000000000,0.000000000000000000,0.000000000000000000,0.007440000000000000,0.003794764560000000
0.374000000000000000,0.374000000000000000,0.381478504149585041,20000.000000000000000000,10001.000000000000000000,10000.000000000000000000,1.000000000000000000,0.000000000000000000,0.000000000000000000,0.007480000000000000,0.003815166520000000
0.376000000000000000,0.376000000000000000,0.383518496150384961,20000.000000000000000000,10001.000000000000000000,10000.000000000000000000,1.000000000000000000,0.000000000000000000,0.000000000000000000,0.007520000000000000,0.003835568480000000
0.378000000000000000,0.378000000000000000,0.385558488151184881,20000.000000000000000000,10001.000000000000000000,10000.000000000000000000,1.000000000000000000,0.000000000000000000,0.000000000000000000,0.007560000000000000,0.003855970440000000
0.380000000000000000,0.380000000000000000,0.387598480151984801,20000.000000000000000000,10001.000000000000000000,10000.000000000000000000,1.000000000000000000,0.000000000000000000,0.000000000000000000,0.007600000000000000,0.003876372400000000
0.382000000000000000,0.382000000000000000,0.389638472152784721,20000.000000000000000000,10001.000000000000000000,10000.000000000000000000,1.000000000000000000,0.000000000000000000,0.000000000000000000,0.007640000000000000,0.003896774360000000
0.384000000000000000,0.384000000000000000,0.391678464153584641,20000.000000000000000000,10001.000000000000000000,10000.000000000000000000,1.000000000000000000,0.000000000000000000,0.000000000000000000,0.007680000000000000,0.003917176320000000
0.386000000000000000,0.386000000000000000,0.393718456154384561,20000.000000000000000000,10001.000000000000000000,10000.000000000000000000,1.000000000000000000,0.000000000000000000,0.000000000000000000,0.007720000000000000,0.003937578280000000
0.388000000000000000,0.388000000000000000,0.395758448155184481,20000.000000000000000000,10001.000000000000000000,10000.000000000000000000,1.000000000000000000,0.000000000000000000,0.000000000000000000,0.007760000000000000,0.003957980240000000
0.390000000000000000,0.390000000000000000,0.397798440155984401,20000.000000000000000000,10001.000000000000000000,10000.000000000000000000,1.000000000000000000,0.000000000000000000,0.000000000000000000,0.007800000000000000,0.003978382200000000
0.392000000000000000,0.392000000000000000,0.399838432156784321,20000.000000000000000000,10001.000000000000000000,10000.000000000000000000,1.000000000000000000,0.000000000000000000,0.000000000000000000,0.007840000000000000,0.003998784160000000
0.394000000000000000,0.394000000000000000,0.401878424157584241,20000.000000000000000000,10001.000000000000000000,10000.000000000000000000,1.000000000000000000,0.000000000000000000,0.000000000000000000,0.007880000000000000,0.004019186120000000
0.396000000000000000,0.396000000000000000,0.403918416158384161,20000.000000000000000000,10001.000000000000000000,10000.000000000000000000,1.000000000000000000,0.000000000000000000,0.000000000000000000,0.007920000000000000,0.004039588080000000
0.398000000000000000,0.398000000000000000,0.405958408159184081,20000.000000000000000000,10001.000000000000000000,10000.000000000000000000,1.000000000000000000,0.000000000000000000,0.000000000000000000,0.007960000000000000,0.004059990040000000
0.400000000000000000,0.400000000000000000,0.407998400159984001,20000.000000000000000000,10001.000000000000000000,10000.000000000000000000,1.000000000000000000,0.000000000000000000,0.000000000000000000,0.008000000000000000,0.004080392000000000
0.402000000000000000,0.402000000000000000,0.410038392160783921,20000.000000000000000000,10001.000000000000000000,10000.000000000000000000,1.000000000000000000,0.000000000000000000,0.000000000000000000,0.008040000000000000,0.004100793960000000
0.404000000000000000,0.404000000000000000,0.412078384161583841,20000.000000000000000000,10001.000000000000000000,10000.000000000000000000,1.000000000000000000,0.000000000000000000,0.000000000000000000,0.008080000000000000,0.004121195920000000
0.406000000000000000,0.406000000000000000,0.414118376162383761,20000.000000000000000000,10001.000000000000000000,10000.000000000000000000,1.000000000000000000,0.000000000000000000,0.000000000000000000,0.008120000000000000,0.004141597880000000
0.408000000000000000,0.408000000000000000,0.416158368163183681,20000.000000000000000000,10001.000000000000000000,10000.000000000000000000,1.000000000000000000,0.000000000000000000,0.000000000000000000,0.008160000000000000,0.004161999840000000
0.410000000000000000,0.410000000000000000,0.418198360163983601,20000.000000000000000000,10001.000000000000000000,10000.000000000000000000,1.000000000000000000,0.000000000000000000,0.000000000000000000,0.008200000000000000,0.004182401800000000
0.412000000000000000,0.412000000000000000,0.420238352164783521,20000.000000000000000000,10001.000000000000000000,10000.000000000000000000,1.000000000000000000,0.000000000000000000,0.000000000000000000,0.008240000000000000,0.004202803760000000
0.414000000000000000,0.414000000000000000,0.422278344165583441,20000.000000000000000000,10001.000000000000000000,10000.000000000000000000,1.000000000000000000,0.000000000000000000,0.000000000000000000,0.008280000000000000,0.004223205720000000
0.416000000000000000,0.416000000000000000,0.424318336166383361,20000.000000000000000000,10001.000000000000000000,10000.000000000000000000,1.000000000000000000,0.000000000000000000,0.000000000000000000,0.008320000000000000,0.004243607680000000
0.418000000000000000,0.418000000000000000,0.426358328167183281,20000.000000000000000000,10001.000000000000000000,10000.000000000000000000,1.000000000000000000,0.000000000000000000,0.000000000000000000,0.008360000000000000,0.004264009640000000
0.420000000000000000,0.420000000000000000,0.428398320167983201,20000.000000000000000000,10001.000000000000000000,10000.000000000000000000,1.000000000000000000,0.000000000000000000,0.000000000000000000,0.008400000000000000,0.004284411600000000
0.422000000000000000,0.422000000000000000,0.430438312168783121,20000.000000000000000000,10001.000000000000000000,10000.000000000000000000,1.000000000000000000,0.000000000000000000,0.000000000000000000,0.008440000000000000,0.004304813560000000
0.424000000000000000,0.424000000000000000,0.432478304169583041,20000.000000000000000000,10001.000000000000000000,10000.000000000000000000,1.000000000000000000,0.000000000000000000,0.000000000000000000,0.008480000000000000,0.004325215520000000
0.426000000000000000,0.426000000000000000,0.434518296170382961,20000.000000000000000000,10001.000000000000000000,10000.000000000000000000,1.000000000000000000,0.000000000000000000,0.000000000000000000,0.008520000000000000,0.004345617480000000
0.428000000000000000,0.428000000000000000,0.436558288171182881,20000.000000000000000000,10001.000000000000000000,10000.000000000000000000,1.000000000000000000,0.000000000000000000,0.000000000000000000,0.008560000000000000,0.004366019440000000
0.430000000000000000,0.430000000000000000,0.438598280171982801,20000.000000000000000000,10001.000000000000000000,10000.000000000000000000,1.000000000000000000,0.000000000000000000,0.000000000000000000,0.008600000000000000,0.004386421400000000
0.432000000000000000,0.432000000000000000,0.440638272172782721,20000.000000000000000000,10001.000000000000000000,10000.000000000000000000,1.000000000000000000,0.000000000000000000,0.000000000000000000,0.008640000000000000,0.004406823360000000
0.434000000000000000,0.434000000000000000,0.442678264173582641,20000.000000000000000000,10001.000000000000000000,10000.000000000000000000,1.000000000000000000,0.000000000000000000,0.000000000000000000,0.008680000000000000,0.004427225320000000
0.436000000000000000,0.436000000000000000,0.444718256174382561,20000.000000000000000000,10001.000000000000000000,10000.000000000000000000,1.000000000000000000,0.000000000000000000,0.000000000000000000,0.008720000000000000,0.004447627280000000
0.438000000000000000,0.438000000000000000,0.446758248175182481,20000.000000000000000000,10001.000000000000000000,10000.000000000000000000,1.000000000000000000,0.000000000000000000,0.000000000000000000,0.008760000000000000,0.004468029240000000
0.440000000000000000,0.440000000000000000,0.448798240175982401,20000.000000000000000000,10001.000000000000000000,10000.000000000000000000,1.000000000000000000,0.000000000000000000,0.000000000000000000,0.008800000000000000,0.004488431200000000
0.442000000000000000,0.442000000000000000,0.450838232176782321,20000.000000000000000000,10001.000000000000000000,10000.000000000000000000,1.000000000000000000,0.000000000000000000,0.000000000000000000,0.008840000000000000,0.004508833160000000
0.444000000000000000,0.444000000000000000,0.452878224177582241,20000.000000000000000000,10001.000000000000000000,10000.000000000000000000,1.000000000000000000,0.000000000000000000,0.000000000000000000,0.008880000000000000,0.004529235120000000
0.446000000000000000,0.446000000000000000,0.454918216178382161,20000.000000000000000000,10001.000000000000000000,10000.000000000000000000,1.000000000000000000,0.000000000000000000,0.000000000000000000,0.008920000000000000,0.004549637080000000
0.448000000000000000,0.448000000000000000,0.456958208179182081,20000.000000000000000000,10001.000000000000000000,10000.000000000000000000,1.000000000000000000,0.000000000000000000,0.000000000000000000,0.008960000000000000,0.004570039040000000
0.450000000000000000,0.450000000000000000,0.458998200179982001,20000.000000000000000000,10001.000000000000000000,10000.000000000000000000,1.000000000000000000,0.000000000000000000,0.000000000000000000,0.009000000000000000,0.004590441000000000
0.452000000000000000,0.452000000000000000,0.461038192180781921,20000.000000000000000000,10001.000000000000000000,10000.000000000000000000,1.000000000000000000,0.000000000000000000,0.000000000000000000,0.009040000000000000,0.004610842960000000
0.454000000000000000,0.454000000000000000,0.463078184181581841,20000.000000000000000000,10001.000000000000000000,10000.000000000000000000,1.000000000000000000,0.000000000000000000,0.000000000000000000,0.009080000000000000,0.004631244920000000
0.456000000000000000,0.456000000000000000,0.465118176182381761,20000.000000000000000000,10001.000000000000000000,10000.000000000000000000,1.000000000000000000,0.000000000000000000,0.000000000000000000,0.009120000000000000,0.004651646880000000
0.458000000000000000,0.458000000000000000,0.467158168183181681,20000.000000000000000000,10001.000000000000000000,10000.000000000000000000,1.000000000000000000,0.000000000000000000,0.000000000000000000,0.009160000000000000,0.004672048840000000
0.460000000000000000,0.460000000000000000,0.469198160183981601,20000.000000000000000000,10001.000000000000000000,10000.000000000000000000,1.000000000000000000,0.000000000000000000,0.000000000000000000,0.009200000000000000,0.004692450800000000
0.462000000000000000,0.462000000000000000,0.471238152184781521,20000.000000000000000000,10001.000000000000000000,10000.000000000000000000,1.000000000000000000,0.000000000000000000,0.000000000000000000,0.009240000000000000,0.004712852760000000
0.464000000000000000,0.464000000000000000,0.473278144185581441,20000.000000000000000000,10001.000000000000000000,10000.000000000000000000,1.000000000000000000,0.000000000000000000,0.000000000000000000,0.009280000000000000,0.004733254720000000
0.466000000000000000,0.466000000000000000,0.475318136186381361,20000.000000000000000000,10001.000000000000000000,10000.000000000000000000,1.000000000000000000,0.000000000000000000,0.000000000000000000,0.009320000000000000,0.004753656680000000
0.468000000000000000,0.468000000000000000,0.477358128187181281,20000.000000000000000000,10001.000000000000000000,10000.000000000000000000,1.000000000000000000,0.000000000000000000,0.000000000000000000,0.009360000000000000,0.004774058640000000
0.470000000000000000,0.470000000000000000,0.479398120187981201,20000.000000000000000000,10001.000000000000000000,10000.000000000000000000,1.000000000000000000,0.000000000000000000,0.000000000000000000,0.009400000000000000,0.004794460600000000
0.472000000000000000,0.472000000000000000,0.481438112188781121,20000.000000000000000000,10001.000000000000000000,10000.000000000000000000,1.000000000000000000,0.000000000000000000,0.000000000000000000,0.009440000000000000,0.004814862560000000
0.474000000000000000,0.474000000000000000,0.483478104189581041,20000.000000000000000000,10001.000000000000000000,10000.000000000000000000,1.000000000000000000,0.000000000000000000,0.000000000000000000,0.009480000000000000,0.004835264520000000
0.476000000000000000,0.476000000000000000,0.485518096190380961,20000.000000000000000000,10001.000000000000000000,10000.000000000000000000,1.000000000000000000,0.000000000000000000,0.000000000000000000,0.009520000000000000,0.004855666480000000
0.478000000000000000,0.478000000000000000,0.487558088191180881,20000.000000000000000000,10001.000000000000000000,10000.000000000000000000,1.000000000000000000,0.000000000000000000,0.000000000000000000,0.009560000000000000,0.004876068440000000
0.480000000000000000,0.480000000000000000,0.489598080191980801,20000.000000000000000000,10001.000000000000000000,10000.000000000000000000,1.000000000000000000,0.000000000000000000,0.000000000000000000,0.009600000000000000,0.004896470400000000
0.482000000000000000,0.482000000000000000,0.491638072192780721,20000.000000000000000000,10001.000000000000000000,10000.000000000000000000,1.000000000000000000,0.000000000000000000,0.000000000000000000,0.009640000000000000,0.004916872360000000
0.484000000000000000,0.484000000000000000,0.493678064193580641,20000.000000000000000000,10001.000000000000000000,10000.000000000000000000,1.000000000000000000,0.000000000000000000,0.000000000000000000,0.009680000000000000,0.004937274320000000
0.486000000000000000,0.486000000000000000,0.495718056194380561,20000.000000000000000000,10001.000000000000000000,10000.000000000000000000,1.000000000000000000,0.000000000000000000,0.000000000000000000,0.009720000000000000,0.004957676280000000
0.488000000000000000,0.488000000000000000,0.497758048195180481,20000.000000000000000000,10001.000000000000000000,10000.000000000000000000,1.000000000000000000,0.000000000000000000,0.000000000000000000,0.009760000000000000,0.004978078240000000
0.490000000000000000,0.490000000000000000,0.499798040195980401,20000.000000000000000000,10001.000000000000000000,10000.000000000000000000,1.000000000000000000,0.000000000000000000,0.000000000000000000,0.009800000000000000,0.004998480200000000
0.492000000000000000,0.492000000000000000,0.501838032196780321,20000.000000000000000000,10001.000000000000000000,10000.000000000000000000,1.000000000000000000,0.000000000000000000,0.000000000000000000,0.009840000000000000,0.005018882160000000
0.494000000000000000,0.494000000000000000,0.503878024197580241,20000.000000000000000000,10001.000000000000000000,10000.000000000000000000,1.000000000000000000,0.000000000000000000,0.000000000000000000,0.009880000000000000,0.005039284120000000
0.496000000000000000,0.496000000000000000,0.505918016198380161,20000.000000000000000000,10001.000000000000000000,10000.000000000000000000,1.000000000000000000,0.000000000000000000,0.000000000000000000,0.009920000000000000,0.005059686080000000
0.498000000000000000,0.498000000000000000,0.507958008199180081,20000.000000000000000000,10001.000000000000000000,10000.000000000000000000,1.000000000000000000,0.000000000000000000,0.000000000000000000,0.009960000000000000,0.005080088040000000
0.500000000000000000,0.500000000000000000,0.509998000199980001,20000.000000000000000000,10001.000000000000000000,10000.000000000000000000,1.000000000000000000,0.000000000000000000,0.000000000000000000,0.010000000000000000,0.005100490000000000
0.502000000000000000,0.502000000000000000,0.512037992200779922,20000.000000000000000000,10001.000000000000000000,10000.000000000000000000,1.000000000000000000,0.000000000000000000,0.000000000000000000,0.010040000000000000,0.005120891960000000
0.504000000000000000,0.504000000000000000,0.514077984201579842,20000.000000000000000000,10001.000000000000000000,10000.000000000000000000,1.000000000000000000,0.000000000000000000,0.000000000000000000,0.010080000000000000,0.005141293920000000
0.506000000000000000,0.506000000000000000,0.516117976202379762,20000.000000000000000000,10001.000000000000000000,10000.000000000000000000,1.000000000000000000,0.000000000000000000,0.000000000000000000,0.010120000000000000,0.005161695880000000
0.508000000000000000,0.508000000000000000,0.518157968203179682,20000.000000000000000000,10001.000000000000000000,10000.000000000000000000,1.000000000000000000,0.000000000000000000,0.000000000000000000,0.010160000000000000,0.005182097840000000
0.510000000000000000,0.510000000000000000,0.520197960203979602,20000.000000000000000000,10001.000000000000000000,10000.000000000000000000,1.000000000000000000,0.000000000000000000,0.000000000000000000,0.010200000000000000,0.005202499800000000
0.512000000000000000,0.512000000000000000,0.522237952204779522,20000.000000000000000000,10001.000000000000000000,10000.000000000000000000,1.000000000000000000,0.000000000000000000,0.000000000000000000,0.010240000000000000,0.005222901760000000
0.514000000000000000,0.514000000000000000,0.524277944205579442,20000.000000000000000000,10001.000000000000000000,10000.000000000000000000,1.000000000000000000,0.000000000000000000,0.000000000000000000,0.010280000000000000,0.005243303720000000
0.516000000000000000,0.516000000000000000,0.526317936206379362,20000.000000000000000000,10001.000000000000000000,10000.000000000000000000,1.000000000000000000,0.000000000000000000,0.000000000000000000,0.010320000000000000,0.005263705680000000
0.518000000000000000,0.518000000000000000,0.528357928207179282,20000.000000000000000000,10001.000000000000000000,10000.000000000000000000,1.000000000000000000,0.000000000000000000,0.000000000000000000,0.010360000000000000,0.005284107640000000
0.520000000000000000,0.520000000000000000,0.530397920207979202,20000.000000000000000000,10001.000000000000000000,10000.000000000000000000,1.000000000000000000,0.000000000000000000,0.000000000000000000,0.010400000000000000,0.005304509600000000
0.522000000000000000,0.522000000000000000,0.532437912208779122,20000.000000000000000000,10001.000000000000000000,10000.000000000000000000,1.000000000000000000,0.000000000000000000,0.000000000000000000,0.010440000000000000,0.005324911560000000
0.524000000000000000,0.524000000000000000,0.534477904209579042,20000.000000000000000000,10001.000000000000000000,10000.000000000000000000,1.000000000000000000,0.000000000000000000,0.000000000000000000,0.010480000000000000,0.005345313520000000
0.526000000000000000,0.526000000000000000,0.536517896210378962,20000.000000000000000000,10001.000000000000000000,10000.000000000000000000,1.000000000000000000,0.000000000000000000,0.000000000000000000,0.010520000000000000,0.005365715480000000
0.528000000000000000,0.528000000000000000,0.538557888211178882,20000.000000000000000000,10001.000000000000000000,10000.000000000000000000,1.000000000000000000,0.000000000000000000,0.000000000000000000,0.010560000000000000,0.005386117440000000
0.530000000000000000,0.530000000000000000,0.540597880211978802,20000.000000000000000000,10001.000000000000000000,10000.000000000000000000,1.000000000000000000,0.000000000000000000,0.000000000000000000,0.010600000000000000,0.005406519400000000
0.532000000000000000,0.532000000000000000,0.542637872212778722,20000.000000000000000000,10001.000000000000000000,10000.000000000000000000,1.000000000000000000,0.000000000000000000,0.000000000000000000,0.010640000000000000,0.005426921360000000
0.534000000000000000,0.534000000000000000,0.544677864213578642,20000.000000000000000000,10001.000000000000000000,10000.000000000000000000,1.000000000000000000,0.000000000000000000,0.000000000000000000,0.010680000000000000,0.005447323320000000
0.536000000000000000,0.536000000000000000,0.546717856214378562,20000.000000000000000000,10001.000000000000000000,10000.000000000000000000,1.000000000000000000,0.000000000000000000,0.000000000000000000,0.010720000000000000,0.005467725280000000
0.538000000000000000,0.538000000000000000,0.548757848215178482,20000.000000000000000000,10001.000000000000000000,10000.000000000000000000,1.000000000000000000,0.000000000000000000,0.000000000000000000,0.010760000000000000,0.005488127240000000
0.540000000000000000,0.540000000000000000,0.550797840215978402,20000.000000000000000000,10001.000000000000000000,10000.000000000000000000,1.000000000000000000,0.000000000000000000,0.000000000000000000,0.010800000000000000,0.005508529200000000
0.542000000000000000,0.542000000000000000,0.552837832216778322,20000.000000000000000000,10001.000000000000000000,10000.000000000000000000,1.000000000000000000,0.000000000000000000,0.000000000000000000,0.010840000000000000,0.005528931160000000
0.544000000000000000,0.544000000000000000,0.554877824217578242,20000.000000000000000000,10001.000000000000000000,10000.000000000000000000,1.000000000000000000,0.000000000000000000,0.000000000000000000,0.010880000000000000,0.005549333120000000
0.546000000000000000,0.546000000000000000,0.556917816218378162,20000.000000000000000000,10001.000000000000000000,10000.000000000000000000,1.000000000000000000,0.000000000000000000,0.000000000000000000,0.010920000000000000,0.005569735080000000
0.548000000000000000,0.548000000000000000,0.558957808219178082,20000.000000000000000000,10001.000000000000000000,10000.000000000000000000,1.000000000000000000,0.000000000000000000,0.000000000000000000,0.010960000000000000,0.005590137040000000
0.550000000000000000,0.550000000000000000,0.560997800219978002,20000.000000000000000000,10001.000000000000000000,10000.000000000000000000,1.000000000000000000,0.000000000000000000,0.000000000000000000,0.011000000000000000,0.005610539000000000
0.552000000000000000,0.552000000000000000,0.563037792220777922,20000.000000000000000000,10001.000000000000000000,10000.000000000000000000,1.000000000000000000,0.000000000000000000,0.000000000000000000,0.011040000000000000,0.005630940960000000
0.554000000000000000,0.554000000000000000,0.565077784221577842,20000.000000000000000000,10001.000000000000000000,10000.000000000000000000,1.000000000000000000,0.000000000000000000,0.000000000000000000,0.011080000000000000,0.005651342920000000
0.556000000000000000,0.556000000000000000,0.567117776222377762,20000.000000000000000000,10001.000000000000000000,10000.000000000000000000,1.000000000000000000,0.000000000000000000,0.000000000000000000,0.011120000000000000,0.005671744880000000
0.558000000000000000,0.558000000000000000,0.569157768223177682,20000.000000000000000000,10001.000000000000000000,10000.000000000000000000,1.000000000000000000,0.000000000000000000,0.000000000000000000,0.011160000000000000,0.005692146840000000
0.560000000000000000,0.560000000000000000,0.571197760223977602,20000.000000000000000000,10001.000000000000000000,10000.000000000000000000,1.000000000000000000,0.000000000000000000,0.000000000000000000,0.011200000000000000,0.005712548800000000
0.562000000000000000,0.562000000000000000,0.573237752224777522,20000.000000000000000000,10001.000000000000000000,10000.000000000000000000,1.000000000000000000,0.000000000000000000,0.000000000000000000,0.011240000000000000,0.005732950760000000
0.564000000000000000,0.564000000000000000,0.575277744225577442,20000.000000000000000000,10001.000000000000000000,10000.000000000000000000,1.000000000000000000,0.000000000000000000,0.000000000000000000,0.011280000000000000,0.005753352720000000
0.566000000000000000,0.566000000000000000,0.577317736226377362,20000.000000000000000000,10001.000000000000000000,10000.000000000000000000,1.000000000000000000,0.000000000000000000,0.000000000000000000,0.011320000000000000,0.005773754680000000
0.568000000000000000,0.568000000000000000,0.579357728227177282,20000.000000000000000000,10001.000000000000000000,10000.000000000000000000,1.000000000000000000,0.000000000000000000,0.000000000000000000,0.011360000000000000,0.005794156640000000
0.570000000000000000,0.570000000000000000,0.581397720227977202,20000.000000000000000000,10001.000000000000000000,10000.000000000000000000,1.000000000000000000,0.000000000000000000,0.000000000000000000,0.011400000000000000,0.005814558600000000
0.572000000000000000,0.572000000000000000,0.583437712228777122,20000.000000000000000000,10001.000000000000000000,10000.000000000000000000,1.000000000000000000,0.000000000000000000,0.000000000000000000,0.011440000000000000,0.005834960560000000
0.574000000000000000,0.574000000000000000,0.585477704229577042,20000.000000000000000000,10001.000000000000000000,10000.000000000000000000,1.000000000000000000,0.000000000000000000,0.000000000000000000,0.011480000000000000,0.005855362520000000
0.576000000000000000,0.576000000000000000,0.587517696230376962,20000.000000000000000000,10001.000000000000000000,10000.000000000000000000,1.000000000000000000,0.000000000000000000,0.000000000000000000,0.011520000000000000,0.005875764480000000
0.578000000000000000,0.578000000000000000,0.589557688231176882,20000.000000000000000000,10001.000000000000000000,10000.000000000000000000,1.000000000000000000,0.000000000000000000,0.000000000000000000,0.011560000000000000,0.005896166440000000
0.580000000000000000,0.580000000000000000,0.591597680231976802,20000.000000000000000000,10001.000000000000000000,10000.000000000000000000,1.000000000000000000,0.000000000000000000,0.000000000000000000,0.011600000000000000,0.005916568400000000
0.582000000000000000,0.582000000000000000,0.593637672232776722,20000.000000000000000000,10001.000000000000000000,10000.000000000000000000,1.000000000000000000,0.000000000000000000,0.000000000000000000,0.011640000000000000,0.005936970360000000
0.584000000000000000,0.584000000000000000,0.595677664233576642,20000.000000000000000000,10001.000000000000000000,10000.000000000000000000,1.000000000000000000,0.000000000000000000,0.000000000000000000,0.011680000000000000,0.005957372320000000
0.586000000000000000,0.586000000000000000,0.597717656234376562,20000.000000000000000000,10001.000000000000000000,10000.000000000000000000,1.000000000000000000,0.000000000000000000,0.000000000000000000,0.011720000000000000,0.005977774280000000
0.588000000000000000,0.588000000000000000,0.599757648235176482,20000.000000000000000000,10001.000000000000000000,10000.000000000000000000,1.000000000000000000,0.000000000000000000,0.000000000000000000,0.011760000000000000,0.005998176240000000
0.590000000000000000,0.590000000000000000,0.601797640235976402,20000.000000000000000000,10001.000000000000000000,10000.000000000000000000,1.000000000000000000,0.000000000000000000,0.000000000000000000,0.011800000000000000,0.006018578200000000
0.592000000000000000,0.592000000000000000,0.603837632236776322,20000.000000000000000000,10001.000000000000000000,10000.000000000000000000,1.000000000000000000,0.000000000000000000,0.000000000000000000,0.011840000000000000,0.006038980160000000
0.594000000000000000,0.594000000000000000,0.605877624237576242,20000.000000000000000000,10001.000000000000000000,10000.000000000000000000,1.000000000000000000,0.000000000000000000,0.000000000000000000,0.011880000000000000,0.006059382120000000
0.596000000000000000,0.596000000000000000,0.607917616238376162,20000.000000000000000000,10001.000000000000000000,10000.000000000000000000,1.000000000000000000,0.000000000000000000,0.000000000000000000,0.011920000000000000,0.006079784080000000
0.598000000000000000,0.598000000000000000,0.609957608239176082,20000.000000000000000000,10001.000000000000000000,10000.000000000000000000,1.000000000000000000,0.000000000000000000,0.000000000000000000,0.011960000000000000,0.006100186040000000
0.600000000000000000,0.600000000000000000,0.611997600239976002,20000.000000000000000000,10001.000000000000000000,10000.000000000000000000,1.000000000000000000,0.000000000000000000,0.000000000000000000,0.012000000000000000,0.006120588000000000
0.602000000000000000,0.602000000000000000,0.614037592240775922,20000.000000000000000000,10001.000000000000000000,10000.000000000000000000,1.000000000000000000,0.000000000000000000,0.000000000000000000,0.012040000000000000,0.006140989960000000
0.604000000000000000,0.604000000000000000,0.616077584241575842,20000.000000000000000000,10001.000000000000000000,10000.000000000000000000,1.000000000000000000,0.000000000000000000,0.000000000000000000,0.012080000000000000,0.006161391920000000
0.606000000000000000,0.606000000000000000,0.618117576242375762,20000.000000000000000000,10001.000000000000000000,10000.000000000000000000,1.000000000000000000,0.000000000000000000,0.000000000000000000,0.012120000000000000,0.006181793880000000
0.608000000000000000,0.608000000000000000,0.620157568243175682,20000.000000000000000000,10001.000000000000000000,10000.000000000000000000,1.000000000000000000,0.000000000000000000,0.000000000000000000,0.012160000000000000,0.006202195840000000
0.610000000000000000,0.610000000000000000,0.622197560243975602,20000.000000000000000000,10001.000000000000000000,10000.000000000000000000,1.000000000000000000,0.000000000000000000,0.000000000000000000,0.012200000000000000,0.006222597800000000
0.612000000000000000,0.612000000000000000,0.624237552244775522,20000.000000000000000000,10001.000000000000000000,10000.000000000000000000,1.000000000000000000,0.000000000000000000,0.000000000000000000,0.012240000000000000,0.006242999760000000
0.614000000000000000,0.614000000000000000,0.626277544245575442,20000.000000000000000000,10001.000000000000000000,10000.000000000000000000,1.000000000000000000,0.000000000000000000,0.000000000000000000,0.012280000000000000,0.006263401720000000
0.616000000000000000,0.616000000000000000,0.628317536246375362,20000.000000000000000000,10001.000000000000000000,10000.000000000000000000,1.000000000000000000,0.000000000000000000,0.000000000000000000,0.012320000000000000,0.006283803680000000
0.618000000000000000,0.618000000000000000,0.630357528247175282,20000.000000000000000000,10001.000000000000000000,10000.000000000000000000,1.000000000000000000,0.000000000000000000,0.000000000000000000,0.012360000000000000,0.006304205640000000
0.620000000000000000,0.620000000000000000,0.632397520247975202,20000.000000000000000000,10001.000000000000000000,10000.000000000000000000,1.000000000000000000,0.000000000000000000,0.000000000000000000,0.012400000000000000,0.006324607600000000
0.622000000000000000,0.622000000000000000,0.634437512248775122,20000.000000000000000000,10001.000000000000000000,10000.000000000000000000,1.000000000000000000,0.000000000000000000,0.000000000000000000,0.012440000000000000,0.006345009560000000
0.624000000000000000,0.624000000000000000,0.636477504249575042,20000.000000000000000000,10001.000000000000000000,10000.000000000000000000,1.000000000000000000,0.000000000000000000,0.000000000000000000,0.012480000000000000,0.006365411520000000
0.626000000000000000,0.626000000000000000,0.638517496250374962,20000.000000000000000000,10001.000000000000000000,10000.000000000000000000,1.000000000000000000,0.000000000000000000,0.000000000000000000,0.012520000000000000,0.006385813480000000
0.628000000000000000,0.628000000000000000,0.640557488251174882,20000.000000000000000000,10001.000000000000000000,10000.000000000000000000,1.000000000000000000,0.000000000000000000,0.000000000000000000,0.012560000000000000,0.006406215440000000
0.630000000000000000,0.630000000000000000,0.642597480251974802,20000.000000000000000000,10001.000000000000000000,10000.000000000000000000,1.000000000000000000,0.000000000000000000,0.000000000000000000,0.012600000000000000,0.006426617400000000
0.632000000000000000,0.632000000000000000,0.644637472252774722,20000.000000000000000000,10001.000000000000000000,10000.000000000000000000,1.000000000000000000,0.000000000000000000,0.000000000000000000,0.012640000000000000,0.006447019360000000
0.634000000000000000,0.634000000000000000,0.646677464253574642,20000.000000000000000000,10001.000000000000000000,10000.000000000000000000,1.000000000000000000,0.000000000000000000,0.000000000000000000,0.012680000000000000,0.006467421320000000
0.636000000000000000,0.636000000000000000,0.648717456254374562,20000.000000000000000000,10001.000000000000000000,10000.000000000000000000,1.000000000000000000,0.000000000000000000,0.000000000000000000,0.012720000000000000,0.006487823280000000
0.638000000000000000,0.638000000000000000,0.650757448255174482,20000.000000000000000000,10001.000000000000000000,10000.000000000000000000,1.000000000000000000,0.000000000000000000,0.000000000000000000,0.012760000000000000,0.006508225240000000
0.640000000000000000,0.640000000000000000,0.652797440255974402,20000.000000000000000000,10001.000000000000000000,10000.000000000000000000,1.000000000000000000,0.000000000000000000,0.000000000000000000,0.012800000000000000,0.006528627200000000
0.642000000000000000,0.642000000000000000,0.654837432256774322,20000.000000000000000000,10001.000000000000000000,10000.000000000000000000,1.000000000000000000,0.000000000000000000,0.000000000000000000,0.012840000000000000,0.006549029160000000
0.644000000000000000,0.644000000000000000,0.656877424257574242,20000.000000000000000000,10001.000000000000000000,10000.000000000000000000,1.000000000000000000,0.000000000000000000,0.000000000000000000,0.012880000000000000,0.006569431120000000
0.646000000000000000,0.646000000000000000,0.658917416258374162,20000.000000000000000000,10001.000000000000000000,10000.000000000000000000,1.000000000000000000,0.000000000000000000,0.000000000000000000,0.012920000000000000,0.006589833080000000
0.648000000000000000,0.648000000000000000,0.660957408259174082,20000.000000000000000000,10001.000000000000000000,10000.000000000000000000,1.000000000000000000,0.000000000000000000,0.000000000000000000,0.012960000000000000,0.006610235040000000
0.650000000000000000,0.650000000000000000,0.662997400259974002,20000.000000000000000000,10001.000000000000000000,10000.000000000000000000,1.000000000000000000,0.000000000000000000,0.000000000000000000,0.013000000000000000,0.006630637000000000
0.652000000000000000,0.652000000000000000,0.665037392260773922,20000.000000000000000000,10001.000000000000000000,10000.000000000000000000,1.000000000000000000,0.000000000000000000,0.000000000000000000,0.013040000000000000,0.006651038960000000
0.654000000000000000,0.654000000000000000,0.667077384261573842,20000.000000000000000000,10001.000000000000000000,10000.000000000000000000,1.000000000000000000,0.000000000000000000,0.000000000000000000,0.013080000000000000,0.006671440920000000
0.656000000000000000,0.656000000000000000,0.669117376262373762,20000.000000000000000000,10001.000000000000000000,10000.000000000000000000,1.000000000000000000,0.000000000000000000,0.000000000000000000,0.013120000000000000,0.006691842880000000
0.658000000000000000,0.658000000000000000,0.671157368263173682,20000.000000000000000000,10001.000000000000000000,10000.000000000000000000,1.000000000000000000,0.000000000000000000,0.000000000000000000,0.013160000000000000,0.006712244840000000
0.660000000000000000,0.660000000000000000,0.673197360263973602,20000.000000000000000000,10001.000000000000000000,10000.000000000000000000,1.000000000000000000,0.000000000000000000,0.000000000000000000,0.013200000000000000,0.006732646800000000
0.662000000000000000,0.662000000000000000,0.675237352264773522,20000.000000000000000000,10001.000000000000000000,10000.000000000000000000,1.000000000000000000,0.000000000000000000,0.000000000000000000,0.013240000000000000,0.006753048760000000
0.664000000000000000,0.664000000000000000,0.677277344265573442,20000.000000000000000000,10001.000000000000000000,10000.000000000000000000,1.000000000000000000,0.000000000000000000,0.000000000000000000,0.013280000000000000,0.006773450720000000
0.666000000000000000,0.666000000000000000,0.679317336266373362,20000.000000000000000000,10001.000000000000000000,10000.000000000000000000,1.000000000000000000,0.000000000000000000,0.000000000000000000,0.013320000000000000,0.006793852680000000
0.668000000000000000,0.668000000000000000,0.681357328267173282,20000.000000000000000000,10001.000000000000000000,10000.000000000000000000,1.000000000000000000,0.000000000000000000,0.000000000000000000,0.013360000000000000,0.006814254640000000
0.670000000000000000,0.670000000000000000,0.683397320267973202,20000.000000000000000000,10001.000000000000000000,10000.000000000000000000,1.000000000000000000,0.000000000000000000,0.000000000000000000,0.013400000000000000,0.006834656600000000
0.672000000000000000,0.672000000000000000,0.685437312268773122,20000.000000000000000000,10001.000000000000000000,10000.000000000000000000,1.000000000000000000,0.000000000000000000,0.000000000000000000,0.013440000000000000,0.006855058560000000
0.674000000000000000,0.674000000000000000,0.687477304269573042,20000.000000000000000000,10001.000000000000000000,10000.000000000000000000,1.000000000000000000,0.000000000000000000,0.000000000000000000,0.013480000000000000,0.006875460520000000
0.676000000000000000,0.676000000000000000,0.689517296270372962,20000.000000000000000000,10001.000000000000000000,10000.000000000000000000,1.000000000000000000,0.000000000000000000,0.000000000000000000,0.013520000000000000,0.006895862480000000
0.678000000000000000,0.678000000000000000,0.691557288271172882,20000.000000000000000000,10001.000000000000000000,10000.000000000000000000,1.000000000000000000,0.000000000000000000,0.000000000000000000,0.013560000000000000,0.006916264440000000
0.680000000000000000,0.680000000000000000,0.693597280271972802,20000.000000000000000000,10001.000000000000000000,10000.000000000000000000,1.000000000000000000,0.000000000000000000,0.000000000000000000,0.013600000000000000,0.006936666400000000
0.682000000000000000,0.682000000000000000,0.695637272272772722,20000.000000000000000000,10001.000000000000000000,10000.000000000000000000,1.000000000000000000,0.000000000000000000,0.000000000000000000,0.013640000000000000,0.006957068360000000
0.684000000000000000,0.684000000000000000,0.697677264273572642,20000.000000000000000000,10001.000000000000000000,10000.000000000000000000,1.000000000000000000,0.000000000000000000,0.000000000000000000,0.013680000000000000,0.006977470320000000
0.686000000000000000,0.686000000000000000,0.699717256274372562,20000.000000000000000000,10001.000000000000000000,10000.000000000000000000,1.000000000000000000,0.000000000000000000,0.000000000000000000,0.013720000000000000,0.006997872280000000
0.688000000000000000,0.688000000000000000,0.701757248275172482,20000.000000000000000000,10001.000000000000000000,10000.000000000000000000,1.000000000000000000,0.000000000000000000,0.000000000000000000,0.013760000000000000,0.007018274240000000
0.690000000000000000,0.690000000000000000,0.703797240275972402,20000.000000000000000000,10001.000000000000000000,10000.000000000000000000,1.000000000000000000,0.000000000000000000,0.000000000000000000,0.013800000000000000,0.007038676200000000
0.692000000000000000,0.692000000000000000,0.705837232276772322,20000.000000000000000000,10001.000000000000000000,10000.000000000000000000,1.000000000000000000,0.000000000000000000,0.000000000000000000,0.013840000000000000,0.007059078160000000
0.694000000000000000,0.694000000000000000,0.707877224277572242,20000.000000000000000000,10001.000000000000000000,10000.000000000000000000,1.000000000000000000,0.000000000000000000,0.000000000000000000,0.013880000000000000,0.007079480120000000
0.696000000000000000,0.696000000000000000,0.709917216278372162,20000.000000000000000000,10001.000000000000000000,10000.000000000000000000,1.000000000000000000,0.000000000000000000,0.000000000000000000,0.013920000000000000,0.007099882080000000
0.698000000000000000,0.698000000000000000,0.711957208279172082,20000.000000000000000000,10001.000000000000000000,10000.000000000000000000,1.000000000000000000,0.000000000000000000,0.000000000000000000,0.013960000000000000,0.007120284040000000
0.700000000000000000,0.700000000000000000,0.713997200279972002,20000.000000000000000000,10001.000000000000000000,10000.000000000000000000,1.000000000000000000,0.000000000000000000,0.000000000000000000,0.014000000000000000,0.007140686000000000
0.702000000000000000,0.702000000000000000,0.716037192280771922,20000.000000000000000000,10001.000000000000000000,10000.000000000000000000,1.000000000000000000,0.000000000000000000,0.000000000000000000,0.014040000000000000,0.007161087960000000
0.704000000000000000,0.704000000000000000,0.718077184281571842,20000.000000000000000000,10001.000000000000000000,10000.000000000000000000,1.000000000000000000,0.000000000000000000,0.000000000000000000,0.014080000000000000,0.007181489920000000
0.706000000000000000,0.706000000000000000,0.720117176282371762,20000.000000000000000000,10001.000000000000000000,10000.000000000000000000,1.000000000000000000,0.000000000000000000,0.000000000000000000,0.014120000000000000,0.007201891880000000
0.708000000000000000,0.708000000000000000,0.722157168283171682,20000.000000000000000000,10001.000000000000000000,10000.000000000000000000,1.000000000000000000,0.000000000000000000,0.000000000000000000,0.014160000000000000,0.007222293840000000
0.710000000000000000,0.710000000000000000,0.724197160283971602,20000.000000000000000000,10001.000000000000000000,10000.000000000000000000,1.000000000000000000,0.000000000000000000,0.000000000000000000,0.014200000000000000,0.007242695800000000
0.712000000000000000,0.712000000000000000,0.726237152284771522,20000.000000000000000000,10001.000000000000000000,10000.000000000000000000,1.000000000000000000,0.000000000000000000,0.000000000000000000,0.014240000000000000,0.007263097760000000
0.714000000000000000,0.714000000000000000,0.728277144285571442,20000.000000000000000000,10001.000000000000000000,10000.000000000000000000,1.000000000000000000,0.000000000000000000,0.000000000000000000,0.014280000000000000,0.007283499720000000
0.716000000000000000,0.716000000000000000,0.730317136286371362,20000.000000000000000000,10001.000000000000000000,10000.000000000000000000,1.000000000000000000,0.000000000000000000,0.000000000000000000,0.014320000000000000,0.007303901680000000
0.718000000000000000,0.718000000000000000,0.732357128287171282,20000.000000000000000000,10001.000000000000000000,10000.000000000000000000,1.000000000000000000,0.000000000000000000,0.000000000000000000,0.014360000000000000,0.007324303640000000
0.720000000000000000,0.720000000000000000,0.734397120287971202,20000.000000000000000000,10001.000000000000000000,10000.000000000000000000,1.000000000000000000,0.000000000000000000,0.000000000000000000,0.014400000000000000,0.007344705600000000
0.722000000000000000,0.722000000000000000,0.736437112288771122,20000.000000000000000000,10001.000000000000000000,10000.000000000000000000,1.000000000000000000,0.000000000000000000,0.000000000000000000,0.014440000000000000,0.007365107560000000
0.724000000000000000,0.724000000000000000,0.738477104289571042,20000.000000000000000000,10001.000000000000000000,10000.000000000000000000,1.000000000000000000,0.000000000000000000,0.000000000000000000,0.014480000000000000,0.007385509520000000
0.726000000000000000,0.726000000000000000,0.740517096290370962,20000.000000000000000000,10001.000000000000000000,10000.000000000000000000,1.000000000000000000,0.000000000000000000,0.000000000000000000,0.014520000000000000,0.007405911480000000
0.728000000000000000,0.728000000000000000,0.742557088291170882,20000.000000000000000000,10001.000000000000000000,10000.000000000000000000,1.000000000000000000,0.000000000000000000,0.000000000000000000,0.014560000000000000,0.007426313440000000
0.730000000000000000,0.730000000000000000,0.744597080291970802,20000.000000000000000000,10001.000000000000000000,10000.000000000000000000,1.000000000000000000,0.000000000000000000,0.000000000000000000,0.014600000000000000,0.007446715400000000
0.732000000000000000,0.732000000000000000,0.746637072292770722,20000.000000000000000000,10001.000000000000000000,10000.000000000000000000,1.000000000000000000,0.000000000000000000,0.000000000000000000,0.014640000000000000,0.007467117360000000
0.734000000000000000,0.734000000000000000,0.748677064293570642,20000.000000000000000000,10001.000000000000000000,10000.000000000000000000,1.000000000000000000,0.000000000000000000,0.000000000000000000,0.014680000000000000,0.007487519320000000
0.736000000000000000,0.736000000000000000,0.750717056294370562,20000.000000000000000000,10001.000000000000000000,10000.000000000000000000,1.000000000000000000,0.000000000000000000,0.000000000000000000,0.014720000000000000,0.007507921280000000
0.738000000000000000,0.738000000000000000,0.752757048295170482,20000.000000000000000000,10001.000000000000000000,10000.000000000000000000,1.000000000000000000,0.000000000000000000,0.000000000000000000,0.014760000000000000,0.007528323240000000
0.740000000000000000,0.740000000000000000,0.754797040295970402,20000.000000000000000000,10001.000000000000000000,10000.000000000000000000,1.000000000000000000,0.000000000000000000,0.000000000000000000,0.014800000000000000,0.007548725200000000
0.742000000000000000,0.742000000000000000,0.756837032296770322,20000.000000000000000000,10001.000000000000000000,10000.000000000000000000,1.000000000000000000,0.000000000000000000,0.000000000000000000,0.014840000000000000,0.007569127160000000
0.744000000000000000,0.744000000000000000,0.758877024297570242,20000.000000000000000000,10001.000000000000000000,10000.000000000000000000,1.000000000000000000,0.000000000000000000,0.000000000000000000,0.014880000000000000,0.007589529120000000
0.746000000000000000,0.746000000000000000,0.760917016298370162,20000.000000000000000000,10001.000000000000000000,10000.000000000000000000,1.000000000000000000,0.000000000000000000,0.000000000000000000,0.014920000000000000,0.007609931080000000
0.748000000000000000,0.748000000000000000,0.762957008299170082,20000.000000000000000000,10001.000000000000000000,10000.000000000000000000,1.000000000000000000,0.000000000000000000,0.000000000000000000,0.014960000000000000,0.007630333040000000
0.750000000000000000,0.750000000000000000,0.764997000299970002,20000.000000000000000000,10001.000000000000000000,10000.000000000000000000,1.000000000000000000,0.000000000000000000,0.000000000000000000,0.015000000000000000,0.007650735000000000
0.752000000000000000,0.752000000000000000,0.767036992300769923,20000.000000000000000000,10001.000000000000000000,10000.000000000000000000,1.000000000000000000,0.000000000000000000,0.000000000000000000,0.015040000000000000,0.007671136960000000
0.754000000000000000,0.754000000000000000,0.769076984301569843,20000.000000000000000000,10001.000000000000000000,10000.000000000000000000,1.000000000000000000,0.000000000000000000,0.000000000000000000,0.015080000000000000,0.007691538920000000
0.756000000000000000,0.756000000000000000,0.771116976302369763,20000.000000000000000000,10001.000000000000000000,10000.000000000000000000,1.000000000000000000,0.000000000000000000,0.000000000000000000,0.015120000000000000,0.007711940880000000
0.758000000000000000,0.758000000000000000,0.773156968303169683,20000.000000000000000000,10001.000000000000000000,10000.000000000000000000,1.000000000000000000,0.000000000000000000,0.000000000000000000,0.015160000000000000,0.007732342840000000
0.760000000000000000,0.760000000000000000,0.775196960303969603,20000.000000000000000000,10001.000000000000000000,10000.000000000000000000,1.000000000000000000,0.000000000000000000,0.000000000000000000,0.015200000000000000,0.007752744800000000
0.762000000000000000,0.762000000000000000,0.777236952304769523,20000.000000000000000000,10001.000000000000000000,10000.000000000000000000,1.000000000000000000,0.000000000000000000,0.000000000000000000,0.015240000000000000,0.007773146760000000
0.764000000000000000,0.764000000000000000,0.779276944305569443,20000.000000000000000000,10001.000000000000000000,10000.000000000000000000,1.000000000000000000,0.000000000000000000,0.000000000000000000,0.015280000000000000,0.007793548720000000
0.766000000000000000,0.766000000000000000,0.781316936306369363,20000.000000000000000000,10001.000000000000000000,10000.000000000000000000,1.000000000000000000,0.000000000000000000,0.000000000000000000,0.015320000000000000,0.007813950680000000
0.768000000000000000,0.768000000000000000,0.783356928307169283,20000.000000000000000000,10001.000000000000000000,10000.000000000000000000,1.000000000000000000,0.000000000000000000,0.000000000000000000,0.015360000000000000,0.007834352640000000
0.770000000000000000,0.770000000000000000,0.785396920307969203,20000.000000000000000000,10001.000000000000000000,10000.000000000000000000,1.000000000000000000,0.000000000000000000,0.000000000000000000,0.015400000000000000,0.007854754600000000
0.772000000000000000,0.772000000000000000,0.787436912308769123,20000.000000000000000000,10001.000000000000000000,10000.000000000000000000,1.000000000000000000,0.000000000000000000,0.000000000000000000,0.015440000000000000,0.007875156560000000
0.774000000000000000,0.774000000000000000,0.789476904309569043,20000.000000000000000000,10001.000000000000000000,10000.000000000000000000,1.000000000000000000,0.000000000000000000,0.000000000000000000,0.015480000000000000,0.007895558520000000
0.776000000000000000,0.776000000000000000,0.791516896310368963,20000.000000000000000000,10001.000000000000000000,10000.000000000000000000,1.000000000000000000,0.000000000000000000,0.000000000000000000,0.015520000000000000,0.007915960480000000
0.778000000000000000,0.778000000000000000,0.793556888311168883,20000.000000000000000000,10001.000000000000000000,10000.000000000000000000,1.000000000000000000,0.000000000000000000,0.000000000000000000,0.015560000000000000,0.007936362440000000
0.780000000000000000,0.780000000000000000,0.795596880311968803,20000.000000000000000000,10001.000000000000000000,10000.000000000000000000,1.000000000000000000,0.000000000000000000,0.000000000000000000,0.015600000000000000,0.007956764400000000
0.782000000000000000,0.782000000000000000,0.797636872312768723,20000.000000000000000000,10001.000000000000000000,10000.000000000000000000,1.000000000000000000,0.000000000000000000,0.000000000000000000,0.015640000000000000,0.007977166360000000
0.784000000000000000,0.784000000000000000,0.799676864313568643,20000.000000000000000000,10001.000000000000000000,10000.000000000000000000,1.000000000000000000,0.000000000000000000,0.000000000000000000,0.015680000000000000,0.007997568320000000
0.786000000000000000,0.786000000000000000,0.801716856314368563,20000.000000000000000000,10001.000000000000000000,10000.000000000000000000,1.000000000000000000,0.000000000000000000,0.000000000000000000,0.015720000000000000,0.008017970280000000
0.788000000000000000,0.788000000000000000,0.803756848315168483,20000.000000000000000000,10001.000000000000000000,10000.000000000000000000,1.000000000000000000,0.000000000000000000,0.000000000000000000,0.015760000000000000,0.008038372240000000
0.790000000000000000,0.790000000000000000,0.805796840315968403,20000.000000000000000000,10001.000000000000000000,10000.000000000000000000,1.000000000000000000,0.000000000000000000,0.000000000000000000,0.015800000000000000,0.008058774200000000
0.792000000000000000,0.792000000000000000,0.807836832316768323,20000.000000000000000000,10001.000000000000000000,10000.000000000000000000,1.000000000000000000,0.000000000000000000,0.000000000000000000,0.015840000000000000,0.008079176160000000
0.794000000000000000,0.794000000000000000,0.809876824317568243,20000.000000000000000000,10001.000000000000000000,10000.000000000000000000,1.000000000000000000,0.000000000000000000,0.000000000000000000,0.015880000000000000,0.008099578120000000
0.796000000000000000,0.796000000000000000,0.811916816318368163,20000.000000000000000000,10001.000000000000000000,10000.000000000000000000,1.000000000000000000,0.000000000000000000,0.000000000000000000,0.015920000000000000,0.008119980080000000
0.798000000000000000,0.798000000000000000,0.813956808319168083,20000.000000000000000000,10001.000000000000000000,10000.000000000000000000,1.000000000000000000,0.000000000000000000,0.000000000000000000,0.015960000000000000,0.008140382040000000
0.800000000000000000,0.800000000000000000,0.815996800319968003,20000.000000000000000000,10001.000000000000000000,10000.000000000000000000,1.000000000000000000,0.000000000000000000,0.000000000000000000,0.016000000000000000,0.008160784000000000
0.802000000000000000,0.802000000000000000,0.818036792320767923,20000.000000000000000000,10001.000000000000000000,10000.000000000000000000,1.000000000000000000,0.000000000000000000,0.000000000000000000,0.016040000000000000,0.008181185960000000
0.804000000000000000,0.804000000000000000,0.820076784321567843,20000.000000000000000000,10001.000000000000000000,10000.000000000000000000,1.000000000000000000,0.000000000000000000,0.000000000000000000,0.016080000000000000,0.008201587920000000
0.806000000000000000,0.806000000000000000,0.822116776322367763,20000.000000000000000000,10001.000000000000000000,10000.000000000000000000,1.000000000000000000,0.000000000000000000,0.000000000000000000,0.016120000000000000,0.008221989880000000
0.808000000000000000,0.808000000000000000,0.824156768323167683,20000.000000000000000000,10001.000000000000000000,10000.000000000000000000,1.000000000000000000,0.000000000000000000,0.000000000000000000,0.016160000000000000,0.008242391840000000
0.810000000000000000,0.810000000000000000,0.826196760323967603,20000.000000000000000000,10001.000000000000000000,10000.000000000000000000,1.000000000000000000,0.000000000000000000,0.000000000000000000,0.016200000000000000,0.008262793800000000
0.812000000000000000,0.812000000000000000,0.828236752324767523,20000.000000000000000000,10001.000000000000000000,10000.000000000000000000,1.000000000000000000,0.000000000000000000,0.000000000000000000,0.016240000000000000,0.008283195760000000
0.814000000000000000,0.814000000000000000,0.830276744325567443,20000.000000000000000000,10001.000000000000000000,10000.000000000000000000,1.000000000000000000,0.000000000000000000,0.000000000000000000,0.016280000000000000,0.008303597720000000
0.816000000000000000,0.816000000000000000,0.832316736326367363,20000.000000000000000000,10001.000000000000000000,10000.000000000000000000,1.000000000000000000,0.000000000000000000,0.000000000000000000,0.016320000000000000,0.008323999680000000
0.818000000000000000,0.818000000000000000,0.834356728327167283,20000.000000000000000000,10001.000000000000000000,10000.000000000000000000,1.000000000000000000,0.000000000000000000,0.000000000000000000,0.016360000000000000,0.008344401640000000
0.820000000000000000,0.820000000000000000,0.836396720327967203,20000.000000000000000000,10001.000000000000000000,10000.000000000000000000,1.000000000000000000,0.000000000000000000,0.000000000000000000,0.016400000000000000,0.008364803600000000
0.822000000000000000,0.822000000000000000,0.838436712328767123,20000.000000000000000000,10001.000000000000000000,10000.000000000000000000,1.000000000000000000,0.000000000000000000,0.000000000000000000,0.016440000000000000,0.008385205560000000
0.824000000000000000,0.824000000000000000,0.840476704329567043,20000.000000000000000000,10001.000000000000000000,10000.000000000000000000,1.000000000000000000,0.000000000000000000,0.000000000000000000,0.016480000000000000,0.008405607520000000
0.826000000000000000,0.826000000000000000,0.842516696330366963,20000.000000000000000000,10001.000000000000000000,10000.000000000000000000,1.000000000000000000,0.000000000000000000,0.000000000000000000,0.016520000000000000,0.008426009480000000
0.828000000000000000,0.828000000000000000,0.844556688331166883,20000.000000000000000000,10001.000000000000000000,10000.000000000000000000,1.000000000000000000,0.000000000000000000,0.000000000000000000,0.016560000000000000,0.008446411440000000
0.830000000000000000,0.830000000000000000,0.846596680331966803,20000.000000000000000000,10001.000000000000000000,10000.000000000000000000,1.000000000000000000,0.000000000000000000,0.000000000000000000,0.016600000000000000,0.008466813400000000
0.832000000000000000,0.832000000000000000,0.848636672332766723,20000.000000000000000000,10001.000000000000000000,10000.000000000000000000,1.000000000000000000,0.000000000000000000,0.000000000000000000,0.016640000000000000,0.008487215360000000
0.834000000000000000,0.834000000000000000,0.850676664333566643,20000.000000000000000000,10001.000000000000000000,10000.000000000000000000,1.000000000000000000,0.000000000000000000,0.000000000000000000,0.016680000000000000,0.008507617320000000
0.836000000000000000,0.836000000000000000,0.852716656334366563,20000.000000000000000000,10001.000000000000000000,10000.000000000000000000,1.000000000000000000,0.000000000000000000,0.000000000000000000,0.016720000000000000,0.008528019280000000
0.838000000000000000,0.838000000000000000,0.854756648335166483,20000.000000000000000000,10001.000000000000000000,10000.000000000000000000,1.000000000000000000,0.000000000000000000,0.000000000000000000,0.016760000000000000,0.008548421240000000
0.840000000000000000,0.840000000000000000,0.856796640335966403,20000.000000000000000000,10001.000000000000000000,10000.000000000000000000,1.000000000000000000,0.000000000000000000,0.000000000000000000,0.016800000000000000,0.008568823200000000
0.842000000000000000,0.842000000000000000,0.858836632336766323,20000.000000000000000000,10001.000000000000000000,10000.000000000000000000,1.000000000000000000,0.000000000000000000,0.000000000000000000,0.016840000000000000,0.008589225160000000
0.844000000000000000,0.844000000000000000,0.860876624337566243,20000.000000000000000000,10001.000000000000000000,10000.000000000000000000,1.000000000000000000,0.000000000000000000,0.000000000000000000,0.016880000000000000,0.008609627120000000
0.846000000000000000,0.846000000000000000,0.862916616338366163,20000.000000000000000000,10001.000000000000000000,10000.000000000000000000,1.000000000000000000,0.000000000000000000,0.000000000000000000,0.016920000000000000,0.008630029080000000
0.848000000000000000,0.848000000000000000,0.864956608339166083,20000.000000000000000000,10001.000000000000000000,10000.000000000000000000,1.000000000000000000,0.000000000000000000,0.000000000000000000,0.016960000000000000,0.008650431040000000
0.850000000000000000,0.850000000000000000,0.866996600339966003,20000.000000000000000000,10001.000000000000000000,10000.000000000000000000,1.000000000000000000,0.000000000000000000,0.000000000000000000,0.017000000000000000,0.008670833000000000
0.852000000000000000,0.852000000000000000,0.869036592340765923,20000.000000000000000000,10001.000000000000000000,10000.000000000000000000,1.000000000000000000,0.000000000000000000,0.000000000000000000,0.017040000000000000,0.008691234960000000
0.854000000000000000,0.854000000000000000,0.871076584341565843,20000.000000000000000000,10001.000000000000000000,10000.000000000000000000,1.000000000000000000,0.000000000000000000,0.000000000000000000,0.017080000000000000,0.008711636920000000
0.856000000000000000,0.856000000000000000,0.873116576342365763,20000.000000000000000000,10001.000000000000000000,10000.000000000000000000,1.000000000000000000,0.000000000000000000,0.000000000000000000,0.017120000000000000,0.008732038880000000
0.858000000000000000,0.858000000000000000,0.875156568343165683,20000.000000000000000000,10001.000000000000000000,10000.000000000000000000,1.000000000000000000,0.000000000000000000,0.000000000000000000,0.017160000000000000,0.008752440840000000
0.860000000000000000,0.860000000000000000,0.877196560343965603,20000.000000000000000000,10001.000000000000000000,10000.000000000000000000,1.000000000000000000,0.000000000000000000,0.000000000000000000,0.017200000000000000,0.008772842800000000
0.862000000000000000,0.862000000000000000,0.879236552344765523,20000.000000000000000000,10001.000000000000000000,10000.000000000000000000,1.000000000000000000,0.000000000000000000,0.000000000000000000,0.017240000000000000,0.008793244760000000
0.864000000000000000,0.864000000000000000,0.881276544345565443,20000.000000000000000000,10001.000000000000000000,10000.000000000000000000,1.000000000000000000,0.000000000000000000,0.000000000000000000,0.017280000000000000,0.008813646720000000
0.866000000000000000,0.866000000000000000,0.883316536346365363,20000.000000000000000000,10001.000000000000000000,10000.000000000000000000,1.000000000000000000,0.000000000000000000,0.000000000000000000,0.017320000000000000,0.008834048680000000
0.868000000000000000,0.868000000000000000,0.885356528347165283,20000.000000000000000000,10001.000000000000000000,10000.000000000000000000,1.000000000000000000,0.000000000000000000,0.000000000000000000,0.017360000000000000,0.008854450640000000
0.870000000000000000,0.870000000000000000,0.887396520347965203,20000.000000000000000000,10001.000000000000000000,10000.000000000000000000,1.000000000000000000,0.000000000000000000,0.000000000000000000,0.017400000000000000,0.008874852600000000
0.872000000000000000,0.872000000000000000,0.889436512348765123,20000.000000000000000000,10001.000000000000000000,10000.000000000000000000,1.000000000000000000,0.000000000000000000,0.000000000000000000,0.017440000000000000,0.008895254560000000
0.874000000000000000,0.874000000000000000,0.891476504349565043,20000.000000000000000000,10001.000000000000000000,10000.000000000000000000,1.000000000000000000,0.000000000000000000,0.000000000000000000,0.017480000000000000,0.008915656520000000
0.876000000000000000,0.876000000000000000,0.893516496350364963,20000.000000000000000000,10001.000000000000000000,10000.000000000000000000,1.000000000000000000,0.000000000000000000,0.000000000000000000,0.017520000000000000,0.008936058480000000
0.878000000000000000,0.878000000000000000,0.895556488351164883,20000.000000000000000000,10001.000000000000000000,10000.000000000000000000,1.000000000000000000,0.000000000000000000,0.000000000000000000,0.017560000000000000,0.008956460440000000
0.880000000000000000,0.880000000000000000,0.897596480351964803,20000.000000000000000000,10001.000000000000000000,10000.000000000000000000,1.000000000000000000,0.000000000000000000,0.000000000000000000,0.017600000000000000,0.008976862400000000
0.882000000000000000,0.882000000000000000,0.899636472352764723,20000.000000000000000000,10001.000000000000000000,10000.000000000000000000,1.000000000000000000,0.000000000000000000,0.000000000000000000,0.017640000000000000,0.008997264360000000
0.884000000000000000,0.884000000000000000,0.901676464353564643,20000.000000000000000000,10001.000000000000000000,10000.000000000000000000,1.000000000000000000,0.000000000000000000,0.000000000000000000,0.017680000000000000,0.009017666320000000
0.886000000000000000,0.886000000000000000,0.903716456354364563,20000.000000000000000000,10001.000000000000000000,10000.000000000000000000,1.000000000000000000,0.000000000000000000,0.000000000000000000,0.017720000000000000,0.009038068280000000
0.888000000000000000,0.888000000000000000,0.905756448355164483,20000.000000000000000000,10001.000000000000000000,10000.000000000000000000,1.000000000000000000,0.000000000000000000,0.000000000000000000,0.017760000000000000,0.009058470240000000
0.890000000000000000,0.890000000000000000,0.907796440355964403,20000.000000000000000000,10001.000000000000000000,10000.000000000000000000,1.000000000000000000,0.000000000000000000,0.000000000000000000,0.017800000000000000,0.009078872200000000
0.892000000000000000,0.892000000000000000,0.909836432356764323,20000.000000000000000000,10001.000000000000000000,10000.000000000000000000,1.000000000000000000,0.000000000000000000,0.000000000000000000,0.017840000000000000,0.009099274160000000
0.894000000000000000,0.894000000000000000,0.911876424357564243,20000.000000000000000000,10001.000000000000000000,10000.000000000000000000,1.000000000000000000,0.000000000000000000,0.000000000000000000,0.017880000000000000,0.009119676120000000
0.896000000000000000,0.896000000000000000,0.913916416358364163,20000.000000000000000000,10001.000000000000000000,10000.000000000000000000,1.000000000000000000,0.000000000000000000,0.000000000000000000,0.017920000000000000,0.009140078080000000
0.898000000000000000,0.898000000000000000,0.915956408359164083,20000.000000000000000000,10001.000000000000000000,10000.000000000000000000,1.000000000000000000,0.000000000000000000,0.000000000000000000,0.017960000000000000,0.009160480040000000
0.900000000000000000,0.900000000000000000,0.917996400359964003,20000.000000000000000000,10001.000000000000000000,10000.000000000000000000,1.000000000000000000,0.000000000000000000,0.000000000000000000,0.018000000000000000,0.009180882000000000
0.902000000000000000,0.902000000000000000,0.920036392360763923,20000.000000000000000000,10001.000000000000000000,10000.000000000000000000,1.000000000000000000,0.000000000000000000,0.000000000000000000,0.018040000000000000,0.009201283960000000
0.904000000000000000,0.904000000000000000,0.922076384361563843,20000.000000000000000000,10001.000000000000000000,10000.000000000000000000,1.000000000000000000,0.000000000000000000,0.000000000000000000,0.018080000000000000,0.009221685920000000
0.906000000000000000,0.906000000000000000,0.924116376362363763,20000.000000000000000000,10001.000000000000000000,10000.000000000000000000,1.000000000000000000,0.000000000000000000,0.000000000000000000,0.018120000000000000,0.009242087880000000
0.908000000000000000,0.908000000000000000,0.926156368363163683,20000.000000000000000000,10001.000000000000000000,10000.000000000000000000,1.000000000000000000,0.000000000000000000,0.000000000000000000,0.018160000000000000,0.009262489840000000
0.910000000000000000,0.910000000000000000,0.928196360363963603,20000.000000000000000000,10001.000000000000000000,10000.000000000000000000,1.000000000000000000,0.000000000000000000,0.000000000000000000,0.018200000000000000,0.009282891800000000
0.912000000000000000,0.912000000000000000,0.930236352364763523,20000.000000000000000000,10001.000000000000000000,10000.000000000000000000,1.000000000000000000,0.000000000000000000,0.000000000000000000,0.018240000000000000,0.009303293760000000
0.914000000000000000,0.914000000000000000,0.932276344365563443,20000.000000000000000000,10001.000000000000000000,10000.000000000000000000,1.000000000000000000,0.000000000000000000,0.000000000000000000,0.018280000000000000,0.009323695720000000
0.916000000000000000,0.916000000000000000,0.934316336366363363,20000.000000000000000000,10001.000000000000000000,10000.000000000000000000,1.000000000000000000,0.000000000000000000,0.000000000000000000,0.018320000000000000,0.009344097680000000
0.918000000000000000,0.918000000000000000,0.936356328367163283,20000.000000000000000000,10001.000000000000000000,10000.000000000000000000,1.000000000000000000,0.000000000000000000,0.000000000000000000,0.018360000000000000,0.009364499640000000
0.920000000000000000,0.920000000000000000,0.938396320367963203,20000.000000000000000000,10001.000000000000000000,10000.000000000000000000,1.000000000000000000,0.000000000000000000,0.000000000000000000,0.018400000000000000,0.009384901600000000
0.922000000000000000,0.922000000000000000,0.940436312368763123,20000.000000000000000000,10001.000000000000000000,10000.000000000000000000,1.000000000000000000,0.000000000000000000,0.000000000000000000,0.018440000000000000,0.009405303560000000
0.924000000000000000,0.924000000000000000,0.942476304369563043,20000.000000000000000000,10001.000000000000000000,10000.000000000000000000,1.000000000000000000,0.000000000000000000,0.000000000000000000,0.018480000000000000,0.009425705520000000
0.926000000000000000,0.926000000000000000,0.944516296370362963,20000.000000000000000000,10001.000000000000000000,10000.000000000000000000,1.000000000000000000,0.000000000000000000,0.000000000000000000,0.018520000000000000,0.009446107480000000
0.928000000000000000,0.928000000000000000,0.946556288371162883,20000.000000000000000000,10001.000000000000000000,10000.000000000000000000,1.000000000000000000,0.000000000000000000,0.000000000000000000,0.018560000000000000,0.009466509440000000
0.930000000000000000,0.930000000000000000,0.948596280371962803,20000.000000000000000000,10001.000000000000000000,10000.000000000000000000,1.000000000000000000,0.000000000000000000,0.000000000000000000,0.018600000000000000,0.009486911400000000
0.932000000000000000,0.932000000000000000,0.950636272372762723,20000.000000000000000000,10001.000000000000000000,10000.000000000000000000,1.000000000000000000,0.000000000000000000,0.000000000000000000,0.018640000000000000,0.009507313360000000
0.934000000000000000,0.934000000000000000,0.952676264373562643,20000.000000000000000000,10001.000000000000000000,10000.000000000000000000,1.000000000000000000,0.000000000000000000,0.000000000000000000,0.018680000000000000,0.009527715320000000
0.936000000000000000,0.936000000000000000,0.954716256374362563,20000.000000000000000000,10001.000000000000000000,10000.000000000000000000,1.000000000000000000,0.000000000000000000,0.000000000000000000,0.018720000000000000,0.009548117280000000
0.938000000000000000,0.938000000000000000,0.956756248375162483,20000.000000000000000000,10001.000000000000000000,10000.000000000000000000,1.000000000000000000,0.000000000000000000,0.000000000000000000,0.018760000000000000,0.009568519240000000
0.940000000000000000,0.940000000000000000,0.958796240375962403,20000.000000000000000000,10001.000000000000000000,10000.000000000000000000,1.000000000000000000,0.000000000000000000,0.000000000000000000,0.018800000000000000,0.009588921200000000
0.942000000000000000,0.942000000000000000,0.960836232376762323,20000.000000000000000000,10001.000000000000000000,10000.000000000000000000,1.000000000000000000,0.000000000000000000,0.000000000000000000,0.018840000000000000,0.009609323160000000
0.944000000000000000,0.944000000000000000,0.962876224377562243,20000.000000000000000000,10001.000000000000000000,10000.000000000000000000,1.000000000000000000,0.000000000000000000,0.000000000000000000,0.018880000000000000,0.009629725120000000
0.946000000000000000,0.946000000000000000,0.964916216378362163,20000.000000000000000000,10001.000000000000000000,10000.000000000000000000,1.000000000000000000,0.000000000000000000,0.000000000000000000,0.018920000000000000,0.009650127080000000
0.948000000000000000,0.948000000000000000,0.966956208379162083,20000.000000000000000000,10001.000000000000000000,10000.000000000000000000,1.000000000000000000,0.000000000000000000,0.000000000000000000,0.018960000000000000,0.009670529040000000
0.950000000000000000,0.950000000000000000,0.968996200379962003,20000.000000000000000000,10001.000000000000000000,10000.000000000000000000,1.000000000000000000,0.000000000000000000,0.000000000000000000,0.019000000000000000,0.009690931000000000
0.952000000000000000,0.952000000000000000,0.971036192380761923,20000.000000000000000000,10001.000000000000000000,10000.000000000000000000,1.000000000000000000,0.000000000000000000,0.000000000000000000,0.019040000000000000,0.009711332960000000
0.954000000000000000,0.954000000000000000,0.973076184381561843,20000.000000000000000000,10001.000000000000000000,10000.000000000000000000,1.000000000000000000,0.000000000000000000,0.000000000000000000,0.019080000000000000,0.009731734920000000
0.956000000000000000,0.956000000000000000,0.975116176382361763,20000.000000000000000000,10001.000000000000000000,10000.000000000000000000,1.000000000000000000,0.000000000000000000,0.000000000000000000,0.019120000000000000,0.009752136880000000
0.958000000000000000,0.958000000000000000,0.977156168383161683,20000.000000000000000000,10001.000000000000000000,10000.000000000000000000,1.000000000000000000,0.000000000000000000,0.000000000000000000,0.019160000000000000,0.009772538840000000
0.960000000000000000,0.960000000000000000,0.979196160383961603,20000.000000000000000000,10001.000000000000000000,10000.000000000000000000,1.000000000000000000,0.000000000000000000,0.000000000000000000,0.019200000000000000,0.009792940800000000
0.962000000000000000,0.962000000000000000,0.981236152384761523,20000.000000000000000000,10001.000000000000000000,10000.000000000000000000,1.000000000000000000,0.000000000000000000,0.000000000000000000,0.019240000000000000,0.009813342760000000
0.964000000000000000,0.964000000000000000,0.983276144385561443,20000.000000000000000000,10001.000000000000000000,10000.000000000000000000,1.000000000000000000,0.000000000000000000,0.000000000000000000,0.019280000000000000,0.009833744720000000
0.966000000000000000,0.966000000000000000,0.985316136386361363,20000.000000000000000000,10001.000000000000000000,10000.000000000000000000,1.000000000000000000,0.000000000000000000,0.000000000000000000,0.019320000000000000,0.009854146680000000
0.968000000000000000,0.968000000000000000,0.987356128387161283,20000.000000000000000000,10001.000000000000000000,10000.000000000000000000,1.000000000000000000,0.000000000000000000,0.000000000000000000,0.019360000000000000,0.009874548640000000
0.970000000000000000,0.970000000000000000,0.989396120387961203,20000.000000000000000000,10001.000000000000000000,10000.000000000000000000,1.000000000000000000,0.000000000000000000,0.000000000000000000,0.019400000000000000,0.009894950600000000
0.972000000000000000,0.972000000000000000,0.991436112388761123,20000.000000000000000000,10001.000000000000000000,10000.000000000000000000,1.000000000000000000,0.000000000000000000,0.000000000000000000,0.019440000000000000,0.009915352560000000
0.974000000000000000,0.974000000000000000,0.993476104389561043,20000.000000000000000000,10001.000000000000000000,10000.000000000000000000,1.000000000000000000,0.000000000000000000,0.000000000000000000,0.019480000000000000,0.009935754520000000
0.976000000000000000,0.976000000000000000,0.995516096390360963,20000.000000000000000000,10001.000000000000000000,10000.000000000000000000,1.000000000000000000,0.000000000000000000,0.000000000000000000,0.019520000000000000,0.009956156480000000
0.978000000000000000,0.978000000000000000,0.997556088391160883,20000.000000000000000000,10001.000000000000000000,10000.000000000000000000,1.000000000000000000,0.000000000000000000,0.000000000000000000,0.019560000000000000,0.009976558440000000
0.980000000000000000,0.980000000000000000,0.999596080391960803,20000.000000000000000000,10001.000000000000000000,10000.000000000000000000,1.000000000000000000,0.000000000000000000,0.000000000000000000,0.019600000000000000,0.009996960400000000
0.982000000000000000,0.982000000000000000,1.001636072392760723,20000.000000000000000000,10001.000000000000000000,10000.000000000000000000,1.000000000000000000,0.000000000000000000,0.000000000000000000,0.019640000000000000,0.010017362360000000
0.984000000000000000,0.984000000000000000,1.003676064393560643,20000.000000000000000000,10001.000000000000000000,10000.000000000000000000,1.000000000000000000,0.000000000000000000,0.000000000000000000,0.019680000000000000,0.010037764320000000
0.986000000000000000,0.986000000000000000,1.005716056394360563,20000.000000000000000000,10001.000000000000000000,10000.000000000000000000,1.000000000000000000,0.000000000000000000,0.000000000000000000,0.019720000000000000,0.010058166280000000
0.988000000000000000,0.988000000000000000,1.007756048395160483,20000.000000000000000000,10001.000000000000000000,10000.000000000000000000,1.000000000000000000,0.000000000000000000,0.000000000000000000,0.019760000000000000,0.010078568240000000
0.990000000000000000,0.990000000000000000,1.009796040395960403,20000.000000000000000000,10001.000000000000000000,10000.000000000000000000,1.000000000000000000,0.000000000000000000,0.000000000000000000,0.019800000000000000,0.010098970200000000
0.992000000000000000,0.992000000000000000,1.011836032396760323,20000.000000000000000000,10001.000000000000000000,10000.000000000000000000,1.000000000000000000,0.000000000000000000,0.000000000000000000,0.019840000000000000,0.010119372160000000
0.994000000000000000,0.994000000000000000,1.013876024397560243,20000.000000000000000000,10001.000000000000000000,10000.000000000000000000,1.000000000000000000,0.000000000000000000,0.000000000000000000,0.019880000000000000,0.010179703342976723
0.996000000000000000,0.996000000000000000,1.015916016398360163,20000.000000000000000000,10001.000000000000000000,10000.000000000000000000,1.000000000000000000,0.000000000000000000,0.000000000000000000,0.019920000000000000,0.010362437194947225
0.998000000000000000,0.998000000000000000,1.017956008399160083,20000.000000000000000000,10001.000000000000000000,10000.000000000000000000,1.000000000000000000,0.000000000000000000,0.000000000000000000,0.019960000000000000,0.010670082577313648
1.000000000000000000,1.000000000000000000,1.019996000399960003,20000.000000000000000000,10001.000000000000000000,10000.000000000000000000,1.000000000000000000,0.000000000000000000,0.000000000000000000,0.020000000000000000,0.011102639490075992
1.002000000000000000,1.002000000000000000,1.022035992400759924,20000.000000000000000000,10001.000000000000000000,10000.000000000000000000,1.000000000000000000,0.000000000000000000,0.000000000000000000,0.020040000000000000,0.011660107933234256
1.004000000000000000,1.004000000000000000,1.024075984401559844,20000.000000000000000000,10001.000000000000000000,10000.000000000000000000,1.000000000000000000,0.000000000000000000,0.000000000000000000,0.020080000000000000,0.012342487906788441
1.006000000000000000,1.006000000000000000,1.026115976402359764,20000.000000000000000000,10001.000000000000000000,10000.000000000000000000,1.000000000000000000,0.000000000000000000,0.000000000000000000,0.020120000000000000,0.013149779410738547
1.008000000000000000,1.008000000000000000,1.028155968403159684,20000.000000000000000000,10001.000000000000000000,10000.000000000000000000,1.000000000000000000,0.000000000000000000,0.000000000000000000,0.020160000000000000,0.014081982445084573
1.010000000000000000,1.010000000000000000,1.030195960403959604,20000.000000000000000000,10001.000000000000000000,10000.000000000000000000,1.000000000000000000,0.000000000000000000,0.000000000000000000,0.020200000000000000,0.015099490000000000
1.012000000000000000,1.012000000000000000,1.032235952404759524,20000.000000000000000000,10001.000000000000000000,10000.000000000000000000,1.000000000000000000,0.000000000000000000,0.000000000000000000,0.020240000000000000,0.016119588000000000
1.014000000000000000,1.014000000000000000,1.034368375917408259,20000.000000000000000000,10001.000000000000000000,10000.000000000000000000,1.000000000000000000,0.000000000000000000,0.000000000000000000,0.020372450000000000,0.017185906377500000
1.016000000000000000,1.016000000000000000,1.036739051774822517,20000.000000000000000000,10001.000000000000000000,10000.000000000000000000,1.000000000000000000,0.000000000000000000,0.000000000000000000,0.020743200000000000,0.018371362840000000
1.018000000000000000,1.018000000000000000,1.039349779617038296,20000.000000000000000000,10001.000000000000000000,10000.000000000000000000,1.000000000000000000,0.000000000000000000,0.000000000000000000,0.021354050000000000,0.019676857297500000
1.020000000000000000,1.020000000000000000,1.042200559444055594,20000.000000000000000000,10001.000000000000000000,10000.000000000000000000,1.000000000000000000,0.000000000000000000,0.000000000000000000,0.022205000000000000,0.021102389750000000
1.022000000000000000,1.022000000000000000,1.045291391255874412,20000.000000000000000000,10001.000000000000000000,10000.000000000000000000,1.000000000000000000,0.000000000000000000,0.000000000000000000,0.023296050000000000,0.022647960197500000
1.024000000000000000,1.024000000000000000,1.048622275052494750,20000.000000000000000000,10001.000000000000000000,10000.000000000000000000,1.000000000000000000,0.000000000000000000,0.000000000000000000,0.024627200000000000,0.024313568640000000
1.026000000000000000,1.026000000000000000,1.052193210833916608,20000.000000000000000000,10001.000000000000000000,10000.000000000000000000,1.000000000000000000,0.000000000000000000,0.000000000000000000,0.026198450000000000,0.026099215077500000
1.028000000000000000,1.028000000000000000,1.056004198600139986,20000.000000000000000000,10001.000000000000000000,10000.000000000000000000,1.000000000000000000,0.000000000000000000,0.000000000000000000,0.028009800000000000,0.028004899510000000
1.030000000000000000,1.030000000000000000,1.059994000599940006,20000.000000000000000000,10001.000000000000000000,10000.000000000000000000,1.000000000000000000,0.000000000000000000,0.000000000000000000,0.030000000000000000,0.030000000000000000
1.032000000000000000,1.032000000000000000,1.063993600639936006,20000.000000000000000000,10001.000000000000000000,10000.000000000000000000,1.000000000000000000,0.000000000000000000,0.000000000000000000,0.032000000000000000,0.032000000000000000
1.034000000000000000,1.034000000000000000,1.067993200679932006,20000.000000000000000000,10001.000000000000000000,10000.000000000000000000,1.000000000000000000,0.000000000000000000,0.000000000000000000,0.034000000000000000,0.034000000000000000
1.036000000000000000,1.036000000000000000,1.071992800719928007,20000.000000000000000000,10001.000000000000000000,10000.000000000000000000,1.000000000000000000,0.000000000000000000,0.000000000000000000,0.036000000000000000,0.036000000000000000
1.038000000000000000,1.038000000000000000,1.075992400759924007,20000.000000000000000000,10001.000000000000000000,10000.000000000000000000,1.000000000000000000,0.000000000000000000,0.000000000000000000,0.038000000000000000,0.038000000000000000
1.040000000000000000,1.040000000000000000,1.079992000799920008,20000.000000000000000000,10001.000000000000000000,10000.000000000000000000,1.000000000000000000,0.000000000000000000,0.000000000000000000,0.040000000000000000,0.040000000000000000
1.042000000000000000,1.042000000000000000,1.083991600839916008,20000.000000000000000000,10001.000000000000000000,10000.000000000000000000,1.000000000000000000,0.000000000000000000,0.000000000000000000,0.042000000000000000,0.042000000000000000
1.044000000000000000,1.044000000000000000,1.087991200879912008,20000.000000000000000000,10001.000000000000000000,10000.000000000000000000,1.000000000000000000,0.000000000000000000,0.000000000000000000,0.044000000000000000,0.044000000000000000
1.046000000000000000,1.046000000000000000,1.091990800919908009,20000.000000000000000000,10001.000000000000000000,10000.000000000000000000,1.000000000000000000,0.000000000000000000,0.000000000000000000,0.046000000000000000,0.046000000000000000
1.048000000000000000,1.048000000000000000,1.095990400959904009,20000.000000000000000000,10001.000000000000000000,10000.000000000000000000,1.000000000000000000,0.000000000000000000,0.000000000000000000,0.048000000000000000,0.048000000000000000
1.050000000000000000,1.050000000000000000,1.099990000999900010,20000.000000000000000000,10001.000000000000000000,10000.000000000000000000,1.000000000000000000,0.000000000000000000,0.000000000000000000,0.050000000000000000,0.050000000000000000
1.052000000000000000,1.052000000000000000,1.103989601039896010,20000.000000000000000000,10001.000000000000000000,10000.000000000000000000,1.000000000000000000,0.000000000000000000,0.000000000000000000,0.052000000000000000,0.052000000000000000
1.054000000000000000,1.054000000000000000,1.107989201079892010,20000.000000000000000000,10001.000000000000000000,10000.000000000000000000,1.000000000000000000,0.000000000000000000,0.000000000000000000,0.054000000000000000,0.054000000000000000
1.056000000000000000,1.056000000000000000,1.111988801119888011,20000.000000000000000000,10001.000000000000000000,10000.000000000000000000,1.000000000000000000,0.000000000000000000,0.000000000000000000,0.056000000000000000,0.056000000000000000
1.058000000000000000,1.058000000000000000,1.115988401159884011,20000.000000000000000000,10001.000000000000000000,10000.000000000000000000,1.000000000000000000,0.000000000000000000,0.000000000000000000,0.058000000000000000,0.058000000000000000
1.060000000000000000,1.060000000000000000,1.119988001199880012,20000.000000000000000000,10001.000000000000000000,10000.000000000000000000,1.000000000000000000,0.000000000000000000,0.000000000000000000,0.060000000000000000,0.060000000000000000
1.062000000000000000,1.062000000000000000,1.123987601239876012,20000.000000000000000000,10001.000000000000000000,10000.000000000000000000,1.000000000000000000,0.000000000000000000,0.000000000000000000,0.062000000000000000,0.062000000000000000
1.064000000000000000,1.064000000000000000,1.127987201279872012,20000.000000000000000000,10001.000000000000000000,10000.000000000000000000,1.000000000000000000,0.000000000000000000,0.000000000000000000,0.064000000000000000,0.064000000000000000
1.066000000000000000,1.066000000000000000,1.131986801319868013,20000.000000000000000000,10001.000000000000000000,10000.000000000000000000,1.000000000000000000,0.000000000000000000,0.000000000000000000,0.066000000000000000,0.066000000000000000
1.068000000000000000,1.068000000000000000,1.135986401359864013,20000.000000000000000000,10001.000000000000000000,10000.000000000000000000,1.000000000000000000,0.000000000000000000,0.000000000000000000,0.068000000000000000,0.068000000000000000
1.070000000000000000,1.070000000000000000,1.139986001399860014,20000.000000000000000000,10001.000000000000000000,10000.000000000000000000,1.000000000000000000,0.000000000000000000,0.000000000000000000,0.070000000000000000,0.070000000000000000
1.072000000000000000,1.072000000000000000,1.143985601439856014,20000.000000000000000000,10001.000000000000000000,10000.000000000000000000,1.000000000000000000,0.000000000000000000,0.000000000000000000,0.072000000000000000,0.072000000000000000
1.074000000000000000,1.074000000000000000,1.147985201479852014,20000.000000000000000000,10001.000000000000000000,10000.000000000000000000,1.000000000000000000,0.000000000000000000,0.000000000000000000,0.074000000000000000,0.074000000000000000
1.076000000000000000,1.076000000000000000,1.151984801519848015,20000.000000000000000000,10001.000000000000000000,10000.000000000000000000,1.000000000000000000,0.000000000000000000,0.000000000000000000,0.076000000000000000,0.076000000000000000
1.078000000000000000,1.078000000000000000,1.155984401559844015,20000.000000000000000000,10001.000000000000000000,10000.000000000000000000,1.000000000000000000,0.000000000000000000,0.000000000000000000,0.078000000000000000,0.078000000000000000
1.080000000000000000,1.080000000000000000,1.159984001599840016,20000.000000000000000000,10001.000000000000000000,10000.000000000000000000,1.000000000000000000,0.000000000000000000,0.000000000000000000,0.080000000000000000,0.080000000000000000
1.082000000000000000,1.082000000000000000,1.163983601639836016,20000.000000000000000000,10001.000000000000000000,10000.000000000000000000,1.000000000000000000,0.000000000000000000,0.000000000000000000,0.082000000000000000,0.082000000000000000
1.084000000000000000,1.084000000000000000,1.167983201679832016,20000.000000000000000000,10001.000000000000000000,10000.000000000000000000,1.000000000000000000,0.000000000000000000,0.000000000000000000,0.084000000000000000,0.084000000000000000
1.086000000000000000,1.086000000000000000,1.171982801719828017,20000.000000000000000000,10001.000000000000000000,10000.000000000000000000,1.000000000000000000,0.000000000000000000,0.000000000000000000,0.086000000000000000,0.086000000000000000
1.088000000000000000,1.088000000000000000,1.175982401759824017,20000.000000000000000000,10001.000000000000000000,10000.000000000000000000,1.000000000000000000,0.000000000000000000,0.000000000000000000,0.088000000000000000,0.088000000000000000
1.090000000000000000,1.090000000000000000,1.179982001799820018,20000.000000000000000000,10001.000000000000000000,10000.000000000000000000,1.000000000000000000,0.000000000000000000,0.000000000000000000,0.090000000000000000,0.090000000000000000
1.092000000000000000,1.092000000000000000,1.183981601839816018,20000.000000000000000000,10001.000000000000000000,10000.000000000000000000,1.000000000000000000,0.000000000000000000,0.000000000000000000,0.092000000000000000,0.092000000000000000
1.094000000000000000,1.094000000000000000,1.187981201879812018,20000.000000000000000000,10001.000000000000000000,10000.000000000000000000,1.000000000000000000,0.000000000000000000,0.000000000000000000,0.094000000000000000,0.094000000000000000
1.096000000000000000,1.096000000000000000,1.191980801919808019,20000.000000000000000000,10001.000000000000000000,10000.000000000000000000,1.000000000000000000,0.000000000000000000,0.000000000000000000,0.096000000000000000,0.096000000000000000
1.098000000000000000,1.098000000000000000,1.195980401959804019,20000.000000000000000000,10001.000000000000000000,10000.000000000000000000,1.000000000000000000,0.000000000000000000,0.000000000000000000,0.098000000000000000,0.098000000000000000
1.100000000000000000,1.100000000000000000,1.199980001999800019,20000.000000000000000000,10001.000000000000000000,10000.000000000000000000,1.000000000000000000,0.000000000000000000,0.000000000000000000,0.100000000000000000,0.100000000000000000
1.102000000000000000,1.102000000000000000,1.203979602039796020,20000.000000000000000000,10001.000000000000000000,10000.000000000000000000,1.000000000000000000,0.000000000000000000,0.000000000000000000,0.102000000000000000,0.102000000000000000
1.104000000000000000,1.104000000000000000,1.207979202079792020,20000.000000000000000000,10001.000000000000000000,10000.000000000000000000,1.000000000000000000,0.000000000000000000,0.000000000000000000,0.104000000000000000,0.104000000000000000
1.106000000000000000,1.106000000000000000,1.211978802119788021,20000.000000000000000000,10001.000000000000000000,10000.000000000000000000,1.000000000000000000,0.000000000000000000,0.000000000000000000,0.106000000000000000,0.106000000000000000
1.108000000000000000,1.108000000000000000,1.215978402159784021,20000.000000000000000000,10001.000000000000000000,10000.000000000000000000,1.000000000000000000,0.000000000000000000,0.000000000000000000,0.108000000000000000,0.108000000000000000
1.110000000000000000,1.110000000000000000,1.219978002199780022,20000.000000000000000000,10001.000000000000000000,10000.000000000000000000,1.000000000000000000,0.000000000000000000,0.000000000000000000,0.110000000000000000,0.110000000000000000
1.112000000000000000,1.112000000000000000,1.223977602239776022,20000.000000000000000000,10001.000000000000000000,10000.000000000000000000,1.000000000000000000,0.000000000000000000,0.000000000000000000,0.112000000000000000,0.112000000000000000
1.114000000000000000,1.114000000000000000,1.227977202279772022,20000.000000000000000000,10001.000000000000000000,10000.000000000000000000,1.000000000000000000,0.000000000000000000,0.000000000000000000,0.114000000000000000,0.114000000000000000
1.116000000000000000,1.116000000000000000,1.231976802319768023,20000.000000000000000000,10001.000000000000000000,10000.000000000000000000,1.000000000000000000,0.000000000000000000,0.000000000000000000,0.116000000000000000,0.116000000000000000
1.118000000000000000,1.118000000000000000,1.235976402359764023,20000.000000000000000000,10001.000000000000000000,10000.000000000000000000,1.000000000000000000,0.000000000000000000,0.000000000000000000,0.118000000000000000,0.118000000000000000
1.120000000000000000,1.120000000000000000,1.239976002399760024,20000.000000000000000000,10001.000000000000000000,10000.000000000000000000,1.000000000000000000,0.000000000000000000,0.000000000000000000,0.120000000000000000,0.120000000000000000
1.122000000000000000,1.122000000000000000,1.243975602439756024,20000.000000000000000000,10001.000000000000000000,10000.000000000000000000,1.000000000000000000,0.000000000000000000,0.000000000000000000,0.122000000000000000,0.122000000000000000
1.124000000000000000,1.124000000000000000,1.247975202479752024,20000.000000000000000000,10001.000000000000000000,10000.000000000000000000,1.000000000000000000,0.000000000000000000,0.000000000000000000,0.124000000000000000,0.124000000000000000
1.126000000000000000,1.126000000000000000,1.251974802519748025,20000.000000000000000000,10001.000000000000000000,10000.000000000000000000,1.000000000000000000,0.000000000000000000,0.000000000000000000,0.126000000000000000,0.126000000000000000
1.128000000000000000,1.128000000000000000,1.255974402559744025,20000.000000000000000000,10001.000000000000000000,10000.000000000000000000,1.000000000000000000,0.000000000000000000,0.000000000000000000,0.128000000000000000,0.128000000000000000
1.130000000000000000,1.130000000000000000,1.259974002599740026,20000.000000000000000000,10001.000000000000000000,10000.000000000000000000,1.000000000000000000,0.000000000000000000,0.000000000000000000,0.130000000000000000,0.130000000000000000
1.132000000000000000,1.132000000000000000,1.263973602639736026,20000.000000000000000000,10001.000000000000000000,10000.000000000000000000,1.000000000000000000,0.000000000000000000,0.000000000000000000,0.132000000000000000,0.132000000000000000
1.134000000000000000,1.134000000000000000,1.267973202679732026,20000.000000000000000000,10001.000000000000000000,10000.000000000000000000,1.000000000000000000,0.000000000000000000,0.000000000000000000,0.134000000000000000,0.134000000000000000
1.136000000000000000,1.136000000000000000,1.271972802719728027,20000.000000000000000000,10001.000000000000000000,10000.000000000000000000,1.000000000000000000,0.000000000000000000,0.000000000000000000,0.136000000000000000,0.136000000000000000
1.138000000000000000,1.138000000000000000,1.275972402759724027,20000.000000000000000000,10001.000000000000000000,10000.000000000000000000,1.000000000000000000,0.000000000000000000,0.000000000000000000,0.138000000000000000,0.138000000000000000
1.140000000000000000,1.140000000000000000,1.279972002799720028,20000.000000000000000000,10001.000000000000000000,10000.000000000000000000,1.000000000000000000,0.000000000000000000,0.000000000000000000,0.140000000000000000,0.140000000000000000
1.142000000000000000,1.142000000000000000,1.283971602839716028,20000.000000000000000000,10001.000000000000000000,10000.000000000000000000,1.000000000000000000,0.000000000000000000,0.000000000000000000,0.142000000000000000,0.142000000000000000
1.144000000000000000,1.144000000000000000,1.287971202879712028,20000.000000000000000000,10001.000000000000000000,10000.000000000000000000,1.000000000000000000,0.000000000000000000,0.000000000000000000,0.144000000000000000,0.144000000000000000
1.146000000000000000,1.146000000000000000,1.291970802919708029,20000.000000000000000000,10001.000000000000000000,10000.000000000000000000,1.000000000000000000,0.000000000000000000,0.000000000000000000,0.146000000000000000,0.146000000000000000
1.148000000000000000,1.148000000000000000,1.295970402959704029,20000.000000000000000000,10001.000000000000000000,10000.000000000000000000,1.000000000000000000,0.000000000000000000,0.000000000000000000,0.148000000000000000,0.148000000000000000
1.150000000000000000,1.150000000000000000,1.299970002999700030,20000.000000000000000000,10001.000000000000000000,10000.000000000000000000,1.000000000000000000,0.000000000000000000,0.000000000000000000,0.150000000000000000,0.150000000000000000
1.152000000000000000,1.152000000000000000,1.300000000000000000,20000.000000000000000000,10133.333333333333333334,10000.000000000000000000,133.333333333333333334,0.000000000000000000,0.000000000000000000,0.152000000000000000,0.152000000000000000
1.154000000000000000,1.154000000000000000,1.300000000000000000,20000.000000000000000000,10266.666666666666666667,10000.000000000000000000,266.666666666666666667,0.000000000000000000,0.000000000000000000,0.154000000000000000,0.154000000000000000
1.156000000000000000,1.156000000000000000,1.300000000000000000,20000.000000000000000000,10400.000000000000000000,10000.000000000000000000,400.000000000000000000,0.000000000000000000,0.000000000000000000,0.156000000000000000,0.156000000000000000
1.158000000000000000,1.158000000000000000,1.300000000000000000,20000.000000000000000000,10533.333333333333333334,10000.000000000000000000,533.333333333333333334,0.000000000000000000,0.000000000000000000,0.158000000000000000,0.158000000000000000
1.160000000000000000,1.160000000000000000,1.300000000000000000,20000.000000000000000000,10666.666666666666666667,10000.000000000000000000,666.666666666666666667,0.000000000000000000,0.000000000000000000,0.160000000000000000,0.160000000000000000
1.162000000000000000,1.162000000000000000,1.300000000000000000,20000.000000000000000000,10800.000000000000000000,10000.000000000000000000,800.000000000000000000,0.000000000000000000,0.000000000000000000,0.162000000000000000,0.162000000000000000
1.164000000000000000,1.164000000000000000,1.300000000000000000,20000.000000000000000000,10933.333333333333333334,10000.000000000000000000,933.333333333333333334,0.000000000000000000,0.000000000000000000,0.164000000000000000,0.164000000000000000
1.166000000000000000,1.166000000000000000,1.300000000000000000,20000.000000000000000000,11066.666666666666666667,10000.000000000000000000,1066.666666666666666667,0.000000000000000000,0.000000000000000000,0.166000000000000000,0.166000000000000000
1.168000000000000000,1.168000000000000000,1.300000000000000000,20000.000000000000000000,11200.000000000000000000,10000.000000000000000000,1200.000000000000000000,0.000000000000000000,0.000000000000000000,0.168000000000000000,0.168000000000000000
1.170000000000000000,1.170000000000000000,1.300000000000000000,20000.000000000000000000,11333.333333333333333334,10000.000000000000000000,1333.333333333333333334,0.000000000000000000,0.000000000000000000,0.170000000000000000,0.170000000000000000
1.172000000000000000,1.172000000000000000,1.300000000000000000,20000.000000000000000000,11466.666666666666666667,10000.000000000000000000,1466.666666666666666667,0.000000000000000000,0.000000000000000000,0.172000000000000000,0.172000000000000000
1.174000000000000000,1.174000000000000000,1.300000000000000000,20000.000000000000000000,11600.000000000000000000,10000.000000000000000000,1600.000000000000000000,0.000000000000000000,0.000000000000000000,0.174000000000000000,0.174000000000000000
1.176000000000000000,1.176000000000000000,1.300000000000000000,20000.000000000000000000,11733.333333333333333334,10000.000000000000000000,1733.333333333333333334,0.000000000000000000,0.000000000000000000,0.176000000000000000,0.176000000000000000
1.178000000000000000,1.178000000000000000,1.300000000000000000,20000.000000000000000000,11866.666666666666666667,10000.000000000000000000,1866.666666666666666667,0.000000000000000000,0.000000000000000000,0.178000000000000000,0.178000000000000000
1.180000000000000000,1.180000000000000000,1.300000000000000000,20000.000000000000000000,12000.000000000000000000,10000.000000000000000000,2000.000000000000000000,0.000000000000000000,0.000000000000000000,0.180000000000000000,0.180000000000000000
1.182000000000000000,1.182000000000000000,1.300000000000000000,20000.000000000000000000,12133.333333333333333334,10000.000000000000000000,2133.333333333333333334,0.000000000000000000,0.000000000000000000,0.182000000000000000,0.182000000000000000
1.184000000000000000,1.184000000000000000,1.300000000000000000,20000.000000000000000000,12266.666666666666666667,10000.000000000000000000,2266.666666666666666667,0.000000000000000000,0.000000000000000000,0.184000000000000000,0.184000000000000000
1.186000000000000000,1.186000000000000000,1.300000000000000000,20000.000000000000000000,12400.000000000000000000,10000.000000000000000000,2400.000000000000000000,0.000000000000000000,0.000000000000000000,0.186000000000000000,0.186000000000000000
1.188000000000000000,1.188000000000000000,1.300000000000000000,20000.000000000000000000,12533.333333333333333334,10000.000000000000000000,2533.333333333333333334,0.000000000000000000,0.000000000000000000,0.188000000000000000,0.188000000000000000
1.190000000000000000,1.190000000000000000,1.300000000000000000,20000.000000000000000000,12666.666666666666666667,10000.000000000000000000,2666.666666666666666667,0.000000000000000000,0.000000000000000000,0.190000000000000000,0.190000000000000000
1.192000000000000000,1.192000000000000000,1.300000000000000000,20000.000000000000000000,12800.000000000000000000,10000.000000000000000000,2800.000000000000000000,0.000000000000000000,0.000000000000000000,0.192000000000000000,0.192000000000000000
1.194000000000000000,1.194000000000000000,1.300000000000000000,20000.000000000000000000,12933.333333333333333334,10000.000000000000000000,2933.333333333333333334,0.000000000000000000,0.000000000000000000,0.194000000000000000,0.194000000000000000
1.196000000000000000,1.196000000000000000,1.300000000000000000,20000.000000000000000000,13066.666666666666666667,10000.000000000000000000,3066.666666666666666667,0.000000000000000000,0.000000000000000000,0.196000000000000000,0.196000000000000000
1.198000000000000000,1.198000000000000000,1.300000000000000000,20000.000000000000000000,13200.000000000000000000,10000.000000000000000000,3200.000000000000000000,0.000000000000000000,0.000000000000000000,0.198000000000000000,0.198000000000000000
1.200000000000000000,1.200000000000000000,1.300000000000000000,20000.000000000000000000,13333.333333333333333334,10000.000000000000000000,3333.333333333333333334,0.000000000000000000,0.000000000000000000,0.200000000000000000,0.200000000000000000
1.202000000000000000,1.202000000000000000,1.300000000000000000,20000.000000000000000000,13466.666666666666666667,10000.000000000000000000,3466.666666666666666667,0.000000000000000000,0.000000000000000000,0.202000000000000000,0.202000000000000000
1.204000000000000000,1.204000000000000000,1.300000000000000000,20000.000000000000000000,13600.000000000000000000,10000.000000000000000000,3600.000000000000000000,0.000000000000000000,0.000000000000000000,0.204000000000000000,0.204000000000000000
1.206000000000000000,1.206000000000000000,1.300000000000000000,20000.000000000000000000,13733.333333333333333334,10000.000000000000000000,3733.333333333333333334,0.000000000000000000,0.000000000000000000,0.206000000000000000,0.206000000000000000
1.208000000000000000,1.208000000000000000,1.300000000000000000,20000.000000000000000000,13866.666666666666666667,10000.000000000000000000,3866.666666666666666667,0.000000000000000000,0.000000000000000000,0.208000000000000000,0.208000000000000000
1.210000000000000000,1.210000000000000000,1.300000000000000000,20000.000000000000000000,14000.000000000000000000,10000.000000000000000000,4000.000000000000000000,0.000000000000000000,0.000000000000000000,0.210000000000000000,0.210000000000000000
1.212000000000000000,1.212000000000000000,1.300000000000000000,20000.000000000000000000,14133.333333333333333334,10000.000000000000000000,4133.333333333333333334,0.000000000000000000,0.000000000000000000,0.212000000000000000,0.212000000000000000
1.214000000000000000,1.214000000000000000,1.300000000000000000,20000.000000000000000000,14266.666666666666666667,10000.000000000000000000,4266.666666666666666667,0.000000000000000000,0.000000000000000000,0.214000000000000000,0.214000000000000000
1.216000000000000000,1.216000000000000000,1.300000000000000000,20000.000000000000000000,14400.000000000000000000,10000.000000000000000000,4400.000000000000000000,0.000000000000000000,0.000000000000000000,0.216000000000000000,0.216000000000000000
1.218000000000000000,1.218000000000000000,1.300000000000000000,20000.000000000000000000,14533.333333333333333334,10000.000000000000000000,4533.333333333333333334,0.000000000000000000,0.000000000000000000,0.218000000000000000,0.218000000000000000
1.220000000000000000,1.220000000000000000,1.300000000000000000,20000.000000000000000000,14666.666666666666666667,10000.000000000000000000,4666.666666666666666667,0.000000000000000000,0.000000000000000000,0.220000000000000000,0.220000000000000000
1.222000000000000000,1.222000000000000000,1.300000000000000000,20000.000000000000000000,14800.000000000000000000,10000.000000000000000000,4800.000000000000000000,0.000000000000000000,0.000000000000000000,0.222000000000000000,0.222000000000000000
1.224000000000000000,1.224000000000000000,1.300000000000000000,20000.000000000000000000,14933.333333333333333334,10000.000000000000000000,4933.333333333333333334,0.000000000000000000,0.000000000000000000,0.224000000000000000,0.224000000000000000
1.226000000000000000,1.226000000000000000,1.300000000000000000,20000.000000000000000000,15066.666666666666666667,10000.000000000000000000,5066.666666666666666667,0.000000000000000000,0.000000000000000000,0.226000000000000000,0.226000000000000000
1.228000000000000000,1.228000000000000000,1.300000000000000000,20000.000000000000000000,15200.000000000000000000,10000.000000000000000000,5200.000000000000000000,0.000000000000000000,0.000000000000000000,0.228000000000000000,0.228000000000000000
1.230000000000000000,1.230000000000000000,1.300000000000000000,20000.000000000000000000,15333.333333333333333334,10000.000000000000000000,5333.333333333333333334,0.000000000000000000,0.000000000000000000,0.230000000000000000,0.230000000000000000
1.232000000000000000,1.232000000000000000,1.300000000000000000,20000.000000000000000000,15466.666666666666666667,10000.000000000000000000,5466.666666666666666667,0.000000000000000000,0.000000000000000000,0.232000000000000000,0.232000000000000000
1.234000000000000000,1.234000000000000000,1.300000000000000000,20000.000000000000000000,15600.000000000000000000,10000.000000000000000000,5600.000000000000000000,0.000000000000000000,0.000000000000000000,0.234000000000000000,0.234000000000000000
1.236000000000000000,1.236000000000000000,1.300000000000000000,20000.000000000000000000,15733.333333333333333334,10000.000000000000000000,5733.333333333333333334,0.000000000000000000,0.000000000000000000,0.236000000000000000,0.236000000000000000
1.238000000000000000,1.238000000000000000,1.300000000000000000,20000.000000000000000000,15866.666666666666666667,10000.000000000000000000,5866.666666666666666667,0.000000000000000000,0.000000000000000000,0.238000000000000000,0.238000000000000000
1.240000000000000000,1.240000000000000000,1.300000000000000000,20000.000000000000000000,16000.000000000000000000,10000.000000000000000000,6000.000000000000000000,0.000000000000000000,0.000000000000000000,0.240000000000000000,0.240000000000000000
1.242000000000000000,1.242000000000000000,1.300000000000000000,20000.000000000000000000,16133.333333333333333334,10000.000000000000000000,6133.333333333333333334,0.000000000000000000,0.000000000000000000,0.242000000000000000,0.242000000000000000
1.244000000000000000,1.244000000000000000,1.300000000000000000,20000.000000000000000000,16266.666666666666666667,10000.000000000000000000,6266.666666666666666667,0.000000000000000000,0.000000000000000000,0.244000000000000000,0.244000000000000000
1.246000000000000000,1.246000000000000000,1.300000000000000000,20000.000000000000000000,16400.000000000000000000,10000.000000000000000000,6400.000000000000000000,0.000000000000000000,0.000000000000000000,0.246000000000000000,0.246000000000000000
1.248000000000000000,1.248000000000000000,1.300000000000000000,20000.000000000000000000,16533.333333333333333334,10000.000000000000000000,6533.333333333333333334,0.000000000000000000,0.000000000000000000,0.248000000000000000,0.248000000000000000
1.250000000000000000,1.250000000000000000,1.300000000000000000,20000.000000000000000000,16666.666666666666666667,10000.000000000000000000,6666.666666666666666667,0.000000000000000000,0.000000000000000000,0.250000000000000000,0.250000000000000000
1.252000000000000000,1.252000000000000000,1.300000000000000000,20000.000000000000000000,16800.000000000000000000,10000.000000000000000000,6800.000000000000000000,0.000000000000000000,0.000000000000000000,0.252000000000000000,0.252000000000000000
1.254000000000000000,1.254000000000000000,1.300000000000000000,20000.000000000000000000,16933.333333333333333334,10000.000000000000000000,6933.333333333333333334,0.000000000000000000,0.000000000000000000,0.254000000000000000,0.254000000000000000
1.256000000000000000,1.256000000000000000,1.300000000000000000,20000.000000000000000000,17066.666666666666666667,10000.000000000000000000,7066.666666666666666667,0.000000000000000000,0.000000000000000000,0.256000000000000000,0.256000000000000000
1.258000000000000000,1.258000000000000000,1.300000000000000000,20000.000000000000000000,17200.000000000000000000,10000.000000000000000000,7200.000000000000000000,0.000000000000000000,0.000000000000000000,0.258000000000000000,0.258000000000000000
1.260000000000000000,1.260000000000000000,1.300000000000000000,20000.000000000000000000,17333.333333333333333334,10000.000000000000000000,7333.333333333333333334,0.000000000000000000,0.000000000000000000,0.260000000000000000,0.260000000000000000
1.262000000000000000,1.262000000000000000,1.300000000000000000,20000.000000000000000000,17466.666666666666666667,10000.000000000000000000,7466.666666666666666667,0.000000000000000000,0.000000000000000000,0.262000000000000000,0.262000000000000000
1.264000000000000000,1.264000000000000000,1.300000000000000000,20000.000000000000000000,17600.000000000000000000,10000.000000000000000000,7600.000000000000000000,0.000000000000000000,0.000000000000000000,0.264000000000000000,0.264000000000000000
1.266000000000000000,1.266000000000000000,1.300000000000000000,20000.000000000000000000,17733.333333333333333334,10000.000000000000000000,7733.333333333333333334,0.000000000000000000,0.000000000000000000,0.266000000000000000,0.266000000000000000
1.268000000000000000,1.268000000000000000,1.300000000000000000,20000.000000000000000000,17866.666666666666666667,10000.000000000000000000,7866.666666666666666667,0.000000000000000000,0.000000000000000000,0.268000000000000000,0.268000000000000000
1.270000000000000000,1.270000000000000000,1.300000000000000000,20000.000000000000000000,18000.000000000000000000,10000.000000000000000000,8000.000000000000000000,0.000000000000000000,0.000000000000000000,0.270000000000000000,0.270000000000000000
1.272000000000000000,1.272000000000000000,1.300000000000000000,20000.000000000000000000,18133.333333333333333334,10000.000000000000000000,8133.333333333333333334,0.000000000000000000,0.000000000000000000,0.272000000000000000,0.272000000000000000
1.274000000000000000,1.274000000000000000,1.300000000000000000,20000.000000000000000000,18266.666666666666666667,10000.000000000000000000,8266.666666666666666667,0.000000000000000000,0.000000000000000000,0.274000000000000000,0.274000000000000000
1.276000000000000000,1.276000000000000000,1.300000000000000000,20000.000000000000000000,18400.000000000000000000,10000.000000000000000000,8400.000000000000000000,0.000000000000000000,0.000000000000000000,0.276000000000000000,0.276000000000000000
1.278000000000000000,1.278000000000000000,1.300000000000000000,20000.000000000000000000,18533.333333333333333334,10000.000000000000000000,8533.333333333333333334,0.000000000000000000,0.000000000000000000,0.278000000000000000,0.278000000000000000
1.280000000000000000,1.280000000000000000,1.300000000000000000,20000.000000000000000000,18666.666666666666666667,10000.000000000000000000,8666.666666666666666667,0.000000000000000000,0.000000000000000000,0.280000000000000000,0.280000000000000000
1.282000000000000000,1.282000000000000000,1.300000000000000000,20000.000000000000000000,18800.000000000000000000,10000.000000000000000000,8800.000000000000000000,0.000000000000000000,0.000000000000000000,0.282000000000000000,0.282000000000000000
1.284000000000000000,1.284000000000000000,1.300000000000000000,20000.000000000000000000,18933.333333333333333334,10000.000000000000000000,8933.333333333333333334,0.000000000000000000,0.000000000000000000,0.284000000000000000,0.284000000000000000
1.286000000000000000,1.286000000000000000,1.300000000000000000,20000.000000000000000000,19066.666666666666666667,10000.000000000000000000,9066.666666666666666667,0.000000000000000000,0.000000000000000000,0.286000000000000000,0.286000000000000000
1.288000000000000000,1.288000000000000000,1.300000000000000000,20000.000000000000000000,19200.000000000000000000,10000.000000000000000000,9200.000000000000000000,0.000000000000000000,0.000000000000000000,0.288000000000000000,0.288000000000000000
1.290000000000000000,1.290000000000000000,1.300000000000000000,20000.000000000000000000,19333.333333333333333334,10000.000000000000000000,9333.333333333333333334,0.000000000000000000,0.000000000000000000,0.290000000000000000,0.290000000000000000
1.292000000000000000,1.292000000000000000,1.300000000000000000,20000.000000000000000000,19466.666666666666666667,10000.000000000000000000,9466.666666666666666667,0.000000000000000000,0.000000000000000000,0.292000000000000000,0.292000000000000000
1.294000000000000000,1.294000000000000000,1.300000000000000000,20000.000000000000000000,19600.000000000000000000,10000.000000000000000000,9600.000000000000000000,0.000000000000000000,0.000000000000000000,0.294000000000000000,0.294000000000000000
1.296000000000000000,1.296000000000000000,1.300000000000000000,20000.000000000000000000,19733.333333333333333334,10000.000000000000000000,9733.333333333333333334,0.000000000000000000,0.000000000000000000,0.296000000000000000,0.296000000000000000
1.298000000000000000,1.298000000000000000,1.300000000000000000,20000.000000000000000000,19866.666666666666666667,10000.000000000000000000,9866.666666666666666667,0.000000000000000000,0.000000000000000000,0.298000000000000000,0.298000000000000000
1.300000000000000000,1.300000000000000000,1.300000000000000000,20000.000000000000000000,20000.000000000000000000,10000.000000000000000000,10000.000000000000000000,0.000000000000000000,0.000000000000000000,0.300000000000000000,0.300000000000000000
1.302000000000000000,1.302000000000000000,1.302000000000000000,20000.000000000000000000,20000.000000000000000000,10000.000000000000000000,10000.000000000000000000,0.000000000000000000,0.000000000000000000,0.302000000000000000,0.302000000000000000
1.304000000000000000,1.304000000000000000,1.304000000000000000,20000.000000000000000000,20000.000000000000000000,10000.000000000000000000,10000.000000000000000000,0.000000000000000000,0.000000000000000000,0.304000000000000000,0.304000000000000000
1.306000000000000000,1.306000000000000000,1.306000000000000000,20000.000000000000000000,20000.000000000000000000,10000.000000000000000000,10000.000000000000000000,0.000000000000000000,0.000000000000000000,0.306000000000000000,0.306000000000000000
1.308000000000000000,1.308000000000000000,1.308000000000000000,20000.000000000000000000,20000.000000000000000000,10000.000000000000000000,10000.000000000000000000,0.000000000000000000,0.000000000000000000,0.308000000000000000,0.308000000000000000
1.310000000000000000,1.310000000000000000,1.310000000000000000,20000.000000000000000000,20000.000000000000000000,10000.000000000000000000,10000.000000000000000000,0.000000000000000000,0.000000000000000000,0.310000000000000000,0.310000000000000000
1.312000000000000000,1.312000000000000000,1.312000000000000000,20000.000000000000000000,20000.000000000000000000,10000.000000000000000000,10000.000000000000000000,0.000000000000000000,0.000000000000000000,0.312000000000000000,0.312000000000000000
1.314000000000000000,1.314000000000000000,1.314000000000000000,20000.000000000000000000,20000.000000000000000000,10000.000000000000000000,10000.000000000000000000,0.000000000000000000,0.000000000000000000,0.314000000000000000,0.314000000000000000
1.316000000000000000,1.316000000000000000,1.316000000000000000,20000.000000000000000000,20000.000000000000000000,10000.000000000000000000,10000.000000000000000000,0.000000000000000000,0.000000000000000000,0.316000000000000000,0.316000000000000000
1.318000000000000000,1.318000000000000000,1.318000000000000000,20000.000000000000000000,20000.000000000000000000,10000.000000000000000000,10000.000000000000000000,0.000000000000000000,0.000000000000000000,0.318000000000000000,0.318000000000000000
1.320000000000000000,1.320000000000000000,1.320000000000000000,20000.000000000000000000,20000.000000000000000000,10000.000000000000000000,10000.000000000000000000,0.000000000000000000,0.000000000000000000,0.320000000000000000,0.320000000000000000
1.322000000000000000,1.322000000000000000,1.322000000000000000,20000.000000000000000000,20000.000000000000000000,10000.000000000000000000,10000.000000000000000000,0.000000000000000000,0.000000000000000000,0.322000000000000000,0.322000000000000000
1.324000000000000000,1.324000000000000000,1.324000000000000000,20000.000000000000000000,20000.000000000000000000,10000.000000000000000000,10000.000000000000000000,0.000000000000000000,0.000000000000000000,0.324000000000000000,0.324000000000000000
1.326000000000000000,1.326000000000000000,1.326000000000000000,20000.000000000000000000,20000.000000000000000000,10000.000000000000000000,10000.000000000000000000,0.000000000000000000,0.000000000000000000,0.326000000000000000,0.326000000000000000
1.328000000000000000,1.328000000000000000,1.328000000000000000,20000.000000000000000000,20000.000000000000000000,10000.000000000000000000,10000.000000000000000000,0.000000000000000000,0.000000000000000000,0.328000000000000000,0.328000000000000000
1.330000000000000000,1.330000000000000000,1.330000000000000000,20000.000000000000000000,20000.000000000000000000,10000.000000000000000000,10000.000000000000000000,0.000000000000000000,0.000000000000000000,0.330000000000000000,0.330000000000000000
1.332000000000000000,1.332000000000000000,1.332000000000000000,20000.000000000000000000,20000.000000000000000000,10000.000000000000000000,10000.000000000000000000,0.000000000000000000,0.000000000000000000,0.332000000000000000,0.332000000000000000
1.334000000000000000,1.334000000000000000,1.334000000000000000,20000.000000000000000000,20000.000000000000000000,10000.000000000000000000,10000.000000000000000000,0.000000000000000000,0.000000000000000000,0.334000000000000000,0.334000000000000000
1.336000000000000000,1.336000000000000000,1.336000000000000000,20000.000000000000000000,20000.000000000000000000,10000.000000000000000000,10000.000000000000000000,0.000000000000000000,0.000000000000000000,0.336000000000000000,0.336000000000000000
1.338000000000000000,1.338000000000000000,1.338000000000000000,20000.000000000000000000,20000.000000000000000000,10000.000000000000000000,10000.000000000000000000,0.000000000000000000,0.000000000000000000,0.338000000000000000,0.338000000000000000
1.340000000000000000,1.340000000000000000,1.340000000000000000,20000.000000000000000000,20000.000000000000000000,10000.000000000000000000,10000.000000000000000000,0.000000000000000000,0.000000000000000000,0.340000000000000000,0.340000000000000000
1.342000000000000000,1.342000000000000000,1.342000000000000000,20000.000000000000000000,20000.000000000000000000,10000.000000000000000000,10000.000000000000000000,0.000000000000000000,0.000000000000000000,0.342000000000000000,0.342000000000000000
1.344000000000000000,1.344000000000000000,1.344000000000000000,20000.000000000000000000,20000.000000000000000000,10000.000000000000000000,10000.000000000000000000,0.000000000000000000,0.000000000000000000,0.344000000000000000,0.344000000000000000
1.346000000000000000,1.346000000000000000,1.346000000000000000,20000.000000000000000000,20000.000000000000000000,10000.000000000000000000,10000.000000000000000000,0.000000000000000000,0.000000000000000000,0.346000000000000000,0.346000000000000000
1.348000000000000000,1.348000000000000000,1.348000000000000000,20000.000000000000000000,20000.000000000000000000,10000.000000000000000000,10000.000000000000000000,0.000000000000000000,0.000000000000000000,0.348000000000000000,0.348000000000000000
1.350000000000000000,1.350000000000000000,1.350000000000000000,20000.000000000000000000,20000.000000000000000000,10000.000000000000000000,10000.000000000000000000,0.000000000000000000,0.000000000000000000,0.350000000000000000,0.350000000000000000
1.352000000000000000,1.352000000000000000,1.352000000000000000,20000.000000000000000000,20000.000000000000000000,10000.000000000000000000,10000.000000000000000000,0.000000000000000000,0.000000000000000000,0.352000000000000000,0.352000000000000000
1.354000000000000000,1.354000000000000000,1.354000000000000000,20000.000000000000000000,20000.000000000000000000,10000.000000000000000000,10000.000000000000000000,0.000000000000000000,0.000000000000000000,0.354000000000000000,0.354000000000000000
1.356000000000000000,1.356000000000000000,1.356000000000000000,20000.000000000000000000,20000.000000000000000000,10000.000000000000000000,10000.000000000000000000,0.000000000000000000,0.000000000000000000,0.356000000000000000,0.356000000000000000
1.358000000000000000,1.358000000000000000,1.358000000000000000,20000.000000000000000000,20000.000000000000000000,10000.000000000000000000,10000.000000000000000000,0.000000000000000000,0.000000000000000000,0.358000000000000000,0.358000000000000000
1.360000000000000000,1.360000000000000000,1.360000000000000000,20000.000000000000000000,20000.000000000000000000,10000.000000000000000000,10000.000000000000000000,0.000000000000000000,0.000000000000000000,0.360000000000000000,0.360000000000000000
1.362000000000000000,1.362000000000000000,1.362000000000000000,20000.000000000000000000,20000.000000000000000000,10000.000000000000000000,10000.000000000000000000,0.000000000000000000,0.000000000000000000,0.362000000000000000,0.362000000000000000
1.364000000000000000,1.364000000000000000,1.364000000000000000,20000.000000000000000000,20000.000000000000000000,10000.000000000000000000,10000.000000000000000000,0.000000000000000000,0.000000000000000000,0.364000000000000000,0.364000000000000000
1.366000000000000000,1.366000000000000000,1.366000000000000000,20000.000000000000000000,20000.000000000000000000,10000.000000000000000000,10000.000000000000000000,0.000000000000000000,0.000000000000000000,0.366000000000000000,0.366000000000000000
1.368000000000000000,1.368000000000000000,1.368000000000000000,20000.000000000000000000,20000.000000000000000000,10000.000000000000000000,10000.000000000000000000,0.000000000000000000,0.000000000000000000,0.368000000000000000,0.368000000000000000
1.370000000000000000,1.370000000000000000,1.370000000000000000,20000.000000000000000000,20000.000000000000000000,10000.000000000000000000,10000.000000000000000000,0.000000000000000000,0.000000000000000000,0.370000000000000000,0.370000000000000000
1.372000000000000000,1.372000000000000000,1.372000000000000000,20000.000000000000000000,20000.000000000000000000,10000.000000000000000000,10000.000000000000000000,0.000000000000000000,0.000000000000000000,0.372000000000000000,0.372000000000000000
1.374000000000000000,1.374000000000000000,1.374000000000000000,20000.000000000000000000,20000.000000000000000000,10000.000000000000000000,10000.000000000000000000,0.000000000000000000,0.000000000000000000,0.374000000000000000,0.374000000000000000
1.376000000000000000,1.376000000000000000,1.376000000000000000,20000.000000000000000000,20000.000000000000000000,10000.000000000000000000,10000.000000000000000000,0.000000000000000000,0.000000000000000000,0.376000000000000000,0.376000000000000000
1.378000000000000000,1.378000000000000000,1.378000000000000000,20000.000000000000000000,20000.000000000000000000,10000.000000000000000000,10000.000000000000000000,0.000000000000000000,0.000000000000000000,0.378000000000000000,0.378000000000000000
1.380000000000000000,1.380000000000000000,1.380000000000000000,20000.000000000000000000,20000.000000000000000000,10000.000000000000000000,10000.000000000000000000,0.000000000000000000,0.000000000000000000,0.380000000000000000,0.380000000000000000
1.382000000000000000,1.382000000000000000,1.382000000000000000,20000.000000000000000000,20000.000000000000000000,10000.000000000000000000,10000.000000000000000000,0.000000000000000000,0.000000000000000000,0.382000000000000000,0.382000000000000000
1.384000000000000000,1.384000000000000000,1.384000000000000000,20000.000000000000000000,20000.000000000000000000,10000.000000000000000000,10000.000000000000000000,0.000000000000000000,0.000000000000000000,0.384000000000000000,0.384000000000000000
1.386000000000000000,1.386000000000000000,1.386000000000000000,20000.000000000000000000,20000.000000000000000000,10000.000000000000000000,10000.000000000000000000,0.000000000000000000,0.000000000000000000,0.386000000000000000,0.386000000000000000
1.388000000000000000,1.388000000000000000,1.388000000000000000,20000.000000000000000000,20000.000000000000000000,10000.000000000000000000,10000.000000000000000000,0.000000000000000000,0.000000000000000000,0.388000000000000000,0.388000000000000000
1.390000000000000000,1.390000000000000000,1.390000000000000000,20000.000000000000000000,20000.000000000000000000,10000.000000000000000000,10000.000000000000000000,0.000000000000000000,0.000000000000000000,0.390000000000000000,0.390000000000000000
1.392000000000000000,1.392000000000000000,1.392000000000000000,20000.000000000000000000,20000.000000000000000000,10000.000000000000000000,10000.000000000000000000,0.000000000000000000,0.000000000000000000,0.392000000000000000,0.392000000000000000
1.394000000000000000,1.394000000000000000,1.394000000000000000,20000.000000000000000000,20000.000000000000000000,10000.000000000000000000,10000.000000000000000000,0.000000000000000000,0.000000000000000000,0.394000000000000000,0.394000000000000000
1.396000000000000000,1.396000000000000000,1.396000000000000000,20000.000000000000000000,20000.000000000000000000,10000.000000000000000000,10000.000000000000000000,0.000000000000000000,0.000000000000000000,0.396000000000000000,0.396000000000000000
1.398000000000000000,1.398000000000000000,1.398000000000000000,20000.000000000000000000,20000.000000000000000000,10000.000000000000000000,10000.000000000000000000,0.000000000000000000,0.000000000000000000,0.398000000000000000,0.398000000000000000
1.400000000000000000,1.400000000000000000,1.400000000000000000,20000.000000000000000000,20000.000000000000000000,10000.000000000000000000,10000.000000000000000000,0.000000000000000000,0.000000000000000000,0.400000000000000000,0.400000000000000000
1.402000000000000000,1.402000000000000000,1.402000000000000000,20000.000000000000000000,20000.000000000000000000,10000.000000000000000000,10000.000000000000000000,0.000000000000000000,0.000000000000000000,0.402000000000000000,0.402000000000000000
1.404000000000000000,1.404000000000000000,1.404000000000000000,20000.000000000000000000,20000.000000000000000000,10000.000000000000000000,10000.000000000000000000,0.000000000000000000,0.000000000000000000,0.404000000000000000,0.404000000000000000
1.406000000000000000,1.406000000000000000,1.406000000000000000,20000.000000000000000000,20000.000000000000000000,10000.000000000000000000,10000.000000000000000000,0.000000000000000000,0.000000000000000000,0.406000000000000000,0.406000000000000000
1.408000000000000000,1.408000000000000000,1.408000000000000000,20000.000000000000000000,20000.000000000000000000,10000.000000000000000000,10000.000000000000000000,0.000000000000000000,0.000000000000000000,0.408000000000000000,0.408000000000000000
1.410000000000000000,1.410000000000000000,1.410000000000000000,20000.000000000000000000,20000.000000000000000000,10000.000000000000000000,10000.000000000000000000,0.000000000000000000,0.000000000000000000,0.410000000000000000,0.410000000000000000
1.412000000000000000,1.412000000000000000,1.412000000000000000,20000.000000000000000000,20000.000000000000000000,10000.000000000000000000,10000.000000000000000000,0.000000000000000000,0.000000000000000000,0.412000000000000000,0.412000000000000000
1.414000000000000000,1.414000000000000000,1.414000000000000000,20000.000000000000000000,20000.000000000000000000,10000.000000000000000000,10000.000000000000000000,0.000000000000000000,0.000000000000000000,0.414000000000000000,0.414000000000000000
1.416000000000000000,1.416000000000000000,1.416000000000000000,20000.000000000000000000,20000.000000000000000000,10000.000000000000000000,10000.000000000000000000,0.000000000000000000,0.000000000000000000,0.416000000000000000,0.416000000000000000
1.418000000000000000,1.418000000000000000,1.418000000000000000,20000.000000000000000000,20000.000000000000000000,10000.000000000000000000,10000.000000000000000000,0.000000000000000000,0.000000000000000000,0.418000000000000000,0.418000000000000000
1.420000000000000000,1.420000000000000000,1.420000000000000000,20000.000000000000000000,20000.000000000000000000,10000.000000000000000000,10000.000000000000000000,0.000000000000000000,0.000000000000000000,0.420000000000000000,0.420000000000000000
1.422000000000000000,1.422000000000000000,1.422000000000000000,20000.000000000000000000,20000.000000000000000000,10000.000000000000000000,10000.000000000000000000,0.000000000000000000,0.000000000000000000,0.422000000000000000,0.422000000000000000
1.424000000000000000,1.424000000000000000,1.424000000000000000,20000.000000000000000000,20000.000000000000000000,10000.000000000000000000,10000.000000000000000000,0.000000000000000000,0.000000000000000000,0.424000000000000000,0.424000000000000000
1.426000000000000000,1.426000000000000000,1.426000000000000000,20000.000000000000000000,20000.000000000000000000,10000.000000000000000000,10000.000000000000000000,0.000000000000000000,0.000000000000000000,0.426000000000000000,0.426000000000000000
1.428000000000000000,1.428000000000000000,1.428000000000000000,20000.000000000000000000,20000.000000000000000000,10000.000000000000000000,10000.000000000000000000,0.000000000000000000,0.000000000000000000,0.428000000000000000,0.428000000000000000
1.430000000000000000,1.430000000000000000,1.430000000000000000,20000.000000000000000000,20000.000000000000000000,10000.000000000000000000,10000.000000000000000000,0.000000000000000000,0.000000000000000000,0.430000000000000000,0.430000000000000000
1.432000000000000000,1.432000000000000000,1.432000000000000000,20000.000000000000000000,20000.000000000000000000,10000.000000000000000000,10000.000000000000000000,0.000000000000000000,0.000000000000000000,0.432000000000000000,0.432000000000000000
1.434000000000000000,1.434000000000000000,1.434000000000000000,20000.000000000000000000,20000.000000000000000000,10000.000000000000000000,10000.000000000000000000,0.000000000000000000,0.000000000000000000,0.434000000000000000,0.434000000000000000
1.436000000000000000,1.436000000000000000,1.436000000000000000,20000.000000000000000000,20000.000000000000000000,10000.000000000000000000,10000.000000000000000000,0.000000000000000000,0.000000000000000000,0.436000000000000000,0.436000000000000000
1.438000000000000000,1.438000000000000000,1.438000000000000000,20000.000000000000000000,20000.000000000000000000,10000.000000000000000000,10000.000000000000000000,0.000000000000000000,0.000000000000000000,0.438000000000000000,0.438000000000000000
1.440000000000000000,1.440000000000000000,1.440000000000000000,20000.000000000000000000,20000.000000000000000000,10000.000000000000000000,10000.000000000000000000,0.000000000000000000,0.000000000000000000,0.440000000000000000,0.440000000000000000
1.442000000000000000,1.442000000000000000,1.442000000000000000,20000.000000000000000000,20000.000000000000000000,10000.000000000000000000,10000.000000000000000000,0.000000000000000000,0.000000000000000000,0.442000000000000000,0.442000000000000000
1.444000000000000000,1.444000000000000000,1.444000000000000000,20000.000000000000000000,20000.000000000000000000,10000.000000000000000000,10000.000000000000000000,0.000000000000000000,0.000000000000000000,0.444000000000000000,0.444000000000000000
1.446000000000000000,1.446000000000000000,1.446000000000000000,20000.000000000000000000,20000.000000000000000000,10000.000000000000000000,10000.000000000000000000,0.000000000000000000,0.000000000000000000,0.446000000000000000,0.446000000000000000
1.448000000000000000,1.448000000000000000,1.448000000000000000,20000.000000000000000000,20000.000000000000000000,10000.000000000000000000,10000.000000000000000000,0.000000000000000000,0.000000000000000000,0.448000000000000000,0.448000000000000000
1.450000000000000000,1.450000000000000000,1.450000000000000000,20000.000000000000000000,20000.000000000000000000,10000.000000000000000000,10000.000000000000000000,0.000000000000000000,0.000000000000000000,0.450000000000000000,0.450000000000000000
1.452000000000000000,1.452000000000000000,1.452000000000000000,20000.000000000000000000,20000.000000000000000000,10000.000000000000000000,10000.000000000000000000,0.000000000000000000,0.000000000000000000,0.452000000000000000,0.452000000000000000
1.454000000000000000,1.454000000000000000,1.454000000000000000,20000.000000000000000000,20000.000000000000000000,10000.000000000000000000,10000.000000000000000000,0.000000000000000000,0.000000000000000000,0.454000000000000000,0.454000000000000000
1.456000000000000000,1.456000000000000000,1.456000000000000000,20000.000000000000000000,20000.000000000000000000,10000.000000000000000000,10000.000000000000000000,0.000000000000000000,0.000000000000000000,0.456000000000000000,0.456000000000000000
1.458000000000000000,1.458000000000000000,1.458000000000000000,20000.000000000000000000,20000.000000000000000000,10000.000000000000000000,10000.000000000000000000,0.000000000000000000,0.000000000000000000,0.458000000000000000,0.458000000000000000
1.460000000000000000,1.460000000000000000,1.460000000000000000,20000.000000000000000000,20000.000000000000000000,10000.000000000000000000,10000.000000000000000000,0.000000000000000000,0.000000000000000000,0.460000000000000000,0.460000000000000000
1.462000000000000000,1.462000000000000000,1.462000000000000000,20000.000000000000000000,20000.000000000000000000,10000.000000000000000000,10000.000000000000000000,0.000000000000000000,0.000000000000000000,0.462000000000000000,0.462000000000000000
1.464000000000000000,1.464000000000000000,1.464000000000000000,20000.000000000000000000,20000.000000000000000000,10000.000000000000000000,10000.000000000000000000,0.000000000000000000,0.000000000000000000,0.464000000000000000,0.464000000000000000
1.466000000000000000,1.466000000000000000,1.466000000000000000,20000.000000000000000000,20000.000000000000000000,10000.000000000000000000,10000.000000000000000000,0.000000000000000000,0.000000000000000000,0.466000000000000000,0.466000000000000000
1.468000000000000000,1.468000000000000000,1.468000000000000000,20000.000000000000000000,20000.000000000000000000,10000.000000000000000000,10000.000000000000000000,0.000000000000000000,0.000000000000000000,0.468000000000000000,0.468000000000000000
1.470000000000000000,1.470000000000000000,1.470000000000000000,20000.000000000000000000,20000.000000000000000000,10000.000000000000000000,10000.000000000000000000,0.000000000000000000,0.000000000000000000,0.470000000000000000,0.470000000000000000
1.472000000000000000,1.472000000000000000,1.472000000000000000,20000.000000000000000000,20000.000000000000000000,10000.000000000000000000,10000.000000000000000000,0.000000000000000000,0.000000000000000000,0.472000000000000000,0.472000000000000000
1.474000000000000000,1.474000000000000000,1.474000000000000000,20000.000000000000000000,20000.000000000000000000,10000.000000000000000000,10000.000000000000000000,0.000000000000000000,0.000000000000000000,0.474000000000000000,0.474000000000000000
1.476000000000000000,1.476000000000000000,1.476000000000000000,20000.000000000000000000,20000.000000000000000000,10000.000000000000000000,10000.000000000000000000,0.000000000000000000,0.000000000000000000,0.476000000000000000,0.476000000000000000
1.478000000000000000,1.478000000000000000,1.478000000000000000,20000.000000000000000000,20000.000000000000000000,10000.000000000000000000,10000.000000000000000000,0.000000000000000000,0.000000000000000000,0.478000000000000000,0.478000000000000000
1.480000000000000000,1.480000000000000000,1.480000000000000000,20000.000000000000000000,20000.000000000000000000,10000.000000000000000000,10000.000000000000000000,0.000000000000000000,0.000000000000000000,0.480000000000000000,0.480000000000000000
1.482000000000000000,1.482000000000000000,1.482000000000000000,20000.000000000000000000,20000.000000000000000000,10000.000000000000000000,10000.000000000000000000,0.000000000000000000,0.000000000000000000,0.482000000000000000,0.482000000000000000
1.484000000000000000,1.484000000000000000,1.484000000000000000,20000.000000000000000000,20000.000000000000000000,10000.000000000000000000,10000.000000000000000000,0.000000000000000000,0.000000000000000000,0.484000000000000000,0.484000000000000000
1.486000000000000000,1.486000000000000000,1.486000000000000000,20000.000000000000000000,20000.000000000000000000,10000.000000000000000000,10000.000000000000000000,0.000000000000000000,0.000000000000000000,0.486000000000000000,0.486000000000000000
1.488000000000000000,1.488000000000000000,1.488000000000000000,20000.000000000000000000,20000.000000000000000000,10000.000000000000000000,10000.000000000000000000,0.000000000000000000,0.000000000000000000,0.488000000000000000,0.488000000000000000
1.490000000000000000,1.490000000000000000,1.490000000000000000,20000.000000000000000000,20000.000000000000000000,10000.000000000000000000,10000.000000000000000000,0.000000000000000000,0.000000000000000000,0.490000000000000000,0.490000000000000000
1.492000000000000000,1.492000000000000000,1.492000000000000000,20000.000000000000000000,20000.000000000000000000,10000.000000000000000000,10000.000000000000000000,0.000000000000000000,0.000000000000000000,0.492000000000000000,0.492000000000000000
1.494000000000000000,1.494000000000000000,1.494000000000000000,20000.000000000000000000,20000.000000000000000000,10000.000000000000000000,10000.000000000000000000,0.000000000000000000,0.000000000000000000,0.494000000000000000,0.494000000000000000
1.496000000000000000,1.496000000000000000,1.496000000000000000,20000.000000000000000000,20000.000000000000000000,10000.000000000000000000,10000.000000000000000000,0.000000000000000000,0.000000000000000000,0.496000000000000000,0.496000000000000000
1.498000000000000000,1.498000000000000000,1.498000000000000000,20000.000000000000000000,20000.000000000000000000,10000.000000000000000000,10000.000000000000000000,0.000000000000000000,0.000000000000000000,0.498000000000000000,0.498000000000000000
1.500000000000000000,1.500000000000000000,1.500000000000000000,20000.000000000000000000,20000.000000000000000000,10000.000000000000000000,10000.000000000000000000,0.000000000000000000,0.000000000000000000,0.500000000000000000,0.500000000000000000
1.502000000000000000,1.502000000000000000,1.502000000000000000,20000.000000000000000000,20000.000000000000000000,10000.000000000000000000,10000.000000000000000000,0.000000000000000000,0.000000000000000000,0.502000000000000000,0.502000000000000000
1.504000000000000000,1.504000000000000000,1.504000000000000000,20000.000000000000000000,20000.000000000000000000,10000.000000000000000000,10000.000000000000000000,0.000000000000000000,0.000000000000000000,0.504000000000000000,0.504000000000000000
1.506000000000000000,1.506000000000000000,1.506000000000000000,20000.000000000000000000,20000.000000000000000000,10000.000000000000000000,10000.000000000000000000,0.000000000000000000,0.000000000000000000,0.506000000000000000,0.506000000000000000
1.508000000000000000,1.508000000000000000,1.508000000000000000,20000.000000000000000000,20000.000000000000000000,10000.000000000000000000,10000.000000000000000000,0.000000000000000000,0.000000000000000000,0.508000000000000000,0.508000000000000000
1.510000000000000000,1.510000000000000000,1.510000000000000000,20000.000000000000000000,20000.000000000000000000,10000.000000000000000000,10000.000000000000000000,0.000000000000000000,0.000000000000000000,0.510000000000000000,0.510000000000000000
1.512000000000000000,1.512000000000000000,1.512000000000000000,20000.000000000000000000,20000.000000000000000000,10000.000000000000000000,10000.000000000000000000,0.000000000000000000,0.000000000000000000,0.512000000000000000,0.512000000000000000
1.514000000000000000,1.514000000000000000,1.514000000000000000,20000.000000000000000000,20000.000000000000000000,10000.000000000000000000,10000.000000000000000000,0.000000000000000000,0.000000000000000000,0.514000000000000000,0.514000000000000000
1.516000000000000000,1.516000000000000000,1.516000000000000000,20000.000000000000000000,20000.000000000000000000,10000.000000000000000000,10000.000000000000000000,0.000000000000000000,0.000000000000000000,0.516000000000000000,0.516000000000000000
1.518000000000000000,1.518000000000000000,1.518000000000000000,20000.000000000000000000,20000.000000000000000000,10000.000000000000000000,10000.000000000000000000,0.000000000000000000,0.000000000000000000,0.518000000000000000,0.518000000000000000
1.520000000000000000,1.520000000000000000,1.520000000000000000,20000.000000000000000000,20000.000000000000000000,10000.000000000000000000,10000.000000000000000000,0.000000000000000000,0.000000000000000000,0.520000000000000000,0.520000000000000000
1.522000000000000000,1.522000000000000000,1.522000000000000000,20000.000000000000000000,20000.000000000000000000,10000.000000000000000000,10000.000000000000000000,0.000000000000000000,0.000000000000000000,0.522000000000000000,0.522000000000000000
1.524000000000000000,1.524000000000000000,1.524000000000000000,20000.000000000000000000,20000.000000000000000000,10000.000000000000000000,10000.000000000000000000,0.000000000000000000,0.000000000000000000,0.524000000000000000,0.524000000000000000
1.526000000000000000,1.526000000000000000,1.526000000000000000,20000.000000000000000000,20000.000000000000000000,10000.000000000000000000,10000.000000000000000000,0.000000000000000000,0.000000000000000000,0.526000000000000000,0.526000000000000000
1.528000000000000000,1.528000000000000000,1.528000000000000000,20000.000000000000000000,20000.000000000000000000,10000.000000000000000000,10000.000000000000000000,0.000000000000000000,0.000000000000000000,0.528000000000000000,0.528000000000000000
1.530000000000000000,1.530000000000000000,1.530000000000000000,20000.000000000000000000,20000.000000000000000000,10000.000000000000000000,10000.000000000000000000,0.000000000000000000,0.000000000000000000,0.530000000000000000,0.530000000000000000
1.532000000000000000,1.532000000000000000,1.532000000000000000,20000.000000000000000000,20000.000000000000000000,10000.000000000000000000,10000.000000000000000000,0.000000000000000000,0.000000000000000000,0.532000000000000000,0.532000000000000000
1.534000000000000000,1.534000000000000000,1.534000000000000000,20000.000000000000000000,20000.000000000000000000,10000.000000000000000000,10000.000000000000000000,0.000000000000000000,0.000000000000000000,0.534000000000000000,0.534000000000000000
1.536000000000000000,1.536000000000000000,1.536000000000000000,20000.000000000000000000,20000.000000000000000000,10000.000000000000000000,10000.000000000000000000,0.000000000000000000,0.000000000000000000,0.536000000000000000,0.536000000000000000
1.538000000000000000,1.538000000000000000,1.538000000000000000,20000.000000000000000000,20000.000000000000000000,10000.000000000000000000,10000.000000000000000000,0.000000000000000000,0.000000000000000000,0.538000000000000000,0.538000000000000000
1.540000000000000000,1.540000000000000000,1.540000000000000000,20000.000000000000000000,20000.000000000000000000,10000.000000000000000000,10000.000000000000000000,0.000000000000000000,0.000000000000000000,0.540000000000000000,0.540000000000000000
1.542000000000000000,1.542000000000000000,1.542000000000000000,20000.000000000000000000,20000.000000000000000000,10000.000000000000000000,10000.000000000000000000,0.000000000000000000,0.000000000000000000,0.542000000000000000,0.542000000000000000
1.544000000000000000,1.544000000000000000,1.544000000000000000,20000.000000000000000000,20000.000000000000000000,10000.000000000000000000,10000.000000000000000000,0.000000000000000000,0.000000000000000000,0.544000000000000000,0.544000000000000000
1.546000000000000000,1.546000000000000000,1.546000000000000000,20000.000000000000000000,20000.000000000000000000,10000.000000000000000000,10000.000000000000000000,0.000000000000000000,0.000000000000000000,0.546000000000000000,0.546000000000000000
1.548000000000000000,1.548000000000000000,1.548000000000000000,20000.000000000000000000,20000.000000000000000000,10000.000000000000000000,10000.000000000000000000,0.000000000000000000,0.000000000000000000,0.548000000000000000,0.548000000000000000
1.550000000000000000,1.550000000000000000,1.550000000000000000,20000.000000000000000000,20000.000000000000000000,10000.000000000000000000,10000.000000000000000000,0.000000000000000000,0.000000000000000000,0.550000000000000000,0.550000000000000000
1.552000000000000000,1.552000000000000000,1.552000000000000000,20000.000000000000000000,20000.000000000000000000,10000.000000000000000000,10000.000000000000000000,0.000000000000000000,0.000000000000000000,0.552000000000000000,0.552000000000000000
1.554000000000000000,1.554000000000000000,1.554000000000000000,20000.000000000000000000,20000.000000000000000000,10000.000000000000000000,10000.000000000000000000,0.000000000000000000,0.000000000000000000,0.554000000000000000,0.554000000000000000
1.556000000000000000,1.556000000000000000,1.556000000000000000,20000.000000000000000000,20000.000000000000000000,10000.000000000000000000,10000.000000000000000000,0.000000000000000000,0.000000000000000000,0.556000000000000000,0.556000000000000000
1.558000000000000000,1.558000000000000000,1.558000000000000000,20000.000000000000000000,20000.000000000000000000,10000.000000000000000000,10000.000000000000000000,0.000000000000000000,0.000000000000000000,0.558000000000000000,0.558000000000000000
1.560000000000000000,1.560000000000000000,1.560000000000000000,20000.000000000000000000,20000.000000000000000000,10000.000000000000000000,10000.000000000000000000,0.000000000000000000,0.000000000000000000,0.560000000000000000,0.560000000000000000
1.562000000000000000,1.562000000000000000,1.562000000000000000,20000.000000000000000000,20000.000000000000000000,10000.000000000000000000,10000.000000000000000000,0.000000000000000000,0.000000000000000000,0.562000000000000000,0.562000000000000000
1.564000000000000000,1.564000000000000000,1.564000000000000000,20000.000000000000000000,20000.000000000000000000,10000.000000000000000000,10000.000000000000000000,0.000000000000000000,0.000000000000000000,0.564000000000000000,0.564000000000000000
1.566000000000000000,1.566000000000000000,1.566000000000000000,20000.000000000000000000,20000.000000000000000000,10000.000000000000000000,10000.000000000000000000,0.000000000000000000,0.000000000000000000,0.566000000000000000,0.566000000000000000
1.568000000000000000,1.568000000000000000,1.568000000000000000,20000.000000000000000000,20000.000000000000000000,10000.000000000000000000,10000.000000000000000000,0.000000000000000000,0.000000000000000000,0.568000000000000000,0.568000000000000000
1.570000000000000000,1.570000000000000000,1.570000000000000000,20000.000000000000000000,20000.000000000000000000,10000.000000000000000000,10000.000000000000000000,0.000000000000000000,0.000000000000000000,0.570000000000000000,0.570000000000000000
1.572000000000000000,1.572000000000000000,1.572000000000000000,20000.000000000000000000,20000.000000000000000000,10000.000000000000000000,10000.000000000000000000,0.000000000000000000,0.000000000000000000,0.572000000000000000,0.572000000000000000
1.574000000000000000,1.574000000000000000,1.574000000000000000,20000.000000000000000000,20000.000000000000000000,10000.000000000000000000,10000.000000000000000000,0.000000000000000000,0.000000000000000000,0.574000000000000000,0.574000000000000000
1.576000000000000000,1.576000000000000000,1.576000000000000000,20000.000000000000000000,20000.000000000000000000,10000.000000000000000000,10000.000000000000000000,0.000000000000000000,0.000000000000000000,0.576000000000000000,0.576000000000000000
1.578000000000000000,1.578000000000000000,1.578000000000000000,20000.000000000000000000,20000.000000000000000000,10000.000000000000000000,10000.000000000000000000,0.000000000000000000,0.000000000000000000,0.578000000000000000,0.578000000000000000
1.580000000000000000,1.580000000000000000,1.580000000000000000,20000.000000000000000000,20000.000000000000000000,10000.000000000000000000,10000.000000000000000000,0.000000000000000000,0.000000000000000000,0.580000000000000000,0.580000000000000000
1.582000000000000000,1.582000000000000000,1.582000000000000000,20000.000000000000000000,20000.000000000000000000,10000.000000000000000000,10000.000000000000000000,0.000000000000000000,0.000000000000000000,0.582000000000000000,0.582000000000000000
1.584000000000000000,1.584000000000000000,1.584000000000000000,20000.000000000000000000,20000.000000000000000000,10000.000000000000000000,10000.000000000000000000,0.000000000000000000,0.000000000000000000,0.584000000000000000,0.584000000000000000
1.586000000000000000,1.586000000000000000,1.586000000000000000,20000.000000000000000000,20000.000000000000000000,10000.000000000000000000,10000.000000000000000000,0.000000000000000000,0.000000000000000000,0.586000000000000000,0.586000000000000000
1.588000000000000000,1.588000000000000000,1.588000000000000000,20000.000000000000000000,20000.000000000000000000,10000.000000000000000000,10000.000000000000000000,0.000000000000000000,0.000000000000000000,0.588000000000000000,0.588000000000000000
1.590000000000000000,1.590000000000000000,1.590000000000000000,20000.000000000000000000,20000.000000000000000000,10000.000000000000000000,10000.000000000000000000,0.000000000000000000,0.000000000000000000,0.590000000000000000,0.590000000000000000
1.592000000000000000,1.592000000000000000,1.592000000000000000,20000.000000000000000000,20000.000000000000000000,10000.000000000000000000,10000.000000000000000000,0.000000000000000000,0.000000000000000000,0.592000000000000000,0.592000000000000000
1.594000000000000000,1.594000000000000000,1.594000000000000000,20000.000000000000000000,20000.000000000000000000,10000.000000000000000000,10000.000000000000000000,0.000000000000000000,0.000000000000000000,0.594000000000000000,0.594000000000000000
1.596000000000000000,1.596000000000000000,1.596000000000000000,20000.000000000000000000,20000.000000000000000000,10000.000000000000000000,10000.000000000000000000,0.000000000000000000,0.000000000000000000,0.596000000000000000,0.596000000000000000
1.598000000000000000,1.598000000000000000,1.598000000000000000,20000.000000000000000000,20000.000000000000000000,10000.000000000000000000,10000.000000000000000000,0.000000000000000000,0.000000000000000000,0.598000000000000000,0.598000000000000000
1.600000000000000000,1.600000000000000000,1.600000000000000000,20000.000000000000000000,20000.000000000000000000,10000.000000000000000000,10000.000000000000000000,0.000000000000000000,0.000000000000000000,0.600000000000000000,0.600000000000000000
