current CR,before CR,after CR,before minter pegged,after minter pegged,before SPCollateral pegged,after SPCollateral pegged,before SPLeveraged pegged,after SPLeveraged pegged,before leveraged price,after leveraged price
0.002000000000000000,0.002000000000000000,1.300000000000000000,20000.000000000000000000,30.769230769230769230,0.000000000000000000,0.000000000000000000,20000.000000000000000000,30.769230769230769230,0.000000000000000000,0.000230769230769230
0.004000000000000000,0.004000000000000000,1.300000000000000000,20000.000000000000000000,61.538461538461538461,0.000000000000000000,0.000000000000000000,20000.000000000000000000,61.538461538461538461,0.000000000000000000,0.000461538461538461
0.006000000000000000,0.006000000000000000,1.300000000000000000,20000.000000000000000000,92.307692307692307692,0.000000000000000000,0.000000000000000000,20000.000000000000000000,92.307692307692307692,0.000000000000000000,0.000692307692307692
0.008000000000000000,0.008000000000000000,1.300000000000000000,20000.000000000000000000,123.076923076923076923,0.000000000000000000,0.000000000000000000,20000.000000000000000000,123.076923076923076923,0.000000000000000000,0.000923076923076923
0.010000000000000000,0.010000000000000000,1.300000000000000000,20000.000000000000000000,153.846153846153846153,0.000000000000000000,0.000000000000000000,20000.000000000000000000,153.846153846153846153,0.000000000000000000,0.001153846153846153
0.012000000000000000,0.012000000000000000,1.300000000000000000,20000.000000000000000000,184.615384615384615384,0.000000000000000000,0.000000000000000000,20000.000000000000000000,184.615384615384615384,0.000000000000000000,0.001384615384615384
0.014000000000000000,0.014000000000000000,1.300000000000000000,20000.000000000000000000,215.384615384615384615,0.000000000000000000,0.000000000000000000,20000.000000000000000000,215.384615384615384615,0.000000000000000000,0.001615384615384615
0.016000000000000000,0.016000000000000000,1.300000000000000000,20000.000000000000000000,246.153846153846153846,0.000000000000000000,0.000000000000000000,20000.000000000000000000,246.153846153846153846,0.000000000000000000,0.001846153846153846
0.018000000000000000,0.018000000000000000,1.300000000000000000,20000.000000000000000000,276.923076923076923076,0.000000000000000000,0.000000000000000000,20000.000000000000000000,276.923076923076923076,0.000000000000000000,0.002076923076923076
0.020000000000000000,0.020000000000000000,1.300000000000000000,20000.000000000000000000,307.692307692307692307,0.000000000000000000,0.000000000000000000,20000.000000000000000000,307.692307692307692307,0.000000000000000000,0.002307692307692307
0.022000000000000000,0.022000000000000000,1.300000000000000000,20000.000000000000000000,338.461538461538461538,0.000000000000000000,0.000000000000000000,20000.000000000000000000,338.461538461538461538,0.000000000000000000,0.002538461538461538
0.024000000000000000,0.024000000000000000,1.300000000000000000,20000.000000000000000000,369.230769230769230769,0.000000000000000000,0.000000000000000000,20000.000000000000000000,369.230769230769230769,0.000000000000000000,0.002769230769230769
0.026000000000000000,0.026000000000000000,1.300000000000000000,20000.000000000000000000,400.000000000000000000,0.000000000000000000,0.000000000000000000,20000.000000000000000000,400.000000000000000000,0.000000000000000000,0.003000000000000000
0.028000000000000000,0.028000000000000000,1.300000000000000000,20000.000000000000000000,430.769230769230769230,0.000000000000000000,0.000000000000000000,20000.000000000000000000,430.769230769230769230,0.000000000000000000,0.003230769230769230
0.030000000000000000,0.030000000000000000,1.300000000000000000,20000.000000000000000000,461.538461538461538461,0.000000000000000000,0.000000000000000000,20000.000000000000000000,461.538461538461538461,0.000000000000000000,0.003461538461538461
0.032000000000000000,0.032000000000000000,1.300000000000000000,20000.000000000000000000,492.307692307692307692,0.000000000000000000,0.000000000000000000,20000.000000000000000000,492.307692307692307692,0.000000000000000000,0.003692307692307692
0.034000000000000000,0.034000000000000000,1.300000000000000000,20000.000000000000000000,523.076923076923076923,0.000000000000000000,0.000000000000000000,20000.000000000000000000,523.076923076923076923,0.000000000000000000,0.003923076923076923
0.036000000000000000,0.036000000000000000,1.300000000000000000,20000.000000000000000000,553.846153846153846153,0.000000000000000000,0.000000000000000000,20000.000000000000000000,553.846153846153846153,0.000000000000000000,0.004153846153846153
0.038000000000000000,0.038000000000000000,1.300000000000000000,20000.000000000000000000,584.615384615384615384,0.000000000000000000,0.000000000000000000,20000.000000000000000000,584.615384615384615384,0.000000000000000000,0.004384615384615384
0.040000000000000000,0.040000000000000000,1.300000000000000000,20000.000000000000000000,615.384615384615384615,0.000000000000000000,0.000000000000000000,20000.000000000000000000,615.384615384615384615,0.000000000000000000,0.004615384615384615
0.042000000000000000,0.042000000000000000,1.300000000000000000,20000.000000000000000000,646.153846153846153846,0.000000000000000000,0.000000000000000000,20000.000000000000000000,646.153846153846153846,0.000000000000000000,0.004846153846153846
0.044000000000000000,0.044000000000000000,1.300000000000000000,20000.000000000000000000,676.923076923076923076,0.000000000000000000,0.000000000000000000,20000.000000000000000000,676.923076923076923076,0.000000000000000000,0.005076923076923076
0.046000000000000000,0.046000000000000000,1.300000000000000000,20000.000000000000000000,707.692307692307692307,0.000000000000000000,0.000000000000000000,20000.000000000000000000,707.692307692307692307,0.000000000000000000,0.005307692307692307
0.048000000000000000,0.048000000000000000,1.300000000000000000,20000.000000000000000000,738.461538461538461538,0.000000000000000000,0.000000000000000000,20000.000000000000000000,738.461538461538461538,0.000000000000000000,0.005538461538461538
0.050000000000000000,0.050000000000000000,1.300000000000000000,20000.000000000000000000,769.230769230769230769,0.000000000000000000,0.000000000000000000,20000.000000000000000000,769.230769230769230769,0.000000000000000000,0.005769230769230769
0.052000000000000000,0.052000000000000000,1.300000000000000000,20000.000000000000000000,800.000000000000000000,0.000000000000000000,0.000000000000000000,20000.000000000000000000,800.000000000000000000,0.000000000000000000,0.006000000000000000
0.054000000000000000,0.054000000000000000,1.300000000000000000,20000.000000000000000000,830.769230769230769230,0.000000000000000000,0.000000000000000000,20000.000000000000000000,830.769230769230769230,0.000000000000000000,0.006230769230769230
0.056000000000000000,0.056000000000000000,1.300000000000000000,20000.000000000000000000,861.538461538461538461,0.000000000000000000,0.000000000000000000,20000.000000000000000000,861.538461538461538461,0.000000000000000000,0.006461538461538461
0.058000000000000000,0.058000000000000000,1.300000000000000000,20000.000000000000000000,892.307692307692307692,0.000000000000000000,0.000000000000000000,20000.000000000000000000,892.307692307692307692,0.000000000000000000,0.006692307692307692
0.060000000000000000,0.060000000000000000,1.300000000000000000,20000.000000000000000000,923.076923076923076923,0.000000000000000000,0.000000000000000000,20000.000000000000000000,923.076923076923076923,0.000000000000000000,0.006923076923076923
0.062000000000000000,0.062000000000000000,1.300000000000000000,20000.000000000000000000,953.846153846153846153,0.000000000000000000,0.000000000000000000,20000.000000000000000000,953.846153846153846153,0.000000000000000000,0.007153846153846153
0.064000000000000000,0.064000000000000000,1.300000000000000000,20000.000000000000000000,984.615384615384615384,0.000000000000000000,0.000000000000000000,20000.000000000000000000,984.615384615384615384,0.000000000000000000,0.007384615384615384
0.066000000000000000,0.066000000000000000,1.300000000000000000,20000.000000000000000000,1015.384615384615384615,0.000000000000000000,0.000000000000000000,20000.000000000000000000,1015.384615384615384615,0.000000000000000000,0.007615384615384615
0.068000000000000000,0.068000000000000000,1.300000000000000000,20000.000000000000000000,1046.153846153846153846,0.000000000000000000,0.000000000000000000,20000.000000000000000000,1046.153846153846153846,0.000000000000000000,0.007846153846153846
0.070000000000000000,0.070000000000000000,1.300000000000000000,20000.000000000000000000,1076.923076923076923076,0.000000000000000000,0.000000000000000000,20000.000000000000000000,1076.923076923076923076,0.000000000000000000,0.008076923076923076
0.072000000000000000,0.072000000000000000,1.300000000000000000,20000.000000000000000000,1107.692307692307692307,0.000000000000000000,0.000000000000000000,20000.000000000000000000,1107.692307692307692307,0.000000000000000000,0.008307692307692307
0.074000000000000000,0.074000000000000000,1.300000000000000000,20000.000000000000000000,1138.461538461538461538,0.000000000000000000,0.000000000000000000,20000.000000000000000000,1138.461538461538461538,0.000000000000000000,0.008538461538461538
0.076000000000000000,0.076000000000000000,1.300000000000000000,20000.000000000000000000,1169.230769230769230769,0.000000000000000000,0.000000000000000000,20000.000000000000000000,1169.230769230769230769,0.000000000000000000,0.008769230769230769
0.078000000000000000,0.078000000000000000,1.300000000000000000,20000.000000000000000000,1200.000000000000000000,0.000000000000000000,0.000000000000000000,20000.000000000000000000,1200.000000000000000000,0.000000000000000000,0.009000000000000000
0.080000000000000000,0.080000000000000000,1.300000000000000000,20000.000000000000000000,1230.769230769230769230,0.000000000000000000,0.000000000000000000,20000.000000000000000000,1230.769230769230769230,0.000000000000000000,0.009230769230769230
0.082000000000000000,0.082000000000000000,1.300000000000000000,20000.000000000000000000,1261.538461538461538461,0.000000000000000000,0.000000000000000000,20000.000000000000000000,1261.538461538461538461,0.000000000000000000,0.009461538461538461
0.084000000000000000,0.084000000000000000,1.300000000000000000,20000.000000000000000000,1292.307692307692307692,0.000000000000000000,0.000000000000000000,20000.000000000000000000,1292.307692307692307692,0.000000000000000000,0.009692307692307692
0.086000000000000000,0.086000000000000000,1.300000000000000000,20000.000000000000000000,1323.076923076923076923,0.000000000000000000,0.000000000000000000,20000.000000000000000000,1323.076923076923076923,0.000000000000000000,0.009923076923076923
0.088000000000000000,0.088000000000000000,1.300000000000000000,20000.000000000000000000,1353.846153846153846153,0.000000000000000000,0.000000000000000000,20000.000000000000000000,1353.846153846153846153,0.000000000000000000,0.010153846153846153
0.090000000000000000,0.090000000000000000,1.300000000000000000,20000.000000000000000000,1384.615384615384615384,0.000000000000000000,0.000000000000000000,20000.000000000000000000,1384.615384615384615384,0.000000000000000000,0.010384615384615384
0.092000000000000000,0.092000000000000000,1.300000000000000000,20000.000000000000000000,1415.384615384615384615,0.000000000000000000,0.000000000000000000,20000.000000000000000000,1415.384615384615384615,0.000000000000000000,0.010615384615384615
0.094000000000000000,0.094000000000000000,1.300000000000000000,20000.000000000000000000,1446.153846153846153846,0.000000000000000000,0.000000000000000000,20000.000000000000000000,1446.153846153846153846,0.000000000000000000,0.010846153846153846
0.096000000000000000,0.096000000000000000,1.300000000000000000,20000.000000000000000000,1476.923076923076923076,0.000000000000000000,0.000000000000000000,20000.000000000000000000,1476.923076923076923076,0.000000000000000000,0.011076923076923076
0.098000000000000000,0.098000000000000000,1.300000000000000000,20000.000000000000000000,1507.692307692307692307,0.000000000000000000,0.000000000000000000,20000.000000000000000000,1507.692307692307692307,0.000000000000000000,0.011307692307692307
0.100000000000000000,0.100000000000000000,1.300000000000000000,20000.000000000000000000,1538.461538461538461538,0.000000000000000000,0.000000000000000000,20000.000000000000000000,1538.461538461538461538,0.000000000000000000,0.011538461538461538
0.102000000000000000,0.102000000000000000,1.300000000000000000,20000.000000000000000000,1569.230769230769230769,0.000000000000000000,0.000000000000000000,20000.000000000000000000,1569.230769230769230769,0.000000000000000000,0.011769230769230769
0.104000000000000000,0.104000000000000000,1.300000000000000000,20000.000000000000000000,1600.000000000000000000,0.000000000000000000,0.000000000000000000,20000.000000000000000000,1600.000000000000000000,0.000000000000000000,0.012000000000000000
0.106000000000000000,0.106000000000000000,1.300000000000000000,20000.000000000000000000,1630.769230769230769230,0.000000000000000000,0.000000000000000000,20000.000000000000000000,1630.769230769230769230,0.000000000000000000,0.012230769230769230
0.108000000000000000,0.108000000000000000,1.300000000000000000,20000.000000000000000000,1661.538461538461538461,0.000000000000000000,0.000000000000000000,20000.000000000000000000,1661.538461538461538461,0.000000000000000000,0.012461538461538461
0.110000000000000000,0.110000000000000000,1.300000000000000000,20000.000000000000000000,1692.307692307692307692,0.000000000000000000,0.000000000000000000,20000.000000000000000000,1692.307692307692307692,0.000000000000000000,0.012692307692307692
0.112000000000000000,0.112000000000000000,1.300000000000000000,20000.000000000000000000,1723.076923076923076923,0.000000000000000000,0.000000000000000000,20000.000000000000000000,1723.076923076923076923,0.000000000000000000,0.012923076923076923
0.114000000000000000,0.114000000000000000,1.300000000000000000,20000.000000000000000000,1753.846153846153846153,0.000000000000000000,0.000000000000000000,20000.000000000000000000,1753.846153846153846153,0.000000000000000000,0.013153846153846153
0.116000000000000000,0.116000000000000000,1.300000000000000000,20000.000000000000000000,1784.615384615384615384,0.000000000000000000,0.000000000000000000,20000.000000000000000000,1784.615384615384615384,0.000000000000000000,0.013384615384615384
0.118000000000000000,0.118000000000000000,1.300000000000000000,20000.000000000000000000,1815.384615384615384615,0.000000000000000000,0.000000000000000000,20000.000000000000000000,1815.384615384615384615,0.000000000000000000,0.013615384615384615
0.120000000000000000,0.120000000000000000,1.300000000000000000,20000.000000000000000000,1846.153846153846153846,0.000000000000000000,0.000000000000000000,20000.000000000000000000,1846.153846153846153846,0.000000000000000000,0.013846153846153846
0.122000000000000000,0.122000000000000000,1.300000000000000000,20000.000000000000000000,1876.923076923076923076,0.000000000000000000,0.000000000000000000,20000.000000000000000000,1876.923076923076923076,0.000000000000000000,0.014076923076923076
0.124000000000000000,0.124000000000000000,1.300000000000000000,20000.000000000000000000,1907.692307692307692307,0.000000000000000000,0.000000000000000000,20000.000000000000000000,1907.692307692307692307,0.000000000000000000,0.014307692307692307
0.126000000000000000,0.126000000000000000,1.300000000000000000,20000.000000000000000000,1938.461538461538461538,0.000000000000000000,0.000000000000000000,20000.000000000000000000,1938.461538461538461538,0.000000000000000000,0.014538461538461538
0.128000000000000000,0.128000000000000000,1.300000000000000000,20000.000000000000000000,1969.230769230769230769,0.000000000000000000,0.000000000000000000,20000.000000000000000000,1969.230769230769230769,0.000000000000000000,0.014769230769230769
0.130000000000000000,0.130000000000000000,1.300000000000000000,20000.000000000000000000,2000.000000000000000000,0.000000000000000000,0.000000000000000000,20000.000000000000000000,2000.000000000000000000,0.000000000000000000,0.015000000000000000
0.132000000000000000,0.132000000000000000,1.300000000000000000,20000.000000000000000000,2030.769230769230769230,0.000000000000000000,0.000000000000000000,20000.000000000000000000,2030.769230769230769230,0.000000000000000000,0.015230769230769230
0.134000000000000000,0.134000000000000000,1.300000000000000000,20000.000000000000000000,2061.538461538461538461,0.000000000000000000,0.000000000000000000,20000.000000000000000000,2061.538461538461538461,0.000000000000000000,0.015461538461538461
0.136000000000000000,0.136000000000000000,1.300000000000000000,20000.000000000000000000,2092.307692307692307692,0.000000000000000000,0.000000000000000000,20000.000000000000000000,2092.307692307692307692,0.000000000000000000,0.015692307692307692
0.138000000000000000,0.138000000000000000,1.300000000000000000,20000.000000000000000000,2123.076923076923076923,0.000000000000000000,0.000000000000000000,20000.000000000000000000,2123.076923076923076923,0.000000000000000000,0.015923076923076923
0.140000000000000000,0.140000000000000000,1.300000000000000000,20000.000000000000000000,2153.846153846153846153,0.000000000000000000,0.000000000000000000,20000.000000000000000000,2153.846153846153846153,0.000000000000000000,0.016153846153846153
0.142000000000000000,0.142000000000000000,1.300000000000000000,20000.000000000000000000,2184.615384615384615384,0.000000000000000000,0.000000000000000000,20000.000000000000000000,2184.615384615384615384,0.000000000000000000,0.016384615384615384
0.144000000000000000,0.144000000000000000,1.300000000000000000,20000.000000000000000000,2215.384615384615384615,0.000000000000000000,0.000000000000000000,20000.000000000000000000,2215.384615384615384615,0.000000000000000000,0.016615384615384615
0.146000000000000000,0.146000000000000000,1.300000000000000000,20000.000000000000000000,2246.153846153846153846,0.000000000000000000,0.000000000000000000,20000.000000000000000000,2246.153846153846153846,0.000000000000000000,0.016846153846153846
0.148000000000000000,0.148000000000000000,1.300000000000000000,20000.000000000000000000,2276.923076923076923076,0.000000000000000000,0.000000000000000000,20000.000000000000000000,2276.923076923076923076,0.000000000000000000,0.017076923076923076
0.150000000000000000,0.150000000000000000,1.300000000000000000,20000.000000000000000000,2307.692307692307692307,0.000000000000000000,0.000000000000000000,20000.000000000000000000,2307.692307692307692307,0.000000000000000000,0.017307692307692307
0.152000000000000000,0.152000000000000000,1.300000000000000000,20000.000000000000000000,2338.461538461538461538,0.000000000000000000,0.000000000000000000,20000.000000000000000000,2338.461538461538461538,0.000000000000000000,0.017538461538461538
0.154000000000000000,0.154000000000000000,1.300000000000000000,20000.000000000000000000,2369.230769230769230769,0.000000000000000000,0.000000000000000000,20000.000000000000000000,2369.230769230769230769,0.000000000000000000,0.017769230769230769
0.156000000000000000,0.156000000000000000,1.300000000000000000,20000.000000000000000000,2400.000000000000000000,0.000000000000000000,0.000000000000000000,20000.000000000000000000,2400.000000000000000000,0.000000000000000000,0.018000000000000000
0.158000000000000000,0.158000000000000000,1.300000000000000000,20000.000000000000000000,2430.769230769230769230,0.000000000000000000,0.000000000000000000,20000.000000000000000000,2430.769230769230769230,0.000000000000000000,0.018230769230769230
0.160000000000000000,0.160000000000000000,1.300000000000000000,20000.000000000000000000,2461.538461538461538461,0.000000000000000000,0.000000000000000000,20000.000000000000000000,2461.538461538461538461,0.000000000000000000,0.018461538461538461
0.162000000000000000,0.162000000000000000,1.300000000000000000,20000.000000000000000000,2492.307692307692307692,0.000000000000000000,0.000000000000000000,20000.000000000000000000,2492.307692307692307692,0.000000000000000000,0.018692307692307692
0.164000000000000000,0.164000000000000000,1.300000000000000000,20000.000000000000000000,2523.076923076923076923,0.000000000000000000,0.000000000000000000,20000.000000000000000000,2523.076923076923076923,0.000000000000000000,0.018923076923076923
0.166000000000000000,0.166000000000000000,1.300000000000000000,20000.000000000000000000,2553.846153846153846153,0.000000000000000000,0.000000000000000000,20000.000000000000000000,2553.846153846153846153,0.000000000000000000,0.019153846153846153
0.168000000000000000,0.168000000000000000,1.300000000000000000,20000.000000000000000000,2584.615384615384615384,0.000000000000000000,0.000000000000000000,20000.000000000000000000,2584.615384615384615384,0.000000000000000000,0.019384615384615384
0.170000000000000000,0.170000000000000000,1.300000000000000000,20000.000000000000000000,2615.384615384615384615,0.000000000000000000,0.000000000000000000,20000.000000000000000000,2615.384615384615384615,0.000000000000000000,0.019615384615384615
0.172000000000000000,0.172000000000000000,1.300000000000000000,20000.000000000000000000,2646.153846153846153846,0.000000000000000000,0.000000000000000000,20000.000000000000000000,2646.153846153846153846,0.000000000000000000,0.019846153846153846
0.174000000000000000,0.174000000000000000,1.300000000000000000,20000.000000000000000000,2676.923076923076923076,0.000000000000000000,0.000000000000000000,20000.000000000000000000,2676.923076923076923076,0.000000000000000000,0.020076923076923076
0.176000000000000000,0.176000000000000000,1.300000000000000000,20000.000000000000000000,2707.692307692307692307,0.000000000000000000,0.000000000000000000,20000.000000000000000000,2707.692307692307692307,0.000000000000000000,0.020307692307692307
0.178000000000000000,0.178000000000000000,1.300000000000000000,20000.000000000000000000,2738.461538461538461538,0.000000000000000000,0.000000000000000000,20000.000000000000000000,2738.461538461538461538,0.000000000000000000,0.020538461538461538
0.180000000000000000,0.180000000000000000,1.300000000000000000,20000.000000000000000000,2769.230769230769230769,0.000000000000000000,0.000000000000000000,20000.000000000000000000,2769.230769230769230769,0.000000000000000000,0.020769230769230769
0.182000000000000000,0.182000000000000000,1.300000000000000000,20000.000000000000000000,2800.000000000000000000,0.000000000000000000,0.000000000000000000,20000.000000000000000000,2800.000000000000000000,0.000000000000000000,0.021000000000000000
0.184000000000000000,0.184000000000000000,1.300000000000000000,20000.000000000000000000,2830.769230769230769230,0.000000000000000000,0.000000000000000000,20000.000000000000000000,2830.769230769230769230,0.000000000000000000,0.021230769230769230
0.186000000000000000,0.186000000000000000,1.300000000000000000,20000.000000000000000000,2861.538461538461538461,0.000000000000000000,0.000000000000000000,20000.000000000000000000,2861.538461538461538461,0.000000000000000000,0.021461538461538461
0.188000000000000000,0.188000000000000000,1.300000000000000000,20000.000000000000000000,2892.307692307692307692,0.000000000000000000,0.000000000000000000,20000.000000000000000000,2892.307692307692307692,0.000000000000000000,0.021692307692307692
0.190000000000000000,0.190000000000000000,1.300000000000000000,20000.000000000000000000,2923.076923076923076923,0.000000000000000000,0.000000000000000000,20000.000000000000000000,2923.076923076923076923,0.000000000000000000,0.021923076923076923
0.192000000000000000,0.192000000000000000,1.300000000000000000,20000.000000000000000000,2953.846153846153846153,0.000000000000000000,0.000000000000000000,20000.000000000000000000,2953.846153846153846153,0.000000000000000000,0.022153846153846153
0.194000000000000000,0.194000000000000000,1.300000000000000000,20000.000000000000000000,2984.615384615384615384,0.000000000000000000,0.000000000000000000,20000.000000000000000000,2984.615384615384615384,0.000000000000000000,0.022384615384615384
0.196000000000000000,0.196000000000000000,1.300000000000000000,20000.000000000000000000,3015.384615384615384615,0.000000000000000000,0.000000000000000000,20000.000000000000000000,3015.384615384615384615,0.000000000000000000,0.022615384615384615
0.198000000000000000,0.198000000000000000,1.300000000000000000,20000.000000000000000000,3046.153846153846153846,0.000000000000000000,0.000000000000000000,20000.000000000000000000,3046.153846153846153846,0.000000000000000000,0.022846153846153846
0.200000000000000000,0.200000000000000000,1.300000000000000000,20000.000000000000000000,3076.923076923076923076,0.000000000000000000,0.000000000000000000,20000.000000000000000000,3076.923076923076923076,0.000000000000000000,0.023076923076923076
0.202000000000000000,0.202000000000000000,1.300000000000000000,20000.000000000000000000,3107.692307692307692307,0.000000000000000000,0.000000000000000000,20000.000000000000000000,3107.692307692307692307,0.000000000000000000,0.023307692307692307
0.204000000000000000,0.204000000000000000,1.300000000000000000,20000.000000000000000000,3138.461538461538461538,0.000000000000000000,0.000000000000000000,20000.000000000000000000,3138.461538461538461538,0.000000000000000000,0.023538461538461538
0.206000000000000000,0.206000000000000000,1.300000000000000000,20000.000000000000000000,3169.230769230769230769,0.000000000000000000,0.000000000000000000,20000.000000000000000000,3169.230769230769230769,0.000000000000000000,0.023769230769230769
0.208000000000000000,0.208000000000000000,1.300000000000000000,20000.000000000000000000,3200.000000000000000000,0.000000000000000000,0.000000000000000000,20000.000000000000000000,3200.000000000000000000,0.000000000000000000,0.024000000000000000
0.210000000000000000,0.210000000000000000,1.300000000000000000,20000.000000000000000000,3230.769230769230769230,0.000000000000000000,0.000000000000000000,20000.000000000000000000,3230.769230769230769230,0.000000000000000000,0.024230769230769230
0.212000000000000000,0.212000000000000000,1.300000000000000000,20000.000000000000000000,3261.538461538461538461,0.000000000000000000,0.000000000000000000,20000.000000000000000000,3261.538461538461538461,0.000000000000000000,0.024461538461538461
0.214000000000000000,0.214000000000000000,1.300000000000000000,20000.000000000000000000,3292.307692307692307692,0.000000000000000000,0.000000000000000000,20000.000000000000000000,3292.307692307692307692,0.000000000000000000,0.024692307692307692
0.216000000000000000,0.216000000000000000,1.300000000000000000,20000.000000000000000000,3323.076923076923076923,0.000000000000000000,0.000000000000000000,20000.000000000000000000,3323.076923076923076923,0.000000000000000000,0.024923076923076923
0.218000000000000000,0.218000000000000000,1.300000000000000000,20000.000000000000000000,3353.846153846153846153,0.000000000000000000,0.000000000000000000,20000.000000000000000000,3353.846153846153846153,0.000000000000000000,0.025153846153846153
0.220000000000000000,0.220000000000000000,1.300000000000000000,20000.000000000000000000,3384.615384615384615384,0.000000000000000000,0.000000000000000000,20000.000000000000000000,3384.615384615384615384,0.000000000000000000,0.025384615384615384
0.222000000000000000,0.222000000000000000,1.300000000000000000,20000.000000000000000000,3415.384615384615384615,0.000000000000000000,0.000000000000000000,20000.000000000000000000,3415.384615384615384615,0.000000000000000000,0.025615384615384615
0.224000000000000000,0.224000000000000000,1.300000000000000000,20000.000000000000000000,3446.153846153846153846,0.000000000000000000,0.000000000000000000,20000.000000000000000000,3446.153846153846153846,0.000000000000000000,0.025846153846153846
0.226000000000000000,0.226000000000000000,1.300000000000000000,20000.000000000000000000,3476.923076923076923076,0.000000000000000000,0.000000000000000000,20000.000000000000000000,3476.923076923076923076,0.000000000000000000,0.026076923076923076
0.228000000000000000,0.228000000000000000,1.300000000000000000,20000.000000000000000000,3507.692307692307692307,0.000000000000000000,0.000000000000000000,20000.000000000000000000,3507.692307692307692307,0.000000000000000000,0.026307692307692307
0.230000000000000000,0.230000000000000000,1.300000000000000000,20000.000000000000000000,3538.461538461538461538,0.000000000000000000,0.000000000000000000,20000.000000000000000000,3538.461538461538461538,0.000000000000000000,0.026538461538461538
0.232000000000000000,0.232000000000000000,1.300000000000000000,20000.000000000000000000,3569.230769230769230769,0.000000000000000000,0.000000000000000000,20000.000000000000000000,3569.230769230769230769,0.000000000000000000,0.026769230769230769
0.234000000000000000,0.234000000000000000,1.300000000000000000,20000.000000000000000000,3600.000000000000000000,0.000000000000000000,0.000000000000000000,20000.000000000000000000,3600.000000000000000000,0.000000000000000000,0.027000000000000000
0.236000000000000000,0.236000000000000000,1.300000000000000000,20000.000000000000000000,3630.769230769230769230,0.000000000000000000,0.000000000000000000,20000.000000000000000000,3630.769230769230769230,0.000000000000000000,0.027230769230769230
0.238000000000000000,0.238000000000000000,1.300000000000000000,20000.000000000000000000,3661.538461538461538461,0.000000000000000000,0.000000000000000000,20000.000000000000000000,3661.538461538461538461,0.000000000000000000,0.027461538461538461
0.240000000000000000,0.240000000000000000,1.300000000000000000,20000.000000000000000000,3692.307692307692307692,0.000000000000000000,0.000000000000000000,20000.000000000000000000,3692.307692307692307692,0.000000000000000000,0.027692307692307692
0.242000000000000000,0.242000000000000000,1.300000000000000000,20000.000000000000000000,3723.076923076923076923,0.000000000000000000,0.000000000000000000,20000.000000000000000000,3723.076923076923076923,0.000000000000000000,0.027923076923076923
0.244000000000000000,0.244000000000000000,1.300000000000000000,20000.000000000000000000,3753.846153846153846153,0.000000000000000000,0.000000000000000000,20000.000000000000000000,3753.846153846153846153,0.000000000000000000,0.028153846153846153
0.246000000000000000,0.246000000000000000,1.300000000000000000,20000.000000000000000000,3784.615384615384615384,0.000000000000000000,0.000000000000000000,20000.000000000000000000,3784.615384615384615384,0.000000000000000000,0.028384615384615384
0.248000000000000000,0.248000000000000000,1.300000000000000000,20000.000000000000000000,3815.384615384615384615,0.000000000000000000,0.000000000000000000,20000.000000000000000000,3815.384615384615384615,0.000000000000000000,0.028615384615384615
0.250000000000000000,0.250000000000000000,1.300000000000000000,20000.000000000000000000,3846.153846153846153846,0.000000000000000000,0.000000000000000000,20000.000000000000000000,3846.153846153846153846,0.000000000000000000,0.028846153846153846
0.252000000000000000,0.252000000000000000,1.300000000000000000,20000.000000000000000000,3876.923076923076923076,0.000000000000000000,0.000000000000000000,20000.000000000000000000,3876.923076923076923076,0.000000000000000000,0.029076923076923076
0.254000000000000000,0.254000000000000000,1.300000000000000000,20000.000000000000000000,3907.692307692307692307,0.000000000000000000,0.000000000000000000,20000.000000000000000000,3907.692307692307692307,0.000000000000000000,0.029307692307692307
0.256000000000000000,0.256000000000000000,1.300000000000000000,20000.000000000000000000,3938.461538461538461538,0.000000000000000000,0.000000000000000000,20000.000000000000000000,3938.461538461538461538,0.000000000000000000,0.029538461538461538
0.258000000000000000,0.258000000000000000,1.300000000000000000,20000.000000000000000000,3969.230769230769230769,0.000000000000000000,0.000000000000000000,20000.000000000000000000,3969.230769230769230769,0.000000000000000000,0.029769230769230769
0.260000000000000000,0.260000000000000000,1.300000000000000000,20000.000000000000000000,4000.000000000000000000,0.000000000000000000,0.000000000000000000,20000.000000000000000000,4000.000000000000000000,0.000000000000000000,0.030000000000000000
0.262000000000000000,0.262000000000000000,1.300000000000000000,20000.000000000000000000,4030.769230769230769230,0.000000000000000000,0.000000000000000000,20000.000000000000000000,4030.769230769230769230,0.000000000000000000,0.030230769230769230
0.264000000000000000,0.264000000000000000,1.300000000000000000,20000.000000000000000000,4061.538461538461538461,0.000000000000000000,0.000000000000000000,20000.000000000000000000,4061.538461538461538461,0.000000000000000000,0.030461538461538461
0.266000000000000000,0.266000000000000000,1.300000000000000000,20000.000000000000000000,4092.307692307692307692,0.000000000000000000,0.000000000000000000,20000.000000000000000000,4092.307692307692307692,0.000000000000000000,0.030692307692307692
0.268000000000000000,0.268000000000000000,1.300000000000000000,20000.000000000000000000,4123.076923076923076923,0.000000000000000000,0.000000000000000000,20000.000000000000000000,4123.076923076923076923,0.000000000000000000,0.030923076923076923
0.270000000000000000,0.270000000000000000,1.300000000000000000,20000.000000000000000000,4153.846153846153846153,0.000000000000000000,0.000000000000000000,20000.000000000000000000,4153.846153846153846153,0.000000000000000000,0.031153846153846153
0.272000000000000000,0.272000000000000000,1.300000000000000000,20000.000000000000000000,4184.615384615384615384,0.000000000000000000,0.000000000000000000,20000.000000000000000000,4184.615384615384615384,0.000000000000000000,0.031384615384615384
0.274000000000000000,0.274000000000000000,1.300000000000000000,20000.000000000000000000,4215.384615384615384615,0.000000000000000000,0.000000000000000000,20000.000000000000000000,4215.384615384615384615,0.000000000000000000,0.031615384615384615
0.276000000000000000,0.276000000000000000,1.300000000000000000,20000.000000000000000000,4246.153846153846153846,0.000000000000000000,0.000000000000000000,20000.000000000000000000,4246.153846153846153846,0.000000000000000000,0.031846153846153846
0.278000000000000000,0.278000000000000000,1.300000000000000000,20000.000000000000000000,4276.923076923076923076,0.000000000000000000,0.000000000000000000,20000.000000000000000000,4276.923076923076923076,0.000000000000000000,0.032076923076923076
0.280000000000000000,0.280000000000000000,1.300000000000000000,20000.000000000000000000,4307.692307692307692307,0.000000000000000000,0.000000000000000000,20000.000000000000000000,4307.692307692307692307,0.000000000000000000,0.032307692307692307
0.282000000000000000,0.282000000000000000,1.300000000000000000,20000.000000000000000000,4338.461538461538461538,0.000000000000000000,0.000000000000000000,20000.000000000000000000,4338.461538461538461538,0.000000000000000000,0.032538461538461538
0.284000000000000000,0.284000000000000000,1.300000000000000000,20000.000000000000000000,4369.230769230769230769,0.000000000000000000,0.000000000000000000,20000.000000000000000000,4369.230769230769230769,0.000000000000000000,0.032769230769230769
0.286000000000000000,0.286000000000000000,1.300000000000000000,20000.000000000000000000,4400.000000000000000000,0.000000000000000000,0.000000000000000000,20000.000000000000000000,4400.000000000000000000,0.000000000000000000,0.033000000000000000
0.288000000000000000,0.288000000000000000,1.300000000000000000,20000.000000000000000000,4430.769230769230769230,0.000000000000000000,0.000000000000000000,20000.000000000000000000,4430.769230769230769230,0.000000000000000000,0.033230769230769230
0.290000000000000000,0.290000000000000000,1.300000000000000000,20000.000000000000000000,4461.538461538461538461,0.000000000000000000,0.000000000000000000,20000.000000000000000000,4461.538461538461538461,0.000000000000000000,0.033461538461538461
0.292000000000000000,0.292000000000000000,1.300000000000000000,20000.000000000000000000,4492.307692307692307692,0.000000000000000000,0.000000000000000000,20000.000000000000000000,4492.307692307692307692,0.000000000000000000,0.033692307692307692
0.294000000000000000,0.294000000000000000,1.300000000000000000,20000.000000000000000000,4523.076923076923076923,0.000000000000000000,0.000000000000000000,20000.000000000000000000,4523.076923076923076923,0.000000000000000000,0.033923076923076923
0.296000000000000000,0.296000000000000000,1.300000000000000000,20000.000000000000000000,4553.846153846153846153,0.000000000000000000,0.000000000000000000,20000.000000000000000000,4553.846153846153846153,0.000000000000000000,0.034153846153846153
0.298000000000000000,0.298000000000000000,1.300000000000000000,20000.000000000000000000,4584.615384615384615384,0.000000000000000000,0.000000000000000000,20000.000000000000000000,4584.615384615384615384,0.000000000000000000,0.034384615384615384
0.300000000000000000,0.300000000000000000,1.300000000000000000,20000.000000000000000000,4615.384615384615384615,0.000000000000000000,0.000000000000000000,20000.000000000000000000,4615.384615384615384615,0.000000000000000000,0.034615384615384615
0.302000000000000000,0.302000000000000000,1.300000000000000000,20000.000000000000000000,4646.153846153846153846,0.000000000000000000,0.000000000000000000,20000.000000000000000000,4646.153846153846153846,0.000000000000000000,0.034846153846153846
0.304000000000000000,0.304000000000000000,1.300000000000000000,20000.000000000000000000,4676.923076923076923076,0.000000000000000000,0.000000000000000000,20000.000000000000000000,4676.923076923076923076,0.000000000000000000,0.035076923076923076
0.306000000000000000,0.306000000000000000,1.300000000000000000,20000.000000000000000000,4707.692307692307692307,0.000000000000000000,0.000000000000000000,20000.000000000000000000,4707.692307692307692307,0.000000000000000000,0.035307692307692307
0.308000000000000000,0.308000000000000000,1.300000000000000000,20000.000000000000000000,4738.461538461538461538,0.000000000000000000,0.000000000000000000,20000.000000000000000000,4738.461538461538461538,0.000000000000000000,0.035538461538461538
0.310000000000000000,0.310000000000000000,1.300000000000000000,20000.000000000000000000,4769.230769230769230769,0.000000000000000000,0.000000000000000000,20000.000000000000000000,4769.230769230769230769,0.000000000000000000,0.035769230769230769
0.312000000000000000,0.312000000000000000,1.300000000000000000,20000.000000000000000000,4800.000000000000000000,0.000000000000000000,0.000000000000000000,20000.000000000000000000,4800.000000000000000000,0.000000000000000000,0.036000000000000000
0.314000000000000000,0.314000000000000000,1.300000000000000000,20000.000000000000000000,4830.769230769230769230,0.000000000000000000,0.000000000000000000,20000.000000000000000000,4830.769230769230769230,0.000000000000000000,0.036230769230769230
0.316000000000000000,0.316000000000000000,1.300000000000000000,20000.000000000000000000,4861.538461538461538461,0.000000000000000000,0.000000000000000000,20000.000000000000000000,4861.538461538461538461,0.000000000000000000,0.036461538461538461
0.318000000000000000,0.318000000000000000,1.300000000000000000,20000.000000000000000000,4892.307692307692307692,0.000000000000000000,0.000000000000000000,20000.000000000000000000,4892.307692307692307692,0.000000000000000000,0.036692307692307692
0.320000000000000000,0.320000000000000000,1.300000000000000000,20000.000000000000000000,4923.076923076923076923,0.000000000000000000,0.000000000000000000,20000.000000000000000000,4923.076923076923076923,0.000000000000000000,0.036923076923076923
0.322000000000000000,0.322000000000000000,1.300000000000000000,20000.000000000000000000,4953.846153846153846153,0.000000000000000000,0.000000000000000000,20000.000000000000000000,4953.846153846153846153,0.000000000000000000,0.037153846153846153
0.324000000000000000,0.324000000000000000,1.300000000000000000,20000.000000000000000000,4984.615384615384615384,0.000000000000000000,0.000000000000000000,20000.000000000000000000,4984.615384615384615384,0.000000000000000000,0.037384615384615384
0.326000000000000000,0.326000000000000000,1.300000000000000000,20000.000000000000000000,5015.384615384615384615,0.000000000000000000,0.000000000000000000,20000.000000000000000000,5015.384615384615384615,0.000000000000000000,0.037615384615384615
0.328000000000000000,0.328000000000000000,1.300000000000000000,20000.000000000000000000,5046.153846153846153846,0.000000000000000000,0.000000000000000000,20000.000000000000000000,5046.153846153846153846,0.000000000000000000,0.037846153846153846
0.330000000000000000,0.330000000000000000,1.300000000000000000,20000.000000000000000000,5076.923076923076923076,0.000000000000000000,0.000000000000000000,20000.000000000000000000,5076.923076923076923076,0.000000000000000000,0.038076923076923076
0.332000000000000000,0.332000000000000000,1.300000000000000000,20000.000000000000000000,5107.692307692307692307,0.000000000000000000,0.000000000000000000,20000.000000000000000000,5107.692307692307692307,0.000000000000000000,0.038307692307692307
0.334000000000000000,0.334000000000000000,1.300000000000000000,20000.000000000000000000,5138.461538461538461538,0.000000000000000000,0.000000000000000000,20000.000000000000000000,5138.461538461538461538,0.000000000000000000,0.038538461538461538
0.336000000000000000,0.336000000000000000,1.300000000000000000,20000.000000000000000000,5169.230769230769230769,0.000000000000000000,0.000000000000000000,20000.000000000000000000,5169.230769230769230769,0.000000000000000000,0.038769230769230769
0.338000000000000000,0.338000000000000000,1.300000000000000000,20000.000000000000000000,5200.000000000000000000,0.000000000000000000,0.000000000000000000,20000.000000000000000000,5200.000000000000000000,0.000000000000000000,0.039000000000000000
0.340000000000000000,0.340000000000000000,1.300000000000000000,20000.000000000000000000,5230.769230769230769230,0.000000000000000000,0.000000000000000000,20000.000000000000000000,5230.769230769230769230,0.000000000000000000,0.039230769230769230
0.342000000000000000,0.342000000000000000,1.300000000000000000,20000.000000000000000000,5261.538461538461538461,0.000000000000000000,0.000000000000000000,20000.000000000000000000,5261.538461538461538461,0.000000000000000000,0.039461538461538461
0.344000000000000000,0.344000000000000000,1.300000000000000000,20000.000000000000000000,5292.307692307692307692,0.000000000000000000,0.000000000000000000,20000.000000000000000000,5292.307692307692307692,0.000000000000000000,0.039692307692307692
0.346000000000000000,0.346000000000000000,1.300000000000000000,20000.000000000000000000,5323.076923076923076923,0.000000000000000000,0.000000000000000000,20000.000000000000000000,5323.076923076923076923,0.000000000000000000,0.039923076923076923
0.348000000000000000,0.348000000000000000,1.300000000000000000,20000.000000000000000000,5353.846153846153846153,0.000000000000000000,0.000000000000000000,20000.000000000000000000,5353.846153846153846153,0.000000000000000000,0.040153846153846153
0.350000000000000000,0.350000000000000000,1.300000000000000000,20000.000000000000000000,5384.615384615384615384,0.000000000000000000,0.000000000000000000,20000.000000000000000000,5384.615384615384615384,0.000000000000000000,0.040384615384615384
0.352000000000000000,0.352000000000000000,1.300000000000000000,20000.000000000000000000,5415.384615384615384615,0.000000000000000000,0.000000000000000000,20000.000000000000000000,5415.384615384615384615,0.000000000000000000,0.040615384615384615
0.354000000000000000,0.354000000000000000,1.300000000000000000,20000.000000000000000000,5446.153846153846153846,0.000000000000000000,0.000000000000000000,20000.000000000000000000,5446.153846153846153846,0.000000000000000000,0.040846153846153846
0.356000000000000000,0.356000000000000000,1.300000000000000000,20000.000000000000000000,5476.923076923076923076,0.000000000000000000,0.000000000000000000,20000.000000000000000000,5476.923076923076923076,0.000000000000000000,0.041076923076923076
0.358000000000000000,0.358000000000000000,1.300000000000000000,20000.000000000000000000,5507.692307692307692307,0.000000000000000000,0.000000000000000000,20000.000000000000000000,5507.692307692307692307,0.000000000000000000,0.041307692307692307
0.360000000000000000,0.360000000000000000,1.300000000000000000,20000.000000000000000000,5538.461538461538461538,0.000000000000000000,0.000000000000000000,20000.000000000000000000,5538.461538461538461538,0.000000000000000000,0.041538461538461538
0.362000000000000000,0.362000000000000000,1.300000000000000000,20000.000000000000000000,5569.230769230769230769,0.000000000000000000,0.000000000000000000,20000.000000000000000000,5569.230769230769230769,0.000000000000000000,0.041769230769230769
0.364000000000000000,0.364000000000000000,1.300000000000000000,20000.000000000000000000,5600.000000000000000000,0.000000000000000000,0.000000000000000000,20000.000000000000000000,5600.000000000000000000,0.000000000000000000,0.042000000000000000
0.366000000000000000,0.366000000000000000,1.300000000000000000,20000.000000000000000000,5630.769230769230769230,0.000000000000000000,0.000000000000000000,20000.000000000000000000,5630.769230769230769230,0.000000000000000000,0.042230769230769230
0.368000000000000000,0.368000000000000000,1.300000000000000000,20000.000000000000000000,5661.538461538461538461,0.000000000000000000,0.000000000000000000,20000.000000000000000000,5661.538461538461538461,0.000000000000000000,0.042461538461538461
0.370000000000000000,0.370000000000000000,1.300000000000000000,20000.000000000000000000,5692.307692307692307692,0.000000000000000000,0.000000000000000000,20000.000000000000000000,5692.307692307692307692,0.000000000000000000,0.042692307692307692
0.372000000000000000,0.372000000000000000,1.300000000000000000,20000.000000000000000000,5723.076923076923076923,0.000000000000000000,0.000000000000000000,20000.000000000000000000,5723.076923076923076923,0.000000000000000000,0.042923076923076923
0.374000000000000000,0.374000000000000000,1.300000000000000000,20000.000000000000000000,5753.846153846153846153,0.000000000000000000,0.000000000000000000,20000.000000000000000000,5753.846153846153846153,0.000000000000000000,0.043153846153846153
0.376000000000000000,0.376000000000000000,1.300000000000000000,20000.000000000000000000,5784.615384615384615384,0.000000000000000000,0.000000000000000000,20000.000000000000000000,5784.615384615384615384,0.000000000000000000,0.043384615384615384
0.378000000000000000,0.378000000000000000,1.300000000000000000,20000.000000000000000000,5815.384615384615384615,0.000000000000000000,0.000000000000000000,20000.000000000000000000,5815.384615384615384615,0.000000000000000000,0.043615384615384615
0.380000000000000000,0.380000000000000000,1.300000000000000000,20000.000000000000000000,5846.153846153846153846,0.000000000000000000,0.000000000000000000,20000.000000000000000000,5846.153846153846153846,0.000000000000000000,0.043846153846153846
0.382000000000000000,0.382000000000000000,1.300000000000000000,20000.000000000000000000,5876.923076923076923076,0.000000000000000000,0.000000000000000000,20000.000000000000000000,5876.923076923076923076,0.000000000000000000,0.044076923076923076
0.384000000000000000,0.384000000000000000,1.300000000000000000,20000.000000000000000000,5907.692307692307692307,0.000000000000000000,0.000000000000000000,20000.000000000000000000,5907.692307692307692307,0.000000000000000000,0.044307692307692307
0.386000000000000000,0.386000000000000000,1.300000000000000000,20000.000000000000000000,5938.461538461538461538,0.000000000000000000,0.000000000000000000,20000.000000000000000000,5938.461538461538461538,0.000000000000000000,0.044538461538461538
0.388000000000000000,0.388000000000000000,1.300000000000000000,20000.000000000000000000,5969.230769230769230769,0.000000000000000000,0.000000000000000000,20000.000000000000000000,5969.230769230769230769,0.000000000000000000,0.044769230769230769
0.390000000000000000,0.390000000000000000,1.300000000000000000,20000.000000000000000000,6000.000000000000000000,0.000000000000000000,0.000000000000000000,20000.000000000000000000,6000.000000000000000000,0.000000000000000000,0.045000000000000000
0.392000000000000000,0.392000000000000000,1.300000000000000000,20000.000000000000000000,6030.769230769230769230,0.000000000000000000,0.000000000000000000,20000.000000000000000000,6030.769230769230769230,0.000000000000000000,0.045230769230769230
0.394000000000000000,0.394000000000000000,1.300000000000000000,20000.000000000000000000,6061.538461538461538461,0.000000000000000000,0.000000000000000000,20000.000000000000000000,6061.538461538461538461,0.000000000000000000,0.045461538461538461
0.396000000000000000,0.396000000000000000,1.300000000000000000,20000.000000000000000000,6092.307692307692307692,0.000000000000000000,0.000000000000000000,20000.000000000000000000,6092.307692307692307692,0.000000000000000000,0.045692307692307692
0.398000000000000000,0.398000000000000000,1.300000000000000000,20000.000000000000000000,6123.076923076923076923,0.000000000000000000,0.000000000000000000,20000.000000000000000000,6123.076923076923076923,0.000000000000000000,0.045923076923076923
0.400000000000000000,0.400000000000000000,1.300000000000000000,20000.000000000000000000,6153.846153846153846153,0.000000000000000000,0.000000000000000000,20000.000000000000000000,6153.846153846153846153,0.000000000000000000,0.046153846153846153
0.402000000000000000,0.402000000000000000,1.300000000000000000,20000.000000000000000000,6184.615384615384615384,0.000000000000000000,0.000000000000000000,20000.000000000000000000,6184.615384615384615384,0.000000000000000000,0.046384615384615384
0.404000000000000000,0.404000000000000000,1.300000000000000000,20000.000000000000000000,6215.384615384615384615,0.000000000000000000,0.000000000000000000,20000.000000000000000000,6215.384615384615384615,0.000000000000000000,0.046615384615384615
0.406000000000000000,0.406000000000000000,1.300000000000000000,20000.000000000000000000,6246.153846153846153846,0.000000000000000000,0.000000000000000000,20000.000000000000000000,6246.153846153846153846,0.000000000000000000,0.046846153846153846
0.408000000000000000,0.408000000000000000,1.300000000000000000,20000.000000000000000000,6276.923076923076923076,0.000000000000000000,0.000000000000000000,20000.000000000000000000,6276.923076923076923076,0.000000000000000000,0.047076923076923076
0.410000000000000000,0.410000000000000000,1.300000000000000000,20000.000000000000000000,6307.692307692307692307,0.000000000000000000,0.000000000000000000,20000.000000000000000000,6307.692307692307692307,0.000000000000000000,0.047307692307692307
0.412000000000000000,0.412000000000000000,1.300000000000000000,20000.000000000000000000,6338.461538461538461538,0.000000000000000000,0.000000000000000000,20000.000000000000000000,6338.461538461538461538,0.000000000000000000,0.047538461538461538
0.414000000000000000,0.414000000000000000,1.300000000000000000,20000.000000000000000000,6369.230769230769230769,0.000000000000000000,0.000000000000000000,20000.000000000000000000,6369.230769230769230769,0.000000000000000000,0.047769230769230769
0.416000000000000000,0.416000000000000000,1.300000000000000000,20000.000000000000000000,6400.000000000000000000,0.000000000000000000,0.000000000000000000,20000.000000000000000000,6400.000000000000000000,0.000000000000000000,0.048000000000000000
0.418000000000000000,0.418000000000000000,1.300000000000000000,20000.000000000000000000,6430.769230769230769230,0.000000000000000000,0.000000000000000000,20000.000000000000000000,6430.769230769230769230,0.000000000000000000,0.048230769230769230
0.420000000000000000,0.420000000000000000,1.300000000000000000,20000.000000000000000000,6461.538461538461538461,0.000000000000000000,0.000000000000000000,20000.000000000000000000,6461.538461538461538461,0.000000000000000000,0.048461538461538461
0.422000000000000000,0.422000000000000000,1.300000000000000000,20000.000000000000000000,6492.307692307692307692,0.000000000000000000,0.000000000000000000,20000.000000000000000000,6492.307692307692307692,0.000000000000000000,0.048692307692307692
0.424000000000000000,0.424000000000000000,1.300000000000000000,20000.000000000000000000,6523.076923076923076923,0.000000000000000000,0.000000000000000000,20000.000000000000000000,6523.076923076923076923,0.000000000000000000,0.048923076923076923
0.426000000000000000,0.426000000000000000,1.300000000000000000,20000.000000000000000000,6553.846153846153846153,0.000000000000000000,0.000000000000000000,20000.000000000000000000,6553.846153846153846153,0.000000000000000000,0.049153846153846153
0.428000000000000000,0.428000000000000000,1.300000000000000000,20000.000000000000000000,6584.615384615384615384,0.000000000000000000,0.000000000000000000,20000.000000000000000000,6584.615384615384615384,0.000000000000000000,0.049384615384615384
0.430000000000000000,0.430000000000000000,1.300000000000000000,20000.000000000000000000,6615.384615384615384615,0.000000000000000000,0.000000000000000000,20000.000000000000000000,6615.384615384615384615,0.000000000000000000,0.049615384615384615
0.432000000000000000,0.432000000000000000,1.300000000000000000,20000.000000000000000000,6646.153846153846153846,0.000000000000000000,0.000000000000000000,20000.000000000000000000,6646.153846153846153846,0.000000000000000000,0.049846153846153846
0.434000000000000000,0.434000000000000000,1.300000000000000000,20000.000000000000000000,6676.923076923076923076,0.000000000000000000,0.000000000000000000,20000.000000000000000000,6676.923076923076923076,0.000000000000000000,0.050076923076923076
0.436000000000000000,0.436000000000000000,1.300000000000000000,20000.000000000000000000,6707.692307692307692307,0.000000000000000000,0.000000000000000000,20000.000000000000000000,6707.692307692307692307,0.000000000000000000,0.050307692307692307
0.438000000000000000,0.438000000000000000,1.300000000000000000,20000.000000000000000000,6738.461538461538461538,0.000000000000000000,0.000000000000000000,20000.000000000000000000,6738.461538461538461538,0.000000000000000000,0.050538461538461538
0.440000000000000000,0.440000000000000000,1.300000000000000000,20000.000000000000000000,6769.230769230769230769,0.000000000000000000,0.000000000000000000,20000.000000000000000000,6769.230769230769230769,0.000000000000000000,0.050769230769230769
0.442000000000000000,0.442000000000000000,1.300000000000000000,20000.000000000000000000,6800.000000000000000000,0.000000000000000000,0.000000000000000000,20000.000000000000000000,6800.000000000000000000,0.000000000000000000,0.051000000000000000
0.444000000000000000,0.444000000000000000,1.300000000000000000,20000.000000000000000000,6830.769230769230769230,0.000000000000000000,0.000000000000000000,20000.000000000000000000,6830.769230769230769230,0.000000000000000000,0.051230769230769230
0.446000000000000000,0.446000000000000000,1.300000000000000000,20000.000000000000000000,6861.538461538461538461,0.000000000000000000,0.000000000000000000,20000.000000000000000000,6861.538461538461538461,0.000000000000000000,0.051461538461538461
0.448000000000000000,0.448000000000000000,1.300000000000000000,20000.000000000000000000,6892.307692307692307692,0.000000000000000000,0.000000000000000000,20000.000000000000000000,6892.307692307692307692,0.000000000000000000,0.051692307692307692
0.450000000000000000,0.450000000000000000,1.300000000000000000,20000.000000000000000000,6923.076923076923076923,0.000000000000000000,0.000000000000000000,20000.000000000000000000,6923.076923076923076923,0.000000000000000000,0.051923076923076923
0.452000000000000000,0.452000000000000000,1.300000000000000000,20000.000000000000000000,6953.846153846153846153,0.000000000000000000,0.000000000000000000,20000.000000000000000000,6953.846153846153846153,0.000000000000000000,0.052153846153846153
0.454000000000000000,0.454000000000000000,1.300000000000000000,20000.000000000000000000,6984.615384615384615384,0.000000000000000000,0.000000000000000000,20000.000000000000000000,6984.615384615384615384,0.000000000000000000,0.052384615384615384
0.456000000000000000,0.456000000000000000,1.300000000000000000,20000.000000000000000000,7015.384615384615384615,0.000000000000000000,0.000000000000000000,20000.000000000000000000,7015.384615384615384615,0.000000000000000000,0.052615384615384615
0.458000000000000000,0.458000000000000000,1.300000000000000000,20000.000000000000000000,7046.153846153846153846,0.000000000000000000,0.000000000000000000,20000.000000000000000000,7046.153846153846153846,0.000000000000000000,0.052846153846153846
0.460000000000000000,0.460000000000000000,1.300000000000000000,20000.000000000000000000,7076.923076923076923076,0.000000000000000000,0.000000000000000000,20000.000000000000000000,7076.923076923076923076,0.000000000000000000,0.053076923076923076
0.462000000000000000,0.462000000000000000,1.300000000000000000,20000.000000000000000000,7107.692307692307692307,0.000000000000000000,0.000000000000000000,20000.000000000000000000,7107.692307692307692307,0.000000000000000000,0.053307692307692307
0.464000000000000000,0.464000000000000000,1.300000000000000000,20000.000000000000000000,7138.461538461538461538,0.000000000000000000,0.000000000000000000,20000.000000000000000000,7138.461538461538461538,0.000000000000000000,0.053538461538461538
0.466000000000000000,0.466000000000000000,1.300000000000000000,20000.000000000000000000,7169.230769230769230769,0.000000000000000000,0.000000000000000000,20000.000000000000000000,7169.230769230769230769,0.000000000000000000,0.053769230769230769
0.468000000000000000,0.468000000000000000,1.300000000000000000,20000.000000000000000000,7200.000000000000000000,0.000000000000000000,0.000000000000000000,20000.000000000000000000,7200.000000000000000000,0.000000000000000000,0.054000000000000000
0.470000000000000000,0.470000000000000000,1.300000000000000000,20000.000000000000000000,7230.769230769230769230,0.000000000000000000,0.000000000000000000,20000.000000000000000000,7230.769230769230769230,0.000000000000000000,0.054230769230769230
0.472000000000000000,0.472000000000000000,1.300000000000000000,20000.000000000000000000,7261.538461538461538461,0.000000000000000000,0.000000000000000000,20000.000000000000000000,7261.538461538461538461,0.000000000000000000,0.054461538461538461
0.474000000000000000,0.474000000000000000,1.300000000000000000,20000.000000000000000000,7292.307692307692307692,0.000000000000000000,0.000000000000000000,20000.000000000000000000,7292.307692307692307692,0.000000000000000000,0.054692307692307692
0.476000000000000000,0.476000000000000000,1.300000000000000000,20000.000000000000000000,7323.076923076923076923,0.000000000000000000,0.000000000000000000,20000.000000000000000000,7323.076923076923076923,0.000000000000000000,0.054923076923076923
0.478000000000000000,0.478000000000000000,1.300000000000000000,20000.000000000000000000,7353.846153846153846153,0.000000000000000000,0.000000000000000000,20000.000000000000000000,7353.846153846153846153,0.000000000000000000,0.055153846153846153
0.480000000000000000,0.480000000000000000,1.300000000000000000,20000.000000000000000000,7384.615384615384615384,0.000000000000000000,0.000000000000000000,20000.000000000000000000,7384.615384615384615384,0.000000000000000000,0.055384615384615384
0.482000000000000000,0.482000000000000000,1.300000000000000000,20000.000000000000000000,7415.384615384615384615,0.000000000000000000,0.000000000000000000,20000.000000000000000000,7415.384615384615384615,0.000000000000000000,0.055615384615384615
0.484000000000000000,0.484000000000000000,1.300000000000000000,20000.000000000000000000,7446.153846153846153846,0.000000000000000000,0.000000000000000000,20000.000000000000000000,7446.153846153846153846,0.000000000000000000,0.055846153846153846
0.486000000000000000,0.486000000000000000,1.300000000000000000,20000.000000000000000000,7476.923076923076923076,0.000000000000000000,0.000000000000000000,20000.000000000000000000,7476.923076923076923076,0.000000000000000000,0.056076923076923076
0.488000000000000000,0.488000000000000000,1.300000000000000000,20000.000000000000000000,7507.692307692307692307,0.000000000000000000,0.000000000000000000,20000.000000000000000000,7507.692307692307692307,0.000000000000000000,0.056307692307692307
0.490000000000000000,0.490000000000000000,1.300000000000000000,20000.000000000000000000,7538.461538461538461538,0.000000000000000000,0.000000000000000000,20000.000000000000000000,7538.461538461538461538,0.000000000000000000,0.056538461538461538
0.492000000000000000,0.492000000000000000,1.300000000000000000,20000.000000000000000000,7569.230769230769230769,0.000000000000000000,0.000000000000000000,20000.000000000000000000,7569.230769230769230769,0.000000000000000000,0.056769230769230769
0.494000000000000000,0.494000000000000000,1.300000000000000000,20000.000000000000000000,7600.000000000000000000,0.000000000000000000,0.000000000000000000,20000.000000000000000000,7600.000000000000000000,0.000000000000000000,0.057000000000000000
0.496000000000000000,0.496000000000000000,1.300000000000000000,20000.000000000000000000,7630.769230769230769230,0.000000000000000000,0.000000000000000000,20000.000000000000000000,7630.769230769230769230,0.000000000000000000,0.057230769230769230
0.498000000000000000,0.498000000000000000,1.300000000000000000,20000.000000000000000000,7661.538461538461538461,0.000000000000000000,0.000000000000000000,20000.000000000000000000,7661.538461538461538461,0.000000000000000000,0.057461538461538461
0.500000000000000000,0.500000000000000000,1.300000000000000000,20000.000000000000000000,7692.307692307692307692,0.000000000000000000,0.000000000000000000,20000.000000000000000000,7692.307692307692307692,0.000000000000000000,0.057692307692307692
0.502000000000000000,0.502000000000000000,1.300000000000000000,20000.000000000000000000,7723.076923076923076923,0.000000000000000000,0.000000000000000000,20000.000000000000000000,7723.076923076923076923,0.000000000000000000,0.057923076923076923
0.504000000000000000,0.504000000000000000,1.300000000000000000,20000.000000000000000000,7753.846153846153846153,0.000000000000000000,0.000000000000000000,20000.000000000000000000,7753.846153846153846153,0.000000000000000000,0.058153846153846153
0.506000000000000000,0.506000000000000000,1.300000000000000000,20000.000000000000000000,7784.615384615384615384,0.000000000000000000,0.000000000000000000,20000.000000000000000000,7784.615384615384615384,0.000000000000000000,0.058384615384615384
0.508000000000000000,0.508000000000000000,1.300000000000000000,20000.000000000000000000,7815.384615384615384615,0.000000000000000000,0.000000000000000000,20000.000000000000000000,7815.384615384615384615,0.000000000000000000,0.058615384615384615
0.510000000000000000,0.510000000000000000,1.300000000000000000,20000.000000000000000000,7846.153846153846153846,0.000000000000000000,0.000000000000000000,20000.000000000000000000,7846.153846153846153846,0.000000000000000000,0.058846153846153846
0.512000000000000000,0.512000000000000000,1.300000000000000000,20000.000000000000000000,7876.923076923076923076,0.000000000000000000,0.000000000000000000,20000.000000000000000000,7876.923076923076923076,0.000000000000000000,0.059076923076923076
0.514000000000000000,0.514000000000000000,1.300000000000000000,20000.000000000000000000,7907.692307692307692307,0.000000000000000000,0.000000000000000000,20000.000000000000000000,7907.692307692307692307,0.000000000000000000,0.059307692307692307
0.516000000000000000,0.516000000000000000,1.300000000000000000,20000.000000000000000000,7938.461538461538461538,0.000000000000000000,0.000000000000000000,20000.000000000000000000,7938.461538461538461538,0.000000000000000000,0.059538461538461538
0.518000000000000000,0.518000000000000000,1.300000000000000000,20000.000000000000000000,7969.230769230769230769,0.000000000000000000,0.000000000000000000,20000.000000000000000000,7969.230769230769230769,0.000000000000000000,0.059769230769230769
0.520000000000000000,0.520000000000000000,1.300000000000000000,20000.000000000000000000,8000.000000000000000000,0.000000000000000000,0.000000000000000000,20000.000000000000000000,8000.000000000000000000,0.000000000000000000,0.060000000000000000
0.522000000000000000,0.522000000000000000,1.300000000000000000,20000.000000000000000000,8030.769230769230769230,0.000000000000000000,0.000000000000000000,20000.000000000000000000,8030.769230769230769230,0.000000000000000000,0.060230769230769230
0.524000000000000000,0.524000000000000000,1.300000000000000000,20000.000000000000000000,8061.538461538461538461,0.000000000000000000,0.000000000000000000,20000.000000000000000000,8061.538461538461538461,0.000000000000000000,0.060461538461538461
0.526000000000000000,0.526000000000000000,1.300000000000000000,20000.000000000000000000,8092.307692307692307692,0.000000000000000000,0.000000000000000000,20000.000000000000000000,8092.307692307692307692,0.000000000000000000,0.060692307692307692
0.528000000000000000,0.528000000000000000,1.300000000000000000,20000.000000000000000000,8123.076923076923076923,0.000000000000000000,0.000000000000000000,20000.000000000000000000,8123.076923076923076923,0.000000000000000000,0.060923076923076923
0.530000000000000000,0.530000000000000000,1.300000000000000000,20000.000000000000000000,8153.846153846153846153,0.000000000000000000,0.000000000000000000,20000.000000000000000000,8153.846153846153846153,0.000000000000000000,0.061153846153846153
0.532000000000000000,0.532000000000000000,1.300000000000000000,20000.000000000000000000,8184.615384615384615384,0.000000000000000000,0.000000000000000000,20000.000000000000000000,8184.615384615384615384,0.000000000000000000,0.061384615384615384
0.534000000000000000,0.534000000000000000,1.300000000000000000,20000.000000000000000000,8215.384615384615384615,0.000000000000000000,0.000000000000000000,20000.000000000000000000,8215.384615384615384615,0.000000000000000000,0.061615384615384615
0.536000000000000000,0.536000000000000000,1.300000000000000000,20000.000000000000000000,8246.153846153846153846,0.000000000000000000,0.000000000000000000,20000.000000000000000000,8246.153846153846153846,0.000000000000000000,0.061846153846153846
0.538000000000000000,0.538000000000000000,1.300000000000000000,20000.000000000000000000,8276.923076923076923076,0.000000000000000000,0.000000000000000000,20000.000000000000000000,8276.923076923076923076,0.000000000000000000,0.062076923076923076
0.540000000000000000,0.540000000000000000,1.300000000000000000,20000.000000000000000000,8307.692307692307692307,0.000000000000000000,0.000000000000000000,20000.000000000000000000,8307.692307692307692307,0.000000000000000000,0.062307692307692307
0.542000000000000000,0.542000000000000000,1.300000000000000000,20000.000000000000000000,8338.461538461538461538,0.000000000000000000,0.000000000000000000,20000.000000000000000000,8338.461538461538461538,0.000000000000000000,0.062538461538461538
0.544000000000000000,0.544000000000000000,1.300000000000000000,20000.000000000000000000,8369.230769230769230769,0.000000000000000000,0.000000000000000000,20000.000000000000000000,8369.230769230769230769,0.000000000000000000,0.062769230769230769
0.546000000000000000,0.546000000000000000,1.300000000000000000,20000.000000000000000000,8400.000000000000000000,0.000000000000000000,0.000000000000000000,20000.000000000000000000,8400.000000000000000000,0.000000000000000000,0.063000000000000000
0.548000000000000000,0.548000000000000000,1.300000000000000000,20000.000000000000000000,8430.769230769230769230,0.000000000000000000,0.000000000000000000,20000.000000000000000000,8430.769230769230769230,0.000000000000000000,0.063230769230769230
0.550000000000000000,0.550000000000000000,1.300000000000000000,20000.000000000000000000,8461.538461538461538461,0.000000000000000000,0.000000000000000000,20000.000000000000000000,8461.538461538461538461,0.000000000000000000,0.063461538461538461
0.552000000000000000,0.552000000000000000,1.300000000000000000,20000.000000000000000000,8492.307692307692307692,0.000000000000000000,0.000000000000000000,20000.000000000000000000,8492.307692307692307692,0.000000000000000000,0.063692307692307692
0.554000000000000000,0.554000000000000000,1.300000000000000000,20000.000000000000000000,8523.076923076923076923,0.000000000000000000,0.000000000000000000,20000.000000000000000000,8523.076923076923076923,0.000000000000000000,0.063923076923076923
0.556000000000000000,0.556000000000000000,1.300000000000000000,20000.000000000000000000,8553.846153846153846153,0.000000000000000000,0.000000000000000000,20000.000000000000000000,8553.846153846153846153,0.000000000000000000,0.064153846153846153
0.558000000000000000,0.558000000000000000,1.300000000000000000,20000.000000000000000000,8584.615384615384615384,0.000000000000000000,0.000000000000000000,20000.000000000000000000,8584.615384615384615384,0.000000000000000000,0.064384615384615384
0.560000000000000000,0.560000000000000000,1.300000000000000000,20000.000000000000000000,8615.384615384615384615,0.000000000000000000,0.000000000000000000,20000.000000000000000000,8615.384615384615384615,0.000000000000000000,0.064615384615384615
0.562000000000000000,0.562000000000000000,1.300000000000000000,20000.000000000000000000,8646.153846153846153846,0.000000000000000000,0.000000000000000000,20000.000000000000000000,8646.153846153846153846,0.000000000000000000,0.064846153846153846
0.564000000000000000,0.564000000000000000,1.300000000000000000,20000.000000000000000000,8676.923076923076923076,0.000000000000000000,0.000000000000000000,20000.000000000000000000,8676.923076923076923076,0.000000000000000000,0.065076923076923076
0.566000000000000000,0.566000000000000000,1.300000000000000000,20000.000000000000000000,8707.692307692307692307,0.000000000000000000,0.000000000000000000,20000.000000000000000000,8707.692307692307692307,0.000000000000000000,0.065307692307692307
0.568000000000000000,0.568000000000000000,1.300000000000000000,20000.000000000000000000,8738.461538461538461538,0.000000000000000000,0.000000000000000000,20000.000000000000000000,8738.461538461538461538,0.000000000000000000,0.065538461538461538
0.570000000000000000,0.570000000000000000,1.300000000000000000,20000.000000000000000000,8769.230769230769230769,0.000000000000000000,0.000000000000000000,20000.000000000000000000,8769.230769230769230769,0.000000000000000000,0.065769230769230769
0.572000000000000000,0.572000000000000000,1.300000000000000000,20000.000000000000000000,8800.000000000000000000,0.000000000000000000,0.000000000000000000,20000.000000000000000000,8800.000000000000000000,0.000000000000000000,0.066000000000000000
0.574000000000000000,0.574000000000000000,1.300000000000000000,20000.000000000000000000,8830.769230769230769230,0.000000000000000000,0.000000000000000000,20000.000000000000000000,8830.769230769230769230,0.000000000000000000,0.066230769230769230
0.576000000000000000,0.576000000000000000,1.300000000000000000,20000.000000000000000000,8861.538461538461538461,0.000000000000000000,0.000000000000000000,20000.000000000000000000,8861.538461538461538461,0.000000000000000000,0.066461538461538461
0.578000000000000000,0.578000000000000000,1.300000000000000000,20000.000000000000000000,8892.307692307692307692,0.000000000000000000,0.000000000000000000,20000.000000000000000000,8892.307692307692307692,0.000000000000000000,0.066692307692307692
0.580000000000000000,0.580000000000000000,1.300000000000000000,20000.000000000000000000,8923.076923076923076923,0.000000000000000000,0.000000000000000000,20000.000000000000000000,8923.076923076923076923,0.000000000000000000,0.066923076923076923
0.582000000000000000,0.582000000000000000,1.300000000000000000,20000.000000000000000000,8953.846153846153846153,0.000000000000000000,0.000000000000000000,20000.000000000000000000,8953.846153846153846153,0.000000000000000000,0.067153846153846153
0.584000000000000000,0.584000000000000000,1.300000000000000000,20000.000000000000000000,8984.615384615384615384,0.000000000000000000,0.000000000000000000,20000.000000000000000000,8984.615384615384615384,0.000000000000000000,0.067384615384615384
0.586000000000000000,0.586000000000000000,1.300000000000000000,20000.000000000000000000,9015.384615384615384615,0.000000000000000000,0.000000000000000000,20000.000000000000000000,9015.384615384615384615,0.000000000000000000,0.067615384615384615
0.588000000000000000,0.588000000000000000,1.300000000000000000,20000.000000000000000000,9046.153846153846153846,0.000000000000000000,0.000000000000000000,20000.000000000000000000,9046.153846153846153846,0.000000000000000000,0.067846153846153846
0.590000000000000000,0.590000000000000000,1.300000000000000000,20000.000000000000000000,9076.923076923076923076,0.000000000000000000,0.000000000000000000,20000.000000000000000000,9076.923076923076923076,0.000000000000000000,0.068076923076923076
0.592000000000000000,0.592000000000000000,1.300000000000000000,20000.000000000000000000,9107.692307692307692307,0.000000000000000000,0.000000000000000000,20000.000000000000000000,9107.692307692307692307,0.000000000000000000,0.068307692307692307
0.594000000000000000,0.594000000000000000,1.300000000000000000,20000.000000000000000000,9138.461538461538461538,0.000000000000000000,0.000000000000000000,20000.000000000000000000,9138.461538461538461538,0.000000000000000000,0.068538461538461538
0.596000000000000000,0.596000000000000000,1.300000000000000000,20000.000000000000000000,9169.230769230769230769,0.000000000000000000,0.000000000000000000,20000.000000000000000000,9169.230769230769230769,0.000000000000000000,0.068769230769230769
0.598000000000000000,0.598000000000000000,1.300000000000000000,20000.000000000000000000,9200.000000000000000000,0.000000000000000000,0.000000000000000000,20000.000000000000000000,9200.000000000000000000,0.000000000000000000,0.069000000000000000
0.600000000000000000,0.600000000000000000,1.300000000000000000,20000.000000000000000000,9230.769230769230769230,0.000000000000000000,0.000000000000000000,20000.000000000000000000,9230.769230769230769230,0.000000000000000000,0.069230769230769230
0.602000000000000000,0.602000000000000000,1.300000000000000000,20000.000000000000000000,9261.538461538461538461,0.000000000000000000,0.000000000000000000,20000.000000000000000000,9261.538461538461538461,0.000000000000000000,0.069461538461538461
0.604000000000000000,0.604000000000000000,1.300000000000000000,20000.000000000000000000,9292.307692307692307692,0.000000000000000000,0.000000000000000000,20000.000000000000000000,9292.307692307692307692,0.000000000000000000,0.069692307692307692
0.606000000000000000,0.606000000000000000,1.300000000000000000,20000.000000000000000000,9323.076923076923076923,0.000000000000000000,0.000000000000000000,20000.000000000000000000,9323.076923076923076923,0.000000000000000000,0.069923076923076923
0.608000000000000000,0.608000000000000000,1.300000000000000000,20000.000000000000000000,9353.846153846153846153,0.000000000000000000,0.000000000000000000,20000.000000000000000000,9353.846153846153846153,0.000000000000000000,0.070153846153846153
0.610000000000000000,0.610000000000000000,1.300000000000000000,20000.000000000000000000,9384.615384615384615384,0.000000000000000000,0.000000000000000000,20000.000000000000000000,9384.615384615384615384,0.000000000000000000,0.070384615384615384
0.612000000000000000,0.612000000000000000,1.300000000000000000,20000.000000000000000000,9415.384615384615384615,0.000000000000000000,0.000000000000000000,20000.000000000000000000,9415.384615384615384615,0.000000000000000000,0.070615384615384615
0.614000000000000000,0.614000000000000000,1.300000000000000000,20000.000000000000000000,9446.153846153846153846,0.000000000000000000,0.000000000000000000,20000.000000000000000000,9446.153846153846153846,0.000000000000000000,0.070846153846153846
0.616000000000000000,0.616000000000000000,1.300000000000000000,20000.000000000000000000,9476.923076923076923076,0.000000000000000000,0.000000000000000000,20000.000000000000000000,9476.923076923076923076,0.000000000000000000,0.071076923076923076
0.618000000000000000,0.618000000000000000,1.300000000000000000,20000.000000000000000000,9507.692307692307692307,0.000000000000000000,0.000000000000000000,20000.000000000000000000,9507.692307692307692307,0.000000000000000000,0.071307692307692307
0.620000000000000000,0.620000000000000000,1.300000000000000000,20000.000000000000000000,9538.461538461538461538,0.000000000000000000,0.000000000000000000,20000.000000000000000000,9538.461538461538461538,0.000000000000000000,0.071538461538461538
0.622000000000000000,0.622000000000000000,1.300000000000000000,20000.000000000000000000,9569.230769230769230769,0.000000000000000000,0.000000000000000000,20000.000000000000000000,9569.230769230769230769,0.000000000000000000,0.071769230769230769
0.624000000000000000,0.624000000000000000,1.300000000000000000,20000.000000000000000000,9600.000000000000000000,0.000000000000000000,0.000000000000000000,20000.000000000000000000,9600.000000000000000000,0.000000000000000000,0.072000000000000000
0.626000000000000000,0.626000000000000000,1.300000000000000000,20000.000000000000000000,9630.769230769230769230,0.000000000000000000,0.000000000000000000,20000.000000000000000000,9630.769230769230769230,0.000000000000000000,0.072230769230769230
0.628000000000000000,0.628000000000000000,1.300000000000000000,20000.000000000000000000,9661.538461538461538461,0.000000000000000000,0.000000000000000000,20000.000000000000000000,9661.538461538461538461,0.000000000000000000,0.072461538461538461
0.630000000000000000,0.630000000000000000,1.300000000000000000,20000.000000000000000000,9692.307692307692307692,0.000000000000000000,0.000000000000000000,20000.000000000000000000,9692.307692307692307692,0.000000000000000000,0.072692307692307692
0.632000000000000000,0.632000000000000000,1.300000000000000000,20000.000000000000000000,9723.076923076923076923,0.000000000000000000,0.000000000000000000,20000.000000000000000000,9723.076923076923076923,0.000000000000000000,0.072923076923076923
0.634000000000000000,0.634000000000000000,1.300000000000000000,20000.000000000000000000,9753.846153846153846153,0.000000000000000000,0.000000000000000000,20000.000000000000000000,9753.846153846153846153,0.000000000000000000,0.073153846153846153
0.636000000000000000,0.636000000000000000,1.300000000000000000,20000.000000000000000000,9784.615384615384615384,0.000000000000000000,0.000000000000000000,20000.000000000000000000,9784.615384615384615384,0.000000000000000000,0.073384615384615384
0.638000000000000000,0.638000000000000000,1.300000000000000000,20000.000000000000000000,9815.384615384615384615,0.000000000000000000,0.000000000000000000,20000.000000000000000000,9815.384615384615384615,0.000000000000000000,0.073615384615384615
0.640000000000000000,0.640000000000000000,1.300000000000000000,20000.000000000000000000,9846.153846153846153846,0.000000000000000000,0.000000000000000000,20000.000000000000000000,9846.153846153846153846,0.000000000000000000,0.073846153846153846
0.642000000000000000,0.642000000000000000,1.300000000000000000,20000.000000000000000000,9876.923076923076923076,0.000000000000000000,0.000000000000000000,20000.000000000000000000,9876.923076923076923076,0.000000000000000000,0.074076923076923076
0.644000000000000000,0.644000000000000000,1.300000000000000000,20000.000000000000000000,9907.692307692307692307,0.000000000000000000,0.000000000000000000,20000.000000000000000000,9907.692307692307692307,0.000000000000000000,0.074307692307692307
0.646000000000000000,0.646000000000000000,1.300000000000000000,20000.000000000000000000,9938.461538461538461538,0.000000000000000000,0.000000000000000000,20000.000000000000000000,9938.461538461538461538,0.000000000000000000,0.074538461538461538
0.648000000000000000,0.648000000000000000,1.300000000000000000,20000.000000000000000000,9969.230769230769230769,0.000000000000000000,0.000000000000000000,20000.000000000000000000,9969.230769230769230769,0.000000000000000000,0.074769230769230769
0.650000000000000000,0.650000000000000000,1.300000000000000000,20000.000000000000000000,10000.000000000000000000,0.000000000000000000,0.000000000000000000,20000.000000000000000000,10000.000000000000000000,0.000000000000000000,0.075000000000000000
0.652000000000000000,0.652000000000000000,1.300000000000000000,20000.000000000000000000,10030.769230769230769230,0.000000000000000000,0.000000000000000000,20000.000000000000000000,10030.769230769230769230,0.000000000000000000,0.075230769230769230
0.654000000000000000,0.654000000000000000,1.300000000000000000,20000.000000000000000000,10061.538461538461538461,0.000000000000000000,0.000000000000000000,20000.000000000000000000,10061.538461538461538461,0.000000000000000000,0.075461538461538461
0.656000000000000000,0.656000000000000000,1.300000000000000000,20000.000000000000000000,10092.307692307692307692,0.000000000000000000,0.000000000000000000,20000.000000000000000000,10092.307692307692307692,0.000000000000000000,0.075692307692307692
0.658000000000000000,0.658000000000000000,1.300000000000000000,20000.000000000000000000,10123.076923076923076923,0.000000000000000000,0.000000000000000000,20000.000000000000000000,10123.076923076923076923,0.000000000000000000,0.075923076923076923
0.660000000000000000,0.660000000000000000,1.300000000000000000,20000.000000000000000000,10153.846153846153846153,0.000000000000000000,0.000000000000000000,20000.000000000000000000,10153.846153846153846153,0.000000000000000000,0.076153846153846153
0.662000000000000000,0.662000000000000000,1.300000000000000000,20000.000000000000000000,10184.615384615384615384,0.000000000000000000,0.000000000000000000,20000.000000000000000000,10184.615384615384615384,0.000000000000000000,0.076384615384615384
0.664000000000000000,0.664000000000000000,1.300000000000000000,20000.000000000000000000,10215.384615384615384615,0.000000000000000000,0.000000000000000000,20000.000000000000000000,10215.384615384615384615,0.000000000000000000,0.076615384615384615
0.666000000000000000,0.666000000000000000,1.300000000000000000,20000.000000000000000000,10246.153846153846153846,0.000000000000000000,0.000000000000000000,20000.000000000000000000,10246.153846153846153846,0.000000000000000000,0.076846153846153846
0.668000000000000000,0.668000000000000000,1.300000000000000000,20000.000000000000000000,10276.923076923076923076,0.000000000000000000,0.000000000000000000,20000.000000000000000000,10276.923076923076923076,0.000000000000000000,0.077076923076923076
0.670000000000000000,0.670000000000000000,1.300000000000000000,20000.000000000000000000,10307.692307692307692307,0.000000000000000000,0.000000000000000000,20000.000000000000000000,10307.692307692307692307,0.000000000000000000,0.077307692307692307
0.672000000000000000,0.672000000000000000,1.300000000000000000,20000.000000000000000000,10338.461538461538461538,0.000000000000000000,0.000000000000000000,20000.000000000000000000,10338.461538461538461538,0.000000000000000000,0.077538461538461538
0.674000000000000000,0.674000000000000000,1.300000000000000000,20000.000000000000000000,10369.230769230769230769,0.000000000000000000,0.000000000000000000,20000.000000000000000000,10369.230769230769230769,0.000000000000000000,0.077769230769230769
0.676000000000000000,0.676000000000000000,1.300000000000000000,20000.000000000000000000,10400.000000000000000000,0.000000000000000000,0.000000000000000000,20000.000000000000000000,10400.000000000000000000,0.000000000000000000,0.078000000000000000
0.678000000000000000,0.678000000000000000,1.300000000000000000,20000.000000000000000000,10430.769230769230769230,0.000000000000000000,0.000000000000000000,20000.000000000000000000,10430.769230769230769230,0.000000000000000000,0.078230769230769230
0.680000000000000000,0.680000000000000000,1.300000000000000000,20000.000000000000000000,10461.538461538461538461,0.000000000000000000,0.000000000000000000,20000.000000000000000000,10461.538461538461538461,0.000000000000000000,0.078461538461538461
0.682000000000000000,0.682000000000000000,1.300000000000000000,20000.000000000000000000,10492.307692307692307692,0.000000000000000000,0.000000000000000000,20000.000000000000000000,10492.307692307692307692,0.000000000000000000,0.078692307692307692
0.684000000000000000,0.684000000000000000,1.300000000000000000,20000.000000000000000000,10523.076923076923076923,0.000000000000000000,0.000000000000000000,20000.000000000000000000,10523.076923076923076923,0.000000000000000000,0.078923076923076923
0.686000000000000000,0.686000000000000000,1.300000000000000000,20000.000000000000000000,10553.846153846153846153,0.000000000000000000,0.000000000000000000,20000.000000000000000000,10553.846153846153846153,0.000000000000000000,0.079153846153846153
0.688000000000000000,0.688000000000000000,1.300000000000000000,20000.000000000000000000,10584.615384615384615384,0.000000000000000000,0.000000000000000000,20000.000000000000000000,10584.615384615384615384,0.000000000000000000,0.079384615384615384
0.690000000000000000,0.690000000000000000,1.300000000000000000,20000.000000000000000000,10615.384615384615384615,0.000000000000000000,0.000000000000000000,20000.000000000000000000,10615.384615384615384615,0.000000000000000000,0.079615384615384615
0.692000000000000000,0.692000000000000000,1.300000000000000000,20000.000000000000000000,10646.153846153846153846,0.000000000000000000,0.000000000000000000,20000.000000000000000000,10646.153846153846153846,0.000000000000000000,0.079846153846153846
0.694000000000000000,0.694000000000000000,1.300000000000000000,20000.000000000000000000,10676.923076923076923076,0.000000000000000000,0.000000000000000000,20000.000000000000000000,10676.923076923076923076,0.000000000000000000,0.080076923076923076
0.696000000000000000,0.696000000000000000,1.300000000000000000,20000.000000000000000000,10707.692307692307692307,0.000000000000000000,0.000000000000000000,20000.000000000000000000,10707.692307692307692307,0.000000000000000000,0.080307692307692307
0.698000000000000000,0.698000000000000000,1.300000000000000000,20000.000000000000000000,10738.461538461538461538,0.000000000000000000,0.000000000000000000,20000.000000000000000000,10738.461538461538461538,0.000000000000000000,0.080538461538461538
0.700000000000000000,0.700000000000000000,1.300000000000000000,20000.000000000000000000,10769.230769230769230769,0.000000000000000000,0.000000000000000000,20000.000000000000000000,10769.230769230769230769,0.000000000000000000,0.080769230769230769
0.702000000000000000,0.702000000000000000,1.300000000000000000,20000.000000000000000000,10800.000000000000000000,0.000000000000000000,0.000000000000000000,20000.000000000000000000,10800.000000000000000000,0.000000000000000000,0.081000000000000000
0.704000000000000000,0.704000000000000000,1.300000000000000000,20000.000000000000000000,10830.769230769230769230,0.000000000000000000,0.000000000000000000,20000.000000000000000000,10830.769230769230769230,0.000000000000000000,0.081230769230769230
0.706000000000000000,0.706000000000000000,1.300000000000000000,20000.000000000000000000,10861.538461538461538461,0.000000000000000000,0.000000000000000000,20000.000000000000000000,10861.538461538461538461,0.000000000000000000,0.081461538461538461
0.708000000000000000,0.708000000000000000,1.300000000000000000,20000.000000000000000000,10892.307692307692307692,0.000000000000000000,0.000000000000000000,20000.000000000000000000,10892.307692307692307692,0.000000000000000000,0.081692307692307692
0.710000000000000000,0.710000000000000000,1.300000000000000000,20000.000000000000000000,10923.076923076923076923,0.000000000000000000,0.000000000000000000,20000.000000000000000000,10923.076923076923076923,0.000000000000000000,0.081923076923076923
0.712000000000000000,0.712000000000000000,1.300000000000000000,20000.000000000000000000,10953.846153846153846153,0.000000000000000000,0.000000000000000000,20000.000000000000000000,10953.846153846153846153,0.000000000000000000,0.082153846153846153
0.714000000000000000,0.714000000000000000,1.300000000000000000,20000.000000000000000000,10984.615384615384615384,0.000000000000000000,0.000000000000000000,20000.000000000000000000,10984.615384615384615384,0.000000000000000000,0.082384615384615384
0.716000000000000000,0.716000000000000000,1.300000000000000000,20000.000000000000000000,11015.384615384615384615,0.000000000000000000,0.000000000000000000,20000.000000000000000000,11015.384615384615384615,0.000000000000000000,0.082615384615384615
0.718000000000000000,0.718000000000000000,1.300000000000000000,20000.000000000000000000,11046.153846153846153846,0.000000000000000000,0.000000000000000000,20000.000000000000000000,11046.153846153846153846,0.000000000000000000,0.082846153846153846
0.720000000000000000,0.720000000000000000,1.300000000000000000,20000.000000000000000000,11076.923076923076923076,0.000000000000000000,0.000000000000000000,20000.000000000000000000,11076.923076923076923076,0.000000000000000000,0.083076923076923076
0.722000000000000000,0.722000000000000000,1.300000000000000000,20000.000000000000000000,11107.692307692307692307,0.000000000000000000,0.000000000000000000,20000.000000000000000000,11107.692307692307692307,0.000000000000000000,0.083307692307692307
0.724000000000000000,0.724000000000000000,1.300000000000000000,20000.000000000000000000,11138.461538461538461538,0.000000000000000000,0.000000000000000000,20000.000000000000000000,11138.461538461538461538,0.000000000000000000,0.083538461538461538
0.726000000000000000,0.726000000000000000,1.300000000000000000,20000.000000000000000000,11169.230769230769230769,0.000000000000000000,0.000000000000000000,20000.000000000000000000,11169.230769230769230769,0.000000000000000000,0.083769230769230769
0.728000000000000000,0.728000000000000000,1.300000000000000000,20000.000000000000000000,11200.000000000000000000,0.000000000000000000,0.000000000000000000,20000.000000000000000000,11200.000000000000000000,0.000000000000000000,0.084000000000000000
0.730000000000000000,0.730000000000000000,1.300000000000000000,20000.000000000000000000,11230.769230769230769230,0.000000000000000000,0.000000000000000000,20000.000000000000000000,11230.769230769230769230,0.000000000000000000,0.084230769230769230
0.732000000000000000,0.732000000000000000,1.300000000000000000,20000.000000000000000000,11261.538461538461538461,0.000000000000000000,0.000000000000000000,20000.000000000000000000,11261.538461538461538461,0.000000000000000000,0.084461538461538461
0.734000000000000000,0.734000000000000000,1.300000000000000000,20000.000000000000000000,11292.307692307692307692,0.000000000000000000,0.000000000000000000,20000.000000000000000000,11292.307692307692307692,0.000000000000000000,0.084692307692307692
0.736000000000000000,0.736000000000000000,1.300000000000000000,20000.000000000000000000,11323.076923076923076923,0.000000000000000000,0.000000000000000000,20000.000000000000000000,11323.076923076923076923,0.000000000000000000,0.084923076923076923
0.738000000000000000,0.738000000000000000,1.300000000000000000,20000.000000000000000000,11353.846153846153846153,0.000000000000000000,0.000000000000000000,20000.000000000000000000,11353.846153846153846153,0.000000000000000000,0.085153846153846153
0.740000000000000000,0.740000000000000000,1.300000000000000000,20000.000000000000000000,11384.615384615384615384,0.000000000000000000,0.000000000000000000,20000.000000000000000000,11384.615384615384615384,0.000000000000000000,0.085384615384615384
0.742000000000000000,0.742000000000000000,1.300000000000000000,20000.000000000000000000,11415.384615384615384615,0.000000000000000000,0.000000000000000000,20000.000000000000000000,11415.384615384615384615,0.000000000000000000,0.085615384615384615
0.744000000000000000,0.744000000000000000,1.300000000000000000,20000.000000000000000000,11446.153846153846153846,0.000000000000000000,0.000000000000000000,20000.000000000000000000,11446.153846153846153846,0.000000000000000000,0.085846153846153846
0.746000000000000000,0.746000000000000000,1.300000000000000000,20000.000000000000000000,11476.923076923076923076,0.000000000000000000,0.000000000000000000,20000.000000000000000000,11476.923076923076923076,0.000000000000000000,0.086076923076923076
0.748000000000000000,0.748000000000000000,1.300000000000000000,20000.000000000000000000,11507.692307692307692307,0.000000000000000000,0.000000000000000000,20000.000000000000000000,11507.692307692307692307,0.000000000000000000,0.086307692307692307
0.750000000000000000,0.750000000000000000,1.300000000000000000,20000.000000000000000000,11538.461538461538461538,0.000000000000000000,0.000000000000000000,20000.000000000000000000,11538.461538461538461538,0.000000000000000000,0.086538461538461538
0.752000000000000000,0.752000000000000000,1.300000000000000000,20000.000000000000000000,11569.230769230769230769,0.000000000000000000,0.000000000000000000,20000.000000000000000000,11569.230769230769230769,0.000000000000000000,0.086769230769230769
0.754000000000000000,0.754000000000000000,1.300000000000000000,20000.000000000000000000,11600.000000000000000000,0.000000000000000000,0.000000000000000000,20000.000000000000000000,11600.000000000000000000,0.000000000000000000,0.087000000000000000
0.756000000000000000,0.756000000000000000,1.300000000000000000,20000.000000000000000000,11630.769230769230769230,0.000000000000000000,0.000000000000000000,20000.000000000000000000,11630.769230769230769230,0.000000000000000000,0.087230769230769230
0.758000000000000000,0.758000000000000000,1.300000000000000000,20000.000000000000000000,11661.538461538461538461,0.000000000000000000,0.000000000000000000,20000.000000000000000000,11661.538461538461538461,0.000000000000000000,0.087461538461538461
0.760000000000000000,0.760000000000000000,1.300000000000000000,20000.000000000000000000,11692.307692307692307692,0.000000000000000000,0.000000000000000000,20000.000000000000000000,11692.307692307692307692,0.000000000000000000,0.087692307692307692
0.762000000000000000,0.762000000000000000,1.300000000000000000,20000.000000000000000000,11723.076923076923076923,0.000000000000000000,0.000000000000000000,20000.000000000000000000,11723.076923076923076923,0.000000000000000000,0.087923076923076923
0.764000000000000000,0.764000000000000000,1.300000000000000000,20000.000000000000000000,11753.846153846153846153,0.000000000000000000,0.000000000000000000,20000.000000000000000000,11753.846153846153846153,0.000000000000000000,0.088153846153846153
0.766000000000000000,0.766000000000000000,1.300000000000000000,20000.000000000000000000,11784.615384615384615384,0.000000000000000000,0.000000000000000000,20000.000000000000000000,11784.615384615384615384,0.000000000000000000,0.088384615384615384
0.768000000000000000,0.768000000000000000,1.300000000000000000,20000.000000000000000000,11815.384615384615384615,0.000000000000000000,0.000000000000000000,20000.000000000000000000,11815.384615384615384615,0.000000000000000000,0.088615384615384615
0.770000000000000000,0.770000000000000000,1.300000000000000000,20000.000000000000000000,11846.153846153846153846,0.000000000000000000,0.000000000000000000,20000.000000000000000000,11846.153846153846153846,0.000000000000000000,0.088846153846153846
0.772000000000000000,0.772000000000000000,1.300000000000000000,20000.000000000000000000,11876.923076923076923076,0.000000000000000000,0.000000000000000000,20000.000000000000000000,11876.923076923076923076,0.000000000000000000,0.089076923076923076
0.774000000000000000,0.774000000000000000,1.300000000000000000,20000.000000000000000000,11907.692307692307692307,0.000000000000000000,0.000000000000000000,20000.000000000000000000,11907.692307692307692307,0.000000000000000000,0.089307692307692307
0.776000000000000000,0.776000000000000000,1.300000000000000000,20000.000000000000000000,11938.461538461538461538,0.000000000000000000,0.000000000000000000,20000.000000000000000000,11938.461538461538461538,0.000000000000000000,0.089538461538461538
0.778000000000000000,0.778000000000000000,1.300000000000000000,20000.000000000000000000,11969.230769230769230769,0.000000000000000000,0.000000000000000000,20000.000000000000000000,11969.230769230769230769,0.000000000000000000,0.089769230769230769
0.780000000000000000,0.780000000000000000,1.300000000000000000,20000.000000000000000000,12000.000000000000000000,0.000000000000000000,0.000000000000000000,20000.000000000000000000,12000.000000000000000000,0.000000000000000000,0.090000000000000000
0.782000000000000000,0.782000000000000000,1.300000000000000000,20000.000000000000000000,12030.769230769230769230,0.000000000000000000,0.000000000000000000,20000.000000000000000000,12030.769230769230769230,0.000000000000000000,0.090230769230769230
0.784000000000000000,0.784000000000000000,1.300000000000000000,20000.000000000000000000,12061.538461538461538461,0.000000000000000000,0.000000000000000000,20000.000000000000000000,12061.538461538461538461,0.000000000000000000,0.090461538461538461
0.786000000000000000,0.786000000000000000,1.300000000000000000,20000.000000000000000000,12092.307692307692307692,0.000000000000000000,0.000000000000000000,20000.000000000000000000,12092.307692307692307692,0.000000000000000000,0.090692307692307692
0.788000000000000000,0.788000000000000000,1.300000000000000000,20000.000000000000000000,12123.076923076923076923,0.000000000000000000,0.000000000000000000,20000.000000000000000000,12123.076923076923076923,0.000000000000000000,0.090923076923076923
0.790000000000000000,0.790000000000000000,1.300000000000000000,20000.000000000000000000,12153.846153846153846153,0.000000000000000000,0.000000000000000000,20000.000000000000000000,12153.846153846153846153,0.000000000000000000,0.091153846153846153
0.792000000000000000,0.792000000000000000,1.300000000000000000,20000.000000000000000000,12184.615384615384615384,0.000000000000000000,0.000000000000000000,20000.000000000000000000,12184.615384615384615384,0.000000000000000000,0.091384615384615384
0.794000000000000000,0.794000000000000000,1.300000000000000000,20000.000000000000000000,12215.384615384615384615,0.000000000000000000,0.000000000000000000,20000.000000000000000000,12215.384615384615384615,0.000000000000000000,0.091615384615384615
0.796000000000000000,0.796000000000000000,1.300000000000000000,20000.000000000000000000,12246.153846153846153846,0.000000000000000000,0.000000000000000000,20000.000000000000000000,12246.153846153846153846,0.000000000000000000,0.091846153846153846
0.798000000000000000,0.798000000000000000,1.300000000000000000,20000.000000000000000000,12276.923076923076923076,0.000000000000000000,0.000000000000000000,20000.000000000000000000,12276.923076923076923076,0.000000000000000000,0.092076923076923076
0.800000000000000000,0.800000000000000000,1.300000000000000000,20000.000000000000000000,12307.692307692307692307,0.000000000000000000,0.000000000000000000,20000.000000000000000000,12307.692307692307692307,0.000000000000000000,0.092307692307692307
0.802000000000000000,0.802000000000000000,1.300000000000000000,20000.000000000000000000,12338.461538461538461538,0.000000000000000000,0.000000000000000000,20000.000000000000000000,12338.461538461538461538,0.000000000000000000,0.092538461538461538
0.804000000000000000,0.804000000000000000,1.300000000000000000,20000.000000000000000000,12369.230769230769230769,0.000000000000000000,0.000000000000000000,20000.000000000000000000,12369.230769230769230769,0.000000000000000000,0.092769230769230769
0.806000000000000000,0.806000000000000000,1.300000000000000000,20000.000000000000000000,12400.000000000000000000,0.000000000000000000,0.000000000000000000,20000.000000000000000000,12400.000000000000000000,0.000000000000000000,0.093000000000000000
0.808000000000000000,0.808000000000000000,1.300000000000000000,20000.000000000000000000,12430.769230769230769230,0.000000000000000000,0.000000000000000000,20000.000000000000000000,12430.769230769230769230,0.000000000000000000,0.093230769230769230
0.810000000000000000,0.810000000000000000,1.300000000000000000,20000.000000000000000000,12461.538461538461538461,0.000000000000000000,0.000000000000000000,20000.000000000000000000,12461.538461538461538461,0.000000000000000000,0.093461538461538461
0.812000000000000000,0.812000000000000000,1.300000000000000000,20000.000000000000000000,12492.307692307692307692,0.000000000000000000,0.000000000000000000,20000.000000000000000000,12492.307692307692307692,0.000000000000000000,0.093692307692307692
0.814000000000000000,0.814000000000000000,1.300000000000000000,20000.000000000000000000,12523.076923076923076923,0.000000000000000000,0.000000000000000000,20000.000000000000000000,12523.076923076923076923,0.000000000000000000,0.093923076923076923
0.816000000000000000,0.816000000000000000,1.300000000000000000,20000.000000000000000000,12553.846153846153846153,0.000000000000000000,0.000000000000000000,20000.000000000000000000,12553.846153846153846153,0.000000000000000000,0.094153846153846153
0.818000000000000000,0.818000000000000000,1.300000000000000000,20000.000000000000000000,12584.615384615384615384,0.000000000000000000,0.000000000000000000,20000.000000000000000000,12584.615384615384615384,0.000000000000000000,0.094384615384615384
0.820000000000000000,0.820000000000000000,1.300000000000000000,20000.000000000000000000,12615.384615384615384615,0.000000000000000000,0.000000000000000000,20000.000000000000000000,12615.384615384615384615,0.000000000000000000,0.094615384615384615
0.822000000000000000,0.822000000000000000,1.300000000000000000,20000.000000000000000000,12646.153846153846153846,0.000000000000000000,0.000000000000000000,20000.000000000000000000,12646.153846153846153846,0.000000000000000000,0.094846153846153846
0.824000000000000000,0.824000000000000000,1.300000000000000000,20000.000000000000000000,12676.923076923076923076,0.000000000000000000,0.000000000000000000,20000.000000000000000000,12676.923076923076923076,0.000000000000000000,0.095076923076923076
0.826000000000000000,0.826000000000000000,1.300000000000000000,20000.000000000000000000,12707.692307692307692307,0.000000000000000000,0.000000000000000000,20000.000000000000000000,12707.692307692307692307,0.000000000000000000,0.095307692307692307
0.828000000000000000,0.828000000000000000,1.300000000000000000,20000.000000000000000000,12738.461538461538461538,0.000000000000000000,0.000000000000000000,20000.000000000000000000,12738.461538461538461538,0.000000000000000000,0.095538461538461538
0.830000000000000000,0.830000000000000000,1.300000000000000000,20000.000000000000000000,12769.230769230769230769,0.000000000000000000,0.000000000000000000,20000.000000000000000000,12769.230769230769230769,0.000000000000000000,0.095769230769230769
0.832000000000000000,0.832000000000000000,1.300000000000000000,20000.000000000000000000,12800.000000000000000000,0.000000000000000000,0.000000000000000000,20000.000000000000000000,12800.000000000000000000,0.000000000000000000,0.096000000000000000
0.834000000000000000,0.834000000000000000,1.300000000000000000,20000.000000000000000000,12830.769230769230769230,0.000000000000000000,0.000000000000000000,20000.000000000000000000,12830.769230769230769230,0.000000000000000000,0.096230769230769230
0.836000000000000000,0.836000000000000000,1.300000000000000000,20000.000000000000000000,12861.538461538461538461,0.000000000000000000,0.000000000000000000,20000.000000000000000000,12861.538461538461538461,0.000000000000000000,0.096461538461538461
0.838000000000000000,0.838000000000000000,1.300000000000000000,20000.000000000000000000,12892.307692307692307692,0.000000000000000000,0.000000000000000000,20000.000000000000000000,12892.307692307692307692,0.000000000000000000,0.096692307692307692
0.840000000000000000,0.840000000000000000,1.300000000000000000,20000.000000000000000000,12923.076923076923076923,0.000000000000000000,0.000000000000000000,20000.000000000000000000,12923.076923076923076923,0.000000000000000000,0.096923076923076923
0.842000000000000000,0.842000000000000000,1.300000000000000000,20000.000000000000000000,12953.846153846153846153,0.000000000000000000,0.000000000000000000,20000.000000000000000000,12953.846153846153846153,0.000000000000000000,0.097153846153846153
0.844000000000000000,0.844000000000000000,1.300000000000000000,20000.000000000000000000,12984.615384615384615384,0.000000000000000000,0.000000000000000000,20000.000000000000000000,12984.615384615384615384,0.000000000000000000,0.097384615384615384
0.846000000000000000,0.846000000000000000,1.300000000000000000,20000.000000000000000000,13015.384615384615384615,0.000000000000000000,0.000000000000000000,20000.000000000000000000,13015.384615384615384615,0.000000000000000000,0.097615384615384615
0.848000000000000000,0.848000000000000000,1.300000000000000000,20000.000000000000000000,13046.153846153846153846,0.000000000000000000,0.000000000000000000,20000.000000000000000000,13046.153846153846153846,0.000000000000000000,0.097846153846153846
0.850000000000000000,0.850000000000000000,1.300000000000000000,20000.000000000000000000,13076.923076923076923076,0.000000000000000000,0.000000000000000000,20000.000000000000000000,13076.923076923076923076,0.000000000000000000,0.098076923076923076
0.852000000000000000,0.852000000000000000,1.300000000000000000,20000.000000000000000000,13107.692307692307692307,0.000000000000000000,0.000000000000000000,20000.000000000000000000,13107.692307692307692307,0.000000000000000000,0.098307692307692307
0.854000000000000000,0.854000000000000000,1.300000000000000000,20000.000000000000000000,13138.461538461538461538,0.000000000000000000,0.000000000000000000,20000.000000000000000000,13138.461538461538461538,0.000000000000000000,0.098538461538461538
0.856000000000000000,0.856000000000000000,1.300000000000000000,20000.000000000000000000,13169.230769230769230769,0.000000000000000000,0.000000000000000000,20000.000000000000000000,13169.230769230769230769,0.000000000000000000,0.098769230769230769
0.858000000000000000,0.858000000000000000,1.300000000000000000,20000.000000000000000000,13200.000000000000000000,0.000000000000000000,0.000000000000000000,20000.000000000000000000,13200.000000000000000000,0.000000000000000000,0.099000000000000000
0.860000000000000000,0.860000000000000000,1.300000000000000000,20000.000000000000000000,13230.769230769230769230,0.000000000000000000,0.000000000000000000,20000.000000000000000000,13230.769230769230769230,0.000000000000000000,0.099230769230769230
0.862000000000000000,0.862000000000000000,1.300000000000000000,20000.000000000000000000,13261.538461538461538461,0.000000000000000000,0.000000000000000000,20000.000000000000000000,13261.538461538461538461,0.000000000000000000,0.099461538461538461
0.864000000000000000,0.864000000000000000,1.300000000000000000,20000.000000000000000000,13292.307692307692307692,0.000000000000000000,0.000000000000000000,20000.000000000000000000,13292.307692307692307692,0.000000000000000000,0.099692307692307692
0.866000000000000000,0.866000000000000000,1.300000000000000000,20000.000000000000000000,13323.076923076923076923,0.000000000000000000,0.000000000000000000,20000.000000000000000000,13323.076923076923076923,0.000000000000000000,0.099923076923076923
0.868000000000000000,0.868000000000000000,1.300000000000000000,20000.000000000000000000,13353.846153846153846153,0.000000000000000000,0.000000000000000000,20000.000000000000000000,13353.846153846153846153,0.000000000000000000,0.100153846153846153
0.870000000000000000,0.870000000000000000,1.300000000000000000,20000.000000000000000000,13384.615384615384615384,0.000000000000000000,0.000000000000000000,20000.000000000000000000,13384.615384615384615384,0.000000000000000000,0.100384615384615384
0.872000000000000000,0.872000000000000000,1.300000000000000000,20000.000000000000000000,13415.384615384615384615,0.000000000000000000,0.000000000000000000,20000.000000000000000000,13415.384615384615384615,0.000000000000000000,0.100615384615384615
0.874000000000000000,0.874000000000000000,1.300000000000000000,20000.000000000000000000,13446.153846153846153846,0.000000000000000000,0.000000000000000000,20000.000000000000000000,13446.153846153846153846,0.000000000000000000,0.100846153846153846
0.876000000000000000,0.876000000000000000,1.300000000000000000,20000.000000000000000000,13476.923076923076923076,0.000000000000000000,0.000000000000000000,20000.000000000000000000,13476.923076923076923076,0.000000000000000000,0.101076923076923076
0.878000000000000000,0.878000000000000000,1.300000000000000000,20000.000000000000000000,13507.692307692307692307,0.000000000000000000,0.000000000000000000,20000.000000000000000000,13507.692307692307692307,0.000000000000000000,0.101307692307692307
0.880000000000000000,0.880000000000000000,1.300000000000000000,20000.000000000000000000,13538.461538461538461538,0.000000000000000000,0.000000000000000000,20000.000000000000000000,13538.461538461538461538,0.000000000000000000,0.101538461538461538
0.882000000000000000,0.882000000000000000,1.300000000000000000,20000.000000000000000000,13569.230769230769230769,0.000000000000000000,0.000000000000000000,20000.000000000000000000,13569.230769230769230769,0.000000000000000000,0.101769230769230769
0.884000000000000000,0.884000000000000000,1.300000000000000000,20000.000000000000000000,13600.000000000000000000,0.000000000000000000,0.000000000000000000,20000.000000000000000000,13600.000000000000000000,0.000000000000000000,0.102000000000000000
0.886000000000000000,0.886000000000000000,1.300000000000000000,20000.000000000000000000,13630.769230769230769230,0.000000000000000000,0.000000000000000000,20000.000000000000000000,13630.769230769230769230,0.000000000000000000,0.102230769230769230
0.888000000000000000,0.888000000000000000,1.300000000000000000,20000.000000000000000000,13661.538461538461538461,0.000000000000000000,0.000000000000000000,20000.000000000000000000,13661.538461538461538461,0.000000000000000000,0.102461538461538461
0.890000000000000000,0.890000000000000000,1.300000000000000000,20000.000000000000000000,13692.307692307692307692,0.000000000000000000,0.000000000000000000,20000.000000000000000000,13692.307692307692307692,0.000000000000000000,0.102692307692307692
0.892000000000000000,0.892000000000000000,1.300000000000000000,20000.000000000000000000,13723.076923076923076923,0.000000000000000000,0.000000000000000000,20000.000000000000000000,13723.076923076923076923,0.000000000000000000,0.102923076923076923
0.894000000000000000,0.894000000000000000,1.300000000000000000,20000.000000000000000000,13753.846153846153846153,0.000000000000000000,0.000000000000000000,20000.000000000000000000,13753.846153846153846153,0.000000000000000000,0.103153846153846153
0.896000000000000000,0.896000000000000000,1.300000000000000000,20000.000000000000000000,13784.615384615384615384,0.000000000000000000,0.000000000000000000,20000.000000000000000000,13784.615384615384615384,0.000000000000000000,0.103384615384615384
0.898000000000000000,0.898000000000000000,1.300000000000000000,20000.000000000000000000,13815.384615384615384615,0.000000000000000000,0.000000000000000000,20000.000000000000000000,13815.384615384615384615,0.000000000000000000,0.103615384615384615
0.900000000000000000,0.900000000000000000,1.300000000000000000,20000.000000000000000000,13846.153846153846153846,0.000000000000000000,0.000000000000000000,20000.000000000000000000,13846.153846153846153846,0.000000000000000000,0.103846153846153846
0.902000000000000000,0.902000000000000000,1.300000000000000000,20000.000000000000000000,13876.923076923076923076,0.000000000000000000,0.000000000000000000,20000.000000000000000000,13876.923076923076923076,0.000000000000000000,0.104076923076923076
0.904000000000000000,0.904000000000000000,1.300000000000000000,20000.000000000000000000,13907.692307692307692307,0.000000000000000000,0.000000000000000000,20000.000000000000000000,13907.692307692307692307,0.000000000000000000,0.104307692307692307
0.906000000000000000,0.906000000000000000,1.300000000000000000,20000.000000000000000000,13938.461538461538461538,0.000000000000000000,0.000000000000000000,20000.000000000000000000,13938.461538461538461538,0.000000000000000000,0.104538461538461538
0.908000000000000000,0.908000000000000000,1.300000000000000000,20000.000000000000000000,13969.230769230769230769,0.000000000000000000,0.000000000000000000,20000.000000000000000000,13969.230769230769230769,0.000000000000000000,0.104769230769230769
0.910000000000000000,0.910000000000000000,1.300000000000000000,20000.000000000000000000,14000.000000000000000000,0.000000000000000000,0.000000000000000000,20000.000000000000000000,14000.000000000000000000,0.000000000000000000,0.105000000000000000
0.912000000000000000,0.912000000000000000,1.300000000000000000,20000.000000000000000000,14030.769230769230769230,0.000000000000000000,0.000000000000000000,20000.000000000000000000,14030.769230769230769230,0.000000000000000000,0.105230769230769230
0.914000000000000000,0.914000000000000000,1.300000000000000000,20000.000000000000000000,14061.538461538461538461,0.000000000000000000,0.000000000000000000,20000.000000000000000000,14061.538461538461538461,0.000000000000000000,0.105461538461538461
0.916000000000000000,0.916000000000000000,1.300000000000000000,20000.000000000000000000,14092.307692307692307692,0.000000000000000000,0.000000000000000000,20000.000000000000000000,14092.307692307692307692,0.000000000000000000,0.105692307692307692
0.918000000000000000,0.918000000000000000,1.300000000000000000,20000.000000000000000000,14123.076923076923076923,0.000000000000000000,0.000000000000000000,20000.000000000000000000,14123.076923076923076923,0.000000000000000000,0.105923076923076923
0.920000000000000000,0.920000000000000000,1.300000000000000000,20000.000000000000000000,14153.846153846153846153,0.000000000000000000,0.000000000000000000,20000.000000000000000000,14153.846153846153846153,0.000000000000000000,0.106153846153846153
0.922000000000000000,0.922000000000000000,1.300000000000000000,20000.000000000000000000,14184.615384615384615384,0.000000000000000000,0.000000000000000000,20000.000000000000000000,14184.615384615384615384,0.000000000000000000,0.106384615384615384
0.924000000000000000,0.924000000000000000,1.300000000000000000,20000.000000000000000000,14215.384615384615384615,0.000000000000000000,0.000000000000000000,20000.000000000000000000,14215.384615384615384615,0.000000000000000000,0.106615384615384615
0.926000000000000000,0.926000000000000000,1.300000000000000000,20000.000000000000000000,14246.153846153846153846,0.000000000000000000,0.000000000000000000,20000.000000000000000000,14246.153846153846153846,0.000000000000000000,0.106846153846153846
0.928000000000000000,0.928000000000000000,1.300000000000000000,20000.000000000000000000,14276.923076923076923076,0.000000000000000000,0.000000000000000000,20000.000000000000000000,14276.923076923076923076,0.000000000000000000,0.107076923076923076
0.930000000000000000,0.930000000000000000,1.300000000000000000,20000.000000000000000000,14307.692307692307692307,0.000000000000000000,0.000000000000000000,20000.000000000000000000,14307.692307692307692307,0.000000000000000000,0.107307692307692307
0.932000000000000000,0.932000000000000000,1.300000000000000000,20000.000000000000000000,14338.461538461538461538,0.000000000000000000,0.000000000000000000,20000.000000000000000000,14338.461538461538461538,0.000000000000000000,0.107538461538461538
0.934000000000000000,0.934000000000000000,1.300000000000000000,20000.000000000000000000,14369.230769230769230769,0.000000000000000000,0.000000000000000000,20000.000000000000000000,14369.230769230769230769,0.000000000000000000,0.107769230769230769
0.936000000000000000,0.936000000000000000,1.300000000000000000,20000.000000000000000000,14400.000000000000000000,0.000000000000000000,0.000000000000000000,20000.000000000000000000,14400.000000000000000000,0.000000000000000000,0.108000000000000000
0.938000000000000000,0.938000000000000000,1.300000000000000000,20000.000000000000000000,14430.769230769230769230,0.000000000000000000,0.000000000000000000,20000.000000000000000000,14430.769230769230769230,0.000000000000000000,0.108230769230769230
0.940000000000000000,0.940000000000000000,1.300000000000000000,20000.000000000000000000,14461.538461538461538461,0.000000000000000000,0.000000000000000000,20000.000000000000000000,14461.538461538461538461,0.000000000000000000,0.108461538461538461
0.942000000000000000,0.942000000000000000,1.300000000000000000,20000.000000000000000000,14492.307692307692307692,0.000000000000000000,0.000000000000000000,20000.000000000000000000,14492.307692307692307692,0.000000000000000000,0.108692307692307692
0.944000000000000000,0.944000000000000000,1.300000000000000000,20000.000000000000000000,14523.076923076923076923,0.000000000000000000,0.000000000000000000,20000.000000000000000000,14523.076923076923076923,0.000000000000000000,0.108923076923076923
0.946000000000000000,0.946000000000000000,1.300000000000000000,20000.000000000000000000,14553.846153846153846153,0.000000000000000000,0.000000000000000000,20000.000000000000000000,14553.846153846153846153,0.000000000000000000,0.109153846153846153
0.948000000000000000,0.948000000000000000,1.300000000000000000,20000.000000000000000000,14584.615384615384615384,0.000000000000000000,0.000000000000000000,20000.000000000000000000,14584.615384615384615384,0.000000000000000000,0.109384615384615384
0.950000000000000000,0.950000000000000000,1.300000000000000000,20000.000000000000000000,14615.384615384615384615,0.000000000000000000,0.000000000000000000,20000.000000000000000000,14615.384615384615384615,0.000000000000000000,0.109615384615384615
0.952000000000000000,0.952000000000000000,1.300000000000000000,20000.000000000000000000,14646.153846153846153846,0.000000000000000000,0.000000000000000000,20000.000000000000000000,14646.153846153846153846,0.000000000000000000,0.109846153846153846
0.954000000000000000,0.954000000000000000,1.300000000000000000,20000.000000000000000000,14676.923076923076923076,0.000000000000000000,0.000000000000000000,20000.000000000000000000,14676.923076923076923076,0.000000000000000000,0.110076923076923076
0.956000000000000000,0.956000000000000000,1.300000000000000000,20000.000000000000000000,14707.692307692307692307,0.000000000000000000,0.000000000000000000,20000.000000000000000000,14707.692307692307692307,0.000000000000000000,0.110307692307692307
0.958000000000000000,0.958000000000000000,1.300000000000000000,20000.000000000000000000,14738.461538461538461538,0.000000000000000000,0.000000000000000000,20000.000000000000000000,14738.461538461538461538,0.000000000000000000,0.110538461538461538
0.960000000000000000,0.960000000000000000,1.300000000000000000,20000.000000000000000000,14769.230769230769230769,0.000000000000000000,0.000000000000000000,20000.000000000000000000,14769.230769230769230769,0.000000000000000000,0.110769230769230769
0.962000000000000000,0.962000000000000000,1.300000000000000000,20000.000000000000000000,14800.000000000000000000,0.000000000000000000,0.000000000000000000,20000.000000000000000000,14800.000000000000000000,0.000000000000000000,0.111000000000000000
0.964000000000000000,0.964000000000000000,1.300000000000000000,20000.000000000000000000,14830.769230769230769230,0.000000000000000000,0.000000000000000000,20000.000000000000000000,14830.769230769230769230,0.000000000000000000,0.111230769230769230
0.966000000000000000,0.966000000000000000,1.300000000000000000,20000.000000000000000000,14861.538461538461538461,0.000000000000000000,0.000000000000000000,20000.000000000000000000,14861.538461538461538461,0.000000000000000000,0.111461538461538461
0.968000000000000000,0.968000000000000000,1.300000000000000000,20000.000000000000000000,14892.307692307692307692,0.000000000000000000,0.000000000000000000,20000.000000000000000000,14892.307692307692307692,0.000000000000000000,0.111692307692307692
0.970000000000000000,0.970000000000000000,1.300000000000000000,20000.000000000000000000,14923.076923076923076923,0.000000000000000000,0.000000000000000000,20000.000000000000000000,14923.076923076923076923,0.000000000000000000,0.111923076923076923
0.972000000000000000,0.972000000000000000,1.300000000000000000,20000.000000000000000000,14953.846153846153846153,0.000000000000000000,0.000000000000000000,20000.000000000000000000,14953.846153846153846153,0.000000000000000000,0.112153846153846153
0.974000000000000000,0.974000000000000000,1.300000000000000000,20000.000000000000000000,14984.615384615384615384,0.000000000000000000,0.000000000000000000,20000.000000000000000000,14984.615384615384615384,0.000000000000000000,0.112384615384615384
0.976000000000000000,0.976000000000000000,1.300000000000000000,20000.000000000000000000,15015.384615384615384615,0.000000000000000000,0.000000000000000000,20000.000000000000000000,15015.384615384615384615,0.000000000000000000,0.112615384615384615
0.978000000000000000,0.978000000000000000,1.300000000000000000,20000.000000000000000000,15046.153846153846153846,0.000000000000000000,0.000000000000000000,20000.000000000000000000,15046.153846153846153846,0.000000000000000000,0.112846153846153846
0.980000000000000000,0.980000000000000000,1.300000000000000000,20000.000000000000000000,15076.923076923076923076,0.000000000000000000,0.000000000000000000,20000.000000000000000000,15076.923076923076923076,0.000000000000000000,0.113076923076923076
0.982000000000000000,0.982000000000000000,1.300000000000000000,20000.000000000000000000,15107.692307692307692307,0.000000000000000000,0.000000000000000000,20000.000000000000000000,15107.692307692307692307,0.000000000000000000,0.113307692307692307
0.984000000000000000,0.984000000000000000,1.300000000000000000,20000.000000000000000000,15138.461538461538461538,0.000000000000000000,0.000000000000000000,20000.000000000000000000,15138.461538461538461538,0.000000000000000000,0.113538461538461538
0.986000000000000000,0.986000000000000000,1.300000000000000000,20000.000000000000000000,15169.230769230769230769,0.000000000000000000,0.000000000000000000,20000.000000000000000000,15169.230769230769230769,0.000000000000000000,0.113769230769230769
0.988000000000000000,0.988000000000000000,1.300000000000000000,20000.000000000000000000,15200.000000000000000000,0.000000000000000000,0.000000000000000000,20000.000000000000000000,15200.000000000000000000,0.000000000000000000,0.114000000000000000
0.990000000000000000,0.990000000000000000,1.300000000000000000,20000.000000000000000000,15230.769230769230769230,0.000000000000000000,0.000000000000000000,20000.000000000000000000,15230.769230769230769230,0.000000000000000000,0.114230769230769230
0.992000000000000000,0.992000000000000000,1.300000000000000000,20000.000000000000000000,15261.538461538461538461,0.000000000000000000,0.000000000000000000,20000.000000000000000000,15261.538461538461538461,0.000000000000000000,0.114461538461538461
0.994000000000000000,0.994000000000000000,1.300000000000000000,20000.000000000000000000,15292.307692307692307692,0.000000000000000000,0.000000000000000000,20000.000000000000000000,15292.307692307692307692,0.000000000000000000,0.114692307692307692
0.996000000000000000,0.996000000000000000,1.300000000000000000,20000.000000000000000000,15323.076923076923076923,0.000000000000000000,0.000000000000000000,20000.000000000000000000,15323.076923076923076923,0.000000000000000000,0.114923076923076923
0.998000000000000000,0.998000000000000000,1.300000000000000000,20000.000000000000000000,15353.846153846153846153,0.000000000000000000,0.000000000000000000,20000.000000000000000000,15353.846153846153846153,0.000000000000000000,0.115153846153846153
1.000000000000000000,1.000000000000000000,1.300000000000000000,20000.000000000000000000,15384.615384615384615384,0.000000000000000000,0.000000000000000000,20000.000000000000000000,15384.615384615384615384,0.000000000000000000,0.115384615384615384
1.002000000000000000,1.002000000000000000,1.300000000000000000,20000.000000000000000000,15415.384615384615384615,0.000000000000000000,0.000000000000000000,20000.000000000000000000,15415.384615384615384615,0.002000000000000000,0.115615384615384615
1.004000000000000000,1.004000000000000000,1.300000000000000000,20000.000000000000000000,15446.153846153846153846,0.000000000000000000,0.000000000000000000,20000.000000000000000000,15446.153846153846153846,0.004000000000000000,0.115846153846153846
1.006000000000000000,1.006000000000000000,1.300000000000000000,20000.000000000000000000,15476.923076923076923076,0.000000000000000000,0.000000000000000000,20000.000000000000000000,15476.923076923076923076,0.006000000000000000,0.116076923076923076
1.008000000000000000,1.008000000000000000,1.300000000000000000,20000.000000000000000000,15507.692307692307692307,0.000000000000000000,0.000000000000000000,20000.000000000000000000,15507.692307692307692307,0.008000000000000000,0.116307692307692307
1.010000000000000000,1.010000000000000000,1.300000000000000000,20000.000000000000000000,15538.461538461538461538,0.000000000000000000,0.000000000000000000,20000.000000000000000000,15538.461538461538461538,0.010000000000000000,0.116538461538461538
1.012000000000000000,1.012000000000000000,1.300000000000000000,20000.000000000000000000,15569.230769230769230769,0.000000000000000000,0.000000000000000000,20000.000000000000000000,15569.230769230769230769,0.012000000000000000,0.116769230769230769
1.014000000000000000,1.014000000000000000,1.300000000000000000,20000.000000000000000000,15600.000000000000000000,0.000000000000000000,0.000000000000000000,20000.000000000000000000,15600.000000000000000000,0.014000000000000000,0.117000000000000000
1.016000000000000000,1.016000000000000000,1.300000000000000000,20000.000000000000000000,15630.769230769230769230,0.000000000000000000,0.000000000000000000,20000.000000000000000000,15630.769230769230769230,0.016000000000000000,0.117230769230769230
1.018000000000000000,1.018000000000000000,1.300000000000000000,20000.000000000000000000,15661.538461538461538461,0.000000000000000000,0.000000000000000000,20000.000000000000000000,15661.538461538461538461,0.018000000000000000,0.117461538461538461
1.020000000000000000,1.020000000000000000,1.300000000000000000,20000.000000000000000000,15692.307692307692307692,0.000000000000000000,0.000000000000000000,20000.000000000000000000,15692.307692307692307692,0.020000000000000000,0.117692307692307692
1.022000000000000000,1.022000000000000000,1.300000000000000000,20000.000000000000000000,15723.076923076923076923,0.000000000000000000,0.000000000000000000,20000.000000000000000000,15723.076923076923076923,0.022000000000000000,0.117923076923076923
1.024000000000000000,1.024000000000000000,1.300000000000000000,20000.000000000000000000,15753.846153846153846153,0.000000000000000000,0.000000000000000000,20000.000000000000000000,15753.846153846153846153,0.024000000000000000,0.118153846153846153
1.026000000000000000,1.026000000000000000,1.300000000000000000,20000.000000000000000000,15784.615384615384615384,0.000000000000000000,0.000000000000000000,20000.000000000000000000,15784.615384615384615384,0.026000000000000000,0.118384615384615384
1.028000000000000000,1.028000000000000000,1.300000000000000000,20000.000000000000000000,15815.384615384615384615,0.000000000000000000,0.000000000000000000,20000.000000000000000000,15815.384615384615384615,0.028000000000000000,0.118615384615384615
1.030000000000000000,1.030000000000000000,1.300000000000000000,20000.000000000000000000,15846.153846153846153846,0.000000000000000000,0.000000000000000000,20000.000000000000000000,15846.153846153846153846,0.030000000000000000,0.118846153846153846
1.032000000000000000,1.032000000000000000,1.300000000000000000,20000.000000000000000000,15876.923076923076923076,0.000000000000000000,0.000000000000000000,20000.000000000000000000,15876.923076923076923076,0.032000000000000000,0.119076923076923076
1.034000000000000000,1.034000000000000000,1.300000000000000000,20000.000000000000000000,15907.692307692307692307,0.000000000000000000,0.000000000000000000,20000.000000000000000000,15907.692307692307692307,0.034000000000000000,0.119307692307692307
1.036000000000000000,1.036000000000000000,1.300000000000000000,20000.000000000000000000,15938.461538461538461538,0.000000000000000000,0.000000000000000000,20000.000000000000000000,15938.461538461538461538,0.036000000000000000,0.119538461538461538
1.038000000000000000,1.038000000000000000,1.300000000000000000,20000.000000000000000000,15969.230769230769230769,0.000000000000000000,0.000000000000000000,20000.000000000000000000,15969.230769230769230769,0.038000000000000000,0.119769230769230769
1.040000000000000000,1.040000000000000000,1.300000000000000000,20000.000000000000000000,16000.000000000000000000,0.000000000000000000,0.000000000000000000,20000.000000000000000000,16000.000000000000000000,0.040000000000000000,0.120000000000000000
1.042000000000000000,1.042000000000000000,1.300000000000000000,20000.000000000000000000,16030.769230769230769230,0.000000000000000000,0.000000000000000000,20000.000000000000000000,16030.769230769230769230,0.042000000000000000,0.120230769230769230
1.044000000000000000,1.044000000000000000,1.300000000000000000,20000.000000000000000000,16061.538461538461538461,0.000000000000000000,0.000000000000000000,20000.000000000000000000,16061.538461538461538461,0.044000000000000000,0.120461538461538461
1.046000000000000000,1.046000000000000000,1.300000000000000000,20000.000000000000000000,16092.307692307692307692,0.000000000000000000,0.000000000000000000,20000.000000000000000000,16092.307692307692307692,0.046000000000000000,0.120692307692307692
1.048000000000000000,1.048000000000000000,1.300000000000000000,20000.000000000000000000,16123.076923076923076923,0.000000000000000000,0.000000000000000000,20000.000000000000000000,16123.076923076923076923,0.048000000000000000,0.120923076923076923
1.050000000000000000,1.050000000000000000,1.300000000000000000,20000.000000000000000000,16153.846153846153846153,0.000000000000000000,0.000000000000000000,20000.000000000000000000,16153.846153846153846153,0.050000000000000000,0.121153846153846153
1.052000000000000000,1.052000000000000000,1.300000000000000000,20000.000000000000000000,16184.615384615384615384,0.000000000000000000,0.000000000000000000,20000.000000000000000000,16184.615384615384615384,0.052000000000000000,0.121384615384615384
1.054000000000000000,1.054000000000000000,1.300000000000000000,20000.000000000000000000,16215.384615384615384615,0.000000000000000000,0.000000000000000000,20000.000000000000000000,16215.384615384615384615,0.054000000000000000,0.121615384615384615
1.056000000000000000,1.056000000000000000,1.300000000000000000,20000.000000000000000000,16246.153846153846153846,0.000000000000000000,0.000000000000000000,20000.000000000000000000,16246.153846153846153846,0.056000000000000000,0.121846153846153846
1.058000000000000000,1.058000000000000000,1.300000000000000000,20000.000000000000000000,16276.923076923076923076,0.000000000000000000,0.000000000000000000,20000.000000000000000000,16276.923076923076923076,0.058000000000000000,0.122076923076923076
1.060000000000000000,1.060000000000000000,1.300000000000000000,20000.000000000000000000,16307.692307692307692307,0.000000000000000000,0.000000000000000000,20000.000000000000000000,16307.692307692307692307,0.060000000000000000,0.122307692307692307
1.062000000000000000,1.062000000000000000,1.300000000000000000,20000.000000000000000000,16338.461538461538461538,0.000000000000000000,0.000000000000000000,20000.000000000000000000,16338.461538461538461538,0.062000000000000000,0.122538461538461538
1.064000000000000000,1.064000000000000000,1.300000000000000000,20000.000000000000000000,16369.230769230769230769,0.000000000000000000,0.000000000000000000,20000.000000000000000000,16369.230769230769230769,0.064000000000000000,0.122769230769230769
1.066000000000000000,1.066000000000000000,1.300000000000000000,20000.000000000000000000,16400.000000000000000000,0.000000000000000000,0.000000000000000000,20000.000000000000000000,16400.000000000000000000,0.066000000000000000,0.123000000000000000
1.068000000000000000,1.068000000000000000,1.300000000000000000,20000.000000000000000000,16430.769230769230769230,0.000000000000000000,0.000000000000000000,20000.000000000000000000,16430.769230769230769230,0.068000000000000000,0.123230769230769230
1.070000000000000000,1.070000000000000000,1.300000000000000000,20000.000000000000000000,16461.538461538461538461,0.000000000000000000,0.000000000000000000,20000.000000000000000000,16461.538461538461538461,0.070000000000000000,0.123461538461538461
1.072000000000000000,1.072000000000000000,1.300000000000000000,20000.000000000000000000,16492.307692307692307692,0.000000000000000000,0.000000000000000000,20000.000000000000000000,16492.307692307692307692,0.072000000000000000,0.123692307692307692
1.074000000000000000,1.074000000000000000,1.300000000000000000,20000.000000000000000000,16523.076923076923076923,0.000000000000000000,0.000000000000000000,20000.000000000000000000,16523.076923076923076923,0.074000000000000000,0.123923076923076923
1.076000000000000000,1.076000000000000000,1.300000000000000000,20000.000000000000000000,16553.846153846153846153,0.000000000000000000,0.000000000000000000,20000.000000000000000000,16553.846153846153846153,0.076000000000000000,0.124153846153846153
1.078000000000000000,1.078000000000000000,1.300000000000000000,20000.000000000000000000,16584.615384615384615384,0.000000000000000000,0.000000000000000000,20000.000000000000000000,16584.615384615384615384,0.078000000000000000,0.124384615384615384
1.080000000000000000,1.080000000000000000,1.300000000000000000,20000.000000000000000000,16615.384615384615384615,0.000000000000000000,0.000000000000000000,20000.000000000000000000,16615.384615384615384615,0.080000000000000000,0.124615384615384615
1.082000000000000000,1.082000000000000000,1.300000000000000000,20000.000000000000000000,16646.153846153846153846,0.000000000000000000,0.000000000000000000,20000.000000000000000000,16646.153846153846153846,0.082000000000000000,0.124846153846153846
1.084000000000000000,1.084000000000000000,1.300000000000000000,20000.000000000000000000,16676.923076923076923076,0.000000000000000000,0.000000000000000000,20000.000000000000000000,16676.923076923076923076,0.084000000000000000,0.125076923076923076
1.086000000000000000,1.086000000000000000,1.300000000000000000,20000.000000000000000000,16707.692307692307692307,0.000000000000000000,0.000000000000000000,20000.000000000000000000,16707.692307692307692307,0.086000000000000000,0.125307692307692307
1.088000000000000000,1.088000000000000000,1.300000000000000000,20000.000000000000000000,16738.461538461538461538,0.000000000000000000,0.000000000000000000,20000.000000000000000000,16738.461538461538461538,0.088000000000000000,0.125538461538461538
1.090000000000000000,1.090000000000000000,1.300000000000000000,20000.000000000000000000,16769.230769230769230769,0.000000000000000000,0.000000000000000000,20000.000000000000000000,16769.230769230769230769,0.090000000000000000,0.125769230769230769
1.092000000000000000,1.092000000000000000,1.300000000000000000,20000.000000000000000000,16800.000000000000000000,0.000000000000000000,0.000000000000000000,20000.000000000000000000,16800.000000000000000000,0.092000000000000000,0.126000000000000000
1.094000000000000000,1.094000000000000000,1.300000000000000000,20000.000000000000000000,16830.769230769230769230,0.000000000000000000,0.000000000000000000,20000.000000000000000000,16830.769230769230769230,0.094000000000000000,0.126230769230769230
1.096000000000000000,1.096000000000000000,1.300000000000000000,20000.000000000000000000,16861.538461538461538461,0.000000000000000000,0.000000000000000000,20000.000000000000000000,16861.538461538461538461,0.096000000000000000,0.126461538461538461
1.098000000000000000,1.098000000000000000,1.300000000000000000,20000.000000000000000000,16892.307692307692307692,0.000000000000000000,0.000000000000000000,20000.000000000000000000,16892.307692307692307692,0.098000000000000000,0.126692307692307692
1.100000000000000000,1.100000000000000000,1.300000000000000000,20000.000000000000000000,16923.076923076923076923,0.000000000000000000,0.000000000000000000,20000.000000000000000000,16923.076923076923076923,0.100000000000000000,0.126923076923076923
1.102000000000000000,1.102000000000000000,1.300000000000000000,20000.000000000000000000,16953.846153846153846153,0.000000000000000000,0.000000000000000000,20000.000000000000000000,16953.846153846153846153,0.102000000000000000,0.127153846153846153
1.104000000000000000,1.104000000000000000,1.300000000000000000,20000.000000000000000000,16984.615384615384615384,0.000000000000000000,0.000000000000000000,20000.000000000000000000,16984.615384615384615384,0.104000000000000000,0.127384615384615384
1.106000000000000000,1.106000000000000000,1.300000000000000000,20000.000000000000000000,17015.384615384615384615,0.000000000000000000,0.000000000000000000,20000.000000000000000000,17015.384615384615384615,0.106000000000000000,0.127615384615384615
1.108000000000000000,1.108000000000000000,1.300000000000000000,20000.000000000000000000,17046.153846153846153846,0.000000000000000000,0.000000000000000000,20000.000000000000000000,17046.153846153846153846,0.108000000000000000,0.127846153846153846
1.110000000000000000,1.110000000000000000,1.300000000000000000,20000.000000000000000000,17076.923076923076923076,0.000000000000000000,0.000000000000000000,20000.000000000000000000,17076.923076923076923076,0.110000000000000000,0.128076923076923076
1.112000000000000000,1.112000000000000000,1.300000000000000000,20000.000000000000000000,17107.692307692307692307,0.000000000000000000,0.000000000000000000,20000.000000000000000000,17107.692307692307692307,0.112000000000000000,0.128307692307692307
1.114000000000000000,1.114000000000000000,1.300000000000000000,20000.000000000000000000,17138.461538461538461538,0.000000000000000000,0.000000000000000000,20000.000000000000000000,17138.461538461538461538,0.114000000000000000,0.128538461538461538
1.116000000000000000,1.116000000000000000,1.300000000000000000,20000.000000000000000000,17169.230769230769230769,0.000000000000000000,0.000000000000000000,20000.000000000000000000,17169.230769230769230769,0.116000000000000000,0.128769230769230769
1.118000000000000000,1.118000000000000000,1.300000000000000000,20000.000000000000000000,17200.000000000000000000,0.000000000000000000,0.000000000000000000,20000.000000000000000000,17200.000000000000000000,0.118000000000000000,0.129000000000000000
1.120000000000000000,1.120000000000000000,1.300000000000000000,20000.000000000000000000,17230.769230769230769230,0.000000000000000000,0.000000000000000000,20000.000000000000000000,17230.769230769230769230,0.120000000000000000,0.129230769230769230
1.122000000000000000,1.122000000000000000,1.300000000000000000,20000.000000000000000000,17261.538461538461538461,0.000000000000000000,0.000000000000000000,20000.000000000000000000,17261.538461538461538461,0.122000000000000000,0.129461538461538461
1.124000000000000000,1.124000000000000000,1.300000000000000000,20000.000000000000000000,17292.307692307692307692,0.000000000000000000,0.000000000000000000,20000.000000000000000000,17292.307692307692307692,0.124000000000000000,0.129692307692307692
1.126000000000000000,1.126000000000000000,1.300000000000000000,20000.000000000000000000,17323.076923076923076923,0.000000000000000000,0.000000000000000000,20000.000000000000000000,17323.076923076923076923,0.126000000000000000,0.129923076923076923
1.128000000000000000,1.128000000000000000,1.300000000000000000,20000.000000000000000000,17353.846153846153846153,0.000000000000000000,0.000000000000000000,20000.000000000000000000,17353.846153846153846153,0.128000000000000000,0.130153846153846153
1.130000000000000000,1.130000000000000000,1.300000000000000000,20000.000000000000000000,17384.615384615384615384,0.000000000000000000,0.000000000000000000,20000.000000000000000000,17384.615384615384615384,0.130000000000000000,0.130384615384615384
1.132000000000000000,1.132000000000000000,1.300000000000000000,20000.000000000000000000,17415.384615384615384615,0.000000000000000000,0.000000000000000000,20000.000000000000000000,17415.384615384615384615,0.132000000000000000,0.132000000000000000
1.134000000000000000,1.134000000000000000,1.300000000000000000,20000.000000000000000000,17446.153846153846153846,0.000000000000000000,0.000000000000000000,20000.000000000000000000,17446.153846153846153846,0.134000000000000000,0.134000000000000000
1.136000000000000000,1.136000000000000000,1.300000000000000000,20000.000000000000000000,17476.923076923076923076,0.000000000000000000,0.000000000000000000,20000.000000000000000000,17476.923076923076923076,0.136000000000000000,0.136000000000000000
1.138000000000000000,1.138000000000000000,1.300000000000000000,20000.000000000000000000,17507.692307692307692307,0.000000000000000000,0.000000000000000000,20000.000000000000000000,17507.692307692307692307,0.138000000000000000,0.138000000000000000
1.140000000000000000,1.140000000000000000,1.300000000000000000,20000.000000000000000000,17538.461538461538461538,0.000000000000000000,0.000000000000000000,20000.000000000000000000,17538.461538461538461538,0.140000000000000000,0.140000000000000000
1.142000000000000000,1.142000000000000000,1.300000000000000000,20000.000000000000000000,17569.230769230769230769,0.000000000000000000,0.000000000000000000,20000.000000000000000000,17569.230769230769230769,0.142000000000000000,0.142000000000000000
1.144000000000000000,1.144000000000000000,1.300000000000000000,20000.000000000000000000,17600.000000000000000000,0.000000000000000000,0.000000000000000000,20000.000000000000000000,17600.000000000000000000,0.144000000000000000,0.144000000000000000
1.146000000000000000,1.146000000000000000,1.300000000000000000,20000.000000000000000000,17630.769230769230769230,0.000000000000000000,0.000000000000000000,20000.000000000000000000,17630.769230769230769230,0.146000000000000000,0.146000000000000000
1.148000000000000000,1.148000000000000000,1.300000000000000000,20000.000000000000000000,17661.538461538461538461,0.000000000000000000,0.000000000000000000,20000.000000000000000000,17661.538461538461538461,0.148000000000000000,0.148000000000000000
1.150000000000000000,1.150000000000000000,1.300000000000000000,20000.000000000000000000,17692.307692307692307692,0.000000000000000000,0.000000000000000000,20000.000000000000000000,17692.307692307692307692,0.150000000000000000,0.150000000000000000
1.152000000000000000,1.152000000000000000,1.300000000000000000,20000.000000000000000000,17723.076923076923076923,0.000000000000000000,0.000000000000000000,20000.000000000000000000,17723.076923076923076923,0.152000000000000000,0.152000000000000000
1.154000000000000000,1.154000000000000000,1.300000000000000000,20000.000000000000000000,17753.846153846153846153,0.000000000000000000,0.000000000000000000,20000.000000000000000000,17753.846153846153846153,0.154000000000000000,0.154000000000000000
1.156000000000000000,1.156000000000000000,1.300000000000000000,20000.000000000000000000,17784.615384615384615384,0.000000000000000000,0.000000000000000000,20000.000000000000000000,17784.615384615384615384,0.156000000000000000,0.156000000000000000
1.158000000000000000,1.158000000000000000,1.300000000000000000,20000.000000000000000000,17815.384615384615384615,0.000000000000000000,0.000000000000000000,20000.000000000000000000,17815.384615384615384615,0.158000000000000000,0.158000000000000000
1.160000000000000000,1.160000000000000000,1.300000000000000000,20000.000000000000000000,17846.153846153846153846,0.000000000000000000,0.000000000000000000,20000.000000000000000000,17846.153846153846153846,0.160000000000000000,0.160000000000000000
1.162000000000000000,1.162000000000000000,1.300000000000000000,20000.000000000000000000,17876.923076923076923076,0.000000000000000000,0.000000000000000000,20000.000000000000000000,17876.923076923076923076,0.162000000000000000,0.162000000000000000
1.164000000000000000,1.164000000000000000,1.300000000000000000,20000.000000000000000000,17907.692307692307692307,0.000000000000000000,0.000000000000000000,20000.000000000000000000,17907.692307692307692307,0.164000000000000000,0.164000000000000000
1.166000000000000000,1.166000000000000000,1.300000000000000000,20000.000000000000000000,17938.461538461538461538,0.000000000000000000,0.000000000000000000,20000.000000000000000000,17938.461538461538461538,0.166000000000000000,0.166000000000000000
1.168000000000000000,1.168000000000000000,1.300000000000000000,20000.000000000000000000,17969.230769230769230769,0.000000000000000000,0.000000000000000000,20000.000000000000000000,17969.230769230769230769,0.168000000000000000,0.168000000000000000
1.170000000000000000,1.170000000000000000,1.300000000000000000,20000.000000000000000000,18000.000000000000000000,0.000000000000000000,0.000000000000000000,20000.000000000000000000,18000.000000000000000000,0.170000000000000000,0.170000000000000000
1.172000000000000000,1.172000000000000000,1.300000000000000000,20000.000000000000000000,18030.769230769230769230,0.000000000000000000,0.000000000000000000,20000.000000000000000000,18030.769230769230769230,0.172000000000000000,0.172000000000000000
1.174000000000000000,1.174000000000000000,1.300000000000000000,20000.000000000000000000,18061.538461538461538461,0.000000000000000000,0.000000000000000000,20000.000000000000000000,18061.538461538461538461,0.174000000000000000,0.174000000000000000
1.176000000000000000,1.176000000000000000,1.300000000000000000,20000.000000000000000000,18092.307692307692307692,0.000000000000000000,0.000000000000000000,20000.000000000000000000,18092.307692307692307692,0.176000000000000000,0.176000000000000000
1.178000000000000000,1.178000000000000000,1.300000000000000000,20000.000000000000000000,18123.076923076923076923,0.000000000000000000,0.000000000000000000,20000.000000000000000000,18123.076923076923076923,0.178000000000000000,0.178000000000000000
1.180000000000000000,1.180000000000000000,1.300000000000000000,20000.000000000000000000,18153.846153846153846153,0.000000000000000000,0.000000000000000000,20000.000000000000000000,18153.846153846153846153,0.180000000000000000,0.180000000000000000
1.182000000000000000,1.182000000000000000,1.300000000000000000,20000.000000000000000000,18184.615384615384615384,0.000000000000000000,0.000000000000000000,20000.000000000000000000,18184.615384615384615384,0.182000000000000000,0.182000000000000000
1.184000000000000000,1.184000000000000000,1.300000000000000000,20000.000000000000000000,18215.384615384615384615,0.000000000000000000,0.000000000000000000,20000.000000000000000000,18215.384615384615384615,0.184000000000000000,0.184000000000000000
1.186000000000000000,1.186000000000000000,1.300000000000000000,20000.000000000000000000,18246.153846153846153846,0.000000000000000000,0.000000000000000000,20000.000000000000000000,18246.153846153846153846,0.186000000000000000,0.186000000000000000
1.188000000000000000,1.188000000000000000,1.300000000000000000,20000.000000000000000000,18276.923076923076923076,0.000000000000000000,0.000000000000000000,20000.000000000000000000,18276.923076923076923076,0.188000000000000000,0.188000000000000000
1.190000000000000000,1.190000000000000000,1.300000000000000000,20000.000000000000000000,18307.692307692307692307,0.000000000000000000,0.000000000000000000,20000.000000000000000000,18307.692307692307692307,0.190000000000000000,0.190000000000000000
1.192000000000000000,1.192000000000000000,1.300000000000000000,20000.000000000000000000,18338.461538461538461538,0.000000000000000000,0.000000000000000000,20000.000000000000000000,18338.461538461538461538,0.192000000000000000,0.192000000000000000
1.194000000000000000,1.194000000000000000,1.300000000000000000,20000.000000000000000000,18369.230769230769230769,0.000000000000000000,0.000000000000000000,20000.000000000000000000,18369.230769230769230769,0.194000000000000000,0.194000000000000000
1.196000000000000000,1.196000000000000000,1.300000000000000000,20000.000000000000000000,18400.000000000000000000,0.000000000000000000,0.000000000000000000,20000.000000000000000000,18400.000000000000000000,0.196000000000000000,0.196000000000000000
1.198000000000000000,1.198000000000000000,1.300000000000000000,20000.000000000000000000,18430.769230769230769230,0.000000000000000000,0.000000000000000000,20000.000000000000000000,18430.769230769230769230,0.198000000000000000,0.198000000000000000
1.200000000000000000,1.200000000000000000,1.300000000000000000,20000.000000000000000000,18461.538461538461538461,0.000000000000000000,0.000000000000000000,20000.000000000000000000,18461.538461538461538461,0.200000000000000000,0.200000000000000000
1.202000000000000000,1.202000000000000000,1.300000000000000000,20000.000000000000000000,18492.307692307692307692,0.000000000000000000,0.000000000000000000,20000.000000000000000000,18492.307692307692307692,0.202000000000000000,0.202000000000000000
1.204000000000000000,1.204000000000000000,1.300000000000000000,20000.000000000000000000,18523.076923076923076923,0.000000000000000000,0.000000000000000000,20000.000000000000000000,18523.076923076923076923,0.204000000000000000,0.204000000000000000
1.206000000000000000,1.206000000000000000,1.300000000000000000,20000.000000000000000000,18553.846153846153846153,0.000000000000000000,0.000000000000000000,20000.000000000000000000,18553.846153846153846153,0.206000000000000000,0.206000000000000000
1.208000000000000000,1.208000000000000000,1.300000000000000000,20000.000000000000000000,18584.615384615384615384,0.000000000000000000,0.000000000000000000,20000.000000000000000000,18584.615384615384615384,0.208000000000000000,0.208000000000000000
1.210000000000000000,1.210000000000000000,1.300000000000000000,20000.000000000000000000,18615.384615384615384615,0.000000000000000000,0.000000000000000000,20000.000000000000000000,18615.384615384615384615,0.210000000000000000,0.210000000000000000
1.212000000000000000,1.212000000000000000,1.300000000000000000,20000.000000000000000000,18646.153846153846153846,0.000000000000000000,0.000000000000000000,20000.000000000000000000,18646.153846153846153846,0.212000000000000000,0.212000000000000000
1.214000000000000000,1.214000000000000000,1.300000000000000000,20000.000000000000000000,18676.923076923076923076,0.000000000000000000,0.000000000000000000,20000.000000000000000000,18676.923076923076923076,0.214000000000000000,0.214000000000000000
1.216000000000000000,1.216000000000000000,1.300000000000000000,20000.000000000000000000,18707.692307692307692307,0.000000000000000000,0.000000000000000000,20000.000000000000000000,18707.692307692307692307,0.216000000000000000,0.216000000000000000
1.218000000000000000,1.218000000000000000,1.300000000000000000,20000.000000000000000000,18738.461538461538461538,0.000000000000000000,0.000000000000000000,20000.000000000000000000,18738.461538461538461538,0.218000000000000000,0.218000000000000000
1.220000000000000000,1.220000000000000000,1.300000000000000000,20000.000000000000000000,18769.230769230769230769,0.000000000000000000,0.000000000000000000,20000.000000000000000000,18769.230769230769230769,0.220000000000000000,0.220000000000000000
1.222000000000000000,1.222000000000000000,1.300000000000000000,20000.000000000000000000,18800.000000000000000000,0.000000000000000000,0.000000000000000000,20000.000000000000000000,18800.000000000000000000,0.222000000000000000,0.222000000000000000
1.224000000000000000,1.224000000000000000,1.300000000000000000,20000.000000000000000000,18830.769230769230769230,0.000000000000000000,0.000000000000000000,20000.000000000000000000,18830.769230769230769230,0.224000000000000000,0.224000000000000000
1.226000000000000000,1.226000000000000000,1.300000000000000000,20000.000000000000000000,18861.538461538461538461,0.000000000000000000,0.000000000000000000,20000.000000000000000000,18861.538461538461538461,0.226000000000000000,0.226000000000000000
1.228000000000000000,1.228000000000000000,1.300000000000000000,20000.000000000000000000,18892.307692307692307692,0.000000000000000000,0.000000000000000000,20000.000000000000000000,18892.307692307692307692,0.228000000000000000,0.228000000000000000
1.230000000000000000,1.230000000000000000,1.300000000000000000,20000.000000000000000000,18923.076923076923076923,0.000000000000000000,0.000000000000000000,20000.000000000000000000,18923.076923076923076923,0.230000000000000000,0.230000000000000000
1.232000000000000000,1.232000000000000000,1.300000000000000000,20000.000000000000000000,18953.846153846153846153,0.000000000000000000,0.000000000000000000,20000.000000000000000000,18953.846153846153846153,0.232000000000000000,0.232000000000000000
1.234000000000000000,1.234000000000000000,1.300000000000000000,20000.000000000000000000,18984.615384615384615384,0.000000000000000000,0.000000000000000000,20000.000000000000000000,18984.615384615384615384,0.234000000000000000,0.234000000000000000
1.236000000000000000,1.236000000000000000,1.300000000000000000,20000.000000000000000000,19015.384615384615384615,0.000000000000000000,0.000000000000000000,20000.000000000000000000,19015.384615384615384615,0.236000000000000000,0.236000000000000000
1.238000000000000000,1.238000000000000000,1.300000000000000000,20000.000000000000000000,19046.153846153846153846,0.000000000000000000,0.000000000000000000,20000.000000000000000000,19046.153846153846153846,0.238000000000000000,0.238000000000000000
1.240000000000000000,1.240000000000000000,1.300000000000000000,20000.000000000000000000,19076.923076923076923076,0.000000000000000000,0.000000000000000000,20000.000000000000000000,19076.923076923076923076,0.240000000000000000,0.240000000000000000
1.242000000000000000,1.242000000000000000,1.300000000000000000,20000.000000000000000000,19107.692307692307692307,0.000000000000000000,0.000000000000000000,20000.000000000000000000,19107.692307692307692307,0.242000000000000000,0.242000000000000000
1.244000000000000000,1.244000000000000000,1.300000000000000000,20000.000000000000000000,19138.461538461538461538,0.000000000000000000,0.000000000000000000,20000.000000000000000000,19138.461538461538461538,0.244000000000000000,0.244000000000000000
1.246000000000000000,1.246000000000000000,1.300000000000000000,20000.000000000000000000,19169.230769230769230769,0.000000000000000000,0.000000000000000000,20000.000000000000000000,19169.230769230769230769,0.246000000000000000,0.246000000000000000
1.248000000000000000,1.248000000000000000,1.300000000000000000,20000.000000000000000000,19200.000000000000000000,0.000000000000000000,0.000000000000000000,20000.000000000000000000,19200.000000000000000000,0.248000000000000000,0.248000000000000000
1.250000000000000000,1.250000000000000000,1.300000000000000000,20000.000000000000000000,19230.769230769230769230,0.000000000000000000,0.000000000000000000,20000.000000000000000000,19230.769230769230769230,0.250000000000000000,0.250000000000000000
1.252000000000000000,1.252000000000000000,1.300000000000000000,20000.000000000000000000,19261.538461538461538461,0.000000000000000000,0.000000000000000000,20000.000000000000000000,19261.538461538461538461,0.252000000000000000,0.252000000000000000
1.254000000000000000,1.254000000000000000,1.300000000000000000,20000.000000000000000000,19292.307692307692307692,0.000000000000000000,0.000000000000000000,20000.000000000000000000,19292.307692307692307692,0.254000000000000000,0.254000000000000000
1.256000000000000000,1.256000000000000000,1.300000000000000000,20000.000000000000000000,19323.076923076923076923,0.000000000000000000,0.000000000000000000,20000.000000000000000000,19323.076923076923076923,0.256000000000000000,0.256000000000000000
1.258000000000000000,1.258000000000000000,1.300000000000000000,20000.000000000000000000,19353.846153846153846153,0.000000000000000000,0.000000000000000000,20000.000000000000000000,19353.846153846153846153,0.258000000000000000,0.258000000000000000
1.260000000000000000,1.260000000000000000,1.300000000000000000,20000.000000000000000000,19384.615384615384615384,0.000000000000000000,0.000000000000000000,20000.000000000000000000,19384.615384615384615384,0.260000000000000000,0.260000000000000000
1.262000000000000000,1.262000000000000000,1.300000000000000000,20000.000000000000000000,19415.384615384615384615,0.000000000000000000,0.000000000000000000,20000.000000000000000000,19415.384615384615384615,0.262000000000000000,0.262000000000000000
1.264000000000000000,1.264000000000000000,1.300000000000000000,20000.000000000000000000,19446.153846153846153846,0.000000000000000000,0.000000000000000000,20000.000000000000000000,19446.153846153846153846,0.264000000000000000,0.264000000000000000
1.266000000000000000,1.266000000000000000,1.300000000000000000,20000.000000000000000000,19476.923076923076923076,0.000000000000000000,0.000000000000000000,20000.000000000000000000,19476.923076923076923076,0.266000000000000000,0.266000000000000000
1.268000000000000000,1.268000000000000000,1.300000000000000000,20000.000000000000000000,19507.692307692307692307,0.000000000000000000,0.000000000000000000,20000.000000000000000000,19507.692307692307692307,0.268000000000000000,0.268000000000000000
1.270000000000000000,1.270000000000000000,1.300000000000000000,20000.000000000000000000,19538.461538461538461538,0.000000000000000000,0.000000000000000000,20000.000000000000000000,19538.461538461538461538,0.270000000000000000,0.270000000000000000
1.272000000000000000,1.272000000000000000,1.300000000000000000,20000.000000000000000000,19569.230769230769230769,0.000000000000000000,0.000000000000000000,20000.000000000000000000,19569.230769230769230769,0.272000000000000000,0.272000000000000000
1.274000000000000000,1.274000000000000000,1.300000000000000000,20000.000000000000000000,19600.000000000000000000,0.000000000000000000,0.000000000000000000,20000.000000000000000000,19600.000000000000000000,0.274000000000000000,0.274000000000000000
1.276000000000000000,1.276000000000000000,1.300000000000000000,20000.000000000000000000,19630.769230769230769230,0.000000000000000000,0.000000000000000000,20000.000000000000000000,19630.769230769230769230,0.276000000000000000,0.276000000000000000
1.278000000000000000,1.278000000000000000,1.300000000000000000,20000.000000000000000000,19661.538461538461538461,0.000000000000000000,0.000000000000000000,20000.000000000000000000,19661.538461538461538461,0.278000000000000000,0.278000000000000000
1.280000000000000000,1.280000000000000000,1.300000000000000000,20000.000000000000000000,19692.307692307692307692,0.000000000000000000,0.000000000000000000,20000.000000000000000000,19692.307692307692307692,0.280000000000000000,0.280000000000000000
1.282000000000000000,1.282000000000000000,1.300000000000000000,20000.000000000000000000,19723.076923076923076923,0.000000000000000000,0.000000000000000000,20000.000000000000000000,19723.076923076923076923,0.282000000000000000,0.282000000000000000
1.284000000000000000,1.284000000000000000,1.300000000000000000,20000.000000000000000000,19753.846153846153846153,0.000000000000000000,0.000000000000000000,20000.000000000000000000,19753.846153846153846153,0.284000000000000000,0.284000000000000000
1.286000000000000000,1.286000000000000000,1.300000000000000000,20000.000000000000000000,19784.615384615384615384,0.000000000000000000,0.000000000000000000,20000.000000000000000000,19784.615384615384615384,0.286000000000000000,0.286000000000000000
1.288000000000000000,1.288000000000000000,1.300000000000000000,20000.000000000000000000,19815.384615384615384615,0.000000000000000000,0.000000000000000000,20000.000000000000000000,19815.384615384615384615,0.288000000000000000,0.288000000000000000
1.290000000000000000,1.290000000000000000,1.300000000000000000,20000.000000000000000000,19846.153846153846153846,0.000000000000000000,0.000000000000000000,20000.000000000000000000,19846.153846153846153846,0.290000000000000000,0.290000000000000000
1.292000000000000000,1.292000000000000000,1.300000000000000000,20000.000000000000000000,19876.923076923076923076,0.000000000000000000,0.000000000000000000,20000.000000000000000000,19876.923076923076923076,0.292000000000000000,0.292000000000000000
1.294000000000000000,1.294000000000000000,1.300000000000000000,20000.000000000000000000,19907.692307692307692307,0.000000000000000000,0.000000000000000000,20000.000000000000000000,19907.692307692307692307,0.294000000000000000,0.294000000000000000
1.296000000000000000,1.296000000000000000,1.300000000000000000,20000.000000000000000000,19938.461538461538461538,0.000000000000000000,0.000000000000000000,20000.000000000000000000,19938.461538461538461538,0.296000000000000000,0.296000000000000000
1.298000000000000000,1.298000000000000000,1.300000000000000000,20000.000000000000000000,19969.230769230769230769,0.000000000000000000,0.000000000000000000,20000.000000000000000000,19969.230769230769230769,0.298000000000000000,0.298000000000000000
1.300000000000000000,1.300000000000000000,1.300000000000000000,20000.000000000000000000,20000.000000000000000000,0.000000000000000000,0.000000000000000000,20000.000000000000000000,20000.000000000000000000,0.300000000000000000,0.300000000000000000
1.302000000000000000,1.302000000000000000,1.302000000000000000,20000.000000000000000000,20000.000000000000000000,0.000000000000000000,0.000000000000000000,20000.000000000000000000,20000.000000000000000000,0.302000000000000000,0.302000000000000000
1.304000000000000000,1.304000000000000000,1.304000000000000000,20000.000000000000000000,20000.000000000000000000,0.000000000000000000,0.000000000000000000,20000.000000000000000000,20000.000000000000000000,0.304000000000000000,0.304000000000000000
1.306000000000000000,1.306000000000000000,1.306000000000000000,20000.000000000000000000,20000.000000000000000000,0.000000000000000000,0.000000000000000000,20000.000000000000000000,20000.000000000000000000,0.306000000000000000,0.306000000000000000
1.308000000000000000,1.308000000000000000,1.308000000000000000,20000.000000000000000000,20000.000000000000000000,0.000000000000000000,0.000000000000000000,20000.000000000000000000,20000.000000000000000000,0.308000000000000000,0.308000000000000000
1.310000000000000000,1.310000000000000000,1.310000000000000000,20000.000000000000000000,20000.000000000000000000,0.000000000000000000,0.000000000000000000,20000.000000000000000000,20000.000000000000000000,0.310000000000000000,0.310000000000000000
1.312000000000000000,1.312000000000000000,1.312000000000000000,20000.000000000000000000,20000.000000000000000000,0.000000000000000000,0.000000000000000000,20000.000000000000000000,20000.000000000000000000,0.312000000000000000,0.312000000000000000
1.314000000000000000,1.314000000000000000,1.314000000000000000,20000.000000000000000000,20000.000000000000000000,0.000000000000000000,0.000000000000000000,20000.000000000000000000,20000.000000000000000000,0.314000000000000000,0.314000000000000000
1.316000000000000000,1.316000000000000000,1.316000000000000000,20000.000000000000000000,20000.000000000000000000,0.000000000000000000,0.000000000000000000,20000.000000000000000000,20000.000000000000000000,0.316000000000000000,0.316000000000000000
1.318000000000000000,1.318000000000000000,1.318000000000000000,20000.000000000000000000,20000.000000000000000000,0.000000000000000000,0.000000000000000000,20000.000000000000000000,20000.000000000000000000,0.318000000000000000,0.318000000000000000
1.320000000000000000,1.320000000000000000,1.320000000000000000,20000.000000000000000000,20000.000000000000000000,0.000000000000000000,0.000000000000000000,20000.000000000000000000,20000.000000000000000000,0.320000000000000000,0.320000000000000000
1.322000000000000000,1.322000000000000000,1.322000000000000000,20000.000000000000000000,20000.000000000000000000,0.000000000000000000,0.000000000000000000,20000.000000000000000000,20000.000000000000000000,0.322000000000000000,0.322000000000000000
1.324000000000000000,1.324000000000000000,1.324000000000000000,20000.000000000000000000,20000.000000000000000000,0.000000000000000000,0.000000000000000000,20000.000000000000000000,20000.000000000000000000,0.324000000000000000,0.324000000000000000
1.326000000000000000,1.326000000000000000,1.326000000000000000,20000.000000000000000000,20000.000000000000000000,0.000000000000000000,0.000000000000000000,20000.000000000000000000,20000.000000000000000000,0.326000000000000000,0.326000000000000000
1.328000000000000000,1.328000000000000000,1.328000000000000000,20000.000000000000000000,20000.000000000000000000,0.000000000000000000,0.000000000000000000,20000.000000000000000000,20000.000000000000000000,0.328000000000000000,0.328000000000000000
1.330000000000000000,1.330000000000000000,1.330000000000000000,20000.000000000000000000,20000.000000000000000000,0.000000000000000000,0.000000000000000000,20000.000000000000000000,20000.000000000000000000,0.330000000000000000,0.330000000000000000
1.332000000000000000,1.332000000000000000,1.332000000000000000,20000.000000000000000000,20000.000000000000000000,0.000000000000000000,0.000000000000000000,20000.000000000000000000,20000.000000000000000000,0.332000000000000000,0.332000000000000000
1.334000000000000000,1.334000000000000000,1.334000000000000000,20000.000000000000000000,20000.000000000000000000,0.000000000000000000,0.000000000000000000,20000.000000000000000000,20000.000000000000000000,0.334000000000000000,0.334000000000000000
1.336000000000000000,1.336000000000000000,1.336000000000000000,20000.000000000000000000,20000.000000000000000000,0.000000000000000000,0.000000000000000000,20000.000000000000000000,20000.000000000000000000,0.336000000000000000,0.336000000000000000
1.338000000000000000,1.338000000000000000,1.338000000000000000,20000.000000000000000000,20000.000000000000000000,0.000000000000000000,0.000000000000000000,20000.000000000000000000,20000.000000000000000000,0.338000000000000000,0.338000000000000000
1.340000000000000000,1.340000000000000000,1.340000000000000000,20000.000000000000000000,20000.000000000000000000,0.000000000000000000,0.000000000000000000,20000.000000000000000000,20000.000000000000000000,0.340000000000000000,0.340000000000000000
1.342000000000000000,1.342000000000000000,1.342000000000000000,20000.000000000000000000,20000.000000000000000000,0.000000000000000000,0.000000000000000000,20000.000000000000000000,20000.000000000000000000,0.342000000000000000,0.342000000000000000
1.344000000000000000,1.344000000000000000,1.344000000000000000,20000.000000000000000000,20000.000000000000000000,0.000000000000000000,0.000000000000000000,20000.000000000000000000,20000.000000000000000000,0.344000000000000000,0.344000000000000000
1.346000000000000000,1.346000000000000000,1.346000000000000000,20000.000000000000000000,20000.000000000000000000,0.000000000000000000,0.000000000000000000,20000.000000000000000000,20000.000000000000000000,0.346000000000000000,0.346000000000000000
1.348000000000000000,1.348000000000000000,1.348000000000000000,20000.000000000000000000,20000.000000000000000000,0.000000000000000000,0.000000000000000000,20000.000000000000000000,20000.000000000000000000,0.348000000000000000,0.348000000000000000
1.350000000000000000,1.350000000000000000,1.350000000000000000,20000.000000000000000000,20000.000000000000000000,0.000000000000000000,0.000000000000000000,20000.000000000000000000,20000.000000000000000000,0.350000000000000000,0.350000000000000000
1.352000000000000000,1.352000000000000000,1.352000000000000000,20000.000000000000000000,20000.000000000000000000,0.000000000000000000,0.000000000000000000,20000.000000000000000000,20000.000000000000000000,0.352000000000000000,0.352000000000000000
1.354000000000000000,1.354000000000000000,1.354000000000000000,20000.000000000000000000,20000.000000000000000000,0.000000000000000000,0.000000000000000000,20000.000000000000000000,20000.000000000000000000,0.354000000000000000,0.354000000000000000
1.356000000000000000,1.356000000000000000,1.356000000000000000,20000.000000000000000000,20000.000000000000000000,0.000000000000000000,0.000000000000000000,20000.000000000000000000,20000.000000000000000000,0.356000000000000000,0.356000000000000000
1.358000000000000000,1.358000000000000000,1.358000000000000000,20000.000000000000000000,20000.000000000000000000,0.000000000000000000,0.000000000000000000,20000.000000000000000000,20000.000000000000000000,0.358000000000000000,0.358000000000000000
1.360000000000000000,1.360000000000000000,1.360000000000000000,20000.000000000000000000,20000.000000000000000000,0.000000000000000000,0.000000000000000000,20000.000000000000000000,20000.000000000000000000,0.360000000000000000,0.360000000000000000
1.362000000000000000,1.362000000000000000,1.362000000000000000,20000.000000000000000000,20000.000000000000000000,0.000000000000000000,0.000000000000000000,20000.000000000000000000,20000.000000000000000000,0.362000000000000000,0.362000000000000000
1.364000000000000000,1.364000000000000000,1.364000000000000000,20000.000000000000000000,20000.000000000000000000,0.000000000000000000,0.000000000000000000,20000.000000000000000000,20000.000000000000000000,0.364000000000000000,0.364000000000000000
1.366000000000000000,1.366000000000000000,1.366000000000000000,20000.000000000000000000,20000.000000000000000000,0.000000000000000000,0.000000000000000000,20000.000000000000000000,20000.000000000000000000,0.366000000000000000,0.366000000000000000
1.368000000000000000,1.368000000000000000,1.368000000000000000,20000.000000000000000000,20000.000000000000000000,0.000000000000000000,0.000000000000000000,20000.000000000000000000,20000.000000000000000000,0.368000000000000000,0.368000000000000000
1.370000000000000000,1.370000000000000000,1.370000000000000000,20000.000000000000000000,20000.000000000000000000,0.000000000000000000,0.000000000000000000,20000.000000000000000000,20000.000000000000000000,0.370000000000000000,0.370000000000000000
1.372000000000000000,1.372000000000000000,1.372000000000000000,20000.000000000000000000,20000.000000000000000000,0.000000000000000000,0.000000000000000000,20000.000000000000000000,20000.000000000000000000,0.372000000000000000,0.372000000000000000
1.374000000000000000,1.374000000000000000,1.374000000000000000,20000.000000000000000000,20000.000000000000000000,0.000000000000000000,0.000000000000000000,20000.000000000000000000,20000.000000000000000000,0.374000000000000000,0.374000000000000000
1.376000000000000000,1.376000000000000000,1.376000000000000000,20000.000000000000000000,20000.000000000000000000,0.000000000000000000,0.000000000000000000,20000.000000000000000000,20000.000000000000000000,0.376000000000000000,0.376000000000000000
1.378000000000000000,1.378000000000000000,1.378000000000000000,20000.000000000000000000,20000.000000000000000000,0.000000000000000000,0.000000000000000000,20000.000000000000000000,20000.000000000000000000,0.378000000000000000,0.378000000000000000
1.380000000000000000,1.380000000000000000,1.380000000000000000,20000.000000000000000000,20000.000000000000000000,0.000000000000000000,0.000000000000000000,20000.000000000000000000,20000.000000000000000000,0.380000000000000000,0.380000000000000000
1.382000000000000000,1.382000000000000000,1.382000000000000000,20000.000000000000000000,20000.000000000000000000,0.000000000000000000,0.000000000000000000,20000.000000000000000000,20000.000000000000000000,0.382000000000000000,0.382000000000000000
1.384000000000000000,1.384000000000000000,1.384000000000000000,20000.000000000000000000,20000.000000000000000000,0.000000000000000000,0.000000000000000000,20000.000000000000000000,20000.000000000000000000,0.384000000000000000,0.384000000000000000
1.386000000000000000,1.386000000000000000,1.386000000000000000,20000.000000000000000000,20000.000000000000000000,0.000000000000000000,0.000000000000000000,20000.000000000000000000,20000.000000000000000000,0.386000000000000000,0.386000000000000000
1.388000000000000000,1.388000000000000000,1.388000000000000000,20000.000000000000000000,20000.000000000000000000,0.000000000000000000,0.000000000000000000,20000.000000000000000000,20000.000000000000000000,0.388000000000000000,0.388000000000000000
1.390000000000000000,1.390000000000000000,1.390000000000000000,20000.000000000000000000,20000.000000000000000000,0.000000000000000000,0.000000000000000000,20000.000000000000000000,20000.000000000000000000,0.390000000000000000,0.390000000000000000
1.392000000000000000,1.392000000000000000,1.392000000000000000,20000.000000000000000000,20000.000000000000000000,0.000000000000000000,0.000000000000000000,20000.000000000000000000,20000.000000000000000000,0.392000000000000000,0.392000000000000000
1.394000000000000000,1.394000000000000000,1.394000000000000000,20000.000000000000000000,20000.000000000000000000,0.000000000000000000,0.000000000000000000,20000.000000000000000000,20000.000000000000000000,0.394000000000000000,0.394000000000000000
1.396000000000000000,1.396000000000000000,1.396000000000000000,20000.000000000000000000,20000.000000000000000000,0.000000000000000000,0.000000000000000000,20000.000000000000000000,20000.000000000000000000,0.396000000000000000,0.396000000000000000
1.398000000000000000,1.398000000000000000,1.398000000000000000,20000.000000000000000000,20000.000000000000000000,0.000000000000000000,0.000000000000000000,20000.000000000000000000,20000.000000000000000000,0.398000000000000000,0.398000000000000000
1.400000000000000000,1.400000000000000000,1.400000000000000000,20000.000000000000000000,20000.000000000000000000,0.000000000000000000,0.000000000000000000,20000.000000000000000000,20000.000000000000000000,0.400000000000000000,0.400000000000000000
1.402000000000000000,1.402000000000000000,1.402000000000000000,20000.000000000000000000,20000.000000000000000000,0.000000000000000000,0.000000000000000000,20000.000000000000000000,20000.000000000000000000,0.402000000000000000,0.402000000000000000
1.404000000000000000,1.404000000000000000,1.404000000000000000,20000.000000000000000000,20000.000000000000000000,0.000000000000000000,0.000000000000000000,20000.000000000000000000,20000.000000000000000000,0.404000000000000000,0.404000000000000000
1.406000000000000000,1.406000000000000000,1.406000000000000000,20000.000000000000000000,20000.000000000000000000,0.000000000000000000,0.000000000000000000,20000.000000000000000000,20000.000000000000000000,0.406000000000000000,0.406000000000000000
1.408000000000000000,1.408000000000000000,1.408000000000000000,20000.000000000000000000,20000.000000000000000000,0.000000000000000000,0.000000000000000000,20000.000000000000000000,20000.000000000000000000,0.408000000000000000,0.408000000000000000
1.410000000000000000,1.410000000000000000,1.410000000000000000,20000.000000000000000000,20000.000000000000000000,0.000000000000000000,0.000000000000000000,20000.000000000000000000,20000.000000000000000000,0.410000000000000000,0.410000000000000000
1.412000000000000000,1.412000000000000000,1.412000000000000000,20000.000000000000000000,20000.000000000000000000,0.000000000000000000,0.000000000000000000,20000.000000000000000000,20000.000000000000000000,0.412000000000000000,0.412000000000000000
1.414000000000000000,1.414000000000000000,1.414000000000000000,20000.000000000000000000,20000.000000000000000000,0.000000000000000000,0.000000000000000000,20000.000000000000000000,20000.000000000000000000,0.414000000000000000,0.414000000000000000
1.416000000000000000,1.416000000000000000,1.416000000000000000,20000.000000000000000000,20000.000000000000000000,0.000000000000000000,0.000000000000000000,20000.000000000000000000,20000.000000000000000000,0.416000000000000000,0.416000000000000000
1.418000000000000000,1.418000000000000000,1.418000000000000000,20000.000000000000000000,20000.000000000000000000,0.000000000000000000,0.000000000000000000,20000.000000000000000000,20000.000000000000000000,0.418000000000000000,0.418000000000000000
1.420000000000000000,1.420000000000000000,1.420000000000000000,20000.000000000000000000,20000.000000000000000000,0.000000000000000000,0.000000000000000000,20000.000000000000000000,20000.000000000000000000,0.420000000000000000,0.420000000000000000
1.422000000000000000,1.422000000000000000,1.422000000000000000,20000.000000000000000000,20000.000000000000000000,0.000000000000000000,0.000000000000000000,20000.000000000000000000,20000.000000000000000000,0.422000000000000000,0.422000000000000000
1.424000000000000000,1.424000000000000000,1.424000000000000000,20000.000000000000000000,20000.000000000000000000,0.000000000000000000,0.000000000000000000,20000.000000000000000000,20000.000000000000000000,0.424000000000000000,0.424000000000000000
1.426000000000000000,1.426000000000000000,1.426000000000000000,20000.000000000000000000,20000.000000000000000000,0.000000000000000000,0.000000000000000000,20000.000000000000000000,20000.000000000000000000,0.426000000000000000,0.426000000000000000
1.428000000000000000,1.428000000000000000,1.428000000000000000,20000.000000000000000000,20000.000000000000000000,0.000000000000000000,0.000000000000000000,20000.000000000000000000,20000.000000000000000000,0.428000000000000000,0.428000000000000000
1.430000000000000000,1.430000000000000000,1.430000000000000000,20000.000000000000000000,20000.000000000000000000,0.000000000000000000,0.000000000000000000,20000.000000000000000000,20000.000000000000000000,0.430000000000000000,0.430000000000000000
1.432000000000000000,1.432000000000000000,1.432000000000000000,20000.000000000000000000,20000.000000000000000000,0.000000000000000000,0.000000000000000000,20000.000000000000000000,20000.000000000000000000,0.432000000000000000,0.432000000000000000
1.434000000000000000,1.434000000000000000,1.434000000000000000,20000.000000000000000000,20000.000000000000000000,0.000000000000000000,0.000000000000000000,20000.000000000000000000,20000.000000000000000000,0.434000000000000000,0.434000000000000000
1.436000000000000000,1.436000000000000000,1.436000000000000000,20000.000000000000000000,20000.000000000000000000,0.000000000000000000,0.000000000000000000,20000.000000000000000000,20000.000000000000000000,0.436000000000000000,0.436000000000000000
1.438000000000000000,1.438000000000000000,1.438000000000000000,20000.000000000000000000,20000.000000000000000000,0.000000000000000000,0.000000000000000000,20000.000000000000000000,20000.000000000000000000,0.438000000000000000,0.438000000000000000
1.440000000000000000,1.440000000000000000,1.440000000000000000,20000.000000000000000000,20000.000000000000000000,0.000000000000000000,0.000000000000000000,20000.000000000000000000,20000.000000000000000000,0.440000000000000000,0.440000000000000000
1.442000000000000000,1.442000000000000000,1.442000000000000000,20000.000000000000000000,20000.000000000000000000,0.000000000000000000,0.000000000000000000,20000.000000000000000000,20000.000000000000000000,0.442000000000000000,0.442000000000000000
1.444000000000000000,1.444000000000000000,1.444000000000000000,20000.000000000000000000,20000.000000000000000000,0.000000000000000000,0.000000000000000000,20000.000000000000000000,20000.000000000000000000,0.444000000000000000,0.444000000000000000
1.446000000000000000,1.446000000000000000,1.446000000000000000,20000.000000000000000000,20000.000000000000000000,0.000000000000000000,0.000000000000000000,20000.000000000000000000,20000.000000000000000000,0.446000000000000000,0.446000000000000000
1.448000000000000000,1.448000000000000000,1.448000000000000000,20000.000000000000000000,20000.000000000000000000,0.000000000000000000,0.000000000000000000,20000.000000000000000000,20000.000000000000000000,0.448000000000000000,0.448000000000000000
1.450000000000000000,1.450000000000000000,1.450000000000000000,20000.000000000000000000,20000.000000000000000000,0.000000000000000000,0.000000000000000000,20000.000000000000000000,20000.000000000000000000,0.450000000000000000,0.450000000000000000
1.452000000000000000,1.452000000000000000,1.452000000000000000,20000.000000000000000000,20000.000000000000000000,0.000000000000000000,0.000000000000000000,20000.000000000000000000,20000.000000000000000000,0.452000000000000000,0.452000000000000000
1.454000000000000000,1.454000000000000000,1.454000000000000000,20000.000000000000000000,20000.000000000000000000,0.000000000000000000,0.000000000000000000,20000.000000000000000000,20000.000000000000000000,0.454000000000000000,0.454000000000000000
1.456000000000000000,1.456000000000000000,1.456000000000000000,20000.000000000000000000,20000.000000000000000000,0.000000000000000000,0.000000000000000000,20000.000000000000000000,20000.000000000000000000,0.456000000000000000,0.456000000000000000
1.458000000000000000,1.458000000000000000,1.458000000000000000,20000.000000000000000000,20000.000000000000000000,0.000000000000000000,0.000000000000000000,20000.000000000000000000,20000.000000000000000000,0.458000000000000000,0.458000000000000000
1.460000000000000000,1.460000000000000000,1.460000000000000000,20000.000000000000000000,20000.000000000000000000,0.000000000000000000,0.000000000000000000,20000.000000000000000000,20000.000000000000000000,0.460000000000000000,0.460000000000000000
1.462000000000000000,1.462000000000000000,1.462000000000000000,20000.000000000000000000,20000.000000000000000000,0.000000000000000000,0.000000000000000000,20000.000000000000000000,20000.000000000000000000,0.462000000000000000,0.462000000000000000
1.464000000000000000,1.464000000000000000,1.464000000000000000,20000.000000000000000000,20000.000000000000000000,0.000000000000000000,0.000000000000000000,20000.000000000000000000,20000.000000000000000000,0.464000000000000000,0.464000000000000000
1.466000000000000000,1.466000000000000000,1.466000000000000000,20000.000000000000000000,20000.000000000000000000,0.000000000000000000,0.000000000000000000,20000.000000000000000000,20000.000000000000000000,0.466000000000000000,0.466000000000000000
1.468000000000000000,1.468000000000000000,1.468000000000000000,20000.000000000000000000,20000.000000000000000000,0.000000000000000000,0.000000000000000000,20000.000000000000000000,20000.000000000000000000,0.468000000000000000,0.468000000000000000
1.470000000000000000,1.470000000000000000,1.470000000000000000,20000.000000000000000000,20000.000000000000000000,0.000000000000000000,0.000000000000000000,20000.000000000000000000,20000.000000000000000000,0.470000000000000000,0.470000000000000000
1.472000000000000000,1.472000000000000000,1.472000000000000000,20000.000000000000000000,20000.000000000000000000,0.000000000000000000,0.000000000000000000,20000.000000000000000000,20000.000000000000000000,0.472000000000000000,0.472000000000000000
1.474000000000000000,1.474000000000000000,1.474000000000000000,20000.000000000000000000,20000.000000000000000000,0.000000000000000000,0.000000000000000000,20000.000000000000000000,20000.000000000000000000,0.474000000000000000,0.474000000000000000
1.476000000000000000,1.476000000000000000,1.476000000000000000,20000.000000000000000000,20000.000000000000000000,0.000000000000000000,0.000000000000000000,20000.000000000000000000,20000.000000000000000000,0.476000000000000000,0.476000000000000000
1.478000000000000000,1.478000000000000000,1.478000000000000000,20000.000000000000000000,20000.000000000000000000,0.000000000000000000,0.000000000000000000,20000.000000000000000000,20000.000000000000000000,0.478000000000000000,0.478000000000000000
1.480000000000000000,1.480000000000000000,1.480000000000000000,20000.000000000000000000,20000.000000000000000000,0.000000000000000000,0.000000000000000000,20000.000000000000000000,20000.000000000000000000,0.480000000000000000,0.480000000000000000
1.482000000000000000,1.482000000000000000,1.482000000000000000,20000.000000000000000000,20000.000000000000000000,0.000000000000000000,0.000000000000000000,20000.000000000000000000,20000.000000000000000000,0.482000000000000000,0.482000000000000000
1.484000000000000000,1.484000000000000000,1.484000000000000000,20000.000000000000000000,20000.000000000000000000,0.000000000000000000,0.000000000000000000,20000.000000000000000000,20000.000000000000000000,0.484000000000000000,0.484000000000000000
1.486000000000000000,1.486000000000000000,1.486000000000000000,20000.000000000000000000,20000.000000000000000000,0.000000000000000000,0.000000000000000000,20000.000000000000000000,20000.000000000000000000,0.486000000000000000,0.486000000000000000
1.488000000000000000,1.488000000000000000,1.488000000000000000,20000.000000000000000000,20000.000000000000000000,0.000000000000000000,0.000000000000000000,20000.000000000000000000,20000.000000000000000000,0.488000000000000000,0.488000000000000000
1.490000000000000000,1.490000000000000000,1.490000000000000000,20000.000000000000000000,20000.000000000000000000,0.000000000000000000,0.000000000000000000,20000.000000000000000000,20000.000000000000000000,0.490000000000000000,0.490000000000000000
1.492000000000000000,1.492000000000000000,1.492000000000000000,20000.000000000000000000,20000.000000000000000000,0.000000000000000000,0.000000000000000000,20000.000000000000000000,20000.000000000000000000,0.492000000000000000,0.492000000000000000
1.494000000000000000,1.494000000000000000,1.494000000000000000,20000.000000000000000000,20000.000000000000000000,0.000000000000000000,0.000000000000000000,20000.000000000000000000,20000.000000000000000000,0.494000000000000000,0.494000000000000000
1.496000000000000000,1.496000000000000000,1.496000000000000000,20000.000000000000000000,20000.000000000000000000,0.000000000000000000,0.000000000000000000,20000.000000000000000000,20000.000000000000000000,0.496000000000000000,0.496000000000000000
1.498000000000000000,1.498000000000000000,1.498000000000000000,20000.000000000000000000,20000.000000000000000000,0.000000000000000000,0.000000000000000000,20000.000000000000000000,20000.000000000000000000,0.498000000000000000,0.498000000000000000
1.500000000000000000,1.500000000000000000,1.500000000000000000,20000.000000000000000000,20000.000000000000000000,0.000000000000000000,0.000000000000000000,20000.000000000000000000,20000.000000000000000000,0.500000000000000000,0.500000000000000000
1.502000000000000000,1.502000000000000000,1.502000000000000000,20000.000000000000000000,20000.000000000000000000,0.000000000000000000,0.000000000000000000,20000.000000000000000000,20000.000000000000000000,0.502000000000000000,0.502000000000000000
1.504000000000000000,1.504000000000000000,1.504000000000000000,20000.000000000000000000,20000.000000000000000000,0.000000000000000000,0.000000000000000000,20000.000000000000000000,20000.000000000000000000,0.504000000000000000,0.504000000000000000
1.506000000000000000,1.506000000000000000,1.506000000000000000,20000.000000000000000000,20000.000000000000000000,0.000000000000000000,0.000000000000000000,20000.000000000000000000,20000.000000000000000000,0.506000000000000000,0.506000000000000000
1.508000000000000000,1.508000000000000000,1.508000000000000000,20000.000000000000000000,20000.000000000000000000,0.000000000000000000,0.000000000000000000,20000.000000000000000000,20000.000000000000000000,0.508000000000000000,0.508000000000000000
1.510000000000000000,1.510000000000000000,1.510000000000000000,20000.000000000000000000,20000.000000000000000000,0.000000000000000000,0.000000000000000000,20000.000000000000000000,20000.000000000000000000,0.510000000000000000,0.510000000000000000
1.512000000000000000,1.512000000000000000,1.512000000000000000,20000.000000000000000000,20000.000000000000000000,0.000000000000000000,0.000000000000000000,20000.000000000000000000,20000.000000000000000000,0.512000000000000000,0.512000000000000000
1.514000000000000000,1.514000000000000000,1.514000000000000000,20000.000000000000000000,20000.000000000000000000,0.000000000000000000,0.000000000000000000,20000.000000000000000000,20000.000000000000000000,0.514000000000000000,0.514000000000000000
1.516000000000000000,1.516000000000000000,1.516000000000000000,20000.000000000000000000,20000.000000000000000000,0.000000000000000000,0.000000000000000000,20000.000000000000000000,20000.000000000000000000,0.516000000000000000,0.516000000000000000
1.518000000000000000,1.518000000000000000,1.518000000000000000,20000.000000000000000000,20000.000000000000000000,0.000000000000000000,0.000000000000000000,20000.000000000000000000,20000.000000000000000000,0.518000000000000000,0.518000000000000000
1.520000000000000000,1.520000000000000000,1.520000000000000000,20000.000000000000000000,20000.000000000000000000,0.000000000000000000,0.000000000000000000,20000.000000000000000000,20000.000000000000000000,0.520000000000000000,0.520000000000000000
1.522000000000000000,1.522000000000000000,1.522000000000000000,20000.000000000000000000,20000.000000000000000000,0.000000000000000000,0.000000000000000000,20000.000000000000000000,20000.000000000000000000,0.522000000000000000,0.522000000000000000
1.524000000000000000,1.524000000000000000,1.524000000000000000,20000.000000000000000000,20000.000000000000000000,0.000000000000000000,0.000000000000000000,20000.000000000000000000,20000.000000000000000000,0.524000000000000000,0.524000000000000000
1.526000000000000000,1.526000000000000000,1.526000000000000000,20000.000000000000000000,20000.000000000000000000,0.000000000000000000,0.000000000000000000,20000.000000000000000000,20000.000000000000000000,0.526000000000000000,0.526000000000000000
1.528000000000000000,1.528000000000000000,1.528000000000000000,20000.000000000000000000,20000.000000000000000000,0.000000000000000000,0.000000000000000000,20000.000000000000000000,20000.000000000000000000,0.528000000000000000,0.528000000000000000
1.530000000000000000,1.530000000000000000,1.530000000000000000,20000.000000000000000000,20000.000000000000000000,0.000000000000000000,0.000000000000000000,20000.000000000000000000,20000.000000000000000000,0.530000000000000000,0.530000000000000000
1.532000000000000000,1.532000000000000000,1.532000000000000000,20000.000000000000000000,20000.000000000000000000,0.000000000000000000,0.000000000000000000,20000.000000000000000000,20000.000000000000000000,0.532000000000000000,0.532000000000000000
1.534000000000000000,1.534000000000000000,1.534000000000000000,20000.000000000000000000,20000.000000000000000000,0.000000000000000000,0.000000000000000000,20000.000000000000000000,20000.000000000000000000,0.534000000000000000,0.534000000000000000
1.536000000000000000,1.536000000000000000,1.536000000000000000,20000.000000000000000000,20000.000000000000000000,0.000000000000000000,0.000000000000000000,20000.000000000000000000,20000.000000000000000000,0.536000000000000000,0.536000000000000000
1.538000000000000000,1.538000000000000000,1.538000000000000000,20000.000000000000000000,20000.000000000000000000,0.000000000000000000,0.000000000000000000,20000.000000000000000000,20000.000000000000000000,0.538000000000000000,0.538000000000000000
1.540000000000000000,1.540000000000000000,1.540000000000000000,20000.000000000000000000,20000.000000000000000000,0.000000000000000000,0.000000000000000000,20000.000000000000000000,20000.000000000000000000,0.540000000000000000,0.540000000000000000
1.542000000000000000,1.542000000000000000,1.542000000000000000,20000.000000000000000000,20000.000000000000000000,0.000000000000000000,0.000000000000000000,20000.000000000000000000,20000.000000000000000000,0.542000000000000000,0.542000000000000000
1.544000000000000000,1.544000000000000000,1.544000000000000000,20000.000000000000000000,20000.000000000000000000,0.000000000000000000,0.000000000000000000,20000.000000000000000000,20000.000000000000000000,0.544000000000000000,0.544000000000000000
1.546000000000000000,1.546000000000000000,1.546000000000000000,20000.000000000000000000,20000.000000000000000000,0.000000000000000000,0.000000000000000000,20000.000000000000000000,20000.000000000000000000,0.546000000000000000,0.546000000000000000
1.548000000000000000,1.548000000000000000,1.548000000000000000,20000.000000000000000000,20000.000000000000000000,0.000000000000000000,0.000000000000000000,20000.000000000000000000,20000.000000000000000000,0.548000000000000000,0.548000000000000000
1.550000000000000000,1.550000000000000000,1.550000000000000000,20000.000000000000000000,20000.000000000000000000,0.000000000000000000,0.000000000000000000,20000.000000000000000000,20000.000000000000000000,0.550000000000000000,0.550000000000000000
1.552000000000000000,1.552000000000000000,1.552000000000000000,20000.000000000000000000,20000.000000000000000000,0.000000000000000000,0.000000000000000000,20000.000000000000000000,20000.000000000000000000,0.552000000000000000,0.552000000000000000
1.554000000000000000,1.554000000000000000,1.554000000000000000,20000.000000000000000000,20000.000000000000000000,0.000000000000000000,0.000000000000000000,20000.000000000000000000,20000.000000000000000000,0.554000000000000000,0.554000000000000000
1.556000000000000000,1.556000000000000000,1.556000000000000000,20000.000000000000000000,20000.000000000000000000,0.000000000000000000,0.000000000000000000,20000.000000000000000000,20000.000000000000000000,0.556000000000000000,0.556000000000000000
1.558000000000000000,1.558000000000000000,1.558000000000000000,20000.000000000000000000,20000.000000000000000000,0.000000000000000000,0.000000000000000000,20000.000000000000000000,20000.000000000000000000,0.558000000000000000,0.558000000000000000
1.560000000000000000,1.560000000000000000,1.560000000000000000,20000.000000000000000000,20000.000000000000000000,0.000000000000000000,0.000000000000000000,20000.000000000000000000,20000.000000000000000000,0.560000000000000000,0.560000000000000000
1.562000000000000000,1.562000000000000000,1.562000000000000000,20000.000000000000000000,20000.000000000000000000,0.000000000000000000,0.000000000000000000,20000.000000000000000000,20000.000000000000000000,0.562000000000000000,0.562000000000000000
1.564000000000000000,1.564000000000000000,1.564000000000000000,20000.000000000000000000,20000.000000000000000000,0.000000000000000000,0.000000000000000000,20000.000000000000000000,20000.000000000000000000,0.564000000000000000,0.564000000000000000
1.566000000000000000,1.566000000000000000,1.566000000000000000,20000.000000000000000000,20000.000000000000000000,0.000000000000000000,0.000000000000000000,20000.000000000000000000,20000.000000000000000000,0.566000000000000000,0.566000000000000000
1.568000000000000000,1.568000000000000000,1.568000000000000000,20000.000000000000000000,20000.000000000000000000,0.000000000000000000,0.000000000000000000,20000.000000000000000000,20000.000000000000000000,0.568000000000000000,0.568000000000000000
1.570000000000000000,1.570000000000000000,1.570000000000000000,20000.000000000000000000,20000.000000000000000000,0.000000000000000000,0.000000000000000000,20000.000000000000000000,20000.000000000000000000,0.570000000000000000,0.570000000000000000
1.572000000000000000,1.572000000000000000,1.572000000000000000,20000.000000000000000000,20000.000000000000000000,0.000000000000000000,0.000000000000000000,20000.000000000000000000,20000.000000000000000000,0.572000000000000000,0.572000000000000000
1.574000000000000000,1.574000000000000000,1.574000000000000000,20000.000000000000000000,20000.000000000000000000,0.000000000000000000,0.000000000000000000,20000.000000000000000000,20000.000000000000000000,0.574000000000000000,0.574000000000000000
1.576000000000000000,1.576000000000000000,1.576000000000000000,20000.000000000000000000,20000.000000000000000000,0.000000000000000000,0.000000000000000000,20000.000000000000000000,20000.000000000000000000,0.576000000000000000,0.576000000000000000
1.578000000000000000,1.578000000000000000,1.578000000000000000,20000.000000000000000000,20000.000000000000000000,0.000000000000000000,0.000000000000000000,20000.000000000000000000,20000.000000000000000000,0.578000000000000000,0.578000000000000000
1.580000000000000000,1.580000000000000000,1.580000000000000000,20000.000000000000000000,20000.000000000000000000,0.000000000000000000,0.000000000000000000,20000.000000000000000000,20000.000000000000000000,0.580000000000000000,0.580000000000000000
1.582000000000000000,1.582000000000000000,1.582000000000000000,20000.000000000000000000,20000.000000000000000000,0.000000000000000000,0.000000000000000000,20000.000000000000000000,20000.000000000000000000,0.582000000000000000,0.582000000000000000
1.584000000000000000,1.584000000000000000,1.584000000000000000,20000.000000000000000000,20000.000000000000000000,0.000000000000000000,0.000000000000000000,20000.000000000000000000,20000.000000000000000000,0.584000000000000000,0.584000000000000000
1.586000000000000000,1.586000000000000000,1.586000000000000000,20000.000000000000000000,20000.000000000000000000,0.000000000000000000,0.000000000000000000,20000.000000000000000000,20000.000000000000000000,0.586000000000000000,0.586000000000000000
1.588000000000000000,1.588000000000000000,1.588000000000000000,20000.000000000000000000,20000.000000000000000000,0.000000000000000000,0.000000000000000000,20000.000000000000000000,20000.000000000000000000,0.588000000000000000,0.588000000000000000
1.590000000000000000,1.590000000000000000,1.590000000000000000,20000.000000000000000000,20000.000000000000000000,0.000000000000000000,0.000000000000000000,20000.000000000000000000,20000.000000000000000000,0.590000000000000000,0.590000000000000000
1.592000000000000000,1.592000000000000000,1.592000000000000000,20000.000000000000000000,20000.000000000000000000,0.000000000000000000,0.000000000000000000,20000.000000000000000000,20000.000000000000000000,0.592000000000000000,0.592000000000000000
1.594000000000000000,1.594000000000000000,1.594000000000000000,20000.000000000000000000,20000.000000000000000000,0.000000000000000000,0.000000000000000000,20000.000000000000000000,20000.000000000000000000,0.594000000000000000,0.594000000000000000
1.596000000000000000,1.596000000000000000,1.596000000000000000,20000.000000000000000000,20000.000000000000000000,0.000000000000000000,0.000000000000000000,20000.000000000000000000,20000.000000000000000000,0.596000000000000000,0.596000000000000000
1.598000000000000000,1.598000000000000000,1.598000000000000000,20000.000000000000000000,20000.000000000000000000,0.000000000000000000,0.000000000000000000,20000.000000000000000000,20000.000000000000000000,0.598000000000000000,0.598000000000000000
1.600000000000000000,1.600000000000000000,1.600000000000000000,20000.000000000000000000,20000.000000000000000000,0.000000000000000000,0.000000000000000000,20000.000000000000000000,20000.000000000000000000,0.600000000000000000,0.600000000000000000
