current CR,pegged for collateral for 1.01,pegged for leveraged for 1.01,pegged for collateral for 1.25,pegged for leveraged for 1.25,pegged for collateral for 1.5,pegged for leveraged for 1.5
0.001999999999999999,20000.000000000000000000,2015999.999999999794368142,20000.000000000000000000,99839.999999999999500806,20000.000000000000000000,59919.999999999999880163
0.003999999999999999,20000.000000000000000000,2011999.999999999794776182,20000.000000000000000000,99679.999999999999501611,20000.000000000000000000,59839.999999999999880325
0.005999999999999999,20000.000000000000000000,2007999.999999999592376222,20000.000000000000000000,99519.999999999999004811,20000.000000000000000000,59759.999999999999701207
0.007999999999999999,20000.000000000000000000,2003999.999999999795592363,20000.000000000000000000,99359.999999999999503216,20000.000000000000000000,59679.999999999999880649
0.009999999999999999,20000.000000000000000000,1999999.999999999796000403,20000.000000000000000000,99199.999999999999504016,20000.000000000000000000,59599.999999999999880808
0.011999999999999999,20000.000000000000000000,1995999.999999998385236443,20000.000000000000000000,99039.999999999996533621,20000.000000000000000000,59519.999999999998988170
0.013999999999999999,20000.000000000000000000,1991999.999999998790856584,20000.000000000000000000,98879.999999999997528021,20000.000000000000000000,59439.999999999999167852
0.015999999999999999,20000.000000000000000000,1987999.999999999797224624,20000.000000000000000000,98719.999999999999506426,20000.000000000000000000,59359.999999999999881294
0.017999999999999999,20000.000000000000000000,1983999.999999997192640664,20000.000000000000000000,98559.999999999994086431,20000.000000000000000000,59279.999999999998280896
0.019999999999999999,20000.000000000000000000,1979999.999999999798040704,20000.000000000000000000,98399.999999999999508031,20000.000000000000000000,59199.999999999999881615
0.021999999999999999,20000.000000000000000000,1975999.999999998800568845,20000.000000000000000000,98239.999999999997544036,20000.000000000000000000,59119.999999999999172337
0.023999999999999999,20000.000000000000000000,1971999.999999998404652885,20000.000000000000000000,98079.999999999996567236,20000.000000000000000000,59039.999999999998996339
0.025999999999999999,20000.000000000000000000,1967999.999999998805424925,20000.000000000000000000,97919.999999999997552041,20000.000000000000000000,58959.999999999999174581
0.027999999999999999,20000.000000000000000000,1963999.999999996030757066,20000.000000000000000000,97759.999999999991690441,20000.000000000000000000,58879.999999999997585943
0.029999999999999999,20000.000000000000000000,1959999.999999996038841106,20000.000000000000000000,97599.999999999991704046,20000.000000000000000000,58799.999999999997589222
0.031999999999999999,20000.000000000000000000,1955999.999999999800489146,20000.000000000000000000,97439.999999999999512846,20000.000000000000000000,58719.999999999999882584
0.033999999999999999,20000.000000000000000000,1951999.999999998815137287,20000.000000000000000000,97279.999999999997568051,20000.000000000000000000,58639.999999999999179066
0.035999999999999999,20000.000000000000000000,1947999.999999993702117327,20000.000000000000000000,97119.999999999987374456,20000.000000000000000000,58559.999999999996193628
0.037999999999999999,20000.000000000000000000,1943999.999999996463865367,20000.000000000000000000,96959.999999999992728056,20000.000000000000000000,58479.999999999997777790
0.039999999999999999,20000.000000000000000000,1939999.999999999802121407,20000.000000000000000000,96799.999999999999516061,20000.000000000000000000,58399.999999999999883229
0.041999999999999999,20000.000000000000000000,1935999.999999996087345548,20000.000000000000000000,96639.999999999991785661,20000.000000000000000000,58319.999999999997608911
0.043999999999999999,20000.000000000000000000,1931999.999999994534373588,20000.000000000000000000,96479.999999999988904866,20000.000000000000000000,58239.999999999996563873
0.045999999999999999,20000.000000000000000000,1927999.999999994156233628,20000.000000000000000000,96319.999999999987960066,20000.000000000000000000,58159.999999999996394115
0.047999999999999999,20000.000000000000000000,1923999.999999993779709769,20000.000000000000000000,96159.999999999987499271,20000.000000000000000000,58079.999999999996224837
0.049999999999999999,20000.000000000000000000,1919999.999999999804161809,20000.000000000000000000,95999.999999999999520071,20000.000000000000000000,57999.999999999999884036
0.051999999999999999,20000.000000000000000000,1915999.999999993805573849,20000.000000000000000000,95839.999999999987540876,20000.000000000000000000,57919.999999999996235238
0.053999999999999999,20000.000000000000000000,1911999.999999990342489990,20000.000000000000000000,95679.999999999980385681,20000.000000000000000000,57839.999999999994158200
0.055999999999999999,20000.000000000000000000,1907999.999999990748110030,20000.000000000000000000,95519.999999999981373681,20000.000000000000000000,57759.999999999994339562
0.057999999999999999,20000.000000000000000000,1903999.999999994998192050,20000.000000000000000000,95359.999999999989987206,20000.000000000000000000,57679.999999999996942962
0.059999999999999999,20000.000000000000000000,1899999.999999996160100191,20000.000000000000000000,95199.999999999991908006,20000.000000000000000000,57599.999999999997638404
0.061999999999999999,20000.000000000000000000,1895999.999999993487240231,20000.000000000000000000,95039.999999999986694411,20000.000000000000000000,57519.999999999995916086
0.063999999999999999,20000.000000000000000000,1891999.999999999998108271,20000.000000000000000000,94879.999999999999525611,20000.000000000000000000,57439.999999999999885128
0.065999999999999999,20000.000000000000000000,1887999.999999990463712412,20000.000000000000000000,94719.999999999980582416,20000.000000000000000000,57359.999999999994206650
0.067999999999999999,20000.000000000000000000,1883999.999999992386756452,20000.000000000000000000,94559.999999999984397621,20000.000000000000000000,57279.999999999995245769
0.069999999999999999,20000.000000000000000000,1879999.999999996200520492,20000.000000000000000000,94399.999999999991976021,20000.000000000000000000,57199.999999999997654811
0.071999999999999999,20000.000000000000000000,1875999.999999993934892532,20000.000000000000000000,94239.999999999987748826,20000.000000000000000000,57119.999999999996287213
0.073999999999999999,20000.000000000000000000,1871999.999999986763088673,20000.000000000000000000,94079.999999999973187226,20000.000000000000000000,57039.999999999991843295
0.075999999999999999,20000.000000000000000000,1867999.999999989432724713,20000.000000000000000000,93919.999999999978398431,20000.000000000000000000,56959.999999999993563537
0.077999999999999999,20000.000000000000000000,1863999.999999993973688753,20000.000000000000000000,93759.999999999987811231,20000.000000000000000000,56879.999999999996302816
0.079999999999999999,20000.000000000000000000,1859999.999999999998140894,20000.000000000000000000,93599.999999999999532036,20000.000000000000000000,56799.999999999999886418
0.081999999999999999,20000.000000000000000000,1855999.999999990250432934,20000.000000000000000000,93439.999999999980377641,20000.000000000000000000,56719.999999999993930980
0.083999999999999999,20000.000000000000000000,1851999.999999996257108974,20000.000000000000000000,93279.999999999992071241,20000.000000000000000000,56639.999999999997677782
0.085999999999999999,20000.000000000000000000,1847999.999999998131673115,20000.000000000000000000,93119.999999999995809646,20000.000000000000000000,56559.999999999998699144
0.087999999999999999,20000.000000000000000000,1843999.999999986588589155,20000.000000000000000000,92959.999999999973041646,20000.000000000000000000,56479.999999999991753943
0.089999999999999999,20000.000000000000000000,1839999.999999990706161195,20000.000000000000000000,92799.999999999980976051,20000.000000000000000000,56399.999999999994303625
0.091999999999999999,20000.000000000000000000,1835999.999999985905029235,20000.000000000000000000,92639.999999999971281651,20000.000000000000000000,56319.999999999991270427
0.093999999999999999,20000.000000000000000000,1831999.999999992966953376,20000.000000000000000000,92479.999999999985665656,20000.000000000000000000,56239.999999999995669549
0.095999999999999999,20000.000000000000000000,1827999.999999994090077416,20000.000000000000000000,92319.999999999987998456,20000.000000000000000000,56159.999999999996349631
0.097999999999999999,20000.000000000000000000,1823999.999999983418017456,20000.000000000000000000,92159.999999999966361661,20000.000000000000000000,56079.999999999989793470
0.099999999999999999,20000.000000000000000000,1819999.999999999998181597,20000.000000000000000000,91999.999999999999540066,20000.000000000000000000,55999.999999999999888032
0.101999999999999999,20000.000000000000000000,1815999.999999986425401637,20000.000000000000000000,91839.999999999972448066,20000.000000000000000000,55919.999999999991667954
0.103999999999999999,20000.000000000000000000,1811999.999999994141805677,20000.000000000000000000,91679.999999999988081671,20000.000000000000000000,55839.999999999996370436
0.105999999999999999,20000.000000000000000000,1807999.999999986850417818,20000.000000000000000000,91519.999999999973459271,20000.000000000000000000,55759.999999999991859078
0.107999999999999999,20000.000000000000000000,1803999.999999981048981858,20000.000000000000000000,91359.999999999961628876,20000.000000000000000000,55679.999999999988195877
0.109999999999999999,20000.000000000000000000,1799999.999999990908201898,20000.000000000000000000,91199.999999999981304076,20000.000000000000000000,55599.999999999994384439
0.111999999999999999,20000.000000000000000000,1795999.999999991291197938,20000.000000000000000000,91039.999999999982247281,20000.000000000000000000,55519.999999999994559081
0.113999999999999999,20000.000000000000000000,1791999.999999989862656059,20000.000000000000000000,90879.999999999979097606,20000.000000000000000000,55439.999999999993735284
0.115999999999999999,20000.000000000000000000,1787999.999999984828820099,20000.000000000000000000,90719.999999999969155206,20000.000000000000000000,55359.999999999990588803
0.117999999999999999,20000.000000000000000000,1783999.999999989907912240,20000.000000000000000000,90559.999999999979171211,20000.000000000000000000,55279.999999999993753365
0.119999999999999999,20000.000000000000000000,1779999.999999985615820280,20000.000000000000000000,90399.999999999970620011,20000.000000000000000000,55199.999999999991112807
0.121999999999999999,20000.000000000000000000,1775999.999999982778128320,20000.000000000000000000,90239.999999999964806416,20000.000000000000000000,55119.999999999989306729
0.123999999999999999,20000.000000000000000000,1771999.999999982816916461,20000.000000000000000000,90079.999999999964868816,20000.000000000000000000,55039.999999999989322251
0.125999999999999999,20000.000000000000000000,1767999.999999981427160501,20000.000000000000000000,89919.999999999962233621,20000.000000000000000000,54959.999999999988348490
0.127999999999999999,20000.000000000000000000,1763999.999999999998236541,20000.000000000000000000,89759.999999999999551221,20000.000000000000000000,54879.999999999999890252
0.129999999999999999,20000.000000000000000000,1759999.999999980444640581,20000.000000000000000000,89599.999999999960128026,20000.000000000000000000,54799.999999999987724814
0.131999999999999999,20000.000000000000000000,1755999.999999979424948722,20000.000000000000000000,89439.999999999957963231,20000.000000000000000000,54719.999999999987086096
0.133999999999999999,20000.000000000000000000,1751999.999999995043592762,20000.000000000000000000,89279.999999999989732831,20000.000000000000000000,54639.999999999996776258
0.135999999999999999,20000.000000000000000000,1747999.999999992936332802,20000.000000000000000000,89119.999999999985295236,20000.000000000000000000,54559.999999999995471537
0.137999999999999999,20000.000000000000000000,1743999.999999978508688943,20000.000000000000000000,88959.999999999955964836,20000.000000000000000000,54479.999999999986488979
0.139999999999999999,20000.000000000000000000,1739999.999999996483460983,20000.000000000000000000,88799.999999999992452041,20000.000000000000000000,54399.999999999997769621
0.141999999999999999,20000.000000000000000000,1735999.999999981061977023,20000.000000000000000000,88639.999999999961441641,20000.000000000000000000,54319.999999999988158263
0.143999999999999999,20000.000000000000000000,1731999.999999994400445063,20000.000000000000000000,88479.999999999988497646,20000.000000000000000000,54239.999999999996474425
0.145999999999999999,20000.000000000000000000,1727999.999999976262465204,20000.000000000000000000,88319.999999999951424051,20000.000000000000000000,54159.999999999985106024
0.147999999999999999,20000.000000000000000000,1723999.999999974924421244,20000.000000000000000000,88159.999999999948867251,20000.000000000000000000,54079.999999999984316826
0.149999999999999999,20000.000000000000000000,1719999.999999991312281284,20000.000000000000000000,87999.999999999981960056,20000.000000000000000000,53999.999999999994546028
0.151999999999999999,20000.000000000000000000,1715999.999999990292589425,20000.000000000000000000,87839.999999999979796856,20000.000000000000000000,53919.999999999993907070
0.153999999999999999,20000.000000000000000000,1711999.999999998960817465,20000.000000000000000000,87679.999999999997808061,20000.000000000000000000,53839.999999999999246272
0.155999999999999999,20000.000000000000000000,1707999.999999994478037505,20000.000000000000000000,87519.999999999988622461,20000.000000000000000000,53759.999999999996505631
0.157999999999999999,20000.000000000000000000,1703999.999999979690025646,20000.000000000000000000,87359.999999999958504066,20000.000000000000000000,53679.999999999987170513
0.159999999999999999,20000.000000000000000000,1699999.999999999998301686,20000.000000000000000000,87199.999999999999564066,20000.000000000000000000,53599.999999999999892835
0.161999999999999999,20000.000000000000000000,1695999.999999991433505726,20000.000000000000000000,87039.999999999982156871,20000.000000000000000000,53519.999999999994594517
0.163999999999999999,20000.000000000000000000,1691999.999999991111925766,20000.000000000000000000,86879.999999999981755276,20000.000000000000000000,53439.999999999994281959
0.165999999999999999,20000.000000000000000000,1687999.999999976470969907,20000.000000000000000000,86719.999999999951870476,20000.000000000000000000,53359.999999999985165958
0.167999999999999999,20000.000000000000000000,1683999.999999982309581947,20000.000000000000000000,86559.999999999963644881,20000.000000000000000000,53279.999999999988704680
0.169999999999999999,20000.000000000000000000,1679999.999999993211121987,20000.000000000000000000,86399.999999999985744081,20000.000000000000000000,53199.999999999995584442
0.171999999999999999,20000.000000000000000000,1675999.999999983747828108,20000.000000000000000000,86239.999999999966366406,20000.000000000000000000,53119.999999999989694722
0.173999999999999999,20000.000000000000000000,1671999.999999995607656148,20000.000000000000000000,86079.999999999990961606,20000.000000000000000000,53039.999999999997188884
0.175999999999999999,20000.000000000000000000,1667999.999999973043452289,20000.000000000000000000,85919.999999999944581611,20000.000000000000000000,52959.999999999982893926
0.177999999999999999,20000.000000000000000000,1663999.999999993948032329,20000.000000000000000000,85759.999999999987564816,20000.000000000000000000,52879.999999999996086888
0.179999999999999999,20000.000000000000000000,1659999.999999976525940369,20000.000000000000000000,85599.999999999951636016,20000.000000000000000000,52799.999999999985004810
0.181999999999999999,20000.000000000000000000,1655999.999999998994808409,20000.000000000000000000,85439.999999999997864021,20000.000000000000000000,52719.999999999999261929
0.183999999999999999,20000.000000000000000000,1651999.999999971967212550,20000.000000000000000000,85279.999999999942009621,20000.000000000000000000,52639.999999999982207691
0.185999999999999999,20000.000000000000000000,1647999.999999973699568590,20000.000000000000000000,85119.999999999945523226,20000.000000000000000000,52559.999999999983180813
0.187999999999999999,20000.000000000000000000,1643999.999999978080548630,20000.000000000000000000,84959.999999999954546426,20000.000000000000000000,52479.999999999986040335
0.189999999999999999,20000.000000000000000000,1639999.999999971839560771,20000.000000000000000000,84799.999999999941912031,20000.000000000000000000,52399.999999999981974417
0.191999999999999999,20000.000000000000000000,1635999.999999978848156811,20000.000000000000000000,84639.999999999956410431,20000.000000000000000000,52319.999999999986396816
0.193999999999999999,20000.000000000000000000,1631999.999999990438112851,20000.000000000000000000,84479.999999999980147236,20000.000000000000000000,52239.999999999993783458
0.195999999999999999,20000.000000000000000000,1627999.999999969085908891,20000.000000000000000000,84319.999999999935916841,20000.000000000000000000,52159.999999999980179220
0.197999999999999999,20000.000000000000000000,1623999.999999991797177032,20000.000000000000000000,84159.999999999982747241,20000.000000000000000000,52079.999999999994739942
0.199999999999999999,20000.000000000000000000,1619999.999999999998381072,20000.000000000000000000,83999.999999999999580046,20000.000000000000000000,51999.999999999999896024
0.201999999999999999,20000.000000000000000000,1615999.999999975515985112,20000.000000000000000000,83839.999999999949276846,20000.000000000000000000,51919.999999999984320183
0.203999999999999999,20000.000000000000000000,1611999.999999971343477253,20000.000000000000000000,83679.999999999940587251,20000.000000000000000000,51839.999999999981544985
0.205999999999999999,20000.000000000000000000,1607999.999999974013113293,20000.000000000000000000,83519.999999999946129651,20000.000000000000000000,51759.999999999983281547
0.207999999999999999,20000.000000000000000000,1603999.999999994814269333,20000.000000000000000000,83359.999999999989163256,20000.000000000000000000,51679.999999999996640829
0.209999999999999999,20000.000000000000000000,1599999.999999996766401474,20000.000000000000000000,83199.999999999992928061,20000.000000000000000000,51599.999999999997884431
0.211999999999999999,20000.000000000000000000,1595999.999999988392293514,20000.000000000000000000,83039.999999999975918461,20000.000000000000000000,51519.999999999992478110
0.213999999999999999,20000.000000000000000000,1591999.999999971377433554,20000.000000000000000000,82879.999999999940326466,20000.000000000000000000,51439.999999999981533072
0.215999999999999999,20000.000000000000000000,1587999.999999983318061594,20000.000000000000000000,82719.999999999965257666,20000.000000000000000000,51359.999999999989111714
0.217999999999999999,20000.000000000000000000,1583999.999999981440273735,20000.000000000000000000,82559.999999999961196871,20000.000000000000000000,51279.999999999987897956
0.219999999999999999,20000.000000000000000000,1579999.999999974465621775,20000.000000000000000000,82399.999999999946852071,20000.000000000000000000,51199.999999999983462438
0.221999999999999999,20000.000000000000000000,1575999.999999965457233815,20000.000000000000000000,82239.999999999927628876,20000.000000000000000000,51119.999999999977507237
0.223999999999999999,20000.000000000000000000,1571999.999999974594909956,20000.000000000000000000,82079.999999999947058476,20000.000000000000000000,51039.999999999983514119
0.225999999999999999,20000.000000000000000000,1567999.999999993980449996,20000.000000000000000000,81919.999999999987302481,20000.000000000000000000,50959.999999999996076121
0.227999999999999999,20000.000000000000000000,1563999.999999991152452117,20000.000000000000000000,81759.999999999981195206,20000.000000000000000000,50879.999999999994250564
0.229999999999999999,20000.000000000000000000,1559999.999999995271640157,20000.000000000000000000,81599.999999999989800006,20000.000000000000000000,50799.999999999996850403
0.231999999999999999,20000.000000000000000000,1555999.999999968567244197,20000.000000000000000000,81439.999999999934440811,20000.000000000000000000,50719.999999999979509125
0.233999999999999999,20000.000000000000000000,1551999.999999994982384237,20000.000000000000000000,81279.999999999989433611,20000.000000000000000000,50639.999999999996708407
0.235999999999999999,20000.000000000000000000,1547999.999999991242964378,20000.000000000000000000,81119.999999999981342416,20000.000000000000000000,50559.999999999994286729
0.237999999999999999,20000.000000000000000000,1543999.999999999062792418,20000.000000000000000000,80959.999999999997976016,20000.000000000000000000,50479.999999999999293291
0.239999999999999999,20000.000000000000000000,1539999.999999987555260458,20000.000000000000000000,80799.999999999973740021,20000.000000000000000000,50399.999999999991885610
0.241999999999999999,20000.000000000000000000,1535999.999999988828672599,20000.000000000000000000,80639.999999999976614426,20000.000000000000000000,50319.999999999992653292
0.243999999999999999,20000.000000000000000000,1531999.999999985144196639,20000.000000000000000000,80479.999999999968612826,20000.000000000000000000,50239.999999999990253454
0.245999999999999999,20000.000000000000000000,1527999.999999979318520679,20000.000000000000000000,80319.999999999956627231,20000.000000000000000000,50159.999999999986356496
0.247999999999999999,20000.000000000000000000,1523999.999999985221772820,20000.000000000000000000,80159.999999999968737631,20000.000000000000000000,50079.999999999990284498
0.249999999999999999,20000.000000000000000000,1519999.999999999998480860,20000.000000000000000000,79999.999999999999600036,20000.000000000000000000,49999.999999999999900017
0.251999999999999999,20000.000000000000000000,1515999.999999984074420900,20000.000000000000000000,79839.999999999966467236,20000.000000000000000000,49919.999999999989416979
0.253999999999999999,20000.000000000000000000,1511999.999999988697800940,20000.000000000000000000,79679.999999999976096041,20000.000000000000000000,49839.999999999992573861
0.255999999999999999,20000.000000000000000000,1507999.999999999998493081,20000.000000000000000000,79519.999999999999602441,20000.000000000000000000,49759.999999999999900503
0.257999999999999999,20000.000000000000000000,1503999.999999972351969121,20000.000000000000000000,79359.999999999941670446,20000.000000000000000000,49679.999999999981717785
0.259999999999999999,20000.000000000000000000,1499999.999999963790001161,20000.000000000000000000,79199.999999999923572051,20000.000000000000000000,49599.999999999975944024
0.261999999999999999,20000.000000000000000000,1495999.999999994559049302,20000.000000000000000000,79039.999999999988539251,20000.000000000000000000,49519.999999999996335546
0.263999999999999999,20000.000000000000000000,1491999.999999962777585342,20000.000000000000000000,78879.999999999921120056,20000.000000000000000000,49439.999999999975280028
0.265999999999999999,20000.000000000000000000,1487999.999999980160497382,20000.000000000000000000,78719.999999999957884856,20000.000000000000000000,49359.999999999986870270
0.267999999999999999,20000.000000000000000000,1483999.999999995801765422,20000.000000000000000000,78559.999999999990965661,20000.000000000000000000,49279.999999999997092512
0.269999999999999999,20000.000000000000000000,1479999.999999992524521563,20000.000000000000000000,78399.999999999983928061,20000.000000000000000000,49199.999999999995030831
0.271999999999999999,20000.000000000000000000,1475999.999999973761149603,20000.000000000000000000,78239.999999999944449666,20000.000000000000000000,49119.999999999982513313
0.273999999999999999,20000.000000000000000000,1471999.999999975021633643,20000.000000000000000000,78079.999999999946905671,20000.000000000000000000,49039.999999999983424515
0.275999999999999999,20000.000000000000000000,1467999.999999961597121784,20000.000000000000000000,77919.999999999918184071,20000.000000000000000000,48959.999999999974344997
0.277999999999999999,20000.000000000000000000,1463999.999999999407081824,20000.000000000000000000,77759.999999999998444876,20000.000000000000000000,48879.999999999999462359
0.279999999999999999,20000.000000000000000000,1459999.999999976404941864,20000.000000000000000000,77599.999999999949948076,20000.000000000000000000,48799.999999999984237638
0.281999999999999999,20000.000000000000000000,1455999.999999994410418005,20000.000000000000000000,77439.999999999987996881,20000.000000000000000000,48719.999999999996248600
0.283999999999999999,20000.000000000000000000,1451999.999999984160134045,20000.000000000000000000,77279.999999999966383281,20000.000000000000000000,48639.999999999989396522
0.285999999999999999,20000.000000000000000000,1447999.999999999121064065,20000.000000000000000000,77119.999999999998072006,20000.000000000000000000,48559.999999999999320165
0.287999999999999999,20000.000000000000000000,1443999.999999995331548206,20000.000000000000000000,76959.999999999989995211,20000.000000000000000000,48479.999999999996848804
0.289999999999999999,20000.000000000000000000,1439999.999999970910560246,20000.000000000000000000,76799.999999999938176011,20000.000000000000000000,48399.999999999980446406
0.291999999999999999,20000.000000000000000000,1435999.999999980273668286,20000.000000000000000000,76639.999999999957848016,20000.000000000000000000,48319.999999999986712008
0.293999999999999999,20000.000000000000000000,1431999.999999972807752427,20000.000000000000000000,76479.999999999941875216,20000.000000000000000000,48239.999999999981668810
0.295999999999999999,20000.000000000000000000,1427999.999999979229740467,20000.000000000000000000,76319.999999999955734421,20000.000000000000000000,48159.999999999986033612
0.297999999999999999,20000.000000000000000000,1423999.999999987342064507,20000.000000000000000000,76159.999999999972963221,20000.000000000000000000,48079.999999999991393691
0.299999999999999999,20000.000000000000000000,1419999.999999971314580648,20000.000000000000000000,75999.999999999938820026,20000.000000000000000000,47999.999999999980608013
0.301999999999999999,20000.000000000000000000,1415999.999999961813312688,20000.000000000000000000,75839.999999999918092826,20000.000000000000000000,47919.999999999974171135
0.303999999999999999,20000.000000000000000000,1411999.999999970477904728,20000.000000000000000000,75679.999999999936428831,20000.000000000000000000,47839.999999999979955057
0.305999999999999999,20000.000000000000000000,1407999.999999974969984768,20000.000000000000000000,75519.999999999946380836,20000.000000000000000000,47759.999999999982997459
0.307999999999999999,20000.000000000000000000,1403999.999999977309956909,20000.000000000000000000,75359.999999999951392836,20000.000000000000000000,47679.999999999984599378
0.309999999999999999,20000.000000000000000000,1399999.999999969032000949,20000.000000000000000000,75199.999999999933448041,20000.000000000000000000,47599.999999999978913220
0.311999999999999999,20000.000000000000000000,1395999.999999995486732989,20000.000000000000000000,75039.999999999990244841,20000.000000000000000000,47519.999999999996911222
0.313999999999999999,20000.000000000000000000,1391999.999999980034545130,20000.000000000000000000,74879.999999999956944046,20000.000000000000000000,47439.999999999986384744
0.315999999999999999,20000.000000000000000000,1387999.999999961446913170,20000.000000000000000000,74719.999999999917060846,20000.000000000000000000,47359.999999999973620506
0.317999999999999999,20000.000000000000000000,1383999.999999960439745210,20000.000000000000000000,74559.999999999914628851,20000.000000000000000000,47279.999999999972955865
0.319999999999999999,20000.000000000000000000,1379999.999999999998621351,20000.000000000000000000,74399.999999999999628051,20000.000000000000000000,47199.999999999999905627
0.321999999999999999,20000.000000000000000000,1375999.999999989436449391,20000.000000000000000000,74239.999999999976985656,20000.000000000000000000,47119.999999999992696429
0.323999999999999999,20000.000000000000000000,1371999.999999970759937431,20000.000000000000000000,74079.999999999936661661,20000.000000000000000000,47039.999999999979866911
0.325999999999999999,20000.000000000000000000,1367999.999999969463505471,20000.000000000000000000,73919.999999999933841661,20000.000000000000000000,46959.999999999978914993
0.327999999999999999,20000.000000000000000000,1363999.999999970379377612,20000.000000000000000000,73759.999999999935828866,20000.000000000000000000,46879.999999999979513472
0.329999999999999999,20000.000000000000000000,1359999.999999993130641652,20000.000000000000000000,73599.999999999984912066,20000.000000000000000000,46799.999999999995273234
0.331999999999999999,20000.000000000000000000,1355999.999999958500977692,20000.000000000000000000,73439.999999999910036071,20000.000000000000000000,46719.999999999971313956
0.333999999999999999,20000.000000000000000000,1351999.999999969547553833,20000.000000000000000000,73279.999999999933681671,20000.000000000000000000,46639.999999999978918758
0.335999999999999999,20000.000000000000000000,1347999.999999963102545873,20000.000000000000000000,73119.999999999919933676,20000.000000000000000000,46559.999999999974485160
0.337999999999999999,20000.000000000000000000,1343999.999999967555841913,20000.000000000000000000,72959.999999999929593681,20000.000000000000000000,46479.999999999977457239
0.339999999999999999,20000.000000000000000000,1339999.999999994585061953,20000.000000000000000000,72799.999999999987988081,20000.000000000000000000,46399.999999999996148841
0.341999999999999999,20000.000000000000000000,1335999.999999961811776074,20000.000000000000000000,72639.999999999916827206,20000.000000000000000000,46319.999999999973504964
0.343999999999999999,20000.000000000000000000,1331999.999999987083596114,20000.000000000000000000,72479.999999999971732806,20000.000000000000000000,46239.999999999991029443
0.345999999999999999,20000.000000000000000000,1327999.999999992755760255,20000.000000000000000000,72319.999999999984089611,20000.000000000000000000,46159.999999999994922405
0.347999999999999999,20000.000000000000000000,1323999.999999973253876295,20000.000000000000000000,72159.999999999941911211,20000.000000000000000000,46079.999999999981383687
0.349999999999999999,20000.000000000000000000,1319999.999999960136000335,20000.000000000000000000,71999.999999999912880016,20000.000000000000000000,45999.999999999972170009
0.351999999999999999,20000.000000000000000000,1315999.999999978732124476,20000.000000000000000000,71839.999999999953663221,20000.000000000000000000,45919.999999999985167851
0.353999999999999999,20000.000000000000000000,1311999.999999992578016516,20000.000000000000000000,71679.999999999983513621,20000.000000000000000000,45839.999999999994820090
0.355999999999999999,20000.000000000000000000,1307999.999999995242804556,20000.000000000000000000,71519.999999999989629626,20000.000000000000000000,45759.999999999996613772
0.357999999999999999,20000.000000000000000000,1303999.999999977082200596,20000.000000000000000000,71359.999999999950048026,20000.000000000000000000,45679.999999999984012014
0.359999999999999999,20000.000000000000000000,1299999.999999958114000737,20000.000000000000000000,71199.999999999908152031,20000.000000000000000000,45599.999999999970633616
0.361999999999999999,20000.000000000000000000,1295999.999999965049472777,20000.000000000000000000,71039.999999999923276831,20000.000000000000000000,45519.999999999975464738
0.363999999999999999,20000.000000000000000000,1291999.999999975466212817,20000.000000000000000000,70879.999999999946131236,20000.000000000000000000,45439.999999999982732817
0.365999999999999999,20000.000000000000000000,1287999.999999971769616958,20000.000000000000000000,70719.999999999937766436,20000.000000000000000000,45359.999999999980041619
0.367999999999999999,20000.000000000000000000,1283999.999999954479632998,20000.000000000000000000,70559.999999999899804841,20000.000000000000000000,45279.999999999967851221
0.369999999999999999,20000.000000000000000000,1279999.999999990949121038,20000.000000000000000000,70399.999999999979936046,20000.000000000000000000,45199.999999999993536423
0.371999999999999999,20000.000000000000000000,1275999.999999955794257179,20000.000000000000000000,70239.999999999902717646,20000.000000000000000000,45119.999999999968776985
0.373999999999999999,20000.000000000000000000,1271999.999999999227897219,20000.000000000000000000,70079.999999999998248051,20000.000000000000000000,45039.999999999999369464
0.375999999999999999,20000.000000000000000000,1267999.999999959145041259,20000.000000000000000000,69919.999999999909803251,20000.000000000000000000,44959.999999999971045786
0.377999999999999999,20000.000000000000000000,1263999.999999986721681299,20000.000000000000000000,69759.999999999970700856,20000.000000000000000000,44879.999999999990485468
0.379999999999999999,20000.000000000000000000,1259999.999999954312401440,20000.000000000000000000,69599.999999999899080056,20000.000000000000000000,44799.999999999967520030
0.381999999999999999,20000.000000000000000000,1255999.999999963591073480,20000.000000000000000000,69439.999999999919449661,20000.000000000000000000,44719.999999999974017712
0.383999999999999999,20000.000000000000000000,1251999.999999983812893520,20000.000000000000000000,69279.999999999964320861,20000.000000000000000000,44639.999999999988393631
0.385999999999999999,20000.000000000000000000,1247999.999999999494561661,20000.000000000000000000,69119.999999999998617666,20000.000000000000000000,44559.999999999999509873
0.387999999999999999,20000.000000000000000000,1243999.999999968462113701,20000.000000000000000000,68959.999999999930005671,20000.000000000000000000,44479.999999999977359715
0.389999999999999999,20000.000000000000000000,1239999.999999986222361741,20000.000000000000000000,68799.999999999969384071,20000.000000000000000000,44399.999999999990054437
0.391999999999999999,20000.000000000000000000,1235999.999999952186577781,20000.000000000000000000,68639.999999999893951276,20000.000000000000000000,44319.999999999965740679
0.393999999999999999,20000.000000000000000000,1231999.999999976605553922,20000.000000000000000000,68479.999999999947955276,20000.000000000000000000,44239.999999999983188838
0.395999999999999999,20000.000000000000000000,1227999.999999969363857962,20000.000000000000000000,68319.999999999931680081,20000.000000000000000000,44159.999999999977920040
0.398000000000000000,20000.000000000000000000,1223999.999999999998776083,20000.000000000000000000,68160.000000000000000000,20000.000000000000000000,44079.999999999999911843
0.399999999999999999,20000.000000000000000000,1219999.999999999998780123,20000.000000000000000000,67999.999999999999660006,20000.000000000000000000,43999.999999999999912005
0.401999999999999999,20000.000000000000000000,1215999.999999963768064163,20000.000000000000000000,67839.999999999919270411,20000.000000000000000000,43919.999999999973823684
0.403999999999999999,20000.000000000000000000,1211999.999999957032176304,20000.000000000000000000,67679.999999999903894411,20000.000000000000000000,43839.999999999968873606
0.405999999999999999,20000.000000000000000000,1207999.999999968642736344,20000.000000000000000000,67519.999999999929779216,20000.000000000000000000,43759.999999999977201048
0.407999999999999999,20000.000000000000000000,1203999.999999978596492384,20000.000000000000000000,67359.999999999952174416,20000.000000000000000000,43679.999999999984449930
0.409999999999999999,20000.000000000000000000,1199999.999999954064000424,20000.000000000000000000,67199.999999999897184021,20000.000000000000000000,43599.999999999966689612
0.411999999999999999,20000.000000000000000000,1195999.999999980671444565,20000.000000000000000000,67039.999999999956759221,20000.000000000000000000,43519.999999999985943051
0.413999999999999999,20000.000000000000000000,1191999.999999985310984605,20000.000000000000000000,66879.999999999966894426,20000.000000000000000000,43439.999999999989226893
0.415999999999999999,20000.000000000000000000,1187999.999999996159196645,20000.000000000000000000,66719.999999999991326431,20000.000000000000000000,43359.999999999997181615
0.417999999999999999,20000.000000000000000000,1183999.999999988757920786,20000.000000000000000000,66559.999999999974707231,20000.000000000000000000,43279.999999999991733537
0.419999999999999999,20000.000000000000000000,1179999.999999997615220826,20000.000000000000000000,66399.999999999994356036,20000.000000000000000000,43199.999999999998228819
0.421999999999999999,20000.000000000000000000,1175999.999999992872264866,20000.000000000000000000,66239.999999999983771236,20000.000000000000000000,43119.999999999994739378
0.423999999999999999,20000.000000000000000000,1171999.999999991476045007,20000.000000000000000000,66079.999999999980836841,20000.000000000000000000,43039.999999999993716180
0.425999999999999999,20000.000000000000000000,1167999.999999953873345047,20000.000000000000000000,65919.999999999895846441,20000.000000000000000000,42959.999999999966147542
0.427999999999999999,20000.000000000000000000,1163999.999999954031313087,20000.000000000000000000,65759.999999999896099246,20000.000000000000000000,42879.999999999966210584
0.429999999999999999,20000.000000000000000000,1159999.999999998827241127,20000.000000000000000000,65599.999999999997048046,20000.000000000000000000,42799.999999999999015626
0.431999999999999999,20000.000000000000000000,1155999.999999962753681268,20000.000000000000000000,65439.999999999915582451,20000.000000000000000000,42719.999999999972488345
0.433999999999999999,20000.000000000000000000,1151999.999999996042881308,20000.000000000000000000,65279.999999999990860856,20000.000000000000000000,42639.999999999996972587
0.435999999999999999,20000.000000000000000000,1147999.999999986548885348,20000.000000000000000000,65119.999999999969393656,20000.000000000000000000,42559.999999999989955869
0.437999999999999999,20000.000000000000000000,1143999.999999950777113489,20000.000000000000000000,64959.999999999887944061,20000.000000000000000000,42479.999999999963339791
0.439999999999999999,20000.000000000000000000,1139999.999999981576461529,20000.000000000000000000,64799.999999999958204061,20000.000000000000000000,42399.999999999986304833
0.441999999999999999,20000.000000000000000000,1135999.999999999310449569,20000.000000000000000000,64639.999999999998384066,20000.000000000000000000,42319.999999999999407552
0.443999999999999999,20000.000000000000000000,1131999.999999949921453710,20000.000000000000000000,64479.999999999885870466,20000.000000000000000000,42239.999999999962533154
0.445999999999999999,20000.000000000000000000,1127999.999999977668985750,20000.000000000000000000,64319.999999999949187271,20000.000000000000000000,42159.999999999983346836
0.447999999999999999,20000.000000000000000000,1123999.999999956519185790,20000.000000000000000000,64159.999999999900872871,20000.000000000000000000,42079.999999999967472198
0.449999999999999999,20000.000000000000000000,1119999.999999994342881830,20000.000000000000000000,63999.999999999986880076,20000.000000000000000000,41999.999999999995758040
0.451999999999999999,20000.000000000000000000,1115999.999999970354577971,20000.000000000000000000,63839.999999999932010481,20000.000000000000000000,41919.999999999977656679
0.453999999999999999,20000.000000000000000000,1111999.999999971359330011,20000.000000000000000000,63679.999999999934409681,20000.000000000000000000,41839.999999999978452441
0.455999999999999999,20000.000000000000000000,1107999.999999993732044132,20000.000000000000000000,63519.999999999985390406,20000.000000000000000000,41759.999999999995281124
0.457999999999999999,20000.000000000000000000,1103999.999999983942320172,20000.000000000000000000,63359.999999999963251206,20000.000000000000000000,41679.999999999987912806
0.459999999999999999,20000.000000000000000000,1099999.999999971224000212,20000.000000000000000000,63199.999999999933640011,20000.000000000000000000,41599.999999999978201605
0.461999999999999999,20000.000000000000000000,1095999.999999965351056252,20000.000000000000000000,63039.999999999920254411,20000.000000000000000000,41519.999999999973759367
0.463999999999999999,20000.000000000000000000,1091999.999999952573348393,20000.000000000000000000,62879.999999999890588816,20000.000000000000000000,41439.999999999963988649
0.465999999999999999,20000.000000000000000000,1087999.999999984614592433,20000.000000000000000000,62719.999999999964563221,20000.000000000000000000,41359.999999999988253771
0.467999999999999999,20000.000000000000000000,1083999.999999996495428473,20000.000000000000000000,62559.999999999991867221,20000.000000000000000000,41279.999999999997316813
0.469999999999999999,20000.000000000000000000,1079999.999999965202400614,20000.000000000000000000,62399.999999999919504026,20000.000000000000000000,41199.999999999973467212
0.471999999999999999,20000.000000000000000000,1075999.999999993913068654,20000.000000000000000000,62239.999999999985684826,20000.000000000000000000,41119.999999999995353454
0.473999999999999999,20000.000000000000000000,1071999.999999953225424694,20000.000000000000000000,62079.999999999891670431,20000.000000000000000000,41039.999999999964090016
0.475999999999999999,20000.000000000000000000,1067999.999999973787008835,20000.000000000000000000,61919.999999999939008831,20000.000000000000000000,40959.999999999979888658
0.477999999999999999,20000.000000000000000000,1063999.999999958195440875,20000.000000000000000000,61759.999999999903036836,20000.000000000000000000,40879.999999999967909220
0.479999999999999999,20000.000000000000000000,1059999.999999965846800915,20000.000000000000000000,61599.999999999920536041,20000.000000000000000000,40799.999999999973724819
0.481999999999999999,20000.000000000000000000,1055999.999999977707840955,20000.000000000000000000,61439.999999999948083241,20000.000000000000000000,40719.999999999982694021
0.483999999999999999,20000.000000000000000000,1051999.999999992348805096,20000.000000000000000000,61279.999999999982228846,20000.000000000000000000,40639.999999999994066583
0.485999999999999999,20000.000000000000000000,1047999.999999977665025136,20000.000000000000000000,61119.999999999947742446,20000.000000000000000000,40559.999999999982640345
0.487999999999999999,20000.000000000000000000,1043999.999999989876333176,20000.000000000000000000,60959.999999999976225651,20000.000000000000000000,40479.999999999992146907
0.489999999999999999,20000.000000000000000000,1039999.999999990545361317,20000.000000000000000000,60799.999999999977808051,20000.000000000000000000,40399.999999999992647226
0.491999999999999999,20000.000000000000000000,1035999.999999960341921357,20000.000000000000000000,60639.999999999907220856,20000.000000000000000000,40319.999999999969195548
0.493999999999999999,20000.000000000000000000,1031999.999999950801465397,20000.000000000000000000,60479.999999999884483256,20000.000000000000000000,40239.999999999961651310
0.495999999999999999,20000.000000000000000000,1027999.999999990031485538,20000.000000000000000000,60319.999999999976475261,20000.000000000000000000,40159.999999999992208992
0.497999999999999999,20000.000000000000000000,1023999.999999951596545578,20000.000000000000000000,60159.999999999886297666,20000.000000000000000000,40079.999999999962044274
0.499999999999999999,20000.000000000000000000,1019999.999999999998981618,20000.000000000000000000,59999.999999999999700066,20000.000000000000000000,39999.999999999999920033
0.501999999999999999,20000.000000000000000000,1015999.999999981528105658,20000.000000000000000000,59839.999999999956616071,20000.000000000000000000,39919.999999999985548995
0.503999999999999999,20000.000000000000000000,1011999.999999989368941799,20000.000000000000000000,59679.999999999974934471,20000.000000000000000000,39839.999999999991553957
0.505999999999999999,20000.000000000000000000,1007999.999999950316689839,20000.000000000000000000,59519.999999999882745676,20000.000000000000000000,39759.999999999960796679
0.507999999999999999,20000.000000000000000000,1003999.999999966839889879,20000.000000000000000000,59359.999999999921644876,20000.000000000000000000,39679.999999999973731881
0.509999999999999999,20000.000000000000000000,999999.999999961720002020,20000.000000000000000000,59199.999999999909424081,20000.000000000000000000,39599.999999999969745640
0.511999999999999999,20000.000000000000000000,995999.999999999999004040,20000.000000000000000000,59039.999999999999704806,20000.000000000000000000,39519.999999999999920963
0.513999999999999999,20000.000000000000000000,991999.999999958719904181,20000.000000000000000000,58879.999999999901964806,20000.000000000000000000,39439.999999999967146485
0.515999999999999999,20000.000000000000000000,987999.999999956291868221,20000.000000000000000000,58719.999999999896065611,20000.000000000000000000,39359.999999999965087684
0.517999999999999999,20000.000000000000000000,983999.999999956468824261,20000.000000000000000000,58559.999999999896348811,20000.000000000000000000,39279.999999999965158646
0.519999999999999999,20000.000000000000000000,979999.999999976342800301,20000.000000000000000000,58399.999999999943644016,20000.000000000000000000,39199.999999999980988008
0.521999999999999999,20000.000000000000000000,975999.999999963230176442,20000.000000000000000000,58239.999999999912348816,20000.000000000000000000,39119.999999999970581770
0.523999999999999999,20000.000000000000000000,971999.999999996464836482,20000.000000000000000000,58079.999999999991578421,20000.000000000000000000,39039.999999999997111052
0.525999999999999999,20000.000000000000000000,967999.999999991982056522,20000.000000000000000000,57919.999999999980886421,20000.000000000000000000,38959.999999999993493691
0.527999999999999999,20000.000000000000000000,963999.999999950343396663,20000.000000000000000000,57759.999999999881014426,20000.000000000000000000,38879.999999999959914733
0.529999999999999999,20000.000000000000000000,959999.999999962281600703,20000.000000000000000000,57599.999999999909568031,20000.000000000000000000,38799.999999999969542015
0.531999999999999999,20000.000000000000000000,955999.999999987253652743,20000.000000000000000000,57439.999999999969269631,20000.000000000000000000,38719.999999999989700497
0.533999999999999999,20000.000000000000000000,951999.999999962403616783,20000.000000000000000000,57279.999999999909497636,20000.000000000000000000,38639.999999999969551699
0.535999999999999999,20000.000000000000000000,947999.999999971753392924,20000.000000000000000000,57119.999999999932027236,20000.000000000000000000,38559.999999999977018258
0.537999999999999999,20000.000000000000000000,943999.999999993134288964,20000.000000000000000000,56959.999999999983481641,20000.000000000000000000,38479.999999999994381940
0.539999999999999999,20000.000000000000000000,939999.999999969713201004,20000.000000000000000000,56799.999999999926728041,20000.000000000000000000,38399.999999999975270422
0.541999999999999999,20000.000000000000000000,935999.999999982793513145,20000.000000000000000000,56639.999999999958369646,20000.000000000000000000,38319.999999999985898264
0.543999999999999999,20000.000000000000000000,931999.999999958016197185,20000.000000000000000000,56479.999999999898053651,20000.000000000000000000,38239.999999999965507546
0.545999999999999999,20000.000000000000000000,927999.999999982378209225,20000.000000000000000000,56319.999999999957196851,20000.000000000000000000,38159.999999999985499225
0.547999999999999999,20000.000000000000000000,923999.999999984320645366,20000.000000000000000000,56159.999999999961811256,20000.000000000000000000,38079.999999999987128987
0.549999999999999999,20000.000000000000000000,919999.999999995353081406,20000.000000000000000000,55999.999999999988520056,20000.000000000000000000,37999.999999999996162029
0.551999999999999999,20000.000000000000000000,915999.999999950595541446,20000.000000000000000000,55839.999999999879664861,20000.000000000000000000,37919.999999999959084351
0.553999999999999999,20000.000000000000000000,911999.999999949521713486,20000.000000000000000000,55679.999999999876668861,20000.000000000000000000,37839.999999999958148993
0.555999999999999999,20000.000000000000000000,907999.999999999632261627,20000.000000000000000000,55519.999999999998889666,20000.000000000000000000,37759.999999999999584672
0.557999999999999999,20000.000000000000000000,903999.999999985573065667,20000.000000000000000000,55359.999999999964569666,20000.000000000000000000,37679.999999999987942434
0.559999999999999999,20000.000000000000000000,899999.999999985455101707,20000.000000000000000000,55199.999999999964396071,20000.000000000000000000,37599.999999999987855236
0.561999999999999999,20000.000000000000000000,895999.999999984976769848,20000.000000000000000000,55039.999999999963123276,20000.000000000000000000,37519.999999999987430838
0.563999999999999999,20000.000000000000000000,891999.999999971259761888,20000.000000000000000000,54879.999999999929204876,20000.000000000000000000,37439.999999999975888680
0.565999999999999999,20000.000000000000000000,887999.999999965110481928,20000.000000000000000000,54719.999999999914089681,20000.000000000000000000,37359.999999999970672439
0.567999999999999999,20000.000000000000000000,883999.999999965089074069,20000.000000000000000000,54559.999999999913795281,20000.000000000000000000,37279.999999999970623401
0.569999999999999999,20000.000000000000000000,879999.999999984889520089,20000.000000000000000000,54399.999999999962736006,20000.000000000000000000,37199.999999999987203204
0.571999999999999999,20000.000000000000000000,875999.999999974252608129,20000.000000000000000000,54239.999999999936268006,20000.000000000000000000,37119.999999999978210566
0.573999999999999999,20000.000000000000000000,871999.999999981063648270,20000.000000000000000000,54079.999999999952950411,20000.000000000000000000,37039.999999999983813525
0.575999999999999999,20000.000000000000000000,867999.999999972033040310,20000.000000000000000000,53919.999999999930443216,20000.000000000000000000,36959.999999999976197767
0.577999999999999999,20000.000000000000000000,863999.999999958112416350,20000.000000000000000000,53759.999999999895705616,20000.000000000000000000,36879.999999999964189529
0.579999999999999999,20000.000000000000000000,859999.999999982627140491,20000.000000000000000000,53599.999999999956852021,20000.000000000000000000,36799.999999999985132811
0.581999999999999999,20000.000000000000000000,855999.999999961612680531,20000.000000000000000000,53439.999999999904075221,20000.000000000000000000,36719.999999999966988733
0.583999999999999999,20000.000000000000000000,851999.999999988296076571,20000.000000000000000000,53279.999999999970696026,20000.000000000000000000,36639.999999999989924012
0.585999999999999999,20000.000000000000000000,847999.999999993489904611,20000.000000000000000000,53119.999999999983532826,20000.000000000000000000,36559.999999999994333214
0.587999999999999999,20000.000000000000000000,843999.999999983973284752,20000.000000000000000000,52959.999999999959750431,20000.000000000000000000,36479.999999999986137616
0.589999999999999999,20000.000000000000000000,839999.999999965384440792,20000.000000000000000000,52799.999999999912880031,20000.000000000000000000,36399.999999999969897218
0.591999999999999999,20000.000000000000000000,835999.999999987840380832,20000.000000000000000000,52639.999999999969468836,20000.000000000000000000,36319.999999999989467220
0.593999999999999999,20000.000000000000000000,831999.999999995797568973,20000.000000000000000000,52479.999999999989241641,20000.000000000000000000,36239.999999999996339779
0.595999999999999999,20000.000000000000000000,827999.999999992639909013,20000.000000000000000000,52319.999999999981426441,20000.000000000000000000,36159.999999999993527381
0.597999999999999999,20000.000000000000000000,823999.999999982272465053,20000.000000000000000000,52159.999999999954881646,20000.000000000000000000,36079.999999999984449543
0.599999999999999999,20000.000000000000000000,819999.999999983435181194,20000.000000000000000000,51999.999999999958140046,20000.000000000000000000,35999.999999999985456025
0.601999999999999999,20000.000000000000000000,815999.999999963900977234,20000.000000000000000000,51839.999999999908243251,20000.000000000000000000,35919.999999999968138987
0.603999999999999999,20000.000000000000000000,811999.999999978101985274,20000.000000000000000000,51679.999999999944185651,20000.000000000000000000,35839.999999999980682266
0.605999999999999999,20000.000000000000000000,807999.999999954951577314,20000.000000000000000000,51519.999999999885110456,20000.000000000000000000,35759.999999999960127628
0.607999999999999999,20000.000000000000000000,803999.999999958585157455,20000.000000000000000000,51359.999999999894198461,20000.000000000000000000,35679.999999999963213950
0.609999999999999999,20000.000000000000000000,799999.999999972608001495,20000.000000000000000000,51199.999999999929856061,20000.000000000000000000,35599.999999999975578432
0.611999999999999999,20000.000000000000000000,795999.999999985849509535,20000.000000000000000000,51039.999999999963761666,20000.000000000000000000,35519.999999999987354914
0.613999999999999999,20000.000000000000000000,791999.999999976401569676,20000.000000000000000000,50879.999999999939452866,20000.000000000000000000,35439.999999999978877793
0.615999999999999999,20000.000000000000000000,787999.999999987265133716,20000.000000000000000000,50719.999999999967285671,20000.000000000000000000,35359.999999999988578755
0.617999999999999999,20000.000000000000000000,783999.999999954864337756,20000.000000000000000000,50559.999999999883712071,20000.000000000000000000,35279.999999999959392757
0.619999999999999999,20000.000000000000000000,779999.999999982746401897,20000.000000000000000000,50399.999999999955396076,20000.000000000000000000,35199.999999999984406439
0.621999999999999999,20000.000000000000000000,775999.999999957676185937,20000.000000000000000000,50239.999999999890476876,20000.000000000000000000,35119.999999999961684121
0.623999999999999999,20000.000000000000000000,771999.999999997504125977,20000.000000000000000000,50079.999999999993489681,20000.000000000000000000,35039.999999999997722440
0.625999999999999999,20000.000000000000000000,767999.999999967886080098,20000.000000000000000000,49919.999999999916384006,20000.000000000000000000,34959.999999999970668563
0.627999999999999999,20000.000000000000000000,763999.999999964966780138,20000.000000000000000000,49759.999999999908690406,20000.000000000000000000,34879.999999999968015045
0.629999999999999999,20000.000000000000000000,759999.999999982421200178,20000.000000000000000000,49599.999999999954120011,20000.000000000000000000,34799.999999999983852807
0.631999999999999999,20000.000000000000000000,755999.999999954949204319,20000.000000000000000000,49439.999999999882332811,20000.000000000000000000,34719.999999999958683206
0.633999999999999999,20000.000000000000000000,751999.999999976074368359,20000.000000000000000000,49279.999999999937168016,20000.000000000000000000,34639.999999999977899688
0.635999999999999999,20000.000000000000000000,747999.999999978619168399,20000.000000000000000000,49119.999999999943757616,20000.000000000000000000,34559.999999999980231690
0.637999999999999999,20000.000000000000000000,743999.999999963328984540,20000.000000000000000000,48959.999999999903548821,20000.000000000000000000,34479.999999999966002732
0.639999999999999999,20000.000000000000000000,739999.999999999999260580,20000.000000000000000000,48799.999999999999756026,20000.000000000000000000,34399.999999999999931214
0.641999999999999999,20000.000000000000000000,735999.999999970933888620,20000.000000000000000000,48639.999999999923148826,20000.000000000000000000,34319.999999999972955853
0.643999999999999999,20000.000000000000000000,731999.999999994380436660,20000.000000000000000000,48479.999999999984971231,20000.000000000000000000,34239.999999999994692815
0.645999999999999999,20000.000000000000000000,727999.999999959705928801,20000.000000000000000000,48319.999999999892971231,20000.000000000000000000,34159.999999999962219057
0.647999999999999999,20000.000000000000000000,723999.999999960951060841,20000.000000000000000000,48159.999999999896215236,20000.000000000000000000,34079.999999999963227699
0.649999999999999999,20000.000000000000000000,719999.999999963784720881,20000.000000000000000000,47999.999999999903280036,20000.000000000000000000,33999.999999999965762021
0.651999999999999999,20000.000000000000000000,715999.999999960514749022,20000.000000000000000000,47839.999999999894512841,20000.000000000000000000,33919.999999999962586260
0.653999999999999999,20000.000000000000000000,711999.999999991657497062,20000.000000000000000000,47679.999999999977590441,20000.000000000000000000,33839.999999999992013782
0.655999999999999999,20000.000000000000000000,707999.999999961241957102,20000.000000000000000000,47519.999999999895931246,20000.000000000000000000,33759.999999999963066584
0.657999999999999999,20000.000000000000000000,703999.999999990613569142,20000.000000000000000000,47359.999999999974662451,20000.000000000000000000,33679.999999999991041146
0.659999999999999999,20000.000000000000000000,699999.999999973204001283,20000.000000000000000000,47199.999999999927784051,20000.000000000000000000,33599.999999999974329628
0.661999999999999999,20000.000000000000000000,695999.999999964007753323,20000.000000000000000000,47039.999999999902627256,20000.000000000000000000,33519.999999999965340347
0.663999999999999999,20000.000000000000000000,691999.999999978822033363,20000.000000000000000000,46879.999999999942572056,20000.000000000000000000,33439.999999999979467869
0.665999999999999999,20000.000000000000000000,687999.999999954206721504,20000.000000000000000000,46719.999999999875491261,20000.000000000000000000,33359.999999999955597871
0.667999999999999999,20000.000000000000000000,683999.999999984593585544,20000.000000000000000000,46559.999999999957863261,20000.000000000000000000,33279.999999999984957473
0.669999999999999999,20000.000000000000000000,679999.999999970604281584,20000.000000000000000000,46399.999999999919728066,20000.000000000000000000,33199.999999999971248835
0.671999999999999999,20000.000000000000000000,675999.999999958692345725,20000.000000000000000000,46239.999999999886943271,20000.000000000000000000,33119.999999999959494274
0.673999999999999999,20000.000000000000000000,671999.999999992261921765,20000.000000000000000000,46079.999999999978803271,20000.000000000000000000,33039.999999999992400836
0.675999999999999999,20000.000000000000000000,667999.999999983874481805,20000.000000000000000000,45919.999999999955687276,20000.000000000000000000,32959.999999999984014438
0.677999999999999999,20000.000000000000000000,663999.999999997450905845,20000.000000000000000000,45759.999999999992907276,20000.000000000000000000,32879.999999999997468280
0.679999999999999999,20000.000000000000000000,659999.999999997332941986,20000.000000000000000000,45599.999999999992476081,20000.000000000000000000,32799.999999999997277642
0.681999999999999999,20000.000000000000000000,655999.999999969124050026,20000.000000000000000000,45439.999999999914345681,20000.000000000000000000,32719.999999999969210521
0.683999999999999999,20000.000000000000000000,651999.999999981363232147,20000.000000000000000000,45279.999999999948154406,20000.000000000000000000,32639.999999999981329924
0.685999999999999999,20000.000000000000000000,647999.999999974932768187,20000.000000000000000000,45119.999999999930289611,20000.000000000000000000,32559.999999999974831126
0.687999999999999999,20000.000000000000000000,643999.999999993755132227,20000.000000000000000000,44959.999999999982465611,20000.000000000000000000,32479.999999999993698885
0.689999999999999999,20000.000000000000000000,639999.999999983257600368,20000.000000000000000000,44799.999999999952960016,20000.000000000000000000,32399.999999999983022407
0.691999999999999999,20000.000000000000000000,635999.999999974369200408,20000.000000000000000000,44639.999999999928129616,20000.000000000000000000,32319.999999999973950089
0.693999999999999999,20000.000000000000000000,631999.999999979636960448,20000.000000000000000000,44479.999999999942620821,20000.000000000000000000,32239.999999999979237451
0.695999999999999999,20000.000000000000000000,627999.999999987313772488,20000.000000000000000000,44319.999999999964322421,20000.000000000000000000,32159.999999999987007373
0.697999999999999999,20000.000000000000000000,623999.999999980398912629,20000.000000000000000000,44159.999999999944579226,20000.000000000000000000,32079.999999999979821692
0.699999999999999999,20000.000000000000000000,619999.999999981276000669,20000.000000000000000000,43999.999999999946760026,20000.000000000000000000,31999.999999999980640014
0.701999999999999999,20000.000000000000000000,615999.999999983512144709,20000.000000000000000000,43839.999999999953091231,20000.000000000000000000,31919.999999999982890896
0.703999999999999999,20000.000000000000000000,611999.999999968475268850,20000.000000000000000000,43679.999999999910019236,20000.000000000000000000,31839.999999999967172978
0.705999999999999999,20000.000000000000000000,607999.999999973716768890,20000.000000000000000000,43519.999999999924710436,20000.000000000000000000,31759.999999999972495860
0.707999999999999999,20000.000000000000000000,603999.999999996583172930,20000.000000000000000000,43359.999999999990027241,20000.000000000000000000,31679.999999999996420179
0.709999999999999999,20000.000000000000000000,599999.999999984910001071,20000.000000000000000000,43199.999999999956368041,20000.000000000000000000,31599.999999999984105221
0.711999999999999999,20000.000000000000000000,595999.999999976462769111,20000.000000000000000000,43039.999999999931996846,20000.000000000000000000,31519.999999999975162263
0.713999999999999999,20000.000000000000000000,591999.999999971299249151,20000.000000000000000000,42879.999999999916812846,20000.000000000000000000,31439.999999999969471785
0.715999999999999999,20000.000000000000000000,587999.999999968523773191,20000.000000000000000000,42719.999999999908579251,20000.000000000000000000,31359.999999999966444827
0.717999999999999999,20000.000000000000000000,583999.999999988792457332,20000.000000000000000000,42559.999999999967441651,20000.000000000000000000,31279.999999999988019786
0.719999999999999999,20000.000000000000000000,579999.999999981312401372,20000.000000000000000000,42399.999999999945304056,20000.000000000000000000,31199.999999999979907228
0.721999999999999999,20000.000000000000000000,575999.999999970329665412,20000.000000000000000000,42239.999999999912985661,20000.000000000000000000,31119.999999999967915310
0.723999999999999999,20000.000000000000000000,571999.999999984574305553,20000.000000000000000000,42079.999999999954553661,20000.000000000000000000,31039.999999999983269472
0.725999999999999999,20000.000000000000000000,567999.999999982043249593,20000.000000000000000000,41919.999999999946971266,20000.000000000000000000,30959.999999999980433314
0.727999999999999999,20000.000000000000000000,563999.999999968669237633,20000.000000000000000000,41759.999999999907292866,20000.000000000000000000,30879.999999999965661473
0.729999999999999999,20000.000000000000000000,559999.999999959445921673,20000.000000000000000000,41599.999999999879568071,20000.000000000000000000,30799.999999999955401635
0.731999999999999999,20000.000000000000000000,555999.999999967316653814,20000.000000000000000000,41439.999999999902616071,20000.000000000000000000,30719.999999999963904037
0.733999999999999999,20000.000000000000000000,551999.999999987789761854,20000.000000000000000000,41279.999999999963467276,20000.000000000000000000,30639.999999999986426519
0.735999999999999999,20000.000000000000000000,547999.999999980572305894,20000.000000000000000000,41119.999999999941609681,20000.000000000000000000,30559.999999999978302441
0.737999999999999999,20000.000000000000000000,543999.999999965769346035,20000.000000000000000000,40959.999999999896780881,20000.000000000000000000,30479.999999999961625720
0.739999999999999999,20000.000000000000000000,539999.999999976110940055,20000.000000000000000000,40799.999999999927784006,20000.000000000000000000,30399.999999999973035203
0.741999999999999999,20000.000000000000000000,535999.999999973256280196,20000.000000000000000000,40639.999999999918923206,20000.000000000000000000,30319.999999999969740645
0.743999999999999999,20000.000000000000000000,531999.999999981569392236,20000.000000000000000000,40479.999999999943935211,20000.000000000000000000,30239.999999999979073927
0.745999999999999999,20000.000000000000000000,527999.999999966456160276,20000.000000000000000000,40319.999999999897385611,20000.000000000000000000,30159.999999999961666646
0.747999999999999999,20000.000000000000000000,523999.999999979941280316,20000.000000000000000000,40159.999999999938555216,20000.000000000000000000,30079.999999999977018888
0.749999999999999999,20000.000000000000000000,519999.999999973844520457,20000.000000000000000000,39999.999999999919400021,20000.000000000000000000,29999.999999999969790010
0.751999999999999999,20000.000000000000000000,515999.999999983374480497,20000.000000000000000000,39839.999999999948606421,20000.000000000000000000,29919.999999999980731532
0.753999999999999999,20000.000000000000000000,511999.999999995655680537,20000.000000000000000000,39679.999999999986508826,20000.000000000000000000,29839.999999999994927214
0.755999999999999999,20000.000000000000000000,507999.999999994663460678,20000.000000000000000000,39519.999999999983401626,20000.000000000000000000,29759.999999999993690893
0.757999999999999999,20000.000000000000000000,503999.999999998472376718,20000.000000000000000000,39359.999999999995080031,20000.000000000000000000,29679.999999999998159855
0.759999999999999999,20000.000000000000000000,499999.999999981870000758,20000.000000000000000000,39199.999999999943160031,20000.000000000000000000,29599.999999999978540017
0.761999999999999999,20000.000000000000000000,495999.999999996292400899,20000.000000000000000000,39039.999999999988288036,20000.000000000000000000,29519.999999999995601539
0.763999999999999999,20000.000000000000000000,491999.999999985737904939,20000.000000000000000000,38879.999999999954899236,20000.000000000000000000,29439.999999999982895381
0.765999999999999999,20000.000000000000000000,487999.999999981220784979,20000.000000000000000000,38719.999999999940371241,20000.000000000000000000,29359.999999999977392820
0.767999999999999999,20000.000000000000000000,483999.999999975068677019,20000.000000000000000000,38559.999999999920566446,20000.000000000000000000,29279.999999999969812342
0.769999999999999999,20000.000000000000000000,479999.999999992242721160,20000.000000000000000000,38399.999999999975232046,20000.000000000000000000,29199.999999999990568424
0.771999999999999999,20000.000000000000000000,475999.999999999807221200,20000.000000000000000000,38239.999999999999235251,20000.000000000000000000,29119.999999999999679706
0.773999999999999999,20000.000000000000000000,471999.999999966867489240,20000.000000000000000000,38079.999999999892995251,20000.000000000000000000,29039.999999999959169788
0.775999999999999999,20000.000000000000000000,467999.999999969889817381,20000.000000000000000000,37919.999999999902356056,20000.000000000000000000,28959.999999999962670587
0.777999999999999999,20000.000000000000000000,463999.999999982238081421,20000.000000000000000000,37759.999999999942227256,20000.000000000000000000,28879.999999999977935709
0.779999999999999999,20000.000000000000000000,459999.999999976862461461,20000.000000000000000000,37599.999999999924236061,20000.000000000000000000,28799.999999999970998431
0.781999999999999999,20000.000000000000000000,455999.999999966977393501,20000.000000000000000000,37439.999999999891611261,20000.000000000000000000,28719.999999999958413473
0.783999999999999999,20000.000000000000000000,451999.999999982514833642,20000.000000000000000000,37279.999999999942402466,20000.000000000000000000,28639.999999999977861315
0.785999999999999999,20000.000000000000000000,447999.999999974751169682,20000.000000000000000000,37119.999999999916294471,20000.000000000000000000,28559.999999999967812914
0.787999999999999999,20000.000000000000000000,443999.999999991568885722,20000.000000000000000000,36959.999999999971910471,20000.000000000000000000,28479.999999999989177636
0.789999999999999999,20000.000000000000000000,439999.999999966802881863,20000.000000000000000000,36799.999999999888864076,20000.000000000000000000,28399.999999999957172838
0.791999999999999999,20000.000000000000000000,435999.999999989122673903,20000.000000000000000000,36639.999999999963360076,20000.000000000000000000,28319.999999999985840040
0.793999999999999999,20000.000000000000000000,431999.999999972816833943,20000.000000000000000000,36479.999999999908070481,20000.000000000000000000,28239.999999999964445882
0.796000000000000000,20000.000000000000000000,427999.999999999999572064,20000.000000000000000000,36320.000000000000000000,20000.000000000000000000,28159.999999999999943682
0.797999999999999999,20000.000000000000000000,423999.999999982998448104,20000.000000000000000000,36159.999999999941963206,20000.000000000000000000,28079.999999999977451764
0.799999999999999999,20000.000000000000000000,419999.999999999999580144,20000.000000000000000000,35999.999999999999820011,20000.000000000000000000,27999.999999999999944006
0.801999999999999999,20000.000000000000000000,415999.999999997394592285,20000.000000000000000000,35839.999999999991040011,20000.000000000000000000,27919.999999999996510008
0.803999999999999999,20000.000000000000000000,411999.999999987724048325,20000.000000000000000000,35679.999999999957540816,20000.000000000000000000,27839.999999999983407367
0.805999999999999999,20000.000000000000000000,407999.999999985865248365,20000.000000000000000000,35519.999999999950804816,20000.000000000000000000,27759.999999999980790089
0.807999999999999999,20000.000000000000000000,403999.999999985677392506,20000.000000000000000000,35359.999999999949788821,20000.000000000000000000,27679.999999999980347211
0.809999999999999999,20000.000000000000000000,399999.999999997979600546,20000.000000000000000000,35199.999999999992784021,20000.000000000000000000,27599.999999999997212413
0.811999999999999999,20000.000000000000000000,395999.999999973562248586,20000.000000000000000000,35039.999999999906443226,20000.000000000000000000,27519.999999999963205775
0.813999999999999999,20000.000000000000000000,391999.999999988478336727,20000.000000000000000000,34879.999999999959016031,20000.000000000000000000,27439.999999999983892734
0.815999999999999999,20000.000000000000000000,387999.999999993102524767,20000.000000000000000000,34719.999999999975348831,20000.000000000000000000,27359.999999999990259856
0.817999999999999999,20000.000000000000000000,383999.999999983089792807,20000.000000000000000000,34559.999999999939001636,20000.000000000000000000,27279.999999999975966338
0.819999999999999999,20000.000000000000000000,379999.999999985453600847,20000.000000000000000000,34399.999999999947368036,20000.000000000000000000,27199.999999999979219220
0.821999999999999999,20000.000000000000000000,375999.999999972922736988,20000.000000000000000000,34239.999999999901388841,20000.000000000000000000,27119.999999999960892982
0.823999999999999999,20000.000000000000000000,371999.999999993988109028,20000.000000000000000000,34079.999999999978018441,20000.000000000000000000,27039.999999999991266101
0.825999999999999999,20000.000000000000000000,367999.999999993532401068,20000.000000000000000000,33919.999999999976256046,20000.000000000000000000,26959.999999999990564023
0.827999999999999999,20000.000000000000000000,363999.999999980367661209,20000.000000000000000000,33759.999999999927247246,20000.000000000000000000,26879.999999999970996505
0.829999999999999999,20000.000000000000000000,359999.999999982983161249,20000.000000000000000000,33599.999999999936496051,20000.000000000000000000,26799.999999999974620427
0.831999999999999999,20000.000000000000000000,355999.999999983963269289,20000.000000000000000000,33439.999999999939640856,20000.000000000000000000,26719.999999999975898589
0.833999999999999999,20000.000000000000000000,351999.999999980161633430,20000.000000000000000000,33279.999999999924953656,20000.000000000000000000,26639.999999999969976748
0.835999999999999999,20000.000000000000000000,347999.999999982074173470,20000.000000000000000000,33119.999999999931772861,20000.000000000000000000,26559.999999999972616670
0.837999999999999999,20000.000000000000000000,343999.999999979570185510,20000.000000000000000000,32959.999999999921720061,20000.000000000000000000,26479.999999999968568272
0.839999999999999999,20000.000000000000000000,339999.999999984958741550,20000.000000000000000000,32799.999999999941944066,20000.000000000000000000,26399.999999999976583234
0.841999999999999999,20000.000000000000000000,335999.999999997420529691,20000.000000000000000000,32639.999999999989881666,20000.000000000000000000,26319.999999999995920436
0.843999999999999999,20000.000000000000000000,331999.999999997987749731,20000.000000000000000000,32479.999999999992042471,20000.000000000000000000,26239.999999999996798755
0.845999999999999999,20000.000000000000000000,327999.999999989431841771,20000.000000000000000000,32319.999999999958307271,20000.000000000000000000,26159.999999999983152997
0.847999999999999999,20000.000000000000000000,323999.999999983834021912,20000.000000000000000000,32159.999999999935840876,20000.000000000000000000,26079.999999999973972199
0.849999999999999999,20000.000000000000000000,319999.999999982288321952,20000.000000000000000000,31999.999999999929120081,20000.000000000000000000,25999.999999999971244041
0.851999999999999999,20000.000000000000000000,315999.999999987520529992,20000.000000000000000000,31839.999999999949692881,20000.000000000000000000,25919.999999999979575083
0.853999999999999999,20000.000000000000000000,311999.999999977846752113,20000.000000000000000000,31679.999999999910028806,20000.000000000000000000,25839.999999999963281363
0.855999999999999999,20000.000000000000000000,307999.999999987836464153,20000.000000000000000000,31519.999999999950198406,20000.000000000000000000,25759.999999999979701125
0.857999999999999999,20000.000000000000000000,303999.999999982314192193,20000.000000000000000000,31359.999999999927088011,20000.000000000000000000,25679.999999999970134167
0.859999999999999999,20000.000000000000000000,299999.999999986728300334,20000.000000000000000000,31199.999999999944776011,20000.000000000000000000,25599.999999999977292806
0.861999999999999999,20000.000000000000000000,295999.999999974408728374,20000.000000000000000000,31039.999999999892601616,20000.000000000000000000,25519.999999999955850408
0.863999999999999999,20000.000000000000000000,291999.999999990591760414,20000.000000000000000000,30879.999999999960164821,20000.000000000000000000,25439.999999999983616650
0.865999999999999999,20000.000000000000000000,287999.999999997614496555,20000.000000000000000000,30719.999999999989862421,20000.000000000000000000,25359.999999999995764892
0.867999999999999999,20000.000000000000000000,283999.999999986632972595,20000.000000000000000000,30559.999999999942394426,20000.000000000000000000,25279.999999999976211534
0.869999999999999999,20000.000000000000000000,279999.999999994343720635,20000.000000000000000000,30399.999999999975528026,20000.000000000000000000,25199.999999999989819213
0.871999999999999999,20000.000000000000000000,275999.999999984667924675,20000.000000000000000000,30239.999999999932867231,20000.000000000000000000,25119.999999999972066575
0.873999999999999999,20000.000000000000000000,271999.999999989093344816,20000.000000000000000000,30079.999999999951721631,20000.000000000000000000,25039.999999999979892897
0.875999999999999999,20000.000000000000000000,267999.999999988468764856,20000.000000000000000000,29919.999999999948388036,20000.000000000000000000,24959.999999999978459539
0.877999999999999999,20000.000000000000000000,263999.999999998613208896,20000.000000000000000000,29759.999999999993750441,20000.000000000000000000,24879.999999999997337861
0.879999999999999999,20000.000000000000000000,259999.999999995798141037,20000.000000000000000000,29599.999999999980908041,20000.000000000000000000,24799.999999999991989620
0.881999999999999999,20000.000000000000000000,255999.999999987588865077,20000.000000000000000000,29439.999999999942886446,20000.000000000000000000,24719.999999999975996902
0.883999999999999999,20000.000000000000000000,251999.999999988648157117,20000.000000000000000000,29279.999999999947149646,20000.000000000000000000,24639.999999999977774744
0.885999999999999999,20000.000000000000000000,247999.999999994113473258,20000.000000000000000000,29119.999999999972336051,20000.000000000000000000,24559.999999999988309466
0.887999999999999999,20000.000000000000000000,243999.999999989205685298,20000.000000000000000000,28959.999999999948740851,20000.000000000000000000,24479.999999999978286268
0.889999999999999999,20000.000000000000000000,239999.999999986231441338,20000.000000000000000000,28799.999999999933904056,20000.000000000000000000,24399.999999999971988827
0.891999999999999999,20000.000000000000000000,235999.999999995327909378,20000.000000000000000000,28639.999999999977374456,20000.000000000000000000,24319.999999999990393629
0.893999999999999999,20000.000000000000000000,231999.999999990978449519,20000.000000000000000000,28479.999999999955713661,20000.000000000000000000,24239.999999999981189791
0.895999999999999999,20000.000000000000000000,227999.999999991180049559,20000.000000000000000000,28319.999999999956245666,20000.000000000000000000,24159.999999999981324353
0.897999999999999999,20000.000000000000000000,223999.999999987058849599,20000.000000000000000000,28159.999999999934950466,20000.000000000000000000,24079.999999999972211715
0.899999999999999999,20000.000000000000000000,219999.999999988934221740,20000.000000000000000000,27999.999999999943580071,20000.000000000000000000,23999.999999999975832034
0.901999999999999999,20000.000000000000000000,215999.999999991731521780,20000.000000000000000000,27839.999999999957404871,20000.000000000000000000,23919.999999999981725156
0.903999999999999999,20000.000000000000000000,211999.999999994368433820,20000.000000000000000000,27679.999999999970520876,20000.000000000000000000,23839.999999999987293318
0.905999999999999999,20000.000000000000000000,207999.999999981764849961,20000.000000000000000000,27519.999999999903404876,20000.000000000000000000,23759.999999999958325000
0.907999999999999999,20000.000000000000000000,203999.999999994745778001,20000.000000000000000000,27359.999999999971819281,20000.000000000000000000,23679.999999999987804842
0.909999999999999999,20000.000000000000000000,199999.999999992546000021,20000.000000000000000000,27199.999999999959472006,20000.000000000000000000,23599.999999999982394402
0.911999999999999999,20000.000000000000000000,195999.999999989903844162,20000.000000000000000000,27039.999999999944297606,20000.000000000000000000,23519.999999999975750884
0.913999999999999999,20000.000000000000000000,191999.999999983943232202,20000.000000000000000000,26879.999999999910086411,20000.000000000000000000,23439.999999999960784886
0.915999999999999999,20000.000000000000000000,187999.999999997265540242,20000.000000000000000000,26719.999999999984502411,20000.000000000000000000,23359.999999999993225608
0.917999999999999999,20000.000000000000000000,183999.999999991079496383,20000.000000000000000000,26559.999999999948473616,20000.000000000000000000,23279.999999999977395127
0.919999999999999999,20000.000000000000000000,179999.999999986964760423,20000.000000000000000000,26399.999999999923572016,20000.000000000000000000,23199.999999999966406409
0.921999999999999999,20000.000000000000000000,175999.999999999786512463,20000.000000000000000000,26239.999999999998688021,20000.000000000000000000,23119.999999999999398891
0.923999999999999999,20000.000000000000000000,171999.999999986571272503,20000.000000000000000000,26079.999999999918630421,20000.000000000000000000,23039.999999999964011533
0.925999999999999999,20000.000000000000000000,167999.999999986713888644,20000.000000000000000000,25919.999999999918092826,20000.000000000000000000,22959.999999999963723215
0.927999999999999999,20000.000000000000000000,163999.999999985224748684,20000.000000000000000000,25759.999999999907135231,20000.000000000000000000,22879.999999999958770254
0.929999999999999999,20000.000000000000000000,159999.999999991467360724,20000.000000000000000000,25599.999999999945344031,20000.000000000000000000,22799.999999999975672416
0.931999999999999999,20000.000000000000000000,155999.999999997794004865,20000.000000000000000000,25439.999999999985626436,20000.000000000000000000,22719.999999999993547538
0.933999999999999999,20000.000000000000000000,151999.999999995440304905,20000.000000000000000000,25279.999999999969664036,20000.000000000000000000,22639.999999999986438660
0.935999999999999999,20000.000000000000000000,147999.999999999521516945,20000.000000000000000000,25119.999999999996734441,20000.000000000000000000,22559.999999999998533622
0.937999999999999999,20000.000000000000000000,143999.999999987957425086,20000.000000000000000000,24959.999999999916508841,20000.000000000000000000,22479.999999999962390981
0.939999999999999999,20000.000000000000000000,139999.999999995489201126,20000.000000000000000000,24799.999999999968008046,20000.000000000000000000,22399.999999999985574423
0.941999999999999999,20000.000000000000000000,135999.999999989464353166,20000.000000000000000000,24639.999999999923616051,20000.000000000000000000,22319.999999999965404025
0.943999999999999999,20000.000000000000000000,131999.999999992987237206,20000.000000000000000000,24479.999999999947980051,20000.000000000000000000,22239.999999999976336667
0.945999999999999999,20000.000000000000000000,127999.999999997646977347,20000.000000000000000000,24319.999999999982124856,20000.000000000000000000,22159.999999999991845149
0.947999999999999999,20000.000000000000000000,123999.999999988678181387,20000.000000000000000000,24159.999999999911695256,20000.000000000000000000,22079.999999999959681948
0.949999999999999999,20000.000000000000000000,119999.999999993358121427,20000.000000000000000000,23999.999999999946840061,20000.000000000000000000,21999.999999999975668030
0.951999999999999999,20000.000000000000000000,115999.999999991599513568,20000.000000000000000000,23839.999999999930983261,20000.000000000000000000,21919.999999999968259872
0.953999999999999999,20000.000000000000000000,111999.999999996798593608,20000.000000000000000000,23679.999999999972886466,20000.000000000000000000,21839.999999999987507554
0.955999999999999999,20000.000000000000000000,107999.999999990575381648,20000.000000000000000000,23519.999999999917915266,20000.000000000000000000,21759.999999999962028836
0.957999999999999999,20000.000000000000000000,103999.999999993203809789,20000.000000000000000000,23359.999999999938913671,20000.000000000000000000,21679.999999999971664275
0.959999999999999999,20000.000000000000000000,99999.999999996778001829,20000.000000000000000000,23199.999999999970072076,20000.000000000000000000,21599.999999999986089637
0.961999999999999999,20000.000000000000000000,95999.999999997178369869,20000.000000000000000000,23039.999999999972928076,20000.000000000000000000,21519.999999999987367799
0.963999999999999999,20000.000000000000000000,91999.999999993597721909,20000.000000000000000000,22879.999999999936279281,20000.000000000000000000,21439.999999999970177001
0.965999999999999999,20000.000000000000000000,87999.999999996471378050,20000.000000000000000000,22719.999999999963534481,20000.000000000000000000,21359.999999999982847963
0.967999999999999999,20000.000000000000000000,83999.999999999389068070,20000.000000000000000000,22559.999999999993457606,20000.000000000000000000,21279.999999999996893123
0.969999999999999999,20000.000000000000000000,79999.999999994852960211,20000.000000000000000000,22399.999999999942320006,20000.000000000000000000,21199.999999999972673205
0.971999999999999999,20000.000000000000000000,75999.999999998380288251,20000.000000000000000000,22239.999999999980984811,20000.000000000000000000,21119.999999999990960647
0.973999999999999999,20000.000000000000000000,71999.999999997898320291,20000.000000000000000000,22079.999999999974166416,20000.000000000000000000,21039.999999999987712649
0.975999999999999999,20000.000000000000000000,67999.999999999340604331,20000.000000000000000000,21919.999999999991451216,20000.000000000000000000,20959.999999999995933768
0.977999999999999999,20000.000000000000000000,63999.999999996470592472,20000.000000000000000000,21759.999999999952019221,20000.000000000000000000,20879.999999999976969370
0.979999999999999999,20000.000000000000000000,59999.999999996497260512,20000.000000000000000000,21599.999999999949564021,20000.000000000000000000,20799.999999999975747212
0.981999999999999999,20000.000000000000000000,55999.999999996419696552,20000.000000000000000000,21439.999999999945113626,20000.000000000000000000,20719.999999999973478414
0.983999999999999999,20000.000000000000000000,51999.999999995441212693,20000.000000000000000000,21279.999999999925307226,20000.000000000000000000,20639.999999999963797456
0.985999999999999999,20000.000000000000000000,47999.999999999311536733,20000.000000000000000000,21119.999999999987856031,20000.000000000000000000,20559.999999999994099295
0.987999999999999999,20000.000000000000000000,43999.999999995715940773,20000.000000000000000000,20959.999999999918360831,20000.000000000000000000,20479.999999999960145937
0.989999999999999999,20000.000000000000000000,39999.999999999797960914,20000.000000000000000000,20799.999999999995736036,20000.000000000000000000,20399.999999999997939619
0.991999999999999999,20000.000000000000000000,35999.999999999650908954,20000.000000000000000000,20639.999999999991950441,20000.000000000000000000,20319.999999999996057941
0.993999999999999999,20000.000000000000000000,31999.999999997369120994,20000.000000000000000000,20479.999999999932620841,20000.000000000000000000,20239.999999999966684983
0.995999999999999999,20000.000000000000000000,27999.999999997273781034,20000.000000000000000000,20319.999999999920853646,20000.000000000000000000,20159.999999999960768662
0.997999999999999999,20000.000000000000000000,23999.999999997823225175,20000.000000000000000000,20159.999999999926819246,20000.000000000000000000,20079.999999999963574904
0.999999999999999999,20000.000000000000000000,19999.999999999999981215,20000.000000000000000000,19999.999999999999900051,20000.000000000000000000,19999.999999999999960026
1.001999999999999999,16000.000000000000001240,543.689320388348184164,19840.000000000000000049,9283.422459893035608777,19920.000000000000000024,12699.453551912556650984
1.003999999999999999,12000.000000000000001310,265.356265356264895673,19680.000000000000000052,7107.544141251998357554,19840.000000000000000026,10528.301886792444049998
1.005999999999999999,8000.000000000000001380,144.736842105263085646,19520.000000000000000055,6155.963302752291431003,19760.000000000000000027,9475.152571926762960575
1.007999999999999999,4000.000000000000001450,64.276885043263215555,19360.000000000000000058,5612.845673505793822919,19680.000000000000000029,8846.473029045637563928
1.009999999999999999,0.000000000000001520,0.000000000000000024,19200.000000000000000060,5255.474452554740624719,19600.000000000000000030,8424.068767908304552021
1.011999999999999999,0.000000000000000000,0.000000000000000000,19040.000000000000000063,4998.147004323654377764,19520.000000000000000031,8117.416829745594034952
1.013999999999999999,0.000000000000000000,0.000000000000000000,18880.000000000000000066,4800.856531049246080808,19440.000000000000000033,7882.202304737510174225
1.015999999999999999,0.000000000000000000,0.000000000000000000,18720.000000000000000069,4642.418516769008495258,19360.000000000000000034,7694.171082513241881105
1.017999999999999999,0.000000000000000000,0.000000000000000000,18560.000000000000000072,4510.566356720198581309,19280.000000000000000036,7538.932335940150634336
1.019999999999999999,0.000000000000000000,0.000000000000000000,18400.000000000000000074,4397.705544933078388644,19200.000000000000000037,7407.407407407407398850
1.021999999999999999,0.000000000000000000,0.000000000000000000,18240.000000000000000077,4298.882681564244728975,19120.000000000000000038,7293.585758688893678203
1.023999999999999999,0.000000000000000000,0.000000000000000000,18080.000000000000000000,4210.729200128493274548,19040.000000000000000000,7193.329859301719447355
1.025999999999999999,0.000000000000000000,0.000000000000000000,17920.000000000000000003,4130.874479476498404610,18960.000000000000000001,7103.698332124722927157
1.027999999999999999,0.000000000000000000,0.000000000000000000,17760.000000000000000006,4057.601772362223623516,18880.000000000000000003,7022.542831379617186907
1.029999999999999999,0.000000000000000000,0.000000000000000000,17600.000000000000000009,3989.637305699481325886,18800.000000000000000004,6948.257655755015074968
1.031999999999999999,0.000000000000000000,0.000000000000000000,17440.000000000000000012,3926.016062302261638252,18720.000000000000000006,6879.618593563763976799
1.033999999999999999,0.000000000000000000,0.000000000000000000,17280.000000000000000014,3865.993575034417429002,18640.000000000000000007,6815.675979748731372109
1.035999999999999999,0.000000000000000000,0.000000000000000000,17120.000000000000000017,3808.986325157368703500,18560.000000000000000008,6755.681818181817427686
1.037999999999999999,0.000000000000000000,0.000000000000000000,16960.000000000000000020,3754.530477759470556670,18480.000000000000000010,6699.038947900856585289
1.039999999999999999,0.000000000000000000,0.000000000000000000,16800.000000000000000023,3702.252693437804173765,18400.000000000000000011,6645.264847512035729442
1.041999999999999999,0.000000000000000000,0.000000000000000000,16640.000000000000000026,3651.849084796413109808,18320.000000000000000013,6593.965385204471186211
1.043999999999999999,0.000000000000000000,0.000000000000000000,16480.000000000000000028,3603.069784044258830447,18240.000000000000000014,6544.815465729345008216
1.045999999999999999,0.000000000000000000,0.000000000000000000,16320.000000000000000031,3555.707450444292100999,18160.000000000000000015,6497.544548898554116271
1.047999999999999999,0.000000000000000000,0.000000000000000000,16160.000000000000000034,3509.588592034089923200,18080.000000000000000017,6451.925666576887696557
1.049999999999999999,0.000000000000000000,0.000000000000000000,16000.000000000000000037,3464.566929133856824952,18000.000000000000000018,6407.766990291259943603
1.051999999999999999,0.000000000000000000,0.000000000000000000,15840.000000000000000040,3420.518260342473115700,17920.000000000000000020,6364.905284147552709779
1.053999999999999999,0.000000000000000000,0.000000000000000000,15680.000000000000000042,3377.336448598130576353,17840.000000000000000021,6323.200768953501936156
1.055999999999999999,0.000000000000000000,0.000000000000000000,15520.000000000000000045,3334.930252219246568681,17760.000000000000000022,6282.533054975642153721
1.057999999999999999,0.000000000000000000,0.000000000000000000,15360.000000000000000048,3293.220800435608305844,17680.000000000000000024,6242.797892612931227506
1.059999999999999999,0.000000000000000000,0.000000000000000000,15200.000000000000000051,3252.139565503619203597,17600.000000000000000025,6203.904555314531110056
1.061999999999999999,0.000000000000000000,0.000000000000000000,15040.000000000000000054,3211.626721060681618312,17520.000000000000000027,6165.773715726439151223
1.063999999999999999,0.000000000000000000,0.000000000000000000,14880.000000000000000056,3171.629803533917277910,17440.000000000000000028,6128.335709920552609906
1.065999999999999999,0.000000000000000000,0.000000000000000000,14720.000000000000000059,3132.102613282185759333,17360.000000000000000029,6091.529109419787245351
1.067999999999999999,0.000000000000000000,0.000000000000000000,14560.000000000000000062,3093.004306832729532338,17280.000000000000000031,6055.299539170503042870
1.069999999999999999,0.000000000000000000,0.000000000000000000,14400.000000000000000065,3054.298642533935719805,17200.000000000000000032,6019.598693420437123408
1.071999999999999999,0.000000000000000000,0.000000000000000000,14240.000000000000000068,3015.953350203541063051,17120.000000000000000034,5984.383511893950396015
1.073999999999999999,0.000000000000000000,0.000000000000000000,14080.000000000000000070,2977.939601627755380099,17040.000000000000000035,5949.615486608323122597
1.075999999999999999,0.000000000000000000,0.000000000000000000,13920.000000000000000073,2940.231563575673367712,16960.000000000000000036,5915.260075783668702238
1.077999999999999999,0.000000000000000000,0.000000000000000000,13760.000000000000000076,2902.806018706789842635,16880.000000000000000038,5881.286206028038735461
1.079999999999999999,0.000000000000000000,0.000000000000000000,13600.000000000000000079,2865.642042637578249932,16800.000000000000000039,5847.665847665843762510
1.081999999999999999,0.000000000000000000,0.000000000000000000,13440.000000000000000002,2828.720727694987389818,16720.000000000000000001,5814.373650971300610976
1.083999999999999999,0.000000000000000000,0.000000000000000000,13280.000000000000000005,2792.024945667579102091,16640.000000000000000002,5781.386633354151978639
1.085999999999999999,0.000000000000000000,0.000000000000000000,13120.000000000000000008,2755.539143279171124818,16560.000000000000000004,5748.683909361407010731
1.087999999999999999,0.000000000000000000,0.000000000000000000,12960.000000000000000010,2719.249165237791978670,16480.000000000000000005,5716.246456810379163419
1.089999999999999999,0.000000000000000000,0.000000000000000000,12800.000000000000000013,2683.142100617827344127,16400.000000000000000006,5684.056913535203627421
1.091999999999999999,0.000000000000000000,0.000000000000000000,12640.000000000000000016,2647.206149062957750279,16320.000000000000000008,5652.099400171377740383
1.093999999999999999,0.000000000000000000,0.000000000000000000,12480.000000000000000019,2611.430503889076157663,16240.000000000000000009,5620.359365168145457223
1.095999999999999999,0.000000000000000000,0.000000000000000000,12320.000000000000000022,2575.805249648090802357,16160.000000000000000011,5588.823448842623198539
1.097999999999999999,0.000000000000000000,0.000000000000000000,12160.000000000000000024,2540.321272107738781332,16080.000000000000000012,5557.479363801085441826
1.099999999999999999,0.000000000000000000,0.000000000000000000,12000.000000000000000027,2504.970178926440468806,16000.000000000000000013,5526.315789473682597811
1.101999999999999999,0.000000000000000000,0.000000000000000000,11840.000000000000000030,2469.744229569555394184,15920.000000000000000015,5495.322278856697327766
1.103999999999999999,0.000000000000000000,0.000000000000000000,11680.000000000000000033,2434.636273234910781518,15840.000000000000000016,5464.489175845042059645
1.105999999999999999,0.000000000000000000,0.000000000000000000,11520.000000000000000036,2399.639693739676902835,15760.000000000000000018,5433.807541777967632062
1.107999999999999999,0.000000000000000000,0.000000000000000000,11360.000000000000000038,2364.748360474540485779,15680.000000000000000019,5403.269090021955030553
1.109999999999999999,0.000000000000000000,0.000000000000000000,11200.000000000000000041,2329.956584659912320990,15600.000000000000000020,5372.866127583107094884
1.111999999999999999,0.000000000000000000,0.000000000000000000,11040.000000000000000044,2295.259080247351220460,15520.000000000000000022,5342.591502883368455621
1.113999999999999999,0.000000000000000000,0.000000000000000000,10880.000000000000000047,2260.650928900683125717,15440.000000000000000023,5312.438558954487674336
1.115999999999999999,0.000000000000000000,0.000000000000000000,10720.000000000000000050,2226.127548568680888243,15360.000000000000000025,5282.401091405180735804
1.117999999999999999,0.000000000000000000,0.000000000000000000,10560.000000000000000052,2191.684665226780394226,15280.000000000000000026,5252.473310603093624087
1.119999999999999999,0.000000000000000000,0.000000000000000000,10400.000000000000000055,2157.318287421174906504,15200.000000000000000027,5222.649807586586032705
1.121999999999999999,0.000000000000000000,0.000000000000000000,10240.000000000000000058,2123.024683296328779200,15120.000000000000000029,5192.925523284112090048
1.123999999999999999,0.000000000000000000,0.000000000000000000,10080.000000000000000061,2088.800359827796271727,15040.000000000000000030,5163.295720672768979034
1.125999999999999999,0.000000000000000000,0.000000000000000000,9920.000000000000000064,2054.642044017201697084,14960.000000000000000032,5133.755959553621998993
1.127999999999999999,0.000000000000000000,0.000000000000000000,9760.000000000000000066,2020.546665836496480317,14880.000000000000000033,5104.302073661401222784
1.129999999999999999,0.000000000000000000,0.000000000000000000,9600.000000000000000069,1986.511342734517108386,14800.000000000000000034,5074.930149860296350366
1.131999999999999999,0.000000000000000000,0.000000000000000000,9440.000000000000000072,1952.533365541396165543,14720.000000000000000036,5045.636509207363190772
1.133999999999999999,0.000000000000000000,0.000000000000000000,9280.000000000000000075,1918.610185625890948431,14640.000000000000000037,5016.417689690870914535
1.135999999999999999,0.000000000000000000,0.000000000000000000,9120.000000000000000078,1884.739403177580319372,14560.000000000000000039,4987.270430473227426395
1.137999999999999999,0.000000000000000000,0.000000000000000000,8960.000000000000000001,1850.918756500634235172,14480.000000000000000000,4958.191657487665144850
1.139999999999999999,0.000000000000000000,0.000000000000000000,8800.000000000000000004,1817.146112218740741965,14400.000000000000000002,4929.178470254956702601
1.141999999999999999,0.000000000000000000,0.000000000000000000,8640.000000000000000006,1783.419456301952949131,14320.000000000000000003,4900.228129801197373893
1.143999999999999999,0.000000000000000000,0.000000000000000000,8480.000000000000000009,1749.736885836148379327,14240.000000000000000004,4871.338047570941454044
1.145999999999999999,0.000000000000000000,0.000000000000000000,8320.000000000000000012,1716.096601464319747099,14160.000000000000000006,4842.505775241198693628
1.147999999999999999,0.000000000000000000,0.000000000000000000,8160.000000000000000015,1682.496900436634069822,14080.000000000000000007,4813.728995352162854901
1.149999999999999999,0.000000000000000000,0.000000000000000000,8000.000000000000000018,1648.936170212765347926,14000.000000000000000009,4785.005512679160607093
1.151999999999999999,0.000000000000000000,0.000000000000000000,7840.000000000000000020,1615.412882566012460139,13920.000000000000000010,4756.333246278398001698
1.153999999999999999,0.000000000000000000,0.000000000000000000,7680.000000000000000023,1581.925588143848151837,13840.000000000000000011,4727.710222145831867641
1.155999999999999999,0.000000000000000000,0.000000000000000000,7520.000000000000000026,1548.472911444210761577,13760.000000000000000013,4699.134566434751519844
1.157999999999999999,0.000000000000000000,0.000000000000000000,7360.000000000000000029,1515.053546170943571265,13680.000000000000000014,4670.604499183109070705
1.159999999999999999,0.000000000000000000,0.000000000000000000,7200.000000000000000032,1481.666250935395143639,13600.000000000000000016,4642.118328506412346023
1.161999999999999999,0.000000000000000000,0.000000000000000000,7040.000000000000000034,1448.309845274464458860,13520.000000000000000017,4613.674445216393876914
1.163999999999999999,0.000000000000000000,0.000000000000000000,6880.000000000000000037,1414.983205958233665038,13440.000000000000000018,4585.271317829456605330
1.165999999999999999,0.000000000000000000,0.000000000000000000,6720.000000000000000040,1381.685263562907494862,13360.000000000000000020,4556.907487932337724560
1.167999999999999999,0.000000000000000000,0.000000000000000000,6560.000000000000000043,1348.414999287106110556,13280.000000000000000021,4528.581565875581442066
1.169999999999999999,0.000000000000000000,0.000000000000000000,6400.000000000000000046,1315.171441991544780719,13200.000000000000000023,4500.292226767970396387
1.171999999999999999,0.000000000000000000,0.000000000000000000,6240.000000000000000048,1281.953665444077734381,13120.000000000000000024,4472.038206747803353632
1.173999999999999999,0.000000000000000000,0.000000000000000000,6080.000000000000000051,1248.760785753625273447,13040.000000000000000025,4443.818299508812983551
1.175999999999999999,0.000000000000000000,0.000000000000000000,5920.000000000000000054,1215.591958978081291583,12960.000000000000000027,4415.631353060760411379
1.177999999999999999,0.000000000000000000,0.000000000000000000,5760.000000000000000057,1182.446378892577407295,12880.000000000000000028,4387.476266706374528742
1.179999999999999999,0.000000000000000000,0.000000000000000000,5600.000000000000000060,1149.323274905701242581,12800.000000000000000030,4359.351988217964458153
1.181999999999999999,0.000000000000000000,0.000000000000000000,5440.000000000000000062,1116.221910112359212602,12720.000000000000000031,4331.257511198513059483
1.183999999999999999,0.000000000000000000,0.000000000000000000,5280.000000000000000065,1083.141579472929801316,12640.000000000000000032,4303.191872613299542777
1.185999999999999999,0.000000000000000000,0.000000000000000000,5120.000000000000000068,1050.081608109268790836,12560.000000000000000034,4275.154150479380675954
1.187999999999999999,0.000000000000000000,0.000000000000000000,4960.000000000000000071,1017.041349708893792429,12480.000000000000000035,4247.143461701224284413
1.189999999999999999,0.000000000000000000,0.000000000000000000,4800.000000000000000074,984.020185029436005776,12400.000000000000000037,4219.158960041875743043
1.191999999999999999,0.000000000000000000,0.000000000000000000,4640.000000000000000076,951.017520496066332237,12320.000000000000000038,4191.199834219793554971
1.194000000000000000,0.000000000000000000,0.000000000000000000,4480.000000000000000000,918.032786885245901640,12240.000000000000000000,4163.265306122448979592
1.195999999999999999,0.000000000000000000,0.000000000000000000,4320.000000000000000002,885.065438088636551798,12160.000000000000000001,4135.354629128314404148
1.197999999999999999,0.000000000000000000,0.000000000000000000,4160.000000000000000005,852.114949951565546343,12080.000000000000000002,4107.467086529762557491
1.199999999999999999,0.000000000000000000,0.000000000000000000,4000.000000000000000008,819.180819180818509417,12000.000000000000000004,4079.601990049748466407
1.201999999999999999,0.000000000000000000,0.000000000000000000,3840.000000000000000011,786.262562317005016833,11920.000000000000000005,4051.758678445923400661
1.203999999999999999,0.000000000000000000,0.000000000000000000,3680.000000000000000014,753.359714767072707645,11840.000000000000000007,4023.936516196174788676
1.205999999999999999,0.000000000000000000,0.000000000000000000,3520.000000000000000016,720.471829892906529406,11760.000000000000000008,3996.134892260119441294
1.207999999999999999,0.000000000000000000,0.000000000000000000,3360.000000000000000019,687.598478152261573374,11680.000000000000000009,3968.353218911503567026
1.209999999999999999,0.000000000000000000,0.000000000000000000,3200.000000000000000022,654.739246288541456886,11600.000000000000000011,3940.590930636748428883
1.211999999999999999,0.000000000000000000,0.000000000000000000,3040.000000000000000025,621.893736566234915010,11520.000000000000000012,3912.847483095413769370
1.213999999999999999,0.000000000000000000,0.000000000000000000,2880.000000000000000028,589.061566049013188830,11440.000000000000000014,3885.122352138445596393
1.215999999999999999,0.000000000000000000,0.000000000000000000,2720.000000000000000030,556.242365917755169863,11360.000000000000000015,3857.415032880583263787
1.217999999999999999,0.000000000000000000,0.000000000000000000,2560.000000000000000033,523.435780825936674100,11280.000000000000000016,3829.725038823419572014
1.219999999999999999,0.000000000000000000,0.000000000000000000,2400.000000000000000036,490.641468290023568375,11200.000000000000000018,3802.051901025950160341
1.221999999999999999,0.000000000000000000,0.000000000000000000,2240.000000000000000039,457.859098112663713066,11120.000000000000000019,3774.395167319595725822
1.223999999999999999,0.000000000000000000,0.000000000000000000,2080.000000000000000042,425.088351836647132564,11040.000000000000000021,3746.754401564999877945
1.225999999999999999,0.000000000000000000,0.000000000000000000,1920.000000000000000044,392.328922227726063355,10960.000000000000000022,3719.129182947966716928
1.227999999999999999,0.000000000000000000,0.000000000000000000,1760.000000000000000047,359.580512784539263016,10880.000000000000000023,3691.519105312208439840
1.229999999999999999,0.000000000000000000,0.000000000000000000,1600.000000000000000050,326.842837273991507385,10800.000000000000000025,3663.923776526633531377
1.231999999999999999,0.000000000000000000,0.000000000000000000,1440.000000000000000053,294.115619290564818570,10720.000000000000000026,3636.342817885153032586
1.233999999999999999,0.000000000000000000,0.000000000000000000,1280.000000000000000056,261.398591838129488332,10640.000000000000000028,3608.775863537022035948
1.235999999999999999,0.000000000000000000,0.000000000000000000,1120.000000000000000058,228.691496932930947434,10560.000000000000000029,3581.222559945961319625
1.237999999999999999,0.000000000000000000,0.000000000000000000,960.000000000000000061,195.994085226508822848,10480.000000000000000030,3553.682565376348334945
1.239999999999999999,0.000000000000000000,0.000000000000000000,800.000000000000000064,163.306115647392002910,10400.000000000000000032,3526.155549404924889513
1.241999999999999999,0.000000000000000000,0.000000000000000000,640.000000000000000067,130.627355060487829438,10320.000000000000000033,3498.641192456558447185
1.243999999999999999,0.000000000000000000,0.000000000000000000,480.000000000000000070,97.957577943153046477,10240.000000000000000035,3471.139185362663553847
1.245999999999999999,0.000000000000000000,0.000000000000000000,320.000000000000000072,65.296566077003114844,10160.000000000000000036,3443.649228941042717834
1.247999999999999999,0.000000000000000000,0.000000000000000000,160.000000000000000075,32.644108254572421118,10080.000000000000000037,3416.171033595883860094
1.249999999999999999,0.000000000000000000,0.000000000000000000,0.000000000000000078,0.000000000000000017,10000.000000000000000039,3388.704318936875265620
1.251999999999999999,0.000000000000000000,0.000000000000000000,0.000000000000000000,0.000000000000000000,9920.000000000000000000,3361.248813416304868487
1.253999999999999999,0.000000000000000000,0.000000000000000000,0.000000000000000000,0.000000000000000000,9840.000000000000000002,3333.804253983203233795
1.255999999999999999,0.000000000000000000,0.000000000000000000,0.000000000000000000,0.000000000000000000,9760.000000000000000003,3306.370385753594393429
1.257999999999999999,0.000000000000000000,0.000000000000000000,0.000000000000000000,0.000000000000000000,9680.000000000000000005,3278.946961695986665012
1.259999999999999999,0.000000000000000000,0.000000000000000000,0.000000000000000000,0.000000000000000000,9600.000000000000000006,3251.533742331287289930
1.261999999999999999,0.000000000000000000,0.000000000000000000,0.000000000000000000,0.000000000000000000,9520.000000000000000007,3224.130495446358000587
1.263999999999999999,0.000000000000000000,0.000000000000000000,0.000000000000000000,0.000000000000000000,9440.000000000000000009,3196.736995820533225706
1.265999999999999999,0.000000000000000000,0.000000000000000000,0.000000000000000000,0.000000000000000000,9360.000000000000000010,3169.353024964387965642
1.267999999999999999,0.000000000000000000,0.000000000000000000,0.000000000000000000,0.000000000000000000,9280.000000000000000012,3141.978370870125397262
1.269999999999999999,0.000000000000000000,0.000000000000000000,0.000000000000000000,0.000000000000000000,9200.000000000000000013,3114.612827772990027989
1.271999999999999999,0.000000000000000000,0.000000000000000000,0.000000000000000000,0.000000000000000000,9120.000000000000000014,3087.256195923155191047
1.273999999999999999,0.000000000000000000,0.000000000000000000,0.000000000000000000,0.000000000000000000,9040.000000000000000016,3059.908281367527027382
1.275999999999999999,0.000000000000000000,0.000000000000000000,0.000000000000000000,0.000000000000000000,8960.000000000000000017,3032.568895740989048253
1.277999999999999999,0.000000000000000000,0.000000000000000000,0.000000000000000000,0.000000000000000000,8880.000000000000000019,3005.237856066584412892
1.279999999999999999,0.000000000000000000,0.000000000000000000,0.000000000000000000,0.000000000000000000,8800.000000000000000020,2977.914984564236022596
1.281999999999999999,0.000000000000000000,0.000000000000000000,0.000000000000000000,0.000000000000000000,8720.000000000000000021,2950.600108467541844131
1.283999999999999999,0.000000000000000000,0.000000000000000000,0.000000000000000000,0.000000000000000000,8640.000000000000000023,2923.293059848271173817
1.285999999999999999,0.000000000000000000,0.000000000000000000,0.000000000000000000,0.000000000000000000,8560.000000000000000024,2895.993675448181641675
1.287999999999999999,0.000000000000000000,0.000000000000000000,0.000000000000000000,0.000000000000000000,8480.000000000000000026,2868.701796517802679168
1.289999999999999999,0.000000000000000000,0.000000000000000000,0.000000000000000000,0.000000000000000000,8400.000000000000000027,2841.417268661850662051
1.291999999999999999,0.000000000000000000,0.000000000000000000,0.000000000000000000,0.000000000000000000,8320.000000000000000028,2814.139941690960240476
1.293999999999999999,0.000000000000000000,0.000000000000000000,0.000000000000000000,0.000000000000000000,8240.000000000000000030,2786.869669479446914301
1.295999999999999999,0.000000000000000000,0.000000000000000000,0.000000000000000000,0.000000000000000000,8160.000000000000000031,2759.606309828769777379
1.297999999999999999,0.000000000000000000,0.000000000000000000,0.000000000000000000,0.000000000000000000,8080.000000000000000033,2732.349724336509332822
1.299999999999999999,0.000000000000000000,0.000000000000000000,0.000000000000000000,0.000000000000000000,8000.000000000000000034,2705.099778270509819463
1.301999999999999999,0.000000000000000000,0.000000000000000000,0.000000000000000000,0.000000000000000000,7920.000000000000000035,2677.856340448026624349
1.303999999999999999,0.000000000000000000,0.000000000000000000,0.000000000000000000,0.000000000000000000,7840.000000000000000037,2650.619283119610257947
1.305999999999999999,0.000000000000000000,0.000000000000000000,0.000000000000000000,0.000000000000000000,7760.000000000000000038,2623.388481857511517538
1.307999999999999999,0.000000000000000000,0.000000000000000000,0.000000000000000000,0.000000000000000000,7680.000000000000000000,2596.163815448416914306
1.309999999999999999,0.000000000000000000,0.000000000000000000,0.000000000000000000,0.000000000000000000,7600.000000000000000001,2568.945165790319033022
1.311999999999999999,0.000000000000000000,0.000000000000000000,0.000000000000000000,0.000000000000000000,7520.000000000000000003,2541.732417793320505839
1.313999999999999999,0.000000000000000000,0.000000000000000000,0.000000000000000000,0.000000000000000000,7440.000000000000000004,2514.525459284214850009
1.315999999999999999,0.000000000000000000,0.000000000000000000,0.000000000000000000,0.000000000000000000,7360.000000000000000005,2487.324180914679818977
1.317999999999999999,0.000000000000000000,0.000000000000000000,0.000000000000000000,0.000000000000000000,7280.000000000000000007,2460.128476072899082676
1.319999999999999999,0.000000000000000000,0.000000000000000000,0.000000000000000000,0.000000000000000000,7200.000000000000000008,2432.938240798502135260
1.321999999999999999,0.000000000000000000,0.000000000000000000,0.000000000000000000,0.000000000000000000,7120.000000000000000010,2405.753373700633443877
1.323999999999999999,0.000000000000000000,0.000000000000000000,0.000000000000000000,0.000000000000000000,7040.000000000000000011,2378.573775879065722003
1.325999999999999999,0.000000000000000000,0.000000000000000000,0.000000000000000000,0.000000000000000000,6960.000000000000000012,2351.399350848183073337
1.327999999999999999,0.000000000000000000,0.000000000000000000,0.000000000000000000,0.000000000000000000,6880.000000000000000014,2324.230004463740266901
1.329999999999999999,0.000000000000000000,0.000000000000000000,0.000000000000000000,0.000000000000000000,6800.000000000000000015,2297.065644852272384994
1.331999999999999999,0.000000000000000000,0.000000000000000000,0.000000000000000000,0.000000000000000000,6720.000000000000000017,2269.906182343035037795
1.333999999999999999,0.000000000000000000,0.000000000000000000,0.000000000000000000,0.000000000000000000,6640.000000000000000018,2242.751529402385655076
1.335999999999999999,0.000000000000000000,0.000000000000000000,0.000000000000000000,0.000000000000000000,6560.000000000000000019,2215.601600570499839302
1.337999999999999999,0.000000000000000000,0.000000000000000000,0.000000000000000000,0.000000000000000000,6480.000000000000000021,2188.456312400306075734
1.339999999999999999,0.000000000000000000,0.000000000000000000,0.000000000000000000,0.000000000000000000,6400.000000000000000022,2161.315583398589534345
1.341999999999999999,0.000000000000000000,0.000000000000000000,0.000000000000000000,0.000000000000000000,6320.000000000000000024,2134.179333969130958480
1.343999999999999999,0.000000000000000000,0.000000000000000000,0.000000000000000000,0.000000000000000000,6240.000000000000000025,2107.047486357830099036
1.345999999999999999,0.000000000000000000,0.000000000000000000,0.000000000000000000,0.000000000000000000,6160.000000000000000026,2079.919964599726471068
1.347999999999999999,0.000000000000000000,0.000000000000000000,0.000000000000000000,0.000000000000000000,6080.000000000000000028,2052.796694467823766383
1.349999999999999999,0.000000000000000000,0.000000000000000000,0.000000000000000000,0.000000000000000000,6000.000000000000000029,2025.677603423679984585
1.351999999999999999,0.000000000000000000,0.000000000000000000,0.000000000000000000,0.000000000000000000,5920.000000000000000031,1998.562620569654554887
1.353999999999999999,0.000000000000000000,0.000000000000000000,0.000000000000000000,0.000000000000000000,5840.000000000000000032,1971.451676602785402271
1.355999999999999999,0.000000000000000000,0.000000000000000000,0.000000000000000000,0.000000000000000000,5760.000000000000000033,1944.344703770197401761
1.357999999999999999,0.000000000000000000,0.000000000000000000,0.000000000000000000,0.000000000000000000,5680.000000000000000035,1917.241635826001777024
1.359999999999999999,0.000000000000000000,0.000000000000000000,0.000000000000000000,0.000000000000000000,5600.000000000000000036,1890.142407989642409860
1.361999999999999999,0.000000000000000000,0.000000000000000000,0.000000000000000000,0.000000000000000000,5520.000000000000000038,1863.046956905588371887
1.363999999999999999,0.000000000000000000,0.000000000000000000,0.000000000000000000,0.000000000000000000,5440.000000000000000039,1835.955220604375097222
1.365999999999999999,0.000000000000000000,0.000000000000000000,0.000000000000000000,0.000000000000000000,5360.000000000000000001,1808.867138464896906819
1.367999999999999999,0.000000000000000000,0.000000000000000000,0.000000000000000000,0.000000000000000000,5280.000000000000000002,1781.782651177939272379
1.369999999999999999,0.000000000000000000,0.000000000000000000,0.000000000000000000,0.000000000000000000,5200.000000000000000003,1754.701700710878062049
1.371999999999999999,0.000000000000000000,0.000000000000000000,0.000000000000000000,0.000000000000000000,5120.000000000000000005,1727.624230273520537502
1.373999999999999999,0.000000000000000000,0.000000000000000000,0.000000000000000000,0.000000000000000000,5040.000000000000000006,1700.550184285027269496
1.375999999999999999,0.000000000000000000,0.000000000000000000,0.000000000000000000,0.000000000000000000,4960.000000000000000008,1673.479508341893301671
1.377999999999999999,0.000000000000000000,0.000000000000000000,0.000000000000000000,0.000000000000000000,4880.000000000000000009,1646.412149186941376020
1.379999999999999999,0.000000000000000000,0.000000000000000000,0.000000000000000000,0.000000000000000000,4800.000000000000000010,1619.348054679283565109
1.381999999999999999,0.000000000000000000,0.000000000000000000,0.000000000000000000,0.000000000000000000,4720.000000000000000012,1592.287173765231903358
1.383999999999999999,0.000000000000000000,0.000000000000000000,0.000000000000000000,0.000000000000000000,4640.000000000000000013,1565.229456450100997601
1.385999999999999999,0.000000000000000000,0.000000000000000000,0.000000000000000000,0.000000000000000000,4560.000000000000000015,1538.174853770898523156
1.387999999999999999,0.000000000000000000,0.000000000000000000,0.000000000000000000,0.000000000000000000,4480.000000000000000016,1511.123317769842870452
1.389999999999999999,0.000000000000000000,0.000000000000000000,0.000000000000000000,0.000000000000000000,4400.000000000000000017,1484.074801468703573483
1.391999999999999999,0.000000000000000000,0.000000000000000000,0.000000000000000000,0.000000000000000000,4320.000000000000000019,1457.029258843917862894
1.393999999999999999,0.000000000000000000,0.000000000000000000,0.000000000000000000,0.000000000000000000,4240.000000000000000020,1429.986644802460068085
1.395999999999999999,0.000000000000000000,0.000000000000000000,0.000000000000000000,0.000000000000000000,4160.000000000000000022,1402.946915158446232502
1.397999999999999999,0.000000000000000000,0.000000000000000000,0.000000000000000000,0.000000000000000000,4080.000000000000000023,1375.910026610432301271
1.399999999999999999,0.000000000000000000,0.000000000000000000,0.000000000000000000,0.000000000000000000,4000.000000000000000024,1348.875936719399282263
1.401999999999999999,0.000000000000000000,0.000000000000000000,0.000000000000000000,0.000000000000000000,3920.000000000000000026,1321.844603887388076394
1.403999999999999999,0.000000000000000000,0.000000000000000000,0.000000000000000000,0.000000000000000000,3840.000000000000000027,1294.815987336762841414
1.405999999999999999,0.000000000000000000,0.000000000000000000,0.000000000000000000,0.000000000000000000,3760.000000000000000029,1267.790047090094395249
1.407999999999999999,0.000000000000000000,0.000000000000000000,0.000000000000000000,0.000000000000000000,3680.000000000000000030,1240.766743950625331823
1.409999999999999999,0.000000000000000000,0.000000000000000000,0.000000000000000000,0.000000000000000000,3600.000000000000000031,1213.746039483303836816
1.411999999999999999,0.000000000000000000,0.000000000000000000,0.000000000000000000,0.000000000000000000,3520.000000000000000033,1186.727895996377294195
1.413999999999999999,0.000000000000000000,0.000000000000000000,0.000000000000000000,0.000000000000000000,3440.000000000000000034,1159.712276523501180978
1.415999999999999999,0.000000000000000000,0.000000000000000000,0.000000000000000000,0.000000000000000000,3360.000000000000000036,1132.699144806380080079
1.417999999999999999,0.000000000000000000,0.000000000000000000,0.000000000000000000,0.000000000000000000,3280.000000000000000037,1105.688465277887607974
1.419999999999999999,0.000000000000000000,0.000000000000000000,0.000000000000000000,0.000000000000000000,3200.000000000000000038,1078.680203045685095600
1.421999999999999999,0.000000000000000000,0.000000000000000000,0.000000000000000000,0.000000000000000000,3120.000000000000000000,1051.674323876284126892
1.423999999999999999,0.000000000000000000,0.000000000000000000,0.000000000000000000,0.000000000000000000,3040.000000000000000001,1024.670794179577649348
1.425999999999999999,0.000000000000000000,0.000000000000000000,0.000000000000000000,0.000000000000000000,2960.000000000000000003,997.669580993790077828
1.427999999999999999,0.000000000000000000,0.000000000000000000,0.000000000000000000,0.000000000000000000,2880.000000000000000004,970.670651970857245912
1.429999999999999999,0.000000000000000000,0.000000000000000000,0.000000000000000000,0.000000000000000000,2800.000000000000000006,943.673975362206186102
1.431999999999999999,0.000000000000000000,0.000000000000000000,0.000000000000000000,0.000000000000000000,2720.000000000000000007,916.679520004935028161
1.433999999999999999,0.000000000000000000,0.000000000000000000,0.000000000000000000,0.000000000000000000,2640.000000000000000008,889.687255308368458302
1.435999999999999999,0.000000000000000000,0.000000000000000000,0.000000000000000000,0.000000000000000000,2560.000000000000000010,862.697151240982169749
1.437999999999999999,0.000000000000000000,0.000000000000000000,0.000000000000000000,0.000000000000000000,2480.000000000000000011,835.709178317688156771
1.439999999999999999,0.000000000000000000,0.000000000000000000,0.000000000000000000,0.000000000000000000,2400.000000000000000013,808.723307587459553488
1.441999999999999999,0.000000000000000000,0.000000000000000000,0.000000000000000000,0.000000000000000000,2320.000000000000000014,781.739510621296246299
1.443999999999999999,0.000000000000000000,0.000000000000000000,0.000000000000000000,0.000000000000000000,2240.000000000000000015,754.757759500510018069
1.445999999999999999,0.000000000000000000,0.000000000000000000,0.000000000000000000,0.000000000000000000,2160.000000000000000017,727.778026805325130677
1.447999999999999999,0.000000000000000000,0.000000000000000000,0.000000000000000000,0.000000000000000000,2080.000000000000000018,700.800285603783638550
1.449999999999999999,0.000000000000000000,0.000000000000000000,0.000000000000000000,0.000000000000000000,2000.000000000000000020,673.824509440947178915
1.451999999999999999,0.000000000000000000,0.000000000000000000,0.000000000000000000,0.000000000000000000,1920.000000000000000021,646.850672328379252555
1.453999999999999999,0.000000000000000000,0.000000000000000000,0.000000000000000000,0.000000000000000000,1840.000000000000000022,619.878748733907774955
1.455999999999999999,0.000000000000000000,0.000000000000000000,0.000000000000000000,0.000000000000000000,1760.000000000000000024,592.908713571657922348
1.457999999999999999,0.000000000000000000,0.000000000000000000,0.000000000000000000,0.000000000000000000,1680.000000000000000025,565.940542192342449402
1.459999999999999999,0.000000000000000000,0.000000000000000000,0.000000000000000000,0.000000000000000000,1600.000000000000000027,538.974210373804270291
1.461999999999999999,0.000000000000000000,0.000000000000000000,0.000000000000000000,0.000000000000000000,1520.000000000000000028,512.009694311804573611
1.463999999999999999,0.000000000000000000,0.000000000000000000,0.000000000000000000,0.000000000000000000,1440.000000000000000029,485.046970611048688966
1.465999999999999999,0.000000000000000000,0.000000000000000000,0.000000000000000000,0.000000000000000000,1360.000000000000000031,458.086016276441767645
1.467999999999999999,0.000000000000000000,0.000000000000000000,0.000000000000000000,0.000000000000000000,1280.000000000000000032,431.126808704568616984
1.469999999999999999,0.000000000000000000,0.000000000000000000,0.000000000000000000,0.000000000000000000,1200.000000000000000034,404.169325675388088064
1.471999999999999999,0.000000000000000000,0.000000000000000000,0.000000000000000000,0.000000000000000000,1120.000000000000000035,377.213545344140784801
1.473999999999999999,0.000000000000000000,0.000000000000000000,0.000000000000000000,0.000000000000000000,1040.000000000000000036,350.259446233459333910
1.475999999999999999,0.000000000000000000,0.000000000000000000,0.000000000000000000,0.000000000000000000,960.000000000000000038,323.307007225676245969
1.477999999999999999,0.000000000000000000,0.000000000000000000,0.000000000000000000,0.000000000000000000,880.000000000000000039,296.356207555326099414
1.479999999999999999,0.000000000000000000,0.000000000000000000,0.000000000000000000,0.000000000000000000,800.000000000000000001,269.407026801832839390
1.481999999999999999,0.000000000000000000,0.000000000000000000,0.000000000000000000,0.000000000000000000,720.000000000000000002,242.459444882379627703
1.483999999999999999,0.000000000000000000,0.000000000000000000,0.000000000000000000,0.000000000000000000,640.000000000000000004,215.513442044953649273
1.485999999999999999,0.000000000000000000,0.000000000000000000,0.000000000000000000,0.000000000000000000,560.000000000000000005,188.568998861563356405
1.487999999999999999,0.000000000000000000,0.000000000000000000,0.000000000000000000,0.000000000000000000,480.000000000000000006,161.626096221621091961
1.489999999999999999,0.000000000000000000,0.000000000000000000,0.000000000000000000,0.000000000000000000,400.000000000000000008,134.684715325488055147
1.491999999999999999,0.000000000000000000,0.000000000000000000,0.000000000000000000,0.000000000000000000,320.000000000000000009,107.744837678174620461
1.493999999999999999,0.000000000000000000,0.000000000000000000,0.000000000000000000,0.000000000000000000,240.000000000000000011,80.806445083194969880
1.495999999999999999,0.000000000000000000,0.000000000000000000,0.000000000000000000,0.000000000000000000,160.000000000000000012,53.869519636568861281
1.497999999999999999,0.000000000000000000,0.000000000000000000,0.000000000000000000,0.000000000000000000,80.000000000000000013,26.934043720967582871
1.499999999999999999,0.000000000000000000,0.000000000000000000,0.000000000000000000,0.000000000000000000,0.000000000000000015,0.000000000000000007
1.501999999999999999,0.000000000000000000,0.000000000000000000,0.000000000000000000,0.000000000000000000,0.000000000000000000,0.000000000000000000
1.503999999999999999,0.000000000000000000,0.000000000000000000,0.000000000000000000,0.000000000000000000,0.000000000000000000,0.000000000000000000
1.505999999999999999,0.000000000000000000,0.000000000000000000,0.000000000000000000,0.000000000000000000,0.000000000000000000,0.000000000000000000
1.507999999999999999,0.000000000000000000,0.000000000000000000,0.000000000000000000,0.000000000000000000,0.000000000000000000,0.000000000000000000
1.509999999999999999,0.000000000000000000,0.000000000000000000,0.000000000000000000,0.000000000000000000,0.000000000000000000,0.000000000000000000
1.511999999999999999,0.000000000000000000,0.000000000000000000,0.000000000000000000,0.000000000000000000,0.000000000000000000,0.000000000000000000
1.513999999999999999,0.000000000000000000,0.000000000000000000,0.000000000000000000,0.000000000000000000,0.000000000000000000,0.000000000000000000
1.515999999999999999,0.000000000000000000,0.000000000000000000,0.000000000000000000,0.000000000000000000,0.000000000000000000,0.000000000000000000
1.517999999999999999,0.000000000000000000,0.000000000000000000,0.000000000000000000,0.000000000000000000,0.000000000000000000,0.000000000000000000
1.519999999999999999,0.000000000000000000,0.000000000000000000,0.000000000000000000,0.000000000000000000,0.000000000000000000,0.000000000000000000
1.521999999999999999,0.000000000000000000,0.000000000000000000,0.000000000000000000,0.000000000000000000,0.000000000000000000,0.000000000000000000
1.523999999999999999,0.000000000000000000,0.000000000000000000,0.000000000000000000,0.000000000000000000,0.000000000000000000,0.000000000000000000
1.525999999999999999,0.000000000000000000,0.000000000000000000,0.000000000000000000,0.000000000000000000,0.000000000000000000,0.000000000000000000
1.527999999999999999,0.000000000000000000,0.000000000000000000,0.000000000000000000,0.000000000000000000,0.000000000000000000,0.000000000000000000
1.529999999999999999,0.000000000000000000,0.000000000000000000,0.000000000000000000,0.000000000000000000,0.000000000000000000,0.000000000000000000
1.531999999999999999,0.000000000000000000,0.000000000000000000,0.000000000000000000,0.000000000000000000,0.000000000000000000,0.000000000000000000
1.533999999999999999,0.000000000000000000,0.000000000000000000,0.000000000000000000,0.000000000000000000,0.000000000000000000,0.000000000000000000
1.535999999999999999,0.000000000000000000,0.000000000000000000,0.000000000000000000,0.000000000000000000,0.000000000000000000,0.000000000000000000
1.537999999999999999,0.000000000000000000,0.000000000000000000,0.000000000000000000,0.000000000000000000,0.000000000000000000,0.000000000000000000
1.539999999999999999,0.000000000000000000,0.000000000000000000,0.000000000000000000,0.000000000000000000,0.000000000000000000,0.000000000000000000
1.541999999999999999,0.000000000000000000,0.000000000000000000,0.000000000000000000,0.000000000000000000,0.000000000000000000,0.000000000000000000
1.543999999999999999,0.000000000000000000,0.000000000000000000,0.000000000000000000,0.000000000000000000,0.000000000000000000,0.000000000000000000
1.545999999999999999,0.000000000000000000,0.000000000000000000,0.000000000000000000,0.000000000000000000,0.000000000000000000,0.000000000000000000
1.547999999999999999,0.000000000000000000,0.000000000000000000,0.000000000000000000,0.000000000000000000,0.000000000000000000,0.000000000000000000
1.549999999999999999,0.000000000000000000,0.000000000000000000,0.000000000000000000,0.000000000000000000,0.000000000000000000,0.000000000000000000
1.551999999999999999,0.000000000000000000,0.000000000000000000,0.000000000000000000,0.000000000000000000,0.000000000000000000,0.000000000000000000
1.553999999999999999,0.000000000000000000,0.000000000000000000,0.000000000000000000,0.000000000000000000,0.000000000000000000,0.000000000000000000
1.555999999999999999,0.000000000000000000,0.000000000000000000,0.000000000000000000,0.000000000000000000,0.000000000000000000,0.000000000000000000
1.557999999999999999,0.000000000000000000,0.000000000000000000,0.000000000000000000,0.000000000000000000,0.000000000000000000,0.000000000000000000
1.559999999999999999,0.000000000000000000,0.000000000000000000,0.000000000000000000,0.000000000000000000,0.000000000000000000,0.000000000000000000
1.561999999999999999,0.000000000000000000,0.000000000000000000,0.000000000000000000,0.000000000000000000,0.000000000000000000,0.000000000000000000
1.563999999999999999,0.000000000000000000,0.000000000000000000,0.000000000000000000,0.000000000000000000,0.000000000000000000,0.000000000000000000
1.565999999999999999,0.000000000000000000,0.000000000000000000,0.000000000000000000,0.000000000000000000,0.000000000000000000,0.000000000000000000
1.567999999999999999,0.000000000000000000,0.000000000000000000,0.000000000000000000,0.000000000000000000,0.000000000000000000,0.000000000000000000
1.569999999999999999,0.000000000000000000,0.000000000000000000,0.000000000000000000,0.000000000000000000,0.000000000000000000,0.000000000000000000
1.571999999999999999,0.000000000000000000,0.000000000000000000,0.000000000000000000,0.000000000000000000,0.000000000000000000,0.000000000000000000
1.573999999999999999,0.000000000000000000,0.000000000000000000,0.000000000000000000,0.000000000000000000,0.000000000000000000,0.000000000000000000
1.575999999999999999,0.000000000000000000,0.000000000000000000,0.000000000000000000,0.000000000000000000,0.000000000000000000,0.000000000000000000
1.577999999999999999,0.000000000000000000,0.000000000000000000,0.000000000000000000,0.000000000000000000,0.000000000000000000,0.000000000000000000
1.579999999999999999,0.000000000000000000,0.000000000000000000,0.000000000000000000,0.000000000000000000,0.000000000000000000,0.000000000000000000
1.581999999999999999,0.000000000000000000,0.000000000000000000,0.000000000000000000,0.000000000000000000,0.000000000000000000,0.000000000000000000
1.583999999999999999,0.000000000000000000,0.000000000000000000,0.000000000000000000,0.000000000000000000,0.000000000000000000,0.000000000000000000
1.585999999999999999,0.000000000000000000,0.000000000000000000,0.000000000000000000,0.000000000000000000,0.000000000000000000,0.000000000000000000
1.587999999999999999,0.000000000000000000,0.000000000000000000,0.000000000000000000,0.000000000000000000,0.000000000000000000,0.000000000000000000
1.589999999999999999,0.000000000000000000,0.000000000000000000,0.000000000000000000,0.000000000000000000,0.000000000000000000,0.000000000000000000
1.592000000000000000,0.000000000000000000,0.000000000000000000,0.000000000000000000,0.000000000000000000,0.000000000000000000,0.000000000000000000
1.593999999999999999,0.000000000000000000,0.000000000000000000,0.000000000000000000,0.000000000000000000,0.000000000000000000,0.000000000000000000
1.595999999999999999,0.000000000000000000,0.000000000000000000,0.000000000000000000,0.000000000000000000,0.000000000000000000,0.000000000000000000
1.597999999999999999,0.000000000000000000,0.000000000000000000,0.000000000000000000,0.000000000000000000,0.000000000000000000,0.000000000000000000
1.599999999999999999,0.000000000000000000,0.000000000000000000,0.000000000000000000,0.000000000000000000,0.000000000000000000,0.000000000000000000
