start CR,rebalance,collateral ratio,leverage ratio,leveraged price,pegged supply,collateral pool pegged,leveraged pool pegged,leveraged returned,leveraged value returned,pegged value given up
0.010000000000000000,0,0.009999999999999999,19.000000000000000000,0.000526315789473684,1000000.000000000000000000,0.000000000000000000,400000.000000000000000000,0.000000000000000000,0.000000000000000000,0.000000000000000000
0.010000000000000000,1,0.016666638888935185,19.000000000000002526,0.000061199645612436,600001.000000000000000000,0.000000000000000000,1.000000000000000000,7599981.000000000000000000,465.116143861246963716,3999.989999999999600001
0.010000000000000000,2,0.016666638888935185,19.000000000000002526,0.000061199645612436,600001.000000000000000000,0.000000000000000000,1.000000000000000000,0.000000000000000000,0.000000000000000000,0.000000000000000000
0.010000000000000000,3,0.016666638888935185,19.000000000000002526,0.000061199645612436,600001.000000000000000000,0.000000000000000000,1.000000000000000000,0.000000000000000000,0.000000000000000000,0.000000000000000000
0.010000000000000000,4,0.016666638888935185,19.000000000000002526,0.000061199645612436,600001.000000000000000000,0.000000000000000000,1.000000000000000000,0.000000000000000000,0.000000000000000000,0.000000000000000000
0.010000000000000000,5,0.016666638888935185,19.000000000000002526,0.000061199645612436,600001.000000000000000000,0.000000000000000000,1.000000000000000000,0.000000000000000000,0.000000000000000000,0.000000000000000000
0.010000000000000000,6,0.016666638888935185,19.000000000000002526,0.000061199645612436,600001.000000000000000000,0.000000000000000000,1.000000000000000000,0.000000000000000000,0.000000000000000000,0.000000000000000000
0.010000000000000000,7,0.016666638888935185,19.000000000000002526,0.000061199645612436,600001.000000000000000000,0.000000000000000000,1.000000000000000000,0.000000000000000000,0.000000000000000000,0.000000000000000000
0.010000000000000000,8,0.016666638888935185,19.000000000000002526,0.000061199645612436,600001.000000000000000000,0.000000000000000000,1.000000000000000000,0.000000000000000000,0.000000000000000000,0.000000000000000000
0.010000000000000000,9,0.016666638888935185,19.000000000000002526,0.000061199645612436,600001.000000000000000000,0.000000000000000000,1.000000000000000000,0.000000000000000000,0.000000000000000000,0.000000000000000000
0.010000000000000000,10,0.016666638888935185,19.000000000000002526,0.000061199645612436,600001.000000000000000000,0.000000000000000000,1.000000000000000000,0.000000000000000000,0.000000000000000000,0.000000000000000000
0.010000000000000000,11,0.016666638888935185,19.000000000000002526,0.000061199645612436,600001.000000000000000000,0.000000000000000000,1.000000000000000000,0.000000000000000000,0.000000000000000000,0.000000000000000000
0.010000000000000000,12,0.016666638888935185,19.000000000000002526,0.000061199645612436,600001.000000000000000000,0.000000000000000000,1.000000000000000000,0.000000000000000000,0.000000000000000000,0.000000000000000000
0.020000000000000000,0,0.019999999999999999,19.000000000000000000,0.001052631578947368,1000000.000000000000000000,0.000000000000000000,400000.000000000000000000,0.000000000000000000,0.000000000000000000,0.000000000000000000
0.020000000000000000,1,0.033333277777870370,19.000000000000002526,0.000122399291224872,600001.000000000000000000,0.000000000000000000,1.000000000000000000,7599981.000000000000000000,930.232287722493927432,7999.979999999999600001
0.020000000000000000,2,0.033333277777870370,19.000000000000002526,0.000122399291224872,600001.000000000000000000,0.000000000000000000,1.000000000000000000,0.000000000000000000,0.000000000000000000,0.000000000000000000
0.020000000000000000,3,0.033333277777870370,19.000000000000002526,0.000122399291224872,600001.000000000000000000,0.000000000000000000,1.000000000000000000,0.000000000000000000,0.000000000000000000,0.000000000000000000
0.020000000000000000,4,0.033333277777870370,19.000000000000002526,0.000122399291224872,600001.000000000000000000,0.000000000000000000,1.000000000000000000,0.000000000000000000,0.000000000000000000,0.000000000000000000
0.020000000000000000,5,0.033333277777870370,19.000000000000002526,0.000122399291224872,600001.000000000000000000,0.000000000000000000,1.000000000000000000,0.000000000000000000,0.000000000000000000,0.000000000000000000
0.020000000000000000,6,0.033333277777870370,19.000000000000002526,0.000122399291224872,600001.000000000000000000,0.000000000000000000,1.000000000000000000,0.000000000000000000,0.000000000000000000,0.000000000000000000
0.020000000000000000,7,0.033333277777870370,19.000000000000002526,0.000122399291224872,600001.000000000000000000,0.000000000000000000,1.000000000000000000,0.000000000000000000,0.000000000000000000,0.000000000000000000
0.020000000000000000,8,0.033333277777870370,19.000000000000002526,0.000122399291224872,600001.000000000000000000,0.000000000000000000,1.000000000000000000,0.000000000000000000,0.000000000000000000,0.000000000000000000
0.020000000000000000,9,0.033333277777870370,19.000000000000002526,0.000122399291224872,600001.000000000000000000,0.000000000000000000,1.000000000000000000,0.000000000000000000,0.000000000000000000,0.000000000000000000
0.020000000000000000,10,0.033333277777870370,19.000000000000002526,0.000122399291224872,600001.000000000000000000,0.000000000000000000,1.000000000000000000,0.000000000000000000,0.000000000000000000,0.000000000000000000
0.020000000000000000,11,0.033333277777870370,19.000000000000002526,0.000122399291224872,600001.000000000000000000,0.000000000000000000,1.000000000000000000,0.000000000000000000,0.000000000000000000,0.000000000000000000
0.020000000000000000,12,0.033333277777870370,19.000000000000002526,0.000122399291224872,600001.000000000000000000,0.000000000000000000,1.000000000000000000,0.000000000000000000,0.000000000000000000,0.000000000000000000
0.030000000000000000,0,0.029999999999999999,19.000000000000000000,0.001578947368421052,1000000.000000000000000000,0.000000000000000000,400000.000000000000000000,0.000000000000000000,0.000000000000000000,0.000000000000000000
0.030000000000000000,1,0.049999916666805555,19.000000000000002526,0.000183598936837308,600001.000000000000000000,0.000000000000000000,1.000000000000000000,7599981.000000000000000000,1395.348431583740891148,11999.969999999999600001
0.030000000000000000,2,0.049999916666805555,19.000000000000002526,0.000183598936837308,600001.000000000000000000,0.000000000000000000,1.000000000000000000,0.000000000000000000,0.000000000000000000,0.000000000000000000
0.030000000000000000,3,0.049999916666805555,19.000000000000002526,0.000183598936837308,600001.000000000000000000,0.000000000000000000,1.000000000000000000,0.000000000000000000,0.000000000000000000,0.000000000000000000
0.030000000000000000,4,0.049999916666805555,19.000000000000002526,0.000183598936837308,600001.000000000000000000,0.000000000000000000,1.000000000000000000,0.000000000000000000,0.000000000000000000,0.000000000000000000
0.030000000000000000,5,0.049999916666805555,19.000000000000002526,0.000183598936837308,600001.000000000000000000,0.000000000000000000,1.000000000000000000,0.000000000000000000,0.000000000000000000,0.000000000000000000
0.030000000000000000,6,0.049999916666805555,19.000000000000002526,0.000183598936837308,600001.000000000000000000,0.000000000000000000,1.000000000000000000,0.000000000000000000,0.000000000000000000,0.000000000000000000
0.030000000000000000,7,0.049999916666805555,19.000000000000002526,0.000183598936837308,600001.000000000000000000,0.000000000000000000,1.000000000000000000,0.000000000000000000,0.000000000000000000,0.000000000000000000
0.030000000000000000,8,0.049999916666805555,19.000000000000002526,0.000183598936837308,600001.000000000000000000,0.000000000000000000,1.000000000000000000,0.000000000000000000,0.000000000000000000,0.000000000000000000
0.030000000000000000,9,0.049999916666805555,19.000000000000002526,0.000183598936837308,600001.000000000000000000,0.000000000000000000,1.000000000000000000,0.000000000000000000,0.000000000000000000,0.000000000000000000
0.030000000000000000,10,0.049999916666805555,19.000000000000002526,0.000183598936837308,600001.000000000000000000,0.000000000000000000,1.000000000000000000,0.000000000000000000,0.000000000000000000,0.000000000000000000
0.030000000000000000,11,0.049999916666805555,19.000000000000002526,0.000183598936837308,600001.000000000000000000,0.000000000000000000,1.000000000000000000,0.000000000000000000,0.000000000000000000,0.000000000000000000
0.030000000000000000,12,0.049999916666805555,19.000000000000002526,0.000183598936837308,600001.000000000000000000,0.000000000000000000,1.000000000000000000,0.000000000000000000,0.000000000000000000,0.000000000000000000
0.040000000000000000,0,0.039999999999999999,19.000000000000000000,0.002105263157894736,1000000.000000000000000000,0.000000000000000000,400000.000000000000000000,0.000000000000000000,0.000000000000000000,0.000000000000000000
0.040000000000000000,1,0.066666555555740740,19.000000000000002526,0.000244798582449744,600001.000000000000000000,0.000000000000000000,1.000000000000000000,7599981.000000000000000000,1860.464575444987854864,15999.959999999999600001
0.040000000000000000,2,0.066666555555740740,19.000000000000002526,0.000244798582449744,600001.000000000000000000,0.000000000000000000,1.000000000000000000,0.000000000000000000,0.000000000000000000,0.000000000000000000
0.040000000000000000,3,0.066666555555740740,19.000000000000002526,0.000244798582449744,600001.000000000000000000,0.000000000000000000,1.000000000000000000,0.000000000000000000,0.000000000000000000,0.000000000000000000
0.040000000000000000,4,0.066666555555740740,19.000000000000002526,0.000244798582449744,600001.000000000000000000,0.000000000000000000,1.000000000000000000,0.000000000000000000,0.000000000000000000,0.000000000000000000
0.040000000000000000,5,0.066666555555740740,19.000000000000002526,0.000244798582449744,600001.000000000000000000,0.000000000000000000,1.000000000000000000,0.000000000000000000,0.000000000000000000,0.000000000000000000
0.040000000000000000,6,0.066666555555740740,19.000000000000002526,0.000244798582449744,600001.000000000000000000,0.000000000000000000,1.000000000000000000,0.000000000000000000,0.000000000000000000,0.000000000000000000
0.040000000000000000,7,0.066666555555740740,19.000000000000002526,0.000244798582449744,600001.000000000000000000,0.000000000000000000,1.000000000000000000,0.000000000000000000,0.000000000000000000,0.000000000000000000
0.040000000000000000,8,0.066666555555740740,19.000000000000002526,0.000244798582449744,600001.000000000000000000,0.000000000000000000,1.000000000000000000,0.000000000000000000,0.000000000000000000,0.000000000000000000
0.040000000000000000,9,0.066666555555740740,19.000000000000002526,0.000244798582449744,600001.000000000000000000,0.000000000000000000,1.000000000000000000,0.000000000000000000,0.000000000000000000,0.000000000000000000
0.040000000000000000,10,0.066666555555740740,19.000000000000002526,0.000244798582449744,600001.000000000000000000,0.000000000000000000,1.000000000000000000,0.000000000000000000,0.000000000000000000,0.000000000000000000
0.040000000000000000,11,0.066666555555740740,19.000000000000002526,0.000244798582449744,600001.000000000000000000,0.000000000000000000,1.000000000000000000,0.000000000000000000,0.000000000000000000,0.000000000000000000
0.040000000000000000,12,0.066666555555740740,19.000000000000002526,0.000244798582449744,600001.000000000000000000,0.000000000000000000,1.000000000000000000,0.000000000000000000,0.000000000000000000,0.000000000000000000
0.050000000000000000,0,0.049999999999999999,19.000000000000000000,0.002631578947368421,1000000.000000000000000000,0.000000000000000000,400000.000000000000000000,0.000000000000000000,0.000000000000000000,0.000000000000000000
0.050000000000000000,1,0.083333194444675925,19.000000000000002526,0.000305998228062180,600001.000000000000000000,0.000000000000000000,1.000000000000000000,7599981.000000000000000000,2325.580719306234818580,19999.949999999999600001
0.050000000000000000,2,0.083333194444675925,19.000000000000002526,0.000305998228062180,600001.000000000000000000,0.000000000000000000,1.000000000000000000,0.000000000000000000,0.000000000000000000,0.000000000000000000
0.050000000000000000,3,0.083333194444675925,19.000000000000002526,0.000305998228062180,600001.000000000000000000,0.000000000000000000,1.000000000000000000,0.000000000000000000,0.000000000000000000,0.000000000000000000
0.050000000000000000,4,0.083333194444675925,19.000000000000002526,0.000305998228062180,600001.000000000000000000,0.000000000000000000,1.000000000000000000,0.000000000000000000,0.000000000000000000,0.000000000000000000
0.050000000000000000,5,0.083333194444675925,19.000000000000002526,0.000305998228062180,600001.000000000000000000,0.000000000000000000,1.000000000000000000,0.000000000000000000,0.000000000000000000,0.000000000000000000
0.050000000000000000,6,0.083333194444675925,19.000000000000002526,0.000305998228062180,600001.000000000000000000,0.000000000000000000,1.000000000000000000,0.000000000000000000,0.000000000000000000,0.000000000000000000
0.050000000000000000,7,0.083333194444675925,19.000000000000002526,0.000305998228062180,600001.000000000000000000,0.000000000000000000,1.000000000000000000,0.000000000000000000,0.000000000000000000,0.000000000000000000
0.050000000000000000,8,0.083333194444675925,19.000000000000002526,0.000305998228062180,600001.000000000000000000,0.000000000000000000,1.000000000000000000,0.000000000000000000,0.000000000000000000,0.000000000000000000
0.050000000000000000,9,0.083333194444675925,19.000000000000002526,0.000305998228062180,600001.000000000000000000,0.000000000000000000,1.000000000000000000,0.000000000000000000,0.000000000000000000,0.000000000000000000
0.050000000000000000,10,0.083333194444675925,19.000000000000002526,0.000305998228062180,600001.000000000000000000,0.000000000000000000,1.000000000000000000,0.000000000000000000,0.000000000000000000,0.000000000000000000
0.050000000000000000,11,0.083333194444675925,19.000000000000002526,0.000305998228062180,600001.000000000000000000,0.000000000000000000,1.000000000000000000,0.000000000000000000,0.000000000000000000,0.000000000000000000
0.050000000000000000,12,0.083333194444675925,19.000000000000002526,0.000305998228062180,600001.000000000000000000,0.000000000000000000,1.000000000000000000,0.000000000000000000,0.000000000000000000,0.000000000000000000
0.060000000000000000,0,0.059999999999999999,19.000000000000000000,0.003157894736842105,1000000.000000000000000000,0.000000000000000000,400000.000000000000000000,0.000000000000000000,0.000000000000000000,0.000000000000000000
0.060000000000000000,1,0.099999833333611110,19.000000000000002526,0.000367197873674616,600001.000000000000000000,0.000000000000000000,1.000000000000000000,7599981.000000000000000000,2790.696863167481782296,23999.939999999999600001
0.060000000000000000,2,0.099999833333611110,19.000000000000002526,0.000367197873674616,600001.000000000000000000,0.000000000000000000,1.000000000000000000,0.000000000000000000,0.000000000000000000,0.000000000000000000
0.060000000000000000,3,0.099999833333611110,19.000000000000002526,0.000367197873674616,600001.000000000000000000,0.000000000000000000,1.000000000000000000,0.000000000000000000,0.000000000000000000,0.000000000000000000
0.060000000000000000,4,0.099999833333611110,19.000000000000002526,0.000367197873674616,600001.000000000000000000,0.000000000000000000,1.000000000000000000,0.000000000000000000,0.000000000000000000,0.000000000000000000
0.060000000000000000,5,0.099999833333611110,19.000000000000002526,0.000367197873674616,600001.000000000000000000,0.000000000000000000,1.000000000000000000,0.000000000000000000,0.000000000000000000,0.000000000000000000
0.060000000000000000,6,0.099999833333611110,19.000000000000002526,0.000367197873674616,600001.000000000000000000,0.000000000000000000,1.000000000000000000,0.000000000000000000,0.000000000000000000,0.000000000000000000
0.060000000000000000,7,0.099999833333611110,19.000000000000002526,0.000367197873674616,600001.000000000000000000,0.000000000000000000,1.000000000000000000,0.000000000000000000,0.000000000000000000,0.000000000000000000
0.060000000000000000,8,0.099999833333611110,19.000000000000002526,0.000367197873674616,600001.000000000000000000,0.000000000000000000,1.000000000000000000,0.000000000000000000,0.000000000000000000,0.000000000000000000
0.060000000000000000,9,0.099999833333611110,19.000000000000002526,0.000367197873674616,600001.000000000000000000,0.000000000000000000,1.000000000000000000,0.000000000000000000,0.000000000000000000,0.000000000000000000
0.060000000000000000,10,0.099999833333611110,19.000000000000002526,0.000367197873674616,600001.000000000000000000,0.000000000000000000,1.000000000000000000,0.000000000000000000,0.000000000000000000,0.000000000000000000
0.060000000000000000,11,0.099999833333611110,19.000000000000002526,0.000367197873674616,600001.000000000000000000,0.000000000000000000,1.000000000000000000,0.000000000000000000,0.000000000000000000,0.000000000000000000
0.060000000000000000,12,0.099999833333611110,19.000000000000002526,0.000367197873674616,600001.000000000000000000,0.000000000000000000,1.000000000000000000,0.000000000000000000,0.000000000000000000,0.000000000000000000
0.070000000000000000,0,0.069999999999999999,19.000000000000000000,0.003684210526315789,1000000.000000000000000000,0.000000000000000000,400000.000000000000000000,0.000000000000000000,0.000000000000000000,0.000000000000000000
0.070000000000000000,1,0.116666472222546295,19.000000000000002526,0.000428397519287052,600001.000000000000000000,0.000000000000000000,1.000000000000000000,7599981.000000000000000000,3255.813007028728746012,27999.929999999999600001
0.070000000000000000,2,0.116666472222546295,19.000000000000002526,0.000428397519287052,600001.000000000000000000,0.000000000000000000,1.000000000000000000,0.000000000000000000,0.000000000000000000,0.000000000000000000
0.070000000000000000,3,0.116666472222546295,19.000000000000002526,0.000428397519287052,600001.000000000000000000,0.000000000000000000,1.000000000000000000,0.000000000000000000,0.000000000000000000,0.000000000000000000
0.070000000000000000,4,0.116666472222546295,19.000000000000002526,0.000428397519287052,600001.000000000000000000,0.000000000000000000,1.000000000000000000,0.000000000000000000,0.000000000000000000,0.000000000000000000
0.070000000000000000,5,0.116666472222546295,19.000000000000002526,0.000428397519287052,600001.000000000000000000,0.000000000000000000,1.000000000000000000,0.000000000000000000,0.000000000000000000,0.000000000000000000
0.070000000000000000,6,0.116666472222546295,19.000000000000002526,0.000428397519287052,600001.000000000000000000,0.000000000000000000,1.000000000000000000,0.000000000000000000,0.000000000000000000,0.000000000000000000
0.070000000000000000,7,0.116666472222546295,19.000000000000002526,0.000428397519287052,600001.000000000000000000,0.000000000000000000,1.000000000000000000,0.000000000000000000,0.000000000000000000,0.000000000000000000
0.070000000000000000,8,0.116666472222546295,19.000000000000002526,0.000428397519287052,600001.000000000000000000,0.000000000000000000,1.000000000000000000,0.000000000000000000,0.000000000000000000,0.000000000000000000
0.070000000000000000,9,0.116666472222546295,19.000000000000002526,0.000428397519287052,600001.000000000000000000,0.000000000000000000,1.000000000000000000,0.000000000000000000,0.000000000000000000,0.000000000000000000
0.070000000000000000,10,0.116666472222546295,19.000000000000002526,0.000428397519287052,600001.000000000000000000,0.000000000000000000,1.000000000000000000,0.000000000000000000,0.000000000000000000,0.000000000000000000
0.070000000000000000,11,0.116666472222546295,19.000000000000002526,0.000428397519287052,600001.000000000000000000,0.000000000000000000,1.000000000000000000,0.000000000000000000,0.000000000000000000,0.000000000000000000
0.070000000000000000,12,0.116666472222546295,19.000000000000002526,0.000428397519287052,600001.000000000000000000,0.000000000000000000,1.000000000000000000,0.000000000000000000,0.000000000000000000,0.000000000000000000
0.080000000000000000,0,0.079999999999999999,19.000000000000000000,0.004210526315789473,1000000.000000000000000000,0.000000000000000000,400000.000000000000000000,0.000000000000000000,0.000000000000000000,0.000000000000000000
0.080000000000000000,1,0.133333111111481480,19.000000000000002526,0.000489597164899489,600001.000000000000000000,0.000000000000000000,1.000000000000000000,7599981.000000000000000000,3720.929150889983309709,31999.919999999999600001
0.080000000000000000,2,0.133333111111481480,19.000000000000002526,0.000489597164899489,600001.000000000000000000,0.000000000000000000,1.000000000000000000,0.000000000000000000,0.000000000000000000,0.000000000000000000
0.080000000000000000,3,0.133333111111481480,19.000000000000002526,0.000489597164899489,600001.000000000000000000,0.000000000000000000,1.000000000000000000,0.000000000000000000,0.000000000000000000,0.000000000000000000
0.080000000000000000,4,0.133333111111481480,19.000000000000002526,0.000489597164899489,600001.000000000000000000,0.000000000000000000,1.000000000000000000,0.000000000000000000,0.000000000000000000,0.000000000000000000
0.080000000000000000,5,0.133333111111481480,19.000000000000002526,0.000489597164899489,600001.000000000000000000,0.000000000000000000,1.000000000000000000,0.000000000000000000,0.000000000000000000,0.000000000000000000
0.080000000000000000,6,0.133333111111481480,19.000000000000002526,0.000489597164899489,600001.000000000000000000,0.000000000000000000,1.000000000000000000,0.000000000000000000,0.000000000000000000,0.000000000000000000
0.080000000000000000,7,0.133333111111481480,19.000000000000002526,0.000489597164899489,600001.000000000000000000,0.000000000000000000,1.000000000000000000,0.000000000000000000,0.000000000000000000,0.000000000000000000
0.080000000000000000,8,0.133333111111481480,19.000000000000002526,0.000489597164899489,600001.000000000000000000,0.000000000000000000,1.000000000000000000,0.000000000000000000,0.000000000000000000,0.000000000000000000
0.080000000000000000,9,0.133333111111481480,19.000000000000002526,0.000489597164899489,600001.000000000000000000,0.000000000000000000,1.000000000000000000,0.000000000000000000,0.000000000000000000,0.000000000000000000
0.080000000000000000,10,0.133333111111481480,19.000000000000002526,0.000489597164899489,600001.000000000000000000,0.000000000000000000,1.000000000000000000,0.000000000000000000,0.000000000000000000,0.000000000000000000
0.080000000000000000,11,0.133333111111481480,19.000000000000002526,0.000489597164899489,600001.000000000000000000,0.000000000000000000,1.000000000000000000,0.000000000000000000,0.000000000000000000,0.000000000000000000
0.080000000000000000,12,0.133333111111481480,19.000000000000002526,0.000489597164899489,600001.000000000000000000,0.000000000000000000,1.000000000000000000,0.000000000000000000,0.000000000000000000,0.000000000000000000
0.090000000000000000,0,0.089999999999999999,19.000000000000000000,0.004736842105263157,1000000.000000000000000000,0.000000000000000000,400000.000000000000000000,0.000000000000000000,0.000000000000000000,0.000000000000000000
0.090000000000000000,1,0.149999750000416665,19.000000000000002526,0.000550796810511925,600001.000000000000000000,0.000000000000000000,1.000000000000000000,7599981.000000000000000000,4186.045294751230273425,35999.909999999999600001
0.090000000000000000,2,0.149999750000416665,19.000000000000002526,0.000550796810511925,600001.000000000000000000,0.000000000000000000,1.000000000000000000,0.000000000000000000,0.000000000000000000,0.000000000000000000
0.090000000000000000,3,0.149999750000416665,19.000000000000002526,0.000550796810511925,600001.000000000000000000,0.000000000000000000,1.000000000000000000,0.000000000000000000,0.000000000000000000,0.000000000000000000
0.090000000000000000,4,0.149999750000416665,19.000000000000002526,0.000550796810511925,600001.000000000000000000,0.000000000000000000,1.000000000000000000,0.000000000000000000,0.000000000000000000,0.000000000000000000
0.090000000000000000,5,0.149999750000416665,19.000000000000002526,0.000550796810511925,600001.000000000000000000,0.000000000000000000,1.000000000000000000,0.000000000000000000,0.000000000000000000,0.000000000000000000
0.090000000000000000,6,0.149999750000416665,19.000000000000002526,0.000550796810511925,600001.000000000000000000,0.000000000000000000,1.000000000000000000,0.000000000000000000,0.000000000000000000,0.000000000000000000
0.090000000000000000,7,0.149999750000416665,19.000000000000002526,0.000550796810511925,600001.000000000000000000,0.000000000000000000,1.000000000000000000,0.000000000000000000,0.000000000000000000,0.000000000000000000
0.090000000000000000,8,0.149999750000416665,19.000000000000002526,0.000550796810511925,600001.000000000000000000,0.000000000000000000,1.000000000000000000,0.000000000000000000,0.000000000000000000,0.000000000000000000
0.090000000000000000,9,0.149999750000416665,19.000000000000002526,0.000550796810511925,600001.000000000000000000,0.000000000000000000,1.000000000000000000,0.000000000000000000,0.000000000000000000,0.000000000000000000
0.090000000000000000,10,0.149999750000416665,19.000000000000002526,0.000550796810511925,600001.000000000000000000,0.000000000000000000,1.000000000000000000,0.000000000000000000,0.000000000000000000,0.000000000000000000
0.090000000000000000,11,0.149999750000416665,19.000000000000002526,0.000550796810511925,600001.000000000000000000,0.000000000000000000,1.000000000000000000,0.000000000000000000,0.000000000000000000,0.000000000000000000
0.090000000000000000,12,0.149999750000416665,19.000000000000002526,0.000550796810511925,600001.000000000000000000,0.000000000000000000,1.000000000000000000,0.000000000000000000,0.000000000000000000,0.000000000000000000
0.100000000000000000,0,0.099999999999999999,19.000000000000000000,0.005263157894736842,1000000.000000000000000000,0.000000000000000000,400000.000000000000000000,0.000000000000000000,0.000000000000000000,0.000000000000000000
0.100000000000000000,1,0.166666388889351851,19.000000000000002526,0.000611996456124361,600001.000000000000000000,0.000000000000000000,1.000000000000000000,7599981.000000000000000000,4651.161438612477237141,39999.899999999999600001
0.100000000000000000,2,0.166666388889351851,19.000000000000002526,0.000611996456124361,600001.000000000000000000,0.000000000000000000,1.000000000000000000,0.000000000000000000,0.000000000000000000,0.000000000000000000
0.100000000000000000,3,0.166666388889351851,19.000000000000002526,0.000611996456124361,600001.000000000000000000,0.000000000000000000,1.000000000000000000,0.000000000000000000,0.000000000000000000,0.000000000000000000
0.100000000000000000,4,0.166666388889351851,19.000000000000002526,0.000611996456124361,600001.000000000000000000,0.000000000000000000,1.000000000000000000,0.000000000000000000,0.000000000000000000,0.000000000000000000
0.100000000000000000,5,0.166666388889351851,19.000000000000002526,0.000611996456124361,600001.000000000000000000,0.000000000000000000,1.000000000000000000,0.000000000000000000,0.000000000000000000,0.000000000000000000
0.100000000000000000,6,0.166666388889351851,19.000000000000002526,0.000611996456124361,600001.000000000000000000,0.000000000000000000,1.000000000000000000,0.000000000000000000,0.000000000000000000,0.000000000000000000
0.100000000000000000,7,0.166666388889351851,19.000000000000002526,0.000611996456124361,600001.000000000000000000,0.000000000000000000,1.000000000000000000,0.000000000000000000,0.000000000000000000,0.000000000000000000
0.100000000000000000,8,0.166666388889351851,19.000000000000002526,0.000611996456124361,600001.000000000000000000,0.000000000000000000,1.000000000000000000,0.000000000000000000,0.000000000000000000,0.000000000000000000
0.100000000000000000,9,0.166666388889351851,19.000000000000002526,0.000611996456124361,600001.000000000000000000,0.000000000000000000,1.000000000000000000,0.000000000000000000,0.000000000000000000,0.000000000000000000
0.100000000000000000,10,0.166666388889351851,19.000000000000002526,0.000611996456124361,600001.000000000000000000,0.000000000000000000,1.000000000000000000,0.000000000000000000,0.000000000000000000,0.000000000000000000
0.100000000000000000,11,0.166666388889351851,19.000000000000002526,0.000611996456124361,600001.000000000000000000,0.000000000000000000,1.000000000000000000,0.000000000000000000,0.000000000000000000,0.000000000000000000
0.100000000000000000,12,0.166666388889351851,19.000000000000002526,0.000611996456124361,600001.000000000000000000,0.000000000000000000,1.000000000000000000,0.000000000000000000,0.000000000000000000,0.000000000000000000
0.110000000000000000,0,0.109999999999999999,19.000000000000000000,0.005789473684210526,1000000.000000000000000000,0.000000000000000000,400000.000000000000000000,0.000000000000000000,0.000000000000000000,0.000000000000000000
0.110000000000000000,1,0.183333027778287036,19.000000000000002526,0.000673196101736797,600001.000000000000000000,0.000000000000000000,1.000000000000000000,7599981.000000000000000000,5116.277582473724200857,43999.889999999999600001
0.110000000000000000,2,0.183333027778287036,19.000000000000002526,0.000673196101736797,600001.000000000000000000,0.000000000000000000,1.000000000000000000,0.000000000000000000,0.000000000000000000,0.000000000000000000
0.110000000000000000,3,0.183333027778287036,19.000000000000002526,0.000673196101736797,600001.000000000000000000,0.000000000000000000,1.000000000000000000,0.000000000000000000,0.000000000000000000,0.000000000000000000
0.110000000000000000,4,0.183333027778287036,19.000000000000002526,0.000673196101736797,600001.000000000000000000,0.000000000000000000,1.000000000000000000,0.000000000000000000,0.000000000000000000,0.000000000000000000
0.110000000000000000,5,0.183333027778287036,19.000000000000002526,0.000673196101736797,600001.000000000000000000,0.000000000000000000,1.000000000000000000,0.000000000000000000,0.000000000000000000,0.000000000000000000
0.110000000000000000,6,0.183333027778287036,19.000000000000002526,0.000673196101736797,600001.000000000000000000,0.000000000000000000,1.000000000000000000,0.000000000000000000,0.000000000000000000,0.000000000000000000
0.110000000000000000,7,0.183333027778287036,19.000000000000002526,0.000673196101736797,600001.000000000000000000,0.000000000000000000,1.000000000000000000,0.000000000000000000,0.000000000000000000,0.000000000000000000
0.110000000000000000,8,0.183333027778287036,19.000000000000002526,0.000673196101736797,600001.000000000000000000,0.000000000000000000,1.000000000000000000,0.000000000000000000,0.000000000000000000,0.000000000000000000
0.110000000000000000,9,0.183333027778287036,19.000000000000002526,0.000673196101736797,600001.000000000000000000,0.000000000000000000,1.000000000000000000,0.000000000000000000,0.000000000000000000,0.000000000000000000
0.110000000000000000,10,0.183333027778287036,19.000000000000002526,0.000673196101736797,600001.000000000000000000,0.000000000000000000,1.000000000000000000,0.000000000000000000,0.000000000000000000,0.000000000000000000
0.110000000000000000,11,0.183333027778287036,19.000000000000002526,0.000673196101736797,600001.000000000000000000,0.000000000000000000,1.000000000000000000,0.000000000000000000,0.000000000000000000,0.000000000000000000
0.110000000000000000,12,0.183333027778287036,19.000000000000002526,0.000673196101736797,600001.000000000000000000,0.000000000000000000,1.000000000000000000,0.000000000000000000,0.000000000000000000,0.000000000000000000
0.120000000000000000,0,0.119999999999999999,19.000000000000000000,0.006315789473684210,1000000.000000000000000000,0.000000000000000000,400000.000000000000000000,0.000000000000000000,0.000000000000000000,0.000000000000000000
0.120000000000000000,1,0.199999666667222221,19.000000000000002526,0.000734395747349233,600001.000000000000000000,0.000000000000000000,1.000000000000000000,7599981.000000000000000000,5581.393726334971164573,47999.879999999999600001
0.120000000000000000,2,0.199999666667222221,19.000000000000002526,0.000734395747349233,600001.000000000000000000,0.000000000000000000,1.000000000000000000,0.000000000000000000,0.000000000000000000,0.000000000000000000
0.120000000000000000,3,0.199999666667222221,19.000000000000002526,0.000734395747349233,600001.000000000000000000,0.000000000000000000,1.000000000000000000,0.000000000000000000,0.000000000000000000,0.000000000000000000
0.120000000000000000,4,0.199999666667222221,19.000000000000002526,0.000734395747349233,600001.000000000000000000,0.000000000000000000,1.000000000000000000,0.000000000000000000,0.000000000000000000,0.000000000000000000
0.120000000000000000,5,0.199999666667222221,19.000000000000002526,0.000734395747349233,600001.000000000000000000,0.000000000000000000,1.000000000000000000,0.000000000000000000,0.000000000000000000,0.000000000000000000
0.120000000000000000,6,0.199999666667222221,19.000000000000002526,0.000734395747349233,600001.000000000000000000,0.000000000000000000,1.000000000000000000,0.000000000000000000,0.000000000000000000,0.000000000000000000
0.120000000000000000,7,0.199999666667222221,19.000000000000002526,0.000734395747349233,600001.000000000000000000,0.000000000000000000,1.000000000000000000,0.000000000000000000,0.000000000000000000,0.000000000000000000
0.120000000000000000,8,0.199999666667222221,19.000000000000002526,0.000734395747349233,600001.000000000000000000,0.000000000000000000,1.000000000000000000,0.000000000000000000,0.000000000000000000,0.000000000000000000
0.120000000000000000,9,0.199999666667222221,19.000000000000002526,0.000734395747349233,600001.000000000000000000,0.000000000000000000,1.000000000000000000,0.000000000000000000,0.000000000000000000,0.000000000000000000
0.120000000000000000,10,0.199999666667222221,19.000000000000002526,0.000734395747349233,600001.000000000000000000,0.000000000000000000,1.000000000000000000,0.000000000000000000,0.000000000000000000,0.000000000000000000
0.120000000000000000,11,0.199999666667222221,19.000000000000002526,0.000734395747349233,600001.000000000000000000,0.000000000000000000,1.000000000000000000,0.000000000000000000,0.000000000000000000,0.000000000000000000
0.120000000000000000,12,0.199999666667222221,19.000000000000002526,0.000734395747349233,600001.000000000000000000,0.000000000000000000,1.000000000000000000,0.000000000000000000,0.000000000000000000,0.000000000000000000
0.130000000000000000,0,0.129999999999999999,19.000000000000000000,0.006842105263157894,1000000.000000000000000000,0.000000000000000000,400000.000000000000000000,0.000000000000000000,0.000000000000000000,0.000000000000000000
0.130000000000000000,1,0.216666305556157406,19.000000000000002526,0.000795595392961669,600001.000000000000000000,0.000000000000000000,1.000000000000000000,7599981.000000000000000000,6046.509870196218128289,51999.869999999999600001
0.130000000000000000,2,0.216666305556157406,19.000000000000002526,0.000795595392961669,600001.000000000000000000,0.000000000000000000,1.000000000000000000,0.000000000000000000,0.000000000000000000,0.000000000000000000
0.130000000000000000,3,0.216666305556157406,19.000000000000002526,0.000795595392961669,600001.000000000000000000,0.000000000000000000,1.000000000000000000,0.000000000000000000,0.000000000000000000,0.000000000000000000
0.130000000000000000,4,0.216666305556157406,19.000000000000002526,0.000795595392961669,600001.000000000000000000,0.000000000000000000,1.000000000000000000,0.000000000000000000,0.000000000000000000,0.000000000000000000
0.130000000000000000,5,0.216666305556157406,19.000000000000002526,0.000795595392961669,600001.000000000000000000,0.000000000000000000,1.000000000000000000,0.000000000000000000,0.000000000000000000,0.000000000000000000
0.130000000000000000,6,0.216666305556157406,19.000000000000002526,0.000795595392961669,600001.000000000000000000,0.000000000000000000,1.000000000000000000,0.000000000000000000,0.000000000000000000,0.000000000000000000
0.130000000000000000,7,0.216666305556157406,19.000000000000002526,0.000795595392961669,600001.000000000000000000,0.000000000000000000,1.000000000000000000,0.000000000000000000,0.000000000000000000,0.000000000000000000
0.130000000000000000,8,0.216666305556157406,19.000000000000002526,0.000795595392961669,600001.000000000000000000,0.000000000000000000,1.000000000000000000,0.000000000000000000,0.000000000000000000,0.000000000000000000
0.130000000000000000,9,0.216666305556157406,19.000000000000002526,0.000795595392961669,600001.000000000000000000,0.000000000000000000,1.000000000000000000,0.000000000000000000,0.000000000000000000,0.000000000000000000
0.130000000000000000,10,0.216666305556157406,19.000000000000002526,0.000795595392961669,600001.000000000000000000,0.000000000000000000,1.000000000000000000,0.000000000000000000,0.000000000000000000,0.000000000000000000
0.130000000000000000,11,0.216666305556157406,19.000000000000002526,0.000795595392961669,600001.000000000000000000,0.000000000000000000,1.000000000000000000,0.000000000000000000,0.000000000000000000,0.000000000000000000
0.130000000000000000,12,0.216666305556157406,19.000000000000002526,0.000795595392961669,600001.000000000000000000,0.000000000000000000,1.000000000000000000,0.000000000000000000,0.000000000000000000,0.000000000000000000
0.140000000000000000,0,0.139999999999999999,19.000000000000000000,0.007368421052631578,1000000.000000000000000000,0.000000000000000000,400000.000000000000000000,0.000000000000000000,0.000000000000000000,0.000000000000000000
0.140000000000000000,1,0.233332944445092591,19.000000000000002526,0.000856795038574105,600001.000000000000000000,0.000000000000000000,1.000000000000000000,7599981.000000000000000000,6511.626014057465092005,55999.859999999999600001
0.140000000000000000,2,0.233332944445092591,19.000000000000002526,0.000856795038574105,600001.000000000000000000,0.000000000000000000,1.000000000000000000,0.000000000000000000,0.000000000000000000,0.000000000000000000
0.140000000000000000,3,0.233332944445092591,19.000000000000002526,0.000856795038574105,600001.000000000000000000,0.000000000000000000,1.000000000000000000,0.000000000000000000,0.000000000000000000,0.000000000000000000
0.140000000000000000,4,0.233332944445092591,19.000000000000002526,0.000856795038574105,600001.000000000000000000,0.000000000000000000,1.000000000000000000,0.000000000000000000,0.000000000000000000,0.000000000000000000
0.140000000000000000,5,0.233332944445092591,19.000000000000002526,0.000856795038574105,600001.000000000000000000,0.000000000000000000,1.000000000000000000,0.000000000000000000,0.000000000000000000,0.000000000000000000
0.140000000000000000,6,0.233332944445092591,19.000000000000002526,0.000856795038574105,600001.000000000000000000,0.000000000000000000,1.000000000000000000,0.000000000000000000,0.000000000000000000,0.000000000000000000
0.140000000000000000,7,0.233332944445092591,19.000000000000002526,0.000856795038574105,600001.000000000000000000,0.000000000000000000,1.000000000000000000,0.000000000000000000,0.000000000000000000,0.000000000000000000
0.140000000000000000,8,0.233332944445092591,19.000000000000002526,0.000856795038574105,600001.000000000000000000,0.000000000000000000,1.000000000000000000,0.000000000000000000,0.000000000000000000,0.000000000000000000
0.140000000000000000,9,0.233332944445092591,19.000000000000002526,0.000856795038574105,600001.000000000000000000,0.000000000000000000,1.000000000000000000,0.000000000000000000,0.000000000000000000,0.000000000000000000
0.140000000000000000,10,0.233332944445092591,19.000000000000002526,0.000856795038574105,600001.000000000000000000,0.000000000000000000,1.000000000000000000,0.000000000000000000,0.000000000000000000,0.000000000000000000
0.140000000000000000,11,0.233332944445092591,19.000000000000002526,0.000856795038574105,600001.000000000000000000,0.000000000000000000,1.000000000000000000,0.000000000000000000,0.000000000000000000,0.000000000000000000
0.140000000000000000,12,0.233332944445092591,19.000000000000002526,0.000856795038574105,600001.000000000000000000,0.000000000000000000,1.000000000000000000,0.000000000000000000,0.000000000000000000,0.000000000000000000
0.150000000000000000,0,0.149999999999999999,19.000000000000000000,0.007894736842105263,1000000.000000000000000000,0.000000000000000000,400000.000000000000000000,0.000000000000000000,0.000000000000000000,0.000000000000000000
0.150000000000000000,1,0.249999583334027776,19.000000000000002526,0.000917994684186542,600001.000000000000000000,0.000000000000000000,1.000000000000000000,7599981.000000000000000000,6976.742157918719655702,59999.849999999999600001
0.150000000000000000,2,0.249999583334027776,19.000000000000002526,0.000917994684186542,600001.000000000000000000,0.000000000000000000,1.000000000000000000,0.000000000000000000,0.000000000000000000,0.000000000000000000
0.150000000000000000,3,0.249999583334027776,19.000000000000002526,0.000917994684186542,600001.000000000000000000,0.000000000000000000,1.000000000000000000,0.000000000000000000,0.000000000000000000,0.000000000000000000
0.150000000000000000,4,0.249999583334027776,19.000000000000002526,0.000917994684186542,600001.000000000000000000,0.000000000000000000,1.000000000000000000,0.000000000000000000,0.000000000000000000,0.000000000000000000
0.150000000000000000,5,0.249999583334027776,19.000000000000002526,0.000917994684186542,600001.000000000000000000,0.000000000000000000,1.000000000000000000,0.000000000000000000,0.000000000000000000,0.000000000000000000
0.150000000000000000,6,0.249999583334027776,19.000000000000002526,0.000917994684186542,600001.000000000000000000,0.000000000000000000,1.000000000000000000,0.000000000000000000,0.000000000000000000,0.000000000000000000
0.150000000000000000,7,0.249999583334027776,19.000000000000002526,0.000917994684186542,600001.000000000000000000,0.000000000000000000,1.000000000000000000,0.000000000000000000,0.000000000000000000,0.000000000000000000
0.150000000000000000,8,0.249999583334027776,19.000000000000002526,0.000917994684186542,600001.000000000000000000,0.000000000000000000,1.000000000000000000,0.000000000000000000,0.000000000000000000,0.000000000000000000
0.150000000000000000,9,0.249999583334027776,19.000000000000002526,0.000917994684186542,600001.000000000000000000,0.000000000000000000,1.000000000000000000,0.000000000000000000,0.000000000000000000,0.000000000000000000
0.150000000000000000,10,0.249999583334027776,19.000000000000002526,0.000917994684186542,600001.000000000000000000,0.000000000000000000,1.000000000000000000,0.000000000000000000,0.000000000000000000,0.000000000000000000
0.150000000000000000,11,0.249999583334027776,19.000000000000002526,0.000917994684186542,600001.000000000000000000,0.000000000000000000,1.000000000000000000,0.000000000000000000,0.000000000000000000,0.000000000000000000
0.150000000000000000,12,0.249999583334027776,19.000000000000002526,0.000917994684186542,600001.000000000000000000,0.000000000000000000,1.000000000000000000,0.000000000000000000,0.000000000000000000,0.000000000000000000
0.160000000000000000,0,0.159999999999999999,19.000000000000000000,0.008421052631578947,1000000.000000000000000000,0.000000000000000000,400000.000000000000000000,0.000000000000000000,0.000000000000000000,0.000000000000000000
0.160000000000000000,1,0.266666222222962961,19.000000000000002526,0.000979194329798978,600001.000000000000000000,0.000000000000000000,1.000000000000000000,7599981.000000000000000000,7441.858301779966619418,63999.839999999999600001
0.160000000000000000,2,0.266666222222962961,19.000000000000002526,0.000979194329798978,600001.000000000000000000,0.000000000000000000,1.000000000000000000,0.000000000000000000,0.000000000000000000,0.000000000000000000
0.160000000000000000,3,0.266666222222962961,19.000000000000002526,0.000979194329798978,600001.000000000000000000,0.000000000000000000,1.000000000000000000,0.000000000000000000,0.000000000000000000,0.000000000000000000
0.160000000000000000,4,0.266666222222962961,19.000000000000002526,0.000979194329798978,600001.000000000000000000,0.000000000000000000,1.000000000000000000,0.000000000000000000,0.000000000000000000,0.000000000000000000
0.160000000000000000,5,0.266666222222962961,19.000000000000002526,0.000979194329798978,600001.000000000000000000,0.000000000000000000,1.000000000000000000,0.000000000000000000,0.000000000000000000,0.000000000000000000
0.160000000000000000,6,0.266666222222962961,19.000000000000002526,0.000979194329798978,600001.000000000000000000,0.000000000000000000,1.000000000000000000,0.000000000000000000,0.000000000000000000,0.000000000000000000
0.160000000000000000,7,0.266666222222962961,19.000000000000002526,0.000979194329798978,600001.000000000000000000,0.000000000000000000,1.000000000000000000,0.000000000000000000,0.000000000000000000,0.000000000000000000
0.160000000000000000,8,0.266666222222962961,19.000000000000002526,0.000979194329798978,600001.000000000000000000,0.000000000000000000,1.000000000000000000,0.000000000000000000,0.000000000000000000,0.000000000000000000
0.160000000000000000,9,0.266666222222962961,19.000000000000002526,0.000979194329798978,600001.000000000000000000,0.000000000000000000,1.000000000000000000,0.000000000000000000,0.000000000000000000,0.000000000000000000
0.160000000000000000,10,0.266666222222962961,19.000000000000002526,0.000979194329798978,600001.000000000000000000,0.000000000000000000,1.000000000000000000,0.000000000000000000,0.000000000000000000,0.000000000000000000
0.160000000000000000,11,0.266666222222962961,19.000000000000002526,0.000979194329798978,600001.000000000000000000,0.000000000000000000,1.000000000000000000,0.000000000000000000,0.000000000000000000,0.000000000000000000
0.160000000000000000,12,0.266666222222962961,19.000000000000002526,0.000979194329798978,600001.000000000000000000,0.000000000000000000,1.000000000000000000,0.000000000000000000,0.000000000000000000,0.000000000000000000
0.170000000000000000,0,0.169999999999999999,19.000000000000000000,0.008947368421052631,1000000.000000000000000000,0.000000000000000000,400000.000000000000000000,0.000000000000000000,0.000000000000000000,0.000000000000000000
0.170000000000000000,1,0.283332861111898146,19.000000000000002526,0.001040393975411414,600001.000000000000000000,0.000000000000000000,1.000000000000000000,7599981.000000000000000000,7906.974445641213583134,67999.829999999999600001
0.170000000000000000,2,0.283332861111898146,19.000000000000002526,0.001040393975411414,600001.000000000000000000,0.000000000000000000,1.000000000000000000,0.000000000000000000,0.000000000000000000,0.000000000000000000
0.170000000000000000,3,0.283332861111898146,19.000000000000002526,0.001040393975411414,600001.000000000000000000,0.000000000000000000,1.000000000000000000,0.000000000000000000,0.000000000000000000,0.000000000000000000
0.170000000000000000,4,0.283332861111898146,19.000000000000002526,0.001040393975411414,600001.000000000000000000,0.000000000000000000,1.000000000000000000,0.000000000000000000,0.000000000000000000,0.000000000000000000
0.170000000000000000,5,0.283332861111898146,19.000000000000002526,0.001040393975411414,600001.000000000000000000,0.000000000000000000,1.000000000000000000,0.000000000000000000,0.000000000000000000,0.000000000000000000
0.170000000000000000,6,0.283332861111898146,19.000000000000002526,0.001040393975411414,600001.000000000000000000,0.000000000000000000,1.000000000000000000,0.000000000000000000,0.000000000000000000,0.000000000000000000
0.170000000000000000,7,0.283332861111898146,19.000000000000002526,0.001040393975411414,600001.000000000000000000,0.000000000000000000,1.000000000000000000,0.000000000000000000,0.000000000000000000,0.000000000000000000
0.170000000000000000,8,0.283332861111898146,19.000000000000002526,0.001040393975411414,600001.000000000000000000,0.000000000000000000,1.000000000000000000,0.000000000000000000,0.000000000000000000,0.000000000000000000
0.170000000000000000,9,0.283332861111898146,19.000000000000002526,0.001040393975411414,600001.000000000000000000,0.000000000000000000,1.000000000000000000,0.000000000000000000,0.000000000000000000,0.000000000000000000
0.170000000000000000,10,0.283332861111898146,19.000000000000002526,0.001040393975411414,600001.000000000000000000,0.000000000000000000,1.000000000000000000,0.000000000000000000,0.000000000000000000,0.000000000000000000
0.170000000000000000,11,0.283332861111898146,19.000000000000002526,0.001040393975411414,600001.000000000000000000,0.000000000000000000,1.000000000000000000,0.000000000000000000,0.000000000000000000,0.000000000000000000
0.170000000000000000,12,0.283332861111898146,19.000000000000002526,0.001040393975411414,600001.000000000000000000,0.000000000000000000,1.000000000000000000,0.000000000000000000,0.000000000000000000,0.000000000000000000
0.180000000000000000,0,0.179999999999999999,19.000000000000000000,0.009473684210526315,1000000.000000000000000000,0.000000000000000000,400000.000000000000000000,0.000000000000000000,0.000000000000000000,0.000000000000000000
0.180000000000000000,1,0.299999500000833331,19.000000000000002526,0.001101593621023850,600001.000000000000000000,0.000000000000000000,1.000000000000000000,7599981.000000000000000000,8372.090589502460546850,71999.819999999999600001
0.180000000000000000,2,0.299999500000833331,19.000000000000002526,0.001101593621023850,600001.000000000000000000,0.000000000000000000,1.000000000000000000,0.000000000000000000,0.000000000000000000,0.000000000000000000
0.180000000000000000,3,0.299999500000833331,19.000000000000002526,0.001101593621023850,600001.000000000000000000,0.000000000000000000,1.000000000000000000,0.000000000000000000,0.000000000000000000,0.000000000000000000
0.180000000000000000,4,0.299999500000833331,19.000000000000002526,0.001101593621023850,600001.000000000000000000,0.000000000000000000,1.000000000000000000,0.000000000000000000,0.000000000000000000,0.000000000000000000
0.180000000000000000,5,0.299999500000833331,19.000000000000002526,0.001101593621023850,600001.000000000000000000,0.000000000000000000,1.000000000000000000,0.000000000000000000,0.000000000000000000,0.000000000000000000
0.180000000000000000,6,0.299999500000833331,19.000000000000002526,0.001101593621023850,600001.000000000000000000,0.000000000000000000,1.000000000000000000,0.000000000000000000,0.000000000000000000,0.000000000000000000
0.180000000000000000,7,0.299999500000833331,19.000000000000002526,0.001101593621023850,600001.000000000000000000,0.000000000000000000,1.000000000000000000,0.000000000000000000,0.000000000000000000,0.000000000000000000
0.180000000000000000,8,0.299999500000833331,19.000000000000002526,0.001101593621023850,600001.000000000000000000,0.000000000000000000,1.000000000000000000,0.000000000000000000,0.000000000000000000,0.000000000000000000
0.180000000000000000,9,0.299999500000833331,19.000000000000002526,0.001101593621023850,600001.000000000000000000,0.000000000000000000,1.000000000000000000,0.000000000000000000,0.000000000000000000,0.000000000000000000
0.180000000000000000,10,0.299999500000833331,19.000000000000002526,0.001101593621023850,600001.000000000000000000,0.000000000000000000,1.000000000000000000,0.000000000000000000,0.000000000000000000,0.000000000000000000
0.180000000000000000,11,0.299999500000833331,19.000000000000002526,0.001101593621023850,600001.000000000000000000,0.000000000000000000,1.000000000000000000,0.000000000000000000,0.000000000000000000,0.000000000000000000
0.180000000000000000,12,0.299999500000833331,19.000000000000002526,0.001101593621023850,600001.000000000000000000,0.000000000000000000,1.000000000000000000,0.000000000000000000,0.000000000000000000,0.000000000000000000
0.190000000000000000,0,0.190000000000000000,19.000000000000000000,0.010000000000000000,1000000.000000000000000000,0.000000000000000000,400000.000000000000000000,0.000000000000000000,0.000000000000000000,0.000000000000000000
0.190000000000000000,1,0.316666138889768517,19.000000000000002526,0.001162793266636286,600001.000000000000000000,0.000000000000000000,1.000000000000000000,7599981.000000000000000000,8837.206733363707510566,75999.810000000000000000
0.190000000000000000,2,0.316666138889768517,19.000000000000002526,0.001162793266636286,600001.000000000000000000,0.000000000000000000,1.000000000000000000,0.000000000000000000,0.000000000000000000,0.000000000000000000
0.190000000000000000,3,0.316666138889768517,19.000000000000002526,0.001162793266636286,600001.000000000000000000,0.000000000000000000,1.000000000000000000,0.000000000000000000,0.000000000000000000,0.000000000000000000
0.190000000000000000,4,0.316666138889768517,19.000000000000002526,0.001162793266636286,600001.000000000000000000,0.000000000000000000,1.000000000000000000,0.000000000000000000,0.000000000000000000,0.000000000000000000
0.190000000000000000,5,0.316666138889768517,19.000000000000002526,0.001162793266636286,600001.000000000000000000,0.000000000000000000,1.000000000000000000,0.000000000000000000,0.000000000000000000,0.000000000000000000
0.190000000000000000,6,0.316666138889768517,19.000000000000002526,0.001162793266636286,600001.000000000000000000,0.000000000000000000,1.000000000000000000,0.000000000000000000,0.000000000000000000,0.000000000000000000
0.190000000000000000,7,0.316666138889768517,19.000000000000002526,0.001162793266636286,600001.000000000000000000,0.000000000000000000,1.000000000000000000,0.000000000000000000,0.000000000000000000,0.000000000000000000
0.190000000000000000,8,0.316666138889768517,19.000000000000002526,0.001162793266636286,600001.000000000000000000,0.000000000000000000,1.000000000000000000,0.000000000000000000,0.000000000000000000,0.000000000000000000
0.190000000000000000,9,0.316666138889768517,19.000000000000002526,0.001162793266636286,600001.000000000000000000,0.000000000000000000,1.000000000000000000,0.000000000000000000,0.000000000000000000,0.000000000000000000
0.190000000000000000,10,0.316666138889768517,19.000000000000002526,0.001162793266636286,600001.000000000000000000,0.000000000000000000,1.000000000000000000,0.000000000000000000,0.000000000000000000,0.000000000000000000
0.190000000000000000,11,0.316666138889768517,19.000000000000002526,0.001162793266636286,600001.000000000000000000,0.000000000000000000,1.000000000000000000,0.000000000000000000,0.000000000000000000,0.000000000000000000
0.190000000000000000,12,0.316666138889768517,19.000000000000002526,0.001162793266636286,600001.000000000000000000,0.000000000000000000,1.000000000000000000,0.000000000000000000,0.000000000000000000,0.000000000000000000
0.200000000000000000,0,0.199999999999999999,19.000000000000000000,0.010526315789473684,1000000.000000000000000000,0.000000000000000000,400000.000000000000000000,0.000000000000000000,0.000000000000000000,0.000000000000000000
0.200000000000000000,1,0.333332777778703702,19.000000000000002526,0.001223992912248722,600001.000000000000000000,0.000000000000000000,1.000000000000000000,7599981.000000000000000000,9302.322877224954474282,79999.799999999999600001
0.200000000000000000,2,0.333332777778703702,19.000000000000002526,0.001223992912248722,600001.000000000000000000,0.000000000000000000,1.000000000000000000,0.000000000000000000,0.000000000000000000,0.000000000000000000
0.200000000000000000,3,0.333332777778703702,19.000000000000002526,0.001223992912248722,600001.000000000000000000,0.000000000000000000,1.000000000000000000,0.000000000000000000,0.000000000000000000,0.000000000000000000
0.200000000000000000,4,0.333332777778703702,19.000000000000002526,0.001223992912248722,600001.000000000000000000,0.000000000000000000,1.000000000000000000,0.000000000000000000,0.000000000000000000,0.000000000000000000
0.200000000000000000,5,0.333332777778703702,19.000000000000002526,0.001223992912248722,600001.000000000000000000,0.000000000000000000,1.000000000000000000,0.000000000000000000,0.000000000000000000,0.000000000000000000
0.200000000000000000,6,0.333332777778703702,19.000000000000002526,0.001223992912248722,600001.000000000000000000,0.000000000000000000,1.000000000000000000,0.000000000000000000,0.000000000000000000,0.000000000000000000
0.200000000000000000,7,0.333332777778703702,19.000000000000002526,0.001223992912248722,600001.000000000000000000,0.000000000000000000,1.000000000000000000,0.000000000000000000,0.000000000000000000,0.000000000000000000
0.200000000000000000,8,0.333332777778703702,19.000000000000002526,0.001223992912248722,600001.000000000000000000,0.000000000000000000,1.000000000000000000,0.000000000000000000,0.000000000000000000,0.000000000000000000
0.200000000000000000,9,0.333332777778703702,19.000000000000002526,0.001223992912248722,600001.000000000000000000,0.000000000000000000,1.000000000000000000,0.000000000000000000,0.000000000000000000,0.000000000000000000
0.200000000000000000,10,0.333332777778703702,19.000000000000002526,0.001223992912248722,600001.000000000000000000,0.000000000000000000,1.000000000000000000,0.000000000000000000,0.000000000000000000,0.000000000000000000
0.200000000000000000,11,0.333332777778703702,19.000000000000002526,0.001223992912248722,600001.000000000000000000,0.000000000000000000,1.000000000000000000,0.000000000000000000,0.000000000000000000,0.000000000000000000
0.200000000000000000,12,0.333332777778703702,19.000000000000002526,0.001223992912248722,600001.000000000000000000,0.000000000000000000,1.000000000000000000,0.000000000000000000,0.000000000000000000,0.000000000000000000
0.210000000000000000,0,0.209999999999999999,19.000000000000000000,0.011052631578947368,1000000.000000000000000000,0.000000000000000000,400000.000000000000000000,0.000000000000000000,0.000000000000000000,0.000000000000000000
0.210000000000000000,1,0.349999416667638887,19.000000000000002526,0.001285192557861158,600001.000000000000000000,0.000000000000000000,1.000000000000000000,7599981.000000000000000000,9767.439021086201437998,83999.789999999999600001
0.210000000000000000,2,0.349999416667638887,19.000000000000002526,0.001285192557861158,600001.000000000000000000,0.000000000000000000,1.000000000000000000,0.000000000000000000,0.000000000000000000,0.000000000000000000
0.210000000000000000,3,0.349999416667638887,19.000000000000002526,0.001285192557861158,600001.000000000000000000,0.000000000000000000,1.000000000000000000,0.000000000000000000,0.000000000000000000,0.000000000000000000
0.210000000000000000,4,0.349999416667638887,19.000000000000002526,0.001285192557861158,600001.000000000000000000,0.000000000000000000,1.000000000000000000,0.000000000000000000,0.000000000000000000,0.000000000000000000
0.210000000000000000,5,0.349999416667638887,19.000000000000002526,0.001285192557861158,600001.000000000000000000,0.000000000000000000,1.000000000000000000,0.000000000000000000,0.000000000000000000,0.000000000000000000
0.210000000000000000,6,0.349999416667638887,19.000000000000002526,0.001285192557861158,600001.000000000000000000,0.000000000000000000,1.000000000000000000,0.000000000000000000,0.000000000000000000,0.000000000000000000
0.210000000000000000,7,0.349999416667638887,19.000000000000002526,0.001285192557861158,600001.000000000000000000,0.000000000000000000,1.000000000000000000,0.000000000000000000,0.000000000000000000,0.000000000000000000
0.210000000000000000,8,0.349999416667638887,19.000000000000002526,0.001285192557861158,600001.000000000000000000,0.000000000000000000,1.000000000000000000,0.000000000000000000,0.000000000000000000,0.000000000000000000
0.210000000000000000,9,0.349999416667638887,19.000000000000002526,0.001285192557861158,600001.000000000000000000,0.000000000000000000,1.000000000000000000,0.000000000000000000,0.000000000000000000,0.000000000000000000
0.210000000000000000,10,0.349999416667638887,19.000000000000002526,0.001285192557861158,600001.000000000000000000,0.000000000000000000,1.000000000000000000,0.000000000000000000,0.000000000000000000,0.000000000000000000
0.210000000000000000,11,0.349999416667638887,19.000000000000002526,0.001285192557861158,600001.000000000000000000,0.000000000000000000,1.000000000000000000,0.000000000000000000,0.000000000000000000,0.000000000000000000
0.210000000000000000,12,0.349999416667638887,19.000000000000002526,0.001285192557861158,600001.000000000000000000,0.000000000000000000,1.000000000000000000,0.000000000000000000,0.000000000000000000,0.000000000000000000
0.220000000000000000,0,0.219999999999999999,19.000000000000000000,0.011578947368421052,1000000.000000000000000000,0.000000000000000000,400000.000000000000000000,0.000000000000000000,0.000000000000000000,0.000000000000000000
0.220000000000000000,1,0.366666055556574072,19.000000000000002526,0.001346392203473595,600001.000000000000000000,0.000000000000000000,1.000000000000000000,7599981.000000000000000000,10232.555164947456001695,87999.779999999999600001
0.220000000000000000,2,0.366666055556574072,19.000000000000002526,0.001346392203473595,600001.000000000000000000,0.000000000000000000,1.000000000000000000,0.000000000000000000,0.000000000000000000,0.000000000000000000
0.220000000000000000,3,0.366666055556574072,19.000000000000002526,0.001346392203473595,600001.000000000000000000,0.000000000000000000,1.000000000000000000,0.000000000000000000,0.000000000000000000,0.000000000000000000
0.220000000000000000,4,0.366666055556574072,19.000000000000002526,0.001346392203473595,600001.000000000000000000,0.000000000000000000,1.000000000000000000,0.000000000000000000,0.000000000000000000,0.000000000000000000
0.220000000000000000,5,0.366666055556574072,19.000000000000002526,0.001346392203473595,600001.000000000000000000,0.000000000000000000,1.000000000000000000,0.000000000000000000,0.000000000000000000,0.000000000000000000
0.220000000000000000,6,0.366666055556574072,19.000000000000002526,0.001346392203473595,600001.000000000000000000,0.000000000000000000,1.000000000000000000,0.000000000000000000,0.000000000000000000,0.000000000000000000
0.220000000000000000,7,0.366666055556574072,19.000000000000002526,0.001346392203473595,600001.000000000000000000,0.000000000000000000,1.000000000000000000,0.000000000000000000,0.000000000000000000,0.000000000000000000
0.220000000000000000,8,0.366666055556574072,19.000000000000002526,0.001346392203473595,600001.000000000000000000,0.000000000000000000,1.000000000000000000,0.000000000000000000,0.000000000000000000,0.000000000000000000
0.220000000000000000,9,0.366666055556574072,19.000000000000002526,0.001346392203473595,600001.000000000000000000,0.000000000000000000,1.000000000000000000,0.000000000000000000,0.000000000000000000,0.000000000000000000
0.220000000000000000,10,0.366666055556574072,19.000000000000002526,0.001346392203473595,600001.000000000000000000,0.000000000000000000,1.000000000000000000,0.000000000000000000,0.000000000000000000,0.000000000000000000
0.220000000000000000,11,0.366666055556574072,19.000000000000002526,0.001346392203473595,600001.000000000000000000,0.000000000000000000,1.000000000000000000,0.000000000000000000,0.000000000000000000,0.000000000000000000
0.220000000000000000,12,0.366666055556574072,19.000000000000002526,0.001346392203473595,600001.000000000000000000,0.000000000000000000,1.000000000000000000,0.000000000000000000,0.000000000000000000,0.000000000000000000
0.230000000000000000,0,0.229999999999999999,19.000000000000000000,0.012105263157894736,1000000.000000000000000000,0.000000000000000000,400000.000000000000000000,0.000000000000000000,0.000000000000000000,0.000000000000000000
0.230000000000000000,1,0.383332694445509257,19.000000000000002526,0.001407591849086031,600001.000000000000000000,0.000000000000000000,1.000000000000000000,7599981.000000000000000000,10697.671308808702965411,91999.769999999999600001
0.230000000000000000,2,0.383332694445509257,19.000000000000002526,0.001407591849086031,600001.000000000000000000,0.000000000000000000,1.000000000000000000,0.000000000000000000,0.000000000000000000,0.000000000000000000
0.230000000000000000,3,0.383332694445509257,19.000000000000002526,0.001407591849086031,600001.000000000000000000,0.000000000000000000,1.000000000000000000,0.000000000000000000,0.000000000000000000,0.000000000000000000
0.230000000000000000,4,0.383332694445509257,19.000000000000002526,0.001407591849086031,600001.000000000000000000,0.000000000000000000,1.000000000000000000,0.000000000000000000,0.000000000000000000,0.000000000000000000
0.230000000000000000,5,0.383332694445509257,19.000000000000002526,0.001407591849086031,600001.000000000000000000,0.000000000000000000,1.000000000000000000,0.000000000000000000,0.000000000000000000,0.000000000000000000
0.230000000000000000,6,0.383332694445509257,19.000000000000002526,0.001407591849086031,600001.000000000000000000,0.000000000000000000,1.000000000000000000,0.000000000000000000,0.000000000000000000,0.000000000000000000
0.230000000000000000,7,0.383332694445509257,19.000000000000002526,0.001407591849086031,600001.000000000000000000,0.000000000000000000,1.000000000000000000,0.000000000000000000,0.000000000000000000,0.000000000000000000
0.230000000000000000,8,0.383332694445509257,19.000000000000002526,0.001407591849086031,600001.000000000000000000,0.000000000000000000,1.000000000000000000,0.000000000000000000,0.000000000000000000,0.000000000000000000
0.230000000000000000,9,0.383332694445509257,19.000000000000002526,0.001407591849086031,600001.000000000000000000,0.000000000000000000,1.000000000000000000,0.000000000000000000,0.000000000000000000,0.000000000000000000
0.230000000000000000,10,0.383332694445509257,19.000000000000002526,0.001407591849086031,600001.000000000000000000,0.000000000000000000,1.000000000000000000,0.000000000000000000,0.000000000000000000,0.000000000000000000
0.230000000000000000,11,0.383332694445509257,19.000000000000002526,0.001407591849086031,600001.000000000000000000,0.000000000000000000,1.000000000000000000,0.000000000000000000,0.000000000000000000,0.000000000000000000
0.230000000000000000,12,0.383332694445509257,19.000000000000002526,0.001407591849086031,600001.000000000000000000,0.000000000000000000,1.000000000000000000,0.000000000000000000,0.000000000000000000,0.000000000000000000
0.240000000000000000,0,0.239999999999999999,19.000000000000000000,0.012631578947368421,1000000.000000000000000000,0.000000000000000000,400000.000000000000000000,0.000000000000000000,0.000000000000000000,0.000000000000000000
0.240000000000000000,1,0.399999333334444442,19.000000000000002526,0.001468791494698467,600001.000000000000000000,0.000000000000000000,1.000000000000000000,7599981.000000000000000000,11162.787452669949929127,95999.759999999999600001
0.240000000000000000,2,0.399999333334444442,19.000000000000002526,0.001468791494698467,600001.000000000000000000,0.000000000000000000,1.000000000000000000,0.000000000000000000,0.000000000000000000,0.000000000000000000
0.240000000000000000,3,0.399999333334444442,19.000000000000002526,0.001468791494698467,600001.000000000000000000,0.000000000000000000,1.000000000000000000,0.000000000000000000,0.000000000000000000,0.000000000000000000
0.240000000000000000,4,0.399999333334444442,19.000000000000002526,0.001468791494698467,600001.000000000000000000,0.000000000000000000,1.000000000000000000,0.000000000000000000,0.000000000000000000,0.000000000000000000
0.240000000000000000,5,0.399999333334444442,19.000000000000002526,0.001468791494698467,600001.000000000000000000,0.000000000000000000,1.000000000000000000,0.000000000000000000,0.000000000000000000,0.000000000000000000
0.240000000000000000,6,0.399999333334444442,19.000000000000002526,0.001468791494698467,600001.000000000000000000,0.000000000000000000,1.000000000000000000,0.000000000000000000,0.000000000000000000,0.000000000000000000
0.240000000000000000,7,0.399999333334444442,19.000000000000002526,0.001468791494698467,600001.000000000000000000,0.000000000000000000,1.000000000000000000,0.000000000000000000,0.000000000000000000,0.000000000000000000
0.240000000000000000,8,0.399999333334444442,19.000000000000002526,0.001468791494698467,600001.000000000000000000,0.000000000000000000,1.000000000000000000,0.000000000000000000,0.000000000000000000,0.000000000000000000
0.240000000000000000,9,0.399999333334444442,19.000000000000002526,0.001468791494698467,600001.000000000000000000,0.000000000000000000,1.000000000000000000,0.000000000000000000,0.000000000000000000,0.000000000000000000
0.240000000000000000,10,0.399999333334444442,19.000000000000002526,0.001468791494698467,600001.000000000000000000,0.000000000000000000,1.000000000000000000,0.000000000000000000,0.000000000000000000,0.000000000000000000
0.240000000000000000,11,0.399999333334444442,19.000000000000002526,0.001468791494698467,600001.000000000000000000,0.000000000000000000,1.000000000000000000,0.000000000000000000,0.000000000000000000,0.000000000000000000
0.240000000000000000,12,0.399999333334444442,19.000000000000002526,0.001468791494698467,600001.000000000000000000,0.000000000000000000,1.000000000000000000,0.000000000000000000,0.000000000000000000,0.000000000000000000
0.250000000000000000,0,0.249999999999999999,19.000000000000000000,0.013157894736842105,1000000.000000000000000000,0.000000000000000000,400000.000000000000000000,0.000000000000000000,0.000000000000000000,0.000000000000000000
0.250000000000000000,1,0.416665972223379627,19.000000000000002526,0.001529991140310903,600001.000000000000000000,0.000000000000000000,1.000000000000000000,7599981.000000000000000000,11627.903596531196892843,99999.749999999999600001
0.250000000000000000,2,0.416665972223379627,19.000000000000002526,0.001529991140310903,600001.000000000000000000,0.000000000000000000,1.000000000000000000,0.000000000000000000,0.000000000000000000,0.000000000000000000
0.250000000000000000,3,0.416665972223379627,19.000000000000002526,0.001529991140310903,600001.000000000000000000,0.000000000000000000,1.000000000000000000,0.000000000000000000,0.000000000000000000,0.000000000000000000
0.250000000000000000,4,0.416665972223379627,19.000000000000002526,0.001529991140310903,600001.000000000000000000,0.000000000000000000,1.000000000000000000,0.000000000000000000,0.000000000000000000,0.000000000000000000
0.250000000000000000,5,0.416665972223379627,19.000000000000002526,0.001529991140310903,600001.000000000000000000,0.000000000000000000,1.000000000000000000,0.000000000000000000,0.000000000000000000,0.000000000000000000
0.250000000000000000,6,0.416665972223379627,19.000000000000002526,0.001529991140310903,600001.000000000000000000,0.000000000000000000,1.000000000000000000,0.000000000000000000,0.000000000000000000,0.000000000000000000
0.250000000000000000,7,0.416665972223379627,19.000000000000002526,0.001529991140310903,600001.000000000000000000,0.000000000000000000,1.000000000000000000,0.000000000000000000,0.000000000000000000,0.000000000000000000
0.250000000000000000,8,0.416665972223379627,19.000000000000002526,0.001529991140310903,600001.000000000000000000,0.000000000000000000,1.000000000000000000,0.000000000000000000,0.000000000000000000,0.000000000000000000
0.250000000000000000,9,0.416665972223379627,19.000000000000002526,0.001529991140310903,600001.000000000000000000,0.000000000000000000,1.000000000000000000,0.000000000000000000,0.000000000000000000,0.000000000000000000
0.250000000000000000,10,0.416665972223379627,19.000000000000002526,0.001529991140310903,600001.000000000000000000,0.000000000000000000,1.000000000000000000,0.000000000000000000,0.000000000000000000,0.000000000000000000
0.250000000000000000,11,0.416665972223379627,19.000000000000002526,0.001529991140310903,600001.000000000000000000,0.000000000000000000,1.000000000000000000,0.000000000000000000,0.000000000000000000,0.000000000000000000
0.250000000000000000,12,0.416665972223379627,19.000000000000002526,0.001529991140310903,600001.000000000000000000,0.000000000000000000,1.000000000000000000,0.000000000000000000,0.000000000000000000,0.000000000000000000
0.260000000000000000,0,0.259999999999999999,19.000000000000000000,0.013684210526315789,1000000.000000000000000000,0.000000000000000000,400000.000000000000000000,0.000000000000000000,0.000000000000000000,0.000000000000000000
0.260000000000000000,1,0.433332611112314812,19.000000000000002526,0.001591190785923339,600001.000000000000000000,0.000000000000000000,1.000000000000000000,7599981.000000000000000000,12093.019740392443856559,103999.739999999999600001
0.260000000000000000,2,0.433332611112314812,19.000000000000002526,0.001591190785923339,600001.000000000000000000,0.000000000000000000,1.000000000000000000,0.000000000000000000,0.000000000000000000,0.000000000000000000
0.260000000000000000,3,0.433332611112314812,19.000000000000002526,0.001591190785923339,600001.000000000000000000,0.000000000000000000,1.000000000000000000,0.000000000000000000,0.000000000000000000,0.000000000000000000
0.260000000000000000,4,0.433332611112314812,19.000000000000002526,0.001591190785923339,600001.000000000000000000,0.000000000000000000,1.000000000000000000,0.000000000000000000,0.000000000000000000,0.000000000000000000
0.260000000000000000,5,0.433332611112314812,19.000000000000002526,0.001591190785923339,600001.000000000000000000,0.000000000000000000,1.000000000000000000,0.000000000000000000,0.000000000000000000,0.000000000000000000
0.260000000000000000,6,0.433332611112314812,19.000000000000002526,0.001591190785923339,600001.000000000000000000,0.000000000000000000,1.000000000000000000,0.000000000000000000,0.000000000000000000,0.000000000000000000
0.260000000000000000,7,0.433332611112314812,19.000000000000002526,0.001591190785923339,600001.000000000000000000,0.000000000000000000,1.000000000000000000,0.000000000000000000,0.000000000000000000,0.000000000000000000
0.260000000000000000,8,0.433332611112314812,19.000000000000002526,0.001591190785923339,600001.000000000000000000,0.000000000000000000,1.000000000000000000,0.000000000000000000,0.000000000000000000,0.000000000000000000
0.260000000000000000,9,0.433332611112314812,19.000000000000002526,0.001591190785923339,600001.000000000000000000,0.000000000000000000,1.000000000000000000,0.000000000000000000,0.000000000000000000,0.000000000000000000
0.260000000000000000,10,0.433332611112314812,19.000000000000002526,0.001591190785923339,600001.000000000000000000,0.000000000000000000,1.000000000000000000,0.000000000000000000,0.000000000000000000,0.000000000000000000
0.260000000000000000,11,0.433332611112314812,19.000000000000002526,0.001591190785923339,600001.000000000000000000,0.000000000000000000,1.000000000000000000,0.000000000000000000,0.000000000000000000,0.000000000000000000
0.260000000000000000,12,0.433332611112314812,19.000000000000002526,0.001591190785923339,600001.000000000000000000,0.000000000000000000,1.000000000000000000,0.000000000000000000,0.000000000000000000,0.000000000000000000
0.270000000000000000,0,0.269999999999999999,19.000000000000000000,0.014210526315789473,1000000.000000000000000000,0.000000000000000000,400000.000000000000000000,0.000000000000000000,0.000000000000000000,0.000000000000000000
0.270000000000000000,1,0.449999250001249997,19.000000000000002526,0.001652390431535775,600001.000000000000000000,0.000000000000000000,1.000000000000000000,7599981.000000000000000000,12558.135884253690820275,107999.729999999999600001
0.270000000000000000,2,0.449999250001249997,19.000000000000002526,0.001652390431535775,600001.000000000000000000,0.000000000000000000,1.000000000000000000,0.000000000000000000,0.000000000000000000,0.000000000000000000
0.270000000000000000,3,0.449999250001249997,19.000000000000002526,0.001652390431535775,600001.000000000000000000,0.000000000000000000,1.000000000000000000,0.000000000000000000,0.000000000000000000,0.000000000000000000
0.270000000000000000,4,0.449999250001249997,19.000000000000002526,0.001652390431535775,600001.000000000000000000,0.000000000000000000,1.000000000000000000,0.000000000000000000,0.000000000000000000,0.000000000000000000
0.270000000000000000,5,0.449999250001249997,19.000000000000002526,0.001652390431535775,600001.000000000000000000,0.000000000000000000,1.000000000000000000,0.000000000000000000,0.000000000000000000,0.000000000000000000
0.270000000000000000,6,0.449999250001249997,19.000000000000002526,0.001652390431535775,600001.000000000000000000,0.000000000000000000,1.000000000000000000,0.000000000000000000,0.000000000000000000,0.000000000000000000
0.270000000000000000,7,0.449999250001249997,19.000000000000002526,0.001652390431535775,600001.000000000000000000,0.000000000000000000,1.000000000000000000,0.000000000000000000,0.000000000000000000,0.000000000000000000
0.270000000000000000,8,0.449999250001249997,19.000000000000002526,0.001652390431535775,600001.000000000000000000,0.000000000000000000,1.000000000000000000,0.000000000000000000,0.000000000000000000,0.000000000000000000
0.270000000000000000,9,0.449999250001249997,19.000000000000002526,0.001652390431535775,600001.000000000000000000,0.000000000000000000,1.000000000000000000,0.000000000000000000,0.000000000000000000,0.000000000000000000
0.270000000000000000,10,0.449999250001249997,19.000000000000002526,0.001652390431535775,600001.000000000000000000,0.000000000000000000,1.000000000000000000,0.000000000000000000,0.000000000000000000,0.000000000000000000
0.270000000000000000,11,0.449999250001249997,19.000000000000002526,0.001652390431535775,600001.000000000000000000,0.000000000000000000,1.000000000000000000,0.000000000000000000,0.000000000000000000,0.000000000000000000
0.270000000000000000,12,0.449999250001249997,19.000000000000002526,0.001652390431535775,600001.000000000000000000,0.000000000000000000,1.000000000000000000,0.000000000000000000,0.000000000000000000,0.000000000000000000
0.280000000000000000,0,0.279999999999999999,19.000000000000000000,0.014736842105263157,1000000.000000000000000000,0.000000000000000000,400000.000000000000000000,0.000000000000000000,0.000000000000000000,0.000000000000000000
0.280000000000000000,1,0.466665888890185183,19.000000000000002526,0.001713590077148211,600001.000000000000000000,0.000000000000000000,1.000000000000000000,7599981.000000000000000000,13023.252028114937783991,111999.719999999999600001
0.280000000000000000,2,0.466665888890185183,19.000000000000002526,0.001713590077148211,600001.000000000000000000,0.000000000000000000,1.000000000000000000,0.000000000000000000,0.000000000000000000,0.000000000000000000
0.280000000000000000,3,0.466665888890185183,19.000000000000002526,0.001713590077148211,600001.000000000000000000,0.000000000000000000,1.000000000000000000,0.000000000000000000,0.000000000000000000,0.000000000000000000
0.280000000000000000,4,0.466665888890185183,19.000000000000002526,0.001713590077148211,600001.000000000000000000,0.000000000000000000,1.000000000000000000,0.000000000000000000,0.000000000000000000,0.000000000000000000
0.280000000000000000,5,0.466665888890185183,19.000000000000002526,0.001713590077148211,600001.000000000000000000,0.000000000000000000,1.000000000000000000,0.000000000000000000,0.000000000000000000,0.000000000000000000
0.280000000000000000,6,0.466665888890185183,19.000000000000002526,0.001713590077148211,600001.000000000000000000,0.000000000000000000,1.000000000000000000,0.000000000000000000,0.000000000000000000,0.000000000000000000
0.280000000000000000,7,0.466665888890185183,19.000000000000002526,0.001713590077148211,600001.000000000000000000,0.000000000000000000,1.000000000000000000,0.000000000000000000,0.000000000000000000,0.000000000000000000
0.280000000000000000,8,0.466665888890185183,19.000000000000002526,0.001713590077148211,600001.000000000000000000,0.000000000000000000,1.000000000000000000,0.000000000000000000,0.000000000000000000,0.000000000000000000
0.280000000000000000,9,0.466665888890185183,19.000000000000002526,0.001713590077148211,600001.000000000000000000,0.000000000000000000,1.000000000000000000,0.000000000000000000,0.000000000000000000,0.000000000000000000
0.280000000000000000,10,0.466665888890185183,19.000000000000002526,0.001713590077148211,600001.000000000000000000,0.000000000000000000,1.000000000000000000,0.000000000000000000,0.000000000000000000,0.000000000000000000
0.280000000000000000,11,0.466665888890185183,19.000000000000002526,0.001713590077148211,600001.000000000000000000,0.000000000000000000,1.000000000000000000,0.000000000000000000,0.000000000000000000,0.000000000000000000
0.280000000000000000,12,0.466665888890185183,19.000000000000002526,0.001713590077148211,600001.000000000000000000,0.000000000000000000,1.000000000000000000,0.000000000000000000,0.000000000000000000,0.000000000000000000
0.290000000000000000,0,0.289999999999999999,19.000000000000000000,0.015263157894736842,1000000.000000000000000000,0.000000000000000000,400000.000000000000000000,0.000000000000000000,0.000000000000000000,0.000000000000000000
0.290000000000000000,1,0.483332527779120368,19.000000000000002526,0.001774789722760647,600001.000000000000000000,0.000000000000000000,1.000000000000000000,7599981.000000000000000000,13488.368171976184747707,115999.709999999999600001
0.290000000000000000,2,0.483332527779120368,19.000000000000002526,0.001774789722760647,600001.000000000000000000,0.000000000000000000,1.000000000000000000,0.000000000000000000,0.000000000000000000,0.000000000000000000
0.290000000000000000,3,0.483332527779120368,19.000000000000002526,0.001774789722760647,600001.000000000000000000,0.000000000000000000,1.000000000000000000,0.000000000000000000,0.000000000000000000,0.000000000000000000
0.290000000000000000,4,0.483332527779120368,19.000000000000002526,0.001774789722760647,600001.000000000000000000,0.000000000000000000,1.000000000000000000,0.000000000000000000,0.000000000000000000,0.000000000000000000
0.290000000000000000,5,0.483332527779120368,19.000000000000002526,0.001774789722760647,600001.000000000000000000,0.000000000000000000,1.000000000000000000,0.000000000000000000,0.000000000000000000,0.000000000000000000
0.290000000000000000,6,0.483332527779120368,19.000000000000002526,0.001774789722760647,600001.000000000000000000,0.000000000000000000,1.000000000000000000,0.000000000000000000,0.000000000000000000,0.000000000000000000
0.290000000000000000,7,0.483332527779120368,19.000000000000002526,0.001774789722760647,600001.000000000000000000,0.000000000000000000,1.000000000000000000,0.000000000000000000,0.000000000000000000,0.000000000000000000
0.290000000000000000,8,0.483332527779120368,19.000000000000002526,0.001774789722760647,600001.000000000000000000,0.000000000000000000,1.000000000000000000,0.000000000000000000,0.000000000000000000,0.000000000000000000
0.290000000000000000,9,0.483332527779120368,19.000000000000002526,0.001774789722760647,600001.000000000000000000,0.000000000000000000,1.000000000000000000,0.000000000000000000,0.000000000000000000,0.000000000000000000
0.290000000000000000,10,0.483332527779120368,19.000000000000002526,0.001774789722760647,600001.000000000000000000,0.000000000000000000,1.000000000000000000,0.000000000000000000,0.000000000000000000,0.000000000000000000
0.290000000000000000,11,0.483332527779120368,19.000000000000002526,0.001774789722760647,600001.000000000000000000,0.000000000000000000,1.000000000000000000,0.000000000000000000,0.000000000000000000,0.000000000000000000
0.290000000000000000,12,0.483332527779120368,19.000000000000002526,0.001774789722760647,600001.000000000000000000,0.000000000000000000,1.000000000000000000,0.000000000000000000,0.000000000000000000,0.000000000000000000
0.300000000000000000,0,0.299999999999999999,19.000000000000000000,0.015789473684210526,1000000.000000000000000000,0.000000000000000000,400000.000000000000000000,0.000000000000000000,0.000000000000000000,0.000000000000000000
0.300000000000000000,1,0.499999166668055553,19.000000000000002526,0.001835989368373084,600001.000000000000000000,0.000000000000000000,1.000000000000000000,7599981.000000000000000000,13953.484315837439311404,119999.699999999999600001
0.300000000000000000,2,0.499999166668055553,19.000000000000002526,0.001835989368373084,600001.000000000000000000,0.000000000000000000,1.000000000000000000,0.000000000000000000,0.000000000000000000,0.000000000000000000
0.300000000000000000,3,0.499999166668055553,19.000000000000002526,0.001835989368373084,600001.000000000000000000,0.000000000000000000,1.000000000000000000,0.000000000000000000,0.000000000000000000,0.000000000000000000
0.300000000000000000,4,0.499999166668055553,19.000000000000002526,0.001835989368373084,600001.000000000000000000,0.000000000000000000,1.000000000000000000,0.000000000000000000,0.000000000000000000,0.000000000000000000
0.300000000000000000,5,0.499999166668055553,19.000000000000002526,0.001835989368373084,600001.000000000000000000,0.000000000000000000,1.000000000000000000,0.000000000000000000,0.000000000000000000,0.000000000000000000
0.300000000000000000,6,0.499999166668055553,19.000000000000002526,0.001835989368373084,600001.000000000000000000,0.000000000000000000,1.000000000000000000,0.000000000000000000,0.000000000000000000,0.000000000000000000
0.300000000000000000,7,0.499999166668055553,19.000000000000002526,0.001835989368373084,600001.000000000000000000,0.000000000000000000,1.000000000000000000,0.000000000000000000,0.000000000000000000,0.000000000000000000
0.300000000000000000,8,0.499999166668055553,19.000000000000002526,0.001835989368373084,600001.000000000000000000,0.000000000000000000,1.000000000000000000,0.000000000000000000,0.000000000000000000,0.000000000000000000
0.300000000000000000,9,0.499999166668055553,19.000000000000002526,0.001835989368373084,600001.000000000000000000,0.000000000000000000,1.000000000000000000,0.000000000000000000,0.000000000000000000,0.000000000000000000
0.300000000000000000,10,0.499999166668055553,19.000000000000002526,0.001835989368373084,600001.000000000000000000,0.000000000000000000,1.000000000000000000,0.000000000000000000,0.000000000000000000,0.000000000000000000
0.300000000000000000,11,0.499999166668055553,19.000000000000002526,0.001835989368373084,600001.000000000000000000,0.000000000000000000,1.000000000000000000,0.000000000000000000,0.000000000000000000,0.000000000000000000
0.300000000000000000,12,0.499999166668055553,19.000000000000002526,0.001835989368373084,600001.000000000000000000,0.000000000000000000,1.000000000000000000,0.000000000000000000,0.000000000000000000,0.000000000000000000
0.310000000000000000,0,0.309999999999999999,19.000000000000000000,0.016315789473684210,1000000.000000000000000000,0.000000000000000000,400000.000000000000000000,0.000000000000000000,0.000000000000000000,0.000000000000000000
0.310000000000000000,1,0.516665805556990738,19.000000000000002526,0.001897189013985520,600001.000000000000000000,0.000000000000000000,1.000000000000000000,7599981.000000000000000000,14418.600459698686275120,123999.689999999999600001
0.310000000000000000,2,0.516665805556990738,19.000000000000002526,0.001897189013985520,600001.000000000000000000,0.000000000000000000,1.000000000000000000,0.000000000000000000,0.000000000000000000,0.000000000000000000
0.310000000000000000,3,0.516665805556990738,19.000000000000002526,0.001897189013985520,600001.000000000000000000,0.000000000000000000,1.000000000000000000,0.000000000000000000,0.000000000000000000,0.000000000000000000
0.310000000000000000,4,0.516665805556990738,19.000000000000002526,0.001897189013985520,600001.000000000000000000,0.000000000000000000,1.000000000000000000,0.000000000000000000,0.000000000000000000,0.000000000000000000
0.310000000000000000,5,0.516665805556990738,19.000000000000002526,0.001897189013985520,600001.000000000000000000,0.000000000000000000,1.000000000000000000,0.000000000000000000,0.000000000000000000,0.000000000000000000
0.310000000000000000,6,0.516665805556990738,19.000000000000002526,0.001897189013985520,600001.000000000000000000,0.000000000000000000,1.000000000000000000,0.000000000000000000,0.000000000000000000,0.000000000000000000
0.310000000000000000,7,0.516665805556990738,19.000000000000002526,0.001897189013985520,600001.000000000000000000,0.000000000000000000,1.000000000000000000,0.000000000000000000,0.000000000000000000,0.000000000000000000
0.310000000000000000,8,0.516665805556990738,19.000000000000002526,0.001897189013985520,600001.000000000000000000,0.000000000000000000,1.000000000000000000,0.000000000000000000,0.000000000000000000,0.000000000000000000
0.310000000000000000,9,0.516665805556990738,19.000000000000002526,0.001897189013985520,600001.000000000000000000,0.000000000000000000,1.000000000000000000,0.000000000000000000,0.000000000000000000,0.000000000000000000
0.310000000000000000,10,0.516665805556990738,19.000000000000002526,0.001897189013985520,600001.000000000000000000,0.000000000000000000,1.000000000000000000,0.000000000000000000,0.000000000000000000,0.000000000000000000
0.310000000000000000,11,0.516665805556990738,19.000000000000002526,0.001897189013985520,600001.000000000000000000,0.000000000000000000,1.000000000000000000,0.000000000000000000,0.000000000000000000,0.000000000000000000
0.310000000000000000,12,0.516665805556990738,19.000000000000002526,0.001897189013985520,600001.000000000000000000,0.000000000000000000,1.000000000000000000,0.000000000000000000,0.000000000000000000,0.000000000000000000
0.320000000000000000,0,0.319999999999999999,19.000000000000000000,0.016842105263157894,1000000.000000000000000000,0.000000000000000000,400000.000000000000000000,0.000000000000000000,0.000000000000000000,0.000000000000000000
0.320000000000000000,1,0.533332444445925923,19.000000000000002526,0.001958388659597956,600001.000000000000000000,0.000000000000000000,1.000000000000000000,7599981.000000000000000000,14883.716603559933238836,127999.679999999999600001
0.320000000000000000,2,0.533332444445925923,19.000000000000002526,0.001958388659597956,600001.000000000000000000,0.000000000000000000,1.000000000000000000,0.000000000000000000,0.000000000000000000,0.000000000000000000
0.320000000000000000,3,0.533332444445925923,19.000000000000002526,0.001958388659597956,600001.000000000000000000,0.000000000000000000,1.000000000000000000,0.000000000000000000,0.000000000000000000,0.000000000000000000
0.320000000000000000,4,0.533332444445925923,19.000000000000002526,0.001958388659597956,600001.000000000000000000,0.000000000000000000,1.000000000000000000,0.000000000000000000,0.000000000000000000,0.000000000000000000
0.320000000000000000,5,0.533332444445925923,19.000000000000002526,0.001958388659597956,600001.000000000000000000,0.000000000000000000,1.000000000000000000,0.000000000000000000,0.000000000000000000,0.000000000000000000
0.320000000000000000,6,0.533332444445925923,19.000000000000002526,0.001958388659597956,600001.000000000000000000,0.000000000000000000,1.000000000000000000,0.000000000000000000,0.000000000000000000,0.000000000000000000
0.320000000000000000,7,0.533332444445925923,19.000000000000002526,0.001958388659597956,600001.000000000000000000,0.000000000000000000,1.000000000000000000,0.000000000000000000,0.000000000000000000,0.000000000000000000
0.320000000000000000,8,0.533332444445925923,19.000000000000002526,0.001958388659597956,600001.000000000000000000,0.000000000000000000,1.000000000000000000,0.000000000000000000,0.000000000000000000,0.000000000000000000
0.320000000000000000,9,0.533332444445925923,19.000000000000002526,0.001958388659597956,600001.000000000000000000,0.000000000000000000,1.000000000000000000,0.000000000000000000,0.000000000000000000,0.000000000000000000
0.320000000000000000,10,0.533332444445925923,19.000000000000002526,0.001958388659597956,600001.000000000000000000,0.000000000000000000,1.000000000000000000,0.000000000000000000,0.000000000000000000,0.000000000000000000
0.320000000000000000,11,0.533332444445925923,19.000000000000002526,0.001958388659597956,600001.000000000000000000,0.000000000000000000,1.000000000000000000,0.000000000000000000,0.000000000000000000,0.000000000000000000
0.320000000000000000,12,0.533332444445925923,19.000000000000002526,0.001958388659597956,600001.000000000000000000,0.000000000000000000,1.000000000000000000,0.000000000000000000,0.000000000000000000,0.000000000000000000
0.330000000000000000,0,0.329999999999999999,19.000000000000000000,0.017368421052631578,1000000.000000000000000000,0.000000000000000000,400000.000000000000000000,0.000000000000000000,0.000000000000000000,0.000000000000000000
0.330000000000000000,1,0.549999083334861108,19.000000000000002526,0.002019588305210392,600001.000000000000000000,0.000000000000000000,1.000000000000000000,7599981.000000000000000000,15348.832747421180202552,131999.669999999999600001
0.330000000000000000,2,0.549999083334861108,19.000000000000002526,0.002019588305210392,600001.000000000000000000,0.000000000000000000,1.000000000000000000,0.000000000000000000,0.000000000000000000,0.000000000000000000
0.330000000000000000,3,0.549999083334861108,19.000000000000002526,0.002019588305210392,600001.000000000000000000,0.000000000000000000,1.000000000000000000,0.000000000000000000,0.000000000000000000,0.000000000000000000
0.330000000000000000,4,0.549999083334861108,19.000000000000002526,0.002019588305210392,600001.000000000000000000,0.000000000000000000,1.000000000000000000,0.000000000000000000,0.000000000000000000,0.000000000000000000
0.330000000000000000,5,0.549999083334861108,19.000000000000002526,0.002019588305210392,600001.000000000000000000,0.000000000000000000,1.000000000000000000,0.000000000000000000,0.000000000000000000,0.000000000000000000
0.330000000000000000,6,0.549999083334861108,19.000000000000002526,0.002019588305210392,600001.000000000000000000,0.000000000000000000,1.000000000000000000,0.000000000000000000,0.000000000000000000,0.000000000000000000
0.330000000000000000,7,0.549999083334861108,19.000000000000002526,0.002019588305210392,600001.000000000000000000,0.000000000000000000,1.000000000000000000,0.000000000000000000,0.000000000000000000,0.000000000000000000
0.330000000000000000,8,0.549999083334861108,19.000000000000002526,0.002019588305210392,600001.000000000000000000,0.000000000000000000,1.000000000000000000,0.000000000000000000,0.000000000000000000,0.000000000000000000
0.330000000000000000,9,0.549999083334861108,19.000000000000002526,0.002019588305210392,600001.000000000000000000,0.000000000000000000,1.000000000000000000,0.000000000000000000,0.000000000000000000,0.000000000000000000
0.330000000000000000,10,0.549999083334861108,19.000000000000002526,0.002019588305210392,600001.000000000000000000,0.000000000000000000,1.000000000000000000,0.000000000000000000,0.000000000000000000,0.000000000000000000
0.330000000000000000,11,0.549999083334861108,19.000000000000002526,0.002019588305210392,600001.000000000000000000,0.000000000000000000,1.000000000000000000,0.000000000000000000,0.000000000000000000,0.000000000000000000
0.330000000000000000,12,0.549999083334861108,19.000000000000002526,0.002019588305210392,600001.000000000000000000,0.000000000000000000,1.000000000000000000,0.000000000000000000,0.000000000000000000,0.000000000000000000
0.340000000000000000,0,0.339999999999999999,19.000000000000000000,0.017894736842105263,1000000.000000000000000000,0.000000000000000000,400000.000000000000000000,0.000000000000000000,0.000000000000000000,0.000000000000000000
0.340000000000000000,1,0.566665722223796293,19.000000000000002526,0.002080787950822828,600001.000000000000000000,0.000000000000000000,1.000000000000000000,7599981.000000000000000000,15813.948891282427166268,135999.659999999999600001
0.340000000000000000,2,0.566665722223796293,19.000000000000002526,0.002080787950822828,600001.000000000000000000,0.000000000000000000,1.000000000000000000,0.000000000000000000,0.000000000000000000,0.000000000000000000
0.340000000000000000,3,0.566665722223796293,19.000000000000002526,0.002080787950822828,600001.000000000000000000,0.000000000000000000,1.000000000000000000,0.000000000000000000,0.000000000000000000,0.000000000000000000
0.340000000000000000,4,0.566665722223796293,19.000000000000002526,0.002080787950822828,600001.000000000000000000,0.000000000000000000,1.000000000000000000,0.000000000000000000,0.000000000000000000,0.000000000000000000
0.340000000000000000,5,0.566665722223796293,19.000000000000002526,0.002080787950822828,600001.000000000000000000,0.000000000000000000,1.000000000000000000,0.000000000000000000,0.000000000000000000,0.000000000000000000
0.340000000000000000,6,0.566665722223796293,19.000000000000002526,0.002080787950822828,600001.000000000000000000,0.000000000000000000,1.000000000000000000,0.000000000000000000,0.000000000000000000,0.000000000000000000
0.340000000000000000,7,0.566665722223796293,19.000000000000002526,0.002080787950822828,600001.000000000000000000,0.000000000000000000,1.000000000000000000,0.000000000000000000,0.000000000000000000,0.000000000000000000
0.340000000000000000,8,0.566665722223796293,19.000000000000002526,0.002080787950822828,600001.000000000000000000,0.000000000000000000,1.000000000000000000,0.000000000000000000,0.000000000000000000,0.000000000000000000
0.340000000000000000,9,0.566665722223796293,19.000000000000002526,0.002080787950822828,600001.000000000000000000,0.000000000000000000,1.000000000000000000,0.000000000000000000,0.000000000000000000,0.000000000000000000
0.340000000000000000,10,0.566665722223796293,19.000000000000002526,0.002080787950822828,600001.000000000000000000,0.000000000000000000,1.000000000000000000,0.000000000000000000,0.000000000000000000,0.000000000000000000
0.340000000000000000,11,0.566665722223796293,19.000000000000002526,0.002080787950822828,600001.000000000000000000,0.000000000000000000,1.000000000000000000,0.000000000000000000,0.000000000000000000,0.000000000000000000
0.340000000000000000,12,0.566665722223796293,19.000000000000002526,0.002080787950822828,600001.000000000000000000,0.000000000000000000,1.000000000000000000,0.000000000000000000,0.000000000000000000,0.000000000000000000
0.350000000000000000,0,0.349999999999999999,19.000000000000000000,0.018421052631578947,1000000.000000000000000000,0.000000000000000000,400000.000000000000000000,0.000000000000000000,0.000000000000000000,0.000000000000000000
0.350000000000000000,1,0.583332361112731478,19.000000000000002526,0.002141987596435264,600001.000000000000000000,0.000000000000000000,1.000000000000000000,7599981.000000000000000000,16279.065035143674129984,139999.649999999999600001
0.350000000000000000,2,0.583332361112731478,19.000000000000002526,0.002141987596435264,600001.000000000000000000,0.000000000000000000,1.000000000000000000,0.000000000000000000,0.000000000000000000,0.000000000000000000
0.350000000000000000,3,0.583332361112731478,19.000000000000002526,0.002141987596435264,600001.000000000000000000,0.000000000000000000,1.000000000000000000,0.000000000000000000,0.000000000000000000,0.000000000000000000
0.350000000000000000,4,0.583332361112731478,19.000000000000002526,0.002141987596435264,600001.000000000000000000,0.000000000000000000,1.000000000000000000,0.000000000000000000,0.000000000000000000,0.000000000000000000
0.350000000000000000,5,0.583332361112731478,19.000000000000002526,0.002141987596435264,600001.000000000000000000,0.000000000000000000,1.000000000000000000,0.000000000000000000,0.000000000000000000,0.000000000000000000
0.350000000000000000,6,0.583332361112731478,19.000000000000002526,0.002141987596435264,600001.000000000000000000,0.000000000000000000,1.000000000000000000,0.000000000000000000,0.000000000000000000,0.000000000000000000
0.350000000000000000,7,0.583332361112731478,19.000000000000002526,0.002141987596435264,600001.000000000000000000,0.000000000000000000,1.000000000000000000,0.000000000000000000,0.000000000000000000,0.000000000000000000
0.350000000000000000,8,0.583332361112731478,19.000000000000002526,0.002141987596435264,600001.000000000000000000,0.000000000000000000,1.000000000000000000,0.000000000000000000,0.000000000000000000,0.000000000000000000
0.350000000000000000,9,0.583332361112731478,19.000000000000002526,0.002141987596435264,600001.000000000000000000,0.000000000000000000,1.000000000000000000,0.000000000000000000,0.000000000000000000,0.000000000000000000
0.350000000000000000,10,0.583332361112731478,19.000000000000002526,0.002141987596435264,600001.000000000000000000,0.000000000000000000,1.000000000000000000,0.000000000000000000,0.000000000000000000,0.000000000000000000
0.350000000000000000,11,0.583332361112731478,19.000000000000002526,0.002141987596435264,600001.000000000000000000,0.000000000000000000,1.000000000000000000,0.000000000000000000,0.000000000000000000,0.000000000000000000
0.350000000000000000,12,0.583332361112731478,19.000000000000002526,0.002141987596435264,600001.000000000000000000,0.000000000000000000,1.000000000000000000,0.000000000000000000,0.000000000000000000,0.000000000000000000
0.360000000000000000,0,0.359999999999999999,19.000000000000000000,0.018947368421052631,1000000.000000000000000000,0.000000000000000000,400000.000000000000000000,0.000000000000000000,0.000000000000000000,0.000000000000000000
0.360000000000000000,1,0.599999000001666663,19.000000000000002526,0.002203187242047700,600001.000000000000000000,0.000000000000000000,1.000000000000000000,7599981.000000000000000000,16744.181179004921093700,143999.639999999999600001
0.360000000000000000,2,0.599999000001666663,19.000000000000002526,0.002203187242047700,600001.000000000000000000,0.000000000000000000,1.000000000000000000,0.000000000000000000,0.000000000000000000,0.000000000000000000
0.360000000000000000,3,0.599999000001666663,19.000000000000002526,0.002203187242047700,600001.000000000000000000,0.000000000000000000,1.000000000000000000,0.000000000000000000,0.000000000000000000,0.000000000000000000
0.360000000000000000,4,0.599999000001666663,19.000000000000002526,0.002203187242047700,600001.000000000000000000,0.000000000000000000,1.000000000000000000,0.000000000000000000,0.000000000000000000,0.000000000000000000
0.360000000000000000,5,0.599999000001666663,19.000000000000002526,0.002203187242047700,600001.000000000000000000,0.000000000000000000,1.000000000000000000,0.000000000000000000,0.000000000000000000,0.000000000000000000
0.360000000000000000,6,0.599999000001666663,19.000000000000002526,0.002203187242047700,600001.000000000000000000,0.000000000000000000,1.000000000000000000,0.000000000000000000,0.000000000000000000,0.000000000000000000
0.360000000000000000,7,0.599999000001666663,19.000000000000002526,0.002203187242047700,600001.000000000000000000,0.000000000000000000,1.000000000000000000,0.000000000000000000,0.000000000000000000,0.000000000000000000
0.360000000000000000,8,0.599999000001666663,19.000000000000002526,0.002203187242047700,600001.000000000000000000,0.000000000000000000,1.000000000000000000,0.000000000000000000,0.000000000000000000,0.000000000000000000
0.360000000000000000,9,0.599999000001666663,19.000000000000002526,0.002203187242047700,600001.000000000000000000,0.000000000000000000,1.000000000000000000,0.000000000000000000,0.000000000000000000,0.000000000000000000
0.360000000000000000,10,0.599999000001666663,19.000000000000002526,0.002203187242047700,600001.000000000000000000,0.000000000000000000,1.000000000000000000,0.000000000000000000,0.000000000000000000,0.000000000000000000
0.360000000000000000,11,0.599999000001666663,19.000000000000002526,0.002203187242047700,600001.000000000000000000,0.000000000000000000,1.000000000000000000,0.000000000000000000,0.000000000000000000,0.000000000000000000
0.360000000000000000,12,0.599999000001666663,19.000000000000002526,0.002203187242047700,600001.000000000000000000,0.000000000000000000,1.000000000000000000,0.000000000000000000,0.000000000000000000,0.000000000000000000
0.370000000000000000,0,0.369999999999999999,19.000000000000000000,0.019473684210526315,1000000.000000000000000000,0.000000000000000000,400000.000000000000000000,0.000000000000000000,0.000000000000000000,0.000000000000000000
0.370000000000000000,1,0.616665638890601848,19.000000000000002526,0.002264386887660137,600001.000000000000000000,0.000000000000000000,1.000000000000000000,7599981.000000000000000000,17209.297322866175657397,147999.629999999999600001
0.370000000000000000,2,0.616665638890601848,19.000000000000002526,0.002264386887660137,600001.000000000000000000,0.000000000000000000,1.000000000000000000,0.000000000000000000,0.000000000000000000,0.000000000000000000
0.370000000000000000,3,0.616665638890601848,19.000000000000002526,0.002264386887660137,600001.000000000000000000,0.000000000000000000,1.000000000000000000,0.000000000000000000,0.000000000000000000,0.000000000000000000
0.370000000000000000,4,0.616665638890601848,19.000000000000002526,0.002264386887660137,600001.000000000000000000,0.000000000000000000,1.000000000000000000,0.000000000000000000,0.000000000000000000,0.000000000000000000
0.370000000000000000,5,0.616665638890601848,19.000000000000002526,0.002264386887660137,600001.000000000000000000,0.000000000000000000,1.000000000000000000,0.000000000000000000,0.000000000000000000,0.000000000000000000
0.370000000000000000,6,0.616665638890601848,19.000000000000002526,0.002264386887660137,600001.000000000000000000,0.000000000000000000,1.000000000000000000,0.000000000000000000,0.000000000000000000,0.000000000000000000
0.370000000000000000,7,0.616665638890601848,19.000000000000002526,0.002264386887660137,600001.000000000000000000,0.000000000000000000,1.000000000000000000,0.000000000000000000,0.000000000000000000,0.000000000000000000
0.370000000000000000,8,0.616665638890601848,19.000000000000002526,0.002264386887660137,600001.000000000000000000,0.000000000000000000,1.000000000000000000,0.000000000000000000,0.000000000000000000,0.000000000000000000
0.370000000000000000,9,0.616665638890601848,19.000000000000002526,0.002264386887660137,600001.000000000000000000,0.000000000000000000,1.000000000000000000,0.000000000000000000,0.000000000000000000,0.000000000000000000
0.370000000000000000,10,0.616665638890601848,19.000000000000002526,0.002264386887660137,600001.000000000000000000,0.000000000000000000,1.000000000000000000,0.000000000000000000,0.000000000000000000,0.000000000000000000
0.370000000000000000,11,0.616665638890601848,19.000000000000002526,0.002264386887660137,600001.000000000000000000,0.000000000000000000,1.000000000000000000,0.000000000000000000,0.000000000000000000,0.000000000000000000
0.370000000000000000,12,0.616665638890601848,19.000000000000002526,0.002264386887660137,600001.000000000000000000,0.000000000000000000,1.000000000000000000,0.000000000000000000,0.000000000000000000,0.000000000000000000
0.380000000000000000,0,0.380000000000000000,19.000000000000000000,0.020000000000000000,1000000.000000000000000000,0.000000000000000000,400000.000000000000000000,0.000000000000000000,0.000000000000000000,0.000000000000000000
0.380000000000000000,1,0.633332277779537034,19.000000000000002526,0.002325586533272573,600001.000000000000000000,0.000000000000000000,1.000000000000000000,7599981.000000000000000000,17674.413466727422621113,151999.620000000000000000
0.380000000000000000,2,0.633332277779537034,19.000000000000002526,0.002325586533272573,600001.000000000000000000,0.000000000000000000,1.000000000000000000,0.000000000000000000,0.000000000000000000,0.000000000000000000
0.380000000000000000,3,0.633332277779537034,19.000000000000002526,0.002325586533272573,600001.000000000000000000,0.000000000000000000,1.000000000000000000,0.000000000000000000,0.000000000000000000,0.000000000000000000
0.380000000000000000,4,0.633332277779537034,19.000000000000002526,0.002325586533272573,600001.000000000000000000,0.000000000000000000,1.000000000000000000,0.000000000000000000,0.000000000000000000,0.000000000000000000
0.380000000000000000,5,0.633332277779537034,19.000000000000002526,0.002325586533272573,600001.000000000000000000,0.000000000000000000,1.000000000000000000,0.000000000000000000,0.000000000000000000,0.000000000000000000
0.380000000000000000,6,0.633332277779537034,19.000000000000002526,0.002325586533272573,600001.000000000000000000,0.000000000000000000,1.000000000000000000,0.000000000000000000,0.000000000000000000,0.000000000000000000
0.380000000000000000,7,0.633332277779537034,19.000000000000002526,0.002325586533272573,600001.000000000000000000,0.000000000000000000,1.000000000000000000,0.000000000000000000,0.000000000000000000,0.000000000000000000
0.380000000000000000,8,0.633332277779537034,19.000000000000002526,0.002325586533272573,600001.000000000000000000,0.000000000000000000,1.000000000000000000,0.000000000000000000,0.000000000000000000,0.000000000000000000
0.380000000000000000,9,0.633332277779537034,19.000000000000002526,0.002325586533272573,600001.000000000000000000,0.000000000000000000,1.000000000000000000,0.000000000000000000,0.000000000000000000,0.000000000000000000
0.380000000000000000,10,0.633332277779537034,19.000000000000002526,0.002325586533272573,600001.000000000000000000,0.000000000000000000,1.000000000000000000,0.000000000000000000,0.000000000000000000,0.000000000000000000
0.380000000000000000,11,0.633332277779537034,19.000000000000002526,0.002325586533272573,600001.000000000000000000,0.000000000000000000,1.000000000000000000,0.000000000000000000,0.000000000000000000,0.000000000000000000
0.380000000000000000,12,0.633332277779537034,19.000000000000002526,0.002325586533272573,600001.000000000000000000,0.000000000000000000,1.000000000000000000,0.000000000000000000,0.000000000000000000,0.000000000000000000
0.390000000000000000,0,0.389999999999999999,19.000000000000000000,0.020526315789473684,1000000.000000000000000000,0.000000000000000000,400000.000000000000000000,0.000000000000000000,0.000000000000000000,0.000000000000000000
0.390000000000000000,1,0.649998916668472219,19.000000000000002526,0.002386786178885009,600001.000000000000000000,0.000000000000000000,1.000000000000000000,7599981.000000000000000000,18139.529610588669584829,155999.609999999999600001
0.390000000000000000,2,0.649998916668472219,19.000000000000002526,0.002386786178885009,600001.000000000000000000,0.000000000000000000,1.000000000000000000,0.000000000000000000,0.000000000000000000,0.000000000000000000
0.390000000000000000,3,0.649998916668472219,19.000000000000002526,0.002386786178885009,600001.000000000000000000,0.000000000000000000,1.000000000000000000,0.000000000000000000,0.000000000000000000,0.000000000000000000
0.390000000000000000,4,0.649998916668472219,19.000000000000002526,0.002386786178885009,600001.000000000000000000,0.000000000000000000,1.000000000000000000,0.000000000000000000,0.000000000000000000,0.000000000000000000
0.390000000000000000,5,0.649998916668472219,19.000000000000002526,0.002386786178885009,600001.000000000000000000,0.000000000000000000,1.000000000000000000,0.000000000000000000,0.000000000000000000,0.000000000000000000
0.390000000000000000,6,0.649998916668472219,19.000000000000002526,0.002386786178885009,600001.000000000000000000,0.000000000000000000,1.000000000000000000,0.000000000000000000,0.000000000000000000,0.000000000000000000
0.390000000000000000,7,0.649998916668472219,19.000000000000002526,0.002386786178885009,600001.000000000000000000,0.000000000000000000,1.000000000000000000,0.000000000000000000,0.000000000000000000,0.000000000000000000
0.390000000000000000,8,0.649998916668472219,19.000000000000002526,0.002386786178885009,600001.000000000000000000,0.000000000000000000,1.000000000000000000,0.000000000000000000,0.000000000000000000,0.000000000000000000
0.390000000000000000,9,0.649998916668472219,19.000000000000002526,0.002386786178885009,600001.000000000000000000,0.000000000000000000,1.000000000000000000,0.000000000000000000,0.000000000000000000,0.000000000000000000
0.390000000000000000,10,0.649998916668472219,19.000000000000002526,0.002386786178885009,600001.000000000000000000,0.000000000000000000,1.000000000000000000,0.000000000000000000,0.000000000000000000,0.000000000000000000
0.390000000000000000,11,0.649998916668472219,19.000000000000002526,0.002386786178885009,600001.000000000000000000,0.000000000000000000,1.000000000000000000,0.000000000000000000,0.000000000000000000,0.000000000000000000
0.390000000000000000,12,0.649998916668472219,19.000000000000002526,0.002386786178885009,600001.000000000000000000,0.000000000000000000,1.000000000000000000,0.000000000000000000,0.000000000000000000,0.000000000000000000
0.400000000000000000,0,0.399999999999999999,19.000000000000000000,0.021052631578947368,1000000.000000000000000000,0.000000000000000000,400000.000000000000000000,0.000000000000000000,0.000000000000000000,0.000000000000000000
0.400000000000000000,1,0.666665555557407404,19.000000000000002526,0.002447985824497445,600001.000000000000000000,0.000000000000000000,1.000000000000000000,7599981.000000000000000000,18604.645754449916548545,159999.599999999999600001
0.400000000000000000,2,0.666665555557407404,19.000000000000002526,0.002447985824497445,600001.000000000000000000,0.000000000000000000,1.000000000000000000,0.000000000000000000,0.000000000000000000,0.000000000000000000
0.400000000000000000,3,0.666665555557407404,19.000000000000002526,0.002447985824497445,600001.000000000000000000,0.000000000000000000,1.000000000000000000,0.000000000000000000,0.000000000000000000,0.000000000000000000
0.400000000000000000,4,0.666665555557407404,19.000000000000002526,0.002447985824497445,600001.000000000000000000,0.000000000000000000,1.000000000000000000,0.000000000000000000,0.000000000000000000,0.000000000000000000
0.400000000000000000,5,0.666665555557407404,19.000000000000002526,0.002447985824497445,600001.000000000000000000,0.000000000000000000,1.000000000000000000,0.000000000000000000,0.000000000000000000,0.000000000000000000
0.400000000000000000,6,0.666665555557407404,19.000000000000002526,0.002447985824497445,600001.000000000000000000,0.000000000000000000,1.000000000000000000,0.000000000000000000,0.000000000000000000,0.000000000000000000
0.400000000000000000,7,0.666665555557407404,19.000000000000002526,0.002447985824497445,600001.000000000000000000,0.000000000000000000,1.000000000000000000,0.000000000000000000,0.000000000000000000,0.000000000000000000
0.400000000000000000,8,0.666665555557407404,19.000000000000002526,0.002447985824497445,600001.000000000000000000,0.000000000000000000,1.000000000000000000,0.000000000000000000,0.000000000000000000,0.000000000000000000
0.400000000000000000,9,0.666665555557407404,19.000000000000002526,0.002447985824497445,600001.000000000000000000,0.000000000000000000,1.000000000000000000,0.000000000000000000,0.000000000000000000,0.000000000000000000
0.400000000000000000,10,0.666665555557407404,19.000000000000002526,0.002447985824497445,600001.000000000000000000,0.000000000000000000,1.000000000000000000,0.000000000000000000,0.000000000000000000,0.000000000000000000
0.400000000000000000,11,0.666665555557407404,19.000000000000002526,0.002447985824497445,600001.000000000000000000,0.000000000000000000,1.000000000000000000,0.000000000000000000,0.000000000000000000,0.000000000000000000
0.400000000000000000,12,0.666665555557407404,19.000000000000002526,0.002447985824497445,600001.000000000000000000,0.000000000000000000,1.000000000000000000,0.000000000000000000,0.000000000000000000,0.000000000000000000
0.410000000000000000,0,0.409999999999999999,19.000000000000000000,0.021578947368421052,1000000.000000000000000000,0.000000000000000000,400000.000000000000000000,0.000000000000000000,0.000000000000000000,0.000000000000000000
0.410000000000000000,1,0.683332194446342589,19.000000000000002526,0.002509185470109881,600001.000000000000000000,0.000000000000000000,1.000000000000000000,7599981.000000000000000000,19069.761898311163512261,163999.589999999999600001
0.410000000000000000,2,0.683332194446342589,19.000000000000002526,0.002509185470109881,600001.000000000000000000,0.000000000000000000,1.000000000000000000,0.000000000000000000,0.000000000000000000,0.000000000000000000
0.410000000000000000,3,0.683332194446342589,19.000000000000002526,0.002509185470109881,600001.000000000000000000,0.000000000000000000,1.000000000000000000,0.000000000000000000,0.000000000000000000,0.000000000000000000
0.410000000000000000,4,0.683332194446342589,19.000000000000002526,0.002509185470109881,600001.000000000000000000,0.000000000000000000,1.000000000000000000,0.000000000000000000,0.000000000000000000,0.000000000000000000
0.410000000000000000,5,0.683332194446342589,19.000000000000002526,0.002509185470109881,600001.000000000000000000,0.000000000000000000,1.000000000000000000,0.000000000000000000,0.000000000000000000,0.000000000000000000
0.410000000000000000,6,0.683332194446342589,19.000000000000002526,0.002509185470109881,600001.000000000000000000,0.000000000000000000,1.000000000000000000,0.000000000000000000,0.000000000000000000,0.000000000000000000
0.410000000000000000,7,0.683332194446342589,19.000000000000002526,0.002509185470109881,600001.000000000000000000,0.000000000000000000,1.000000000000000000,0.000000000000000000,0.000000000000000000,0.000000000000000000
0.410000000000000000,8,0.683332194446342589,19.000000000000002526,0.002509185470109881,600001.000000000000000000,0.000000000000000000,1.000000000000000000,0.000000000000000000,0.000000000000000000,0.000000000000000000
0.410000000000000000,9,0.683332194446342589,19.000000000000002526,0.002509185470109881,600001.000000000000000000,0.000000000000000000,1.000000000000000000,0.000000000000000000,0.000000000000000000,0.000000000000000000
0.410000000000000000,10,0.683332194446342589,19.000000000000002526,0.002509185470109881,600001.000000000000000000,0.000000000000000000,1.000000000000000000,0.000000000000000000,0.000000000000000000,0.000000000000000000
0.410000000000000000,11,0.683332194446342589,19.000000000000002526,0.002509185470109881,600001.000000000000000000,0.000000000000000000,1.000000000000000000,0.000000000000000000,0.000000000000000000,0.000000000000000000
0.410000000000000000,12,0.683332194446342589,19.000000000000002526,0.002509185470109881,600001.000000000000000000,0.000000000000000000,1.000000000000000000,0.000000000000000000,0.000000000000000000,0.000000000000000000
0.420000000000000000,0,0.419999999999999999,19.000000000000000000,0.022105263157894736,1000000.000000000000000000,0.000000000000000000,400000.000000000000000000,0.000000000000000000,0.000000000000000000,0.000000000000000000
0.420000000000000000,1,0.699998833335277774,19.000000000000002526,0.002570385115722317,600001.000000000000000000,0.000000000000000000,1.000000000000000000,7599981.000000000000000000,19534.878042172410475977,167999.579999999999600001
0.420000000000000000,2,0.699998833335277774,19.000000000000002526,0.002570385115722317,600001.000000000000000000,0.000000000000000000,1.000000000000000000,0.000000000000000000,0.000000000000000000,0.000000000000000000
0.420000000000000000,3,0.699998833335277774,19.000000000000002526,0.002570385115722317,600001.000000000000000000,0.000000000000000000,1.000000000000000000,0.000000000000000000,0.000000000000000000,0.000000000000000000
0.420000000000000000,4,0.699998833335277774,19.000000000000002526,0.002570385115722317,600001.000000000000000000,0.000000000000000000,1.000000000000000000,0.000000000000000000,0.000000000000000000,0.000000000000000000
0.420000000000000000,5,0.699998833335277774,19.000000000000002526,0.002570385115722317,600001.000000000000000000,0.000000000000000000,1.000000000000000000,0.000000000000000000,0.000000000000000000,0.000000000000000000
0.420000000000000000,6,0.699998833335277774,19.000000000000002526,0.002570385115722317,600001.000000000000000000,0.000000000000000000,1.000000000000000000,0.000000000000000000,0.000000000000000000,0.000000000000000000
0.420000000000000000,7,0.699998833335277774,19.000000000000002526,0.002570385115722317,600001.000000000000000000,0.000000000000000000,1.000000000000000000,0.000000000000000000,0.000000000000000000,0.000000000000000000
0.420000000000000000,8,0.699998833335277774,19.000000000000002526,0.002570385115722317,600001.000000000000000000,0.000000000000000000,1.000000000000000000,0.000000000000000000,0.000000000000000000,0.000000000000000000
0.420000000000000000,9,0.699998833335277774,19.000000000000002526,0.002570385115722317,600001.000000000000000000,0.000000000000000000,1.000000000000000000,0.000000000000000000,0.000000000000000000,0.000000000000000000
0.420000000000000000,10,0.699998833335277774,19.000000000000002526,0.002570385115722317,600001.000000000000000000,0.000000000000000000,1.000000000000000000,0.000000000000000000,0.000000000000000000,0.000000000000000000
0.420000000000000000,11,0.699998833335277774,19.000000000000002526,0.002570385115722317,600001.000000000000000000,0.000000000000000000,1.000000000000000000,0.000000000000000000,0.000000000000000000,0.000000000000000000
0.420000000000000000,12,0.699998833335277774,19.000000000000002526,0.002570385115722317,600001.000000000000000000,0.000000000000000000,1.000000000000000000,0.000000000000000000,0.000000000000000000,0.000000000000000000
0.430000000000000000,0,0.429999999999999999,19.000000000000000000,0.022631578947368421,1000000.000000000000000000,0.000000000000000000,400000.000000000000000000,0.000000000000000000,0.000000000000000000,0.000000000000000000
0.430000000000000000,1,0.716665472224212959,19.000000000000002526,0.002631584761334753,600001.000000000000000000,0.000000000000000000,1.000000000000000000,7599981.000000000000000000,19999.994186033657439693,171999.569999999999600001
0.430000000000000000,2,0.716665472224212959,19.000000000000002526,0.002631584761334753,600001.000000000000000000,0.000000000000000000,1.000000000000000000,0.000000000000000000,0.000000000000000000,0.000000000000000000
0.430000000000000000,3,0.716665472224212959,19.000000000000002526,0.002631584761334753,600001.000000000000000000,0.000000000000000000,1.000000000000000000,0.000000000000000000,0.000000000000000000,0.000000000000000000
0.430000000000000000,4,0.716665472224212959,19.000000000000002526,0.002631584761334753,600001.000000000000000000,0.000000000000000000,1.000000000000000000,0.000000000000000000,0.000000000000000000,0.000000000000000000
0.430000000000000000,5,0.716665472224212959,19.000000000000002526,0.002631584761334753,600001.000000000000000000,0.000000000000000000,1.000000000000000000,0.000000000000000000,0.000000000000000000,0.000000000000000000
0.430000000000000000,6,0.716665472224212959,19.000000000000002526,0.002631584761334753,600001.000000000000000000,0.000000000000000000,1.000000000000000000,0.000000000000000000,0.000000000000000000,0.000000000000000000
0.430000000000000000,7,0.716665472224212959,19.000000000000002526,0.002631584761334753,600001.000000000000000000,0.000000000000000000,1.000000000000000000,0.000000000000000000,0.000000000000000000,0.000000000000000000
0.430000000000000000,8,0.716665472224212959,19.000000000000002526,0.002631584761334753,600001.000000000000000000,0.000000000000000000,1.000000000000000000,0.000000000000000000,0.000000000000000000,0.000000000000000000
0.430000000000000000,9,0.716665472224212959,19.000000000000002526,0.002631584761334753,600001.000000000000000000,0.000000000000000000,1.000000000000000000,0.000000000000000000,0.000000000000000000,0.000000000000000000
0.430000000000000000,10,0.716665472224212959,19.000000000000002526,0.002631584761334753,600001.000000000000000000,0.000000000000000000,1.000000000000000000,0.000000000000000000,0.000000000000000000,0.000000000000000000
0.430000000000000000,11,0.716665472224212959,19.000000000000002526,0.002631584761334753,600001.000000000000000000,0.000000000000000000,1.000000000000000000,0.000000000000000000,0.000000000000000000,0.000000000000000000
0.430000000000000000,12,0.716665472224212959,19.000000000000002526,0.002631584761334753,600001.000000000000000000,0.000000000000000000,1.000000000000000000,0.000000000000000000,0.000000000000000000,0.000000000000000000
0.440000000000000000,0,0.439999999999999999,19.000000000000000000,0.023157894736842105,1000000.000000000000000000,0.000000000000000000,400000.000000000000000000,0.000000000000000000,0.000000000000000000,0.000000000000000000
0.440000000000000000,1,0.733332111113148144,19.000000000000002526,0.002692784406947190,600001.000000000000000000,0.000000000000000000,1.000000000000000000,7599981.000000000000000000,20465.110329894912003390,175999.559999999999600001
0.440000000000000000,2,0.733332111113148144,19.000000000000002526,0.002692784406947190,600001.000000000000000000,0.000000000000000000,1.000000000000000000,0.000000000000000000,0.000000000000000000,0.000000000000000000
0.440000000000000000,3,0.733332111113148144,19.000000000000002526,0.002692784406947190,600001.000000000000000000,0.000000000000000000,1.000000000000000000,0.000000000000000000,0.000000000000000000,0.000000000000000000
0.440000000000000000,4,0.733332111113148144,19.000000000000002526,0.002692784406947190,600001.000000000000000000,0.000000000000000000,1.000000000000000000,0.000000000000000000,0.000000000000000000,0.000000000000000000
0.440000000000000000,5,0.733332111113148144,19.000000000000002526,0.002692784406947190,600001.000000000000000000,0.000000000000000000,1.000000000000000000,0.000000000000000000,0.000000000000000000,0.000000000000000000
0.440000000000000000,6,0.733332111113148144,19.000000000000002526,0.002692784406947190,600001.000000000000000000,0.000000000000000000,1.000000000000000000,0.000000000000000000,0.000000000000000000,0.000000000000000000
0.440000000000000000,7,0.733332111113148144,19.000000000000002526,0.002692784406947190,600001.000000000000000000,0.000000000000000000,1.000000000000000000,0.000000000000000000,0.000000000000000000,0.000000000000000000
0.440000000000000000,8,0.733332111113148144,19.000000000000002526,0.002692784406947190,600001.000000000000000000,0.000000000000000000,1.000000000000000000,0.000000000000000000,0.000000000000000000,0.000000000000000000
0.440000000000000000,9,0.733332111113148144,19.000000000000002526,0.002692784406947190,600001.000000000000000000,0.000000000000000000,1.000000000000000000,0.000000000000000000,0.000000000000000000,0.000000000000000000
0.440000000000000000,10,0.733332111113148144,19.000000000000002526,0.002692784406947190,600001.000000000000000000,0.000000000000000000,1.000000000000000000,0.000000000000000000,0.000000000000000000,0.000000000000000000
0.440000000000000000,11,0.733332111113148144,19.000000000000002526,0.002692784406947190,600001.000000000000000000,0.000000000000000000,1.000000000000000000,0.000000000000000000,0.000000000000000000,0.000000000000000000
0.440000000000000000,12,0.733332111113148144,19.000000000000002526,0.002692784406947190,600001.000000000000000000,0.000000000000000000,1.000000000000000000,0.000000000000000000,0.000000000000000000,0.000000000000000000
0.450000000000000000,0,0.449999999999999999,19.000000000000000000,0.023684210526315789,1000000.000000000000000000,0.000000000000000000,400000.000000000000000000,0.000000000000000000,0.000000000000000000,0.000000000000000000
0.450000000000000000,1,0.749998750002083329,19.000000000000002526,0.002753984052559626,600001.000000000000000000,0.000000000000000000,1.000000000000000000,7599981.000000000000000000,20930.226473756158967106,179999.549999999999600001
0.450000000000000000,2,0.749998750002083329,19.000000000000002526,0.002753984052559626,600001.000000000000000000,0.000000000000000000,1.000000000000000000,0.000000000000000000,0.000000000000000000,0.000000000000000000
0.450000000000000000,3,0.749998750002083329,19.000000000000002526,0.002753984052559626,600001.000000000000000000,0.000000000000000000,1.000000000000000000,0.000000000000000000,0.000000000000000000,0.000000000000000000
0.450000000000000000,4,0.749998750002083329,19.000000000000002526,0.002753984052559626,600001.000000000000000000,0.000000000000000000,1.000000000000000000,0.000000000000000000,0.000000000000000000,0.000000000000000000
0.450000000000000000,5,0.749998750002083329,19.000000000000002526,0.002753984052559626,600001.000000000000000000,0.000000000000000000,1.000000000000000000,0.000000000000000000,0.000000000000000000,0.000000000000000000
0.450000000000000000,6,0.749998750002083329,19.000000000000002526,0.002753984052559626,600001.000000000000000000,0.000000000000000000,1.000000000000000000,0.000000000000000000,0.000000000000000000,0.000000000000000000
0.450000000000000000,7,0.749998750002083329,19.000000000000002526,0.002753984052559626,600001.000000000000000000,0.000000000000000000,1.000000000000000000,0.000000000000000000,0.000000000000000000,0.000000000000000000
0.450000000000000000,8,0.749998750002083329,19.000000000000002526,0.002753984052559626,600001.000000000000000000,0.000000000000000000,1.000000000000000000,0.000000000000000000,0.000000000000000000,0.000000000000000000
0.450000000000000000,9,0.749998750002083329,19.000000000000002526,0.002753984052559626,600001.000000000000000000,0.000000000000000000,1.000000000000000000,0.000000000000000000,0.000000000000000000,0.000000000000000000
0.450000000000000000,10,0.749998750002083329,19.000000000000002526,0.002753984052559626,600001.000000000000000000,0.000000000000000000,1.000000000000000000,0.000000000000000000,0.000000000000000000,0.000000000000000000
0.450000000000000000,11,0.749998750002083329,19.000000000000002526,0.002753984052559626,600001.000000000000000000,0.000000000000000000,1.000000000000000000,0.000000000000000000,0.000000000000000000,0.000000000000000000
0.450000000000000000,12,0.749998750002083329,19.000000000000002526,0.002753984052559626,600001.000000000000000000,0.000000000000000000,1.000000000000000000,0.000000000000000000,0.000000000000000000,0.000000000000000000
0.460000000000000000,0,0.459999999999999999,19.000000000000000000,0.024210526315789473,1000000.000000000000000000,0.000000000000000000,400000.000000000000000000,0.000000000000000000,0.000000000000000000,0.000000000000000000
0.460000000000000000,1,0.766665388891018514,19.000000000000002526,0.002815183698172062,600001.000000000000000000,0.000000000000000000,1.000000000000000000,7599981.000000000000000000,21395.342617617405930822,183999.539999999999600001
0.460000000000000000,2,0.766665388891018514,19.000000000000002526,0.002815183698172062,600001.000000000000000000,0.000000000000000000,1.000000000000000000,0.000000000000000000,0.000000000000000000,0.000000000000000000
0.460000000000000000,3,0.766665388891018514,19.000000000000002526,0.002815183698172062,600001.000000000000000000,0.000000000000000000,1.000000000000000000,0.000000000000000000,0.000000000000000000,0.000000000000000000
0.460000000000000000,4,0.766665388891018514,19.000000000000002526,0.002815183698172062,600001.000000000000000000,0.000000000000000000,1.000000000000000000,0.000000000000000000,0.000000000000000000,0.000000000000000000
0.460000000000000000,5,0.766665388891018514,19.000000000000002526,0.002815183698172062,600001.000000000000000000,0.000000000000000000,1.000000000000000000,0.000000000000000000,0.000000000000000000,0.000000000000000000
0.460000000000000000,6,0.766665388891018514,19.000000000000002526,0.002815183698172062,600001.000000000000000000,0.000000000000000000,1.000000000000000000,0.000000000000000000,0.000000000000000000,0.000000000000000000
0.460000000000000000,7,0.766665388891018514,19.000000000000002526,0.002815183698172062,600001.000000000000000000,0.000000000000000000,1.000000000000000000,0.000000000000000000,0.000000000000000000,0.000000000000000000
0.460000000000000000,8,0.766665388891018514,19.000000000000002526,0.002815183698172062,600001.000000000000000000,0.000000000000000000,1.000000000000000000,0.000000000000000000,0.000000000000000000,0.000000000000000000
0.460000000000000000,9,0.766665388891018514,19.000000000000002526,0.002815183698172062,600001.000000000000000000,0.000000000000000000,1.000000000000000000,0.000000000000000000,0.000000000000000000,0.000000000000000000
0.460000000000000000,10,0.766665388891018514,19.000000000000002526,0.002815183698172062,600001.000000000000000000,0.000000000000000000,1.000000000000000000,0.000000000000000000,0.000000000000000000,0.000000000000000000
0.460000000000000000,11,0.766665388891018514,19.000000000000002526,0.002815183698172062,600001.000000000000000000,0.000000000000000000,1.000000000000000000,0.000000000000000000,0.000000000000000000,0.000000000000000000
0.460000000000000000,12,0.766665388891018514,19.000000000000002526,0.002815183698172062,600001.000000000000000000,0.000000000000000000,1.000000000000000000,0.000000000000000000,0.000000000000000000,0.000000000000000000
0.470000000000000000,0,0.469999999999999999,19.000000000000000000,0.024736842105263157,1000000.000000000000000000,0.000000000000000000,400000.000000000000000000,0.000000000000000000,0.000000000000000000,0.000000000000000000
0.470000000000000000,1,0.783332027779953700,19.000000000000002526,0.002876383343784498,600001.000000000000000000,0.000000000000000000,1.000000000000000000,7599981.000000000000000000,21860.458761478652894538,187999.529999999999600001
0.470000000000000000,2,0.783332027779953700,19.000000000000002526,0.002876383343784498,600001.000000000000000000,0.000000000000000000,1.000000000000000000,0.000000000000000000,0.000000000000000000,0.000000000000000000
0.470000000000000000,3,0.783332027779953700,19.000000000000002526,0.002876383343784498,600001.000000000000000000,0.000000000000000000,1.000000000000000000,0.000000000000000000,0.000000000000000000,0.000000000000000000
0.470000000000000000,4,0.783332027779953700,19.000000000000002526,0.002876383343784498,600001.000000000000000000,0.000000000000000000,1.000000000000000000,0.000000000000000000,0.000000000000000000,0.000000000000000000
0.470000000000000000,5,0.783332027779953700,19.000000000000002526,0.002876383343784498,600001.000000000000000000,0.000000000000000000,1.000000000000000000,0.000000000000000000,0.000000000000000000,0.000000000000000000
0.470000000000000000,6,0.783332027779953700,19.000000000000002526,0.002876383343784498,600001.000000000000000000,0.000000000000000000,1.000000000000000000,0.000000000000000000,0.000000000000000000,0.000000000000000000
0.470000000000000000,7,0.783332027779953700,19.000000000000002526,0.002876383343784498,600001.000000000000000000,0.000000000000000000,1.000000000000000000,0.000000000000000000,0.000000000000000000,0.000000000000000000
0.470000000000000000,8,0.783332027779953700,19.000000000000002526,0.002876383343784498,600001.000000000000000000,0.000000000000000000,1.000000000000000000,0.000000000000000000,0.000000000000000000,0.000000000000000000
0.470000000000000000,9,0.783332027779953700,19.000000000000002526,0.002876383343784498,600001.000000000000000000,0.000000000000000000,1.000000000000000000,0.000000000000000000,0.000000000000000000,0.000000000000000000
0.470000000000000000,10,0.783332027779953700,19.000000000000002526,0.002876383343784498,600001.000000000000000000,0.000000000000000000,1.000000000000000000,0.000000000000000000,0.000000000000000000,0.000000000000000000
0.470000000000000000,11,0.783332027779953700,19.000000000000002526,0.002876383343784498,600001.000000000000000000,0.000000000000000000,1.000000000000000000,0.000000000000000000,0.000000000000000000,0.000000000000000000
0.470000000000000000,12,0.783332027779953700,19.000000000000002526,0.002876383343784498,600001.000000000000000000,0.000000000000000000,1.000000000000000000,0.000000000000000000,0.000000000000000000,0.000000000000000000
0.480000000000000000,0,0.479999999999999999,19.000000000000000000,0.025263157894736842,1000000.000000000000000000,0.000000000000000000,400000.000000000000000000,0.000000000000000000,0.000000000000000000,0.000000000000000000
0.480000000000000000,1,0.799998666668888885,19.000000000000002526,0.002937582989396934,600001.000000000000000000,0.000000000000000000,1.000000000000000000,7599981.000000000000000000,22325.574905339899858254,191999.519999999999600001
0.480000000000000000,2,0.799998666668888885,19.000000000000002526,0.002937582989396934,600001.000000000000000000,0.000000000000000000,1.000000000000000000,0.000000000000000000,0.000000000000000000,0.000000000000000000
0.480000000000000000,3,0.799998666668888885,19.000000000000002526,0.002937582989396934,600001.000000000000000000,0.000000000000000000,1.000000000000000000,0.000000000000000000,0.000000000000000000,0.000000000000000000
0.480000000000000000,4,0.799998666668888885,19.000000000000002526,0.002937582989396934,600001.000000000000000000,0.000000000000000000,1.000000000000000000,0.000000000000000000,0.000000000000000000,0.000000000000000000
0.480000000000000000,5,0.799998666668888885,19.000000000000002526,0.002937582989396934,600001.000000000000000000,0.000000000000000000,1.000000000000000000,0.000000000000000000,0.000000000000000000,0.000000000000000000
0.480000000000000000,6,0.799998666668888885,19.000000000000002526,0.002937582989396934,600001.000000000000000000,0.000000000000000000,1.000000000000000000,0.000000000000000000,0.000000000000000000,0.000000000000000000
0.480000000000000000,7,0.799998666668888885,19.000000000000002526,0.002937582989396934,600001.000000000000000000,0.000000000000000000,1.000000000000000000,0.000000000000000000,0.000000000000000000,0.000000000000000000
0.480000000000000000,8,0.799998666668888885,19.000000000000002526,0.002937582989396934,600001.000000000000000000,0.000000000000000000,1.000000000000000000,0.000000000000000000,0.000000000000000000,0.000000000000000000
0.480000000000000000,9,0.799998666668888885,19.000000000000002526,0.002937582989396934,600001.000000000000000000,0.000000000000000000,1.000000000000000000,0.000000000000000000,0.000000000000000000,0.000000000000000000
0.480000000000000000,10,0.799998666668888885,19.000000000000002526,0.002937582989396934,600001.000000000000000000,0.000000000000000000,1.000000000000000000,0.000000000000000000,0.000000000000000000,0.000000000000000000
0.480000000000000000,11,0.799998666668888885,19.000000000000002526,0.002937582989396934,600001.000000000000000000,0.000000000000000000,1.000000000000000000,0.000000000000000000,0.000000000000000000,0.000000000000000000
0.480000000000000000,12,0.799998666668888885,19.000000000000002526,0.002937582989396934,600001.000000000000000000,0.000000000000000000,1.000000000000000000,0.000000000000000000,0.000000000000000000,0.000000000000000000
0.490000000000000000,0,0.489999999999999999,19.000000000000000000,0.025789473684210526,1000000.000000000000000000,0.000000000000000000,400000.000000000000000000,0.000000000000000000,0.000000000000000000,0.000000000000000000
0.490000000000000000,1,0.816665305557824070,19.000000000000002526,0.002998782635009370,600001.000000000000000000,0.000000000000000000,1.000000000000000000,7599981.000000000000000000,22790.691049201146821970,195999.509999999999600001
0.490000000000000000,2,0.816665305557824070,19.000000000000002526,0.002998782635009370,600001.000000000000000000,0.000000000000000000,1.000000000000000000,0.000000000000000000,0.000000000000000000,0.000000000000000000
0.490000000000000000,3,0.816665305557824070,19.000000000000002526,0.002998782635009370,600001.000000000000000000,0.000000000000000000,1.000000000000000000,0.000000000000000000,0.000000000000000000,0.000000000000000000
0.490000000000000000,4,0.816665305557824070,19.000000000000002526,0.002998782635009370,600001.000000000000000000,0.000000000000000000,1.000000000000000000,0.000000000000000000,0.000000000000000000,0.000000000000000000
0.490000000000000000,5,0.816665305557824070,19.000000000000002526,0.002998782635009370,600001.000000000000000000,0.000000000000000000,1.000000000000000000,0.000000000000000000,0.000000000000000000,0.000000000000000000
0.490000000000000000,6,0.816665305557824070,19.000000000000002526,0.002998782635009370,600001.000000000000000000,0.000000000000000000,1.000000000000000000,0.000000000000000000,0.000000000000000000,0.000000000000000000
0.490000000000000000,7,0.816665305557824070,19.000000000000002526,0.002998782635009370,600001.000000000000000000,0.000000000000000000,1.000000000000000000,0.000000000000000000,0.000000000000000000,0.000000000000000000
0.490000000000000000,8,0.816665305557824070,19.000000000000002526,0.002998782635009370,600001.000000000000000000,0.000000000000000000,1.000000000000000000,0.000000000000000000,0.000000000000000000,0.000000000000000000
0.490000000000000000,9,0.816665305557824070,19.000000000000002526,0.002998782635009370,600001.000000000000000000,0.000000000000000000,1.000000000000000000,0.000000000000000000,0.000000000000000000,0.000000000000000000
0.490000000000000000,10,0.816665305557824070,19.000000000000002526,0.002998782635009370,600001.000000000000000000,0.000000000000000000,1.000000000000000000,0.000000000000000000,0.000000000000000000,0.000000000000000000
0.490000000000000000,11,0.816665305557824070,19.000000000000002526,0.002998782635009370,600001.000000000000000000,0.000000000000000000,1.000000000000000000,0.000000000000000000,0.000000000000000000,0.000000000000000000
0.490000000000000000,12,0.816665305557824070,19.000000000000002526,0.002998782635009370,600001.000000000000000000,0.000000000000000000,1.000000000000000000,0.000000000000000000,0.000000000000000000,0.000000000000000000
0.500000000000000000,0,0.499999999999999999,19.000000000000000000,0.026315789473684210,1000000.000000000000000000,0.000000000000000000,400000.000000000000000000,0.000000000000000000,0.000000000000000000,0.000000000000000000
0.500000000000000000,1,0.833331944446759255,19.000000000000002526,0.003059982280621806,600001.000000000000000000,0.000000000000000000,1.000000000000000000,7599981.000000000000000000,23255.807193062393785686,199999.499999999999600001
0.500000000000000000,2,0.833331944446759255,19.000000000000002526,0.003059982280621806,600001.000000000000000000,0.000000000000000000,1.000000000000000000,0.000000000000000000,0.000000000000000000,0.000000000000000000
0.500000000000000000,3,0.833331944446759255,19.000000000000002526,0.003059982280621806,600001.000000000000000000,0.000000000000000000,1.000000000000000000,0.000000000000000000,0.000000000000000000,0.000000000000000000
0.500000000000000000,4,0.833331944446759255,19.000000000000002526,0.003059982280621806,600001.000000000000000000,0.000000000000000000,1.000000000000000000,0.000000000000000000,0.000000000000000000,0.000000000000000000
0.500000000000000000,5,0.833331944446759255,19.000000000000002526,0.003059982280621806,600001.000000000000000000,0.000000000000000000,1.000000000000000000,0.000000000000000000,0.000000000000000000,0.000000000000000000
0.500000000000000000,6,0.833331944446759255,19.000000000000002526,0.003059982280621806,600001.000000000000000000,0.000000000000000000,1.000000000000000000,0.000000000000000000,0.000000000000000000,0.000000000000000000
0.500000000000000000,7,0.833331944446759255,19.000000000000002526,0.003059982280621806,600001.000000000000000000,0.000000000000000000,1.000000000000000000,0.000000000000000000,0.000000000000000000,0.000000000000000000
0.500000000000000000,8,0.833331944446759255,19.000000000000002526,0.003059982280621806,600001.000000000000000000,0.000000000000000000,1.000000000000000000,0.000000000000000000,0.000000000000000000,0.000000000000000000
0.500000000000000000,9,0.833331944446759255,19.000000000000002526,0.003059982280621806,600001.000000000000000000,0.000000000000000000,1.000000000000000000,0.000000000000000000,0.000000000000000000,0.000000000000000000
0.500000000000000000,10,0.833331944446759255,19.000000000000002526,0.003059982280621806,600001.000000000000000000,0.000000000000000000,1.000000000000000000,0.000000000000000000,0.000000000000000000,0.000000000000000000
0.500000000000000000,11,0.833331944446759255,19.000000000000002526,0.003059982280621806,600001.000000000000000000,0.000000000000000000,1.000000000000000000,0.000000000000000000,0.000000000000000000,0.000000000000000000
0.500000000000000000,12,0.833331944446759255,19.000000000000002526,0.003059982280621806,600001.000000000000000000,0.000000000000000000,1.000000000000000000,0.000000000000000000,0.000000000000000000,0.000000000000000000
0.510000000000000000,0,0.509999999999999999,19.000000000000000000,0.026842105263157894,1000000.000000000000000000,0.000000000000000000,400000.000000000000000000,0.000000000000000000,0.000000000000000000,0.000000000000000000
0.510000000000000000,1,0.849998583335694440,19.000000000000002526,0.003121181926234242,600001.000000000000000000,0.000000000000000000,1.000000000000000000,7599981.000000000000000000,23720.923336923640749402,203999.489999999999600001
0.510000000000000000,2,0.849998583335694440,19.000000000000002526,0.003121181926234242,600001.000000000000000000,0.000000000000000000,1.000000000000000000,0.000000000000000000,0.000000000000000000,0.000000000000000000
0.510000000000000000,3,0.849998583335694440,19.000000000000002526,0.003121181926234242,600001.000000000000000000,0.000000000000000000,1.000000000000000000,0.000000000000000000,0.000000000000000000,0.000000000000000000
0.510000000000000000,4,0.849998583335694440,19.000000000000002526,0.003121181926234242,600001.000000000000000000,0.000000000000000000,1.000000000000000000,0.000000000000000000,0.000000000000000000,0.000000000000000000
0.510000000000000000,5,0.849998583335694440,19.000000000000002526,0.003121181926234242,600001.000000000000000000,0.000000000000000000,1.000000000000000000,0.000000000000000000,0.000000000000000000,0.000000000000000000
0.510000000000000000,6,0.849998583335694440,19.000000000000002526,0.003121181926234242,600001.000000000000000000,0.000000000000000000,1.000000000000000000,0.000000000000000000,0.000000000000000000,0.000000000000000000
0.510000000000000000,7,0.849998583335694440,19.000000000000002526,0.003121181926234242,600001.000000000000000000,0.000000000000000000,1.000000000000000000,0.000000000000000000,0.000000000000000000,0.000000000000000000
0.510000000000000000,8,0.849998583335694440,19.000000000000002526,0.003121181926234242,600001.000000000000000000,0.000000000000000000,1.000000000000000000,0.000000000000000000,0.000000000000000000,0.000000000000000000
0.510000000000000000,9,0.849998583335694440,19.000000000000002526,0.003121181926234242,600001.000000000000000000,0.000000000000000000,1.000000000000000000,0.000000000000000000,0.000000000000000000,0.000000000000000000
0.510000000000000000,10,0.849998583335694440,19.000000000000002526,0.003121181926234242,600001.000000000000000000,0.000000000000000000,1.000000000000000000,0.000000000000000000,0.000000000000000000,0.000000000000000000
0.510000000000000000,11,0.849998583335694440,19.000000000000002526,0.003121181926234242,600001.000000000000000000,0.000000000000000000,1.000000000000000000,0.000000000000000000,0.000000000000000000,0.000000000000000000
0.510000000000000000,12,0.849998583335694440,19.000000000000002526,0.003121181926234242,600001.000000000000000000,0.000000000000000000,1.000000000000000000,0.000000000000000000,0.000000000000000000,0.000000000000000000
0.520000000000000000,0,0.519999999999999999,19.000000000000000000,0.027368421052631578,1000000.000000000000000000,0.000000000000000000,400000.000000000000000000,0.000000000000000000,0.000000000000000000,0.000000000000000000
0.520000000000000000,1,0.866665222224629625,19.000000000000002526,0.003182381571846679,600001.000000000000000000,0.000000000000000000,1.000000000000000000,7599981.000000000000000000,24186.039480784895313099,207999.479999999999600001
0.520000000000000000,2,0.866665222224629625,19.000000000000002526,0.003182381571846679,600001.000000000000000000,0.000000000000000000,1.000000000000000000,0.000000000000000000,0.000000000000000000,0.000000000000000000
0.520000000000000000,3,0.866665222224629625,19.000000000000002526,0.003182381571846679,600001.000000000000000000,0.000000000000000000,1.000000000000000000,0.000000000000000000,0.000000000000000000,0.000000000000000000
0.520000000000000000,4,0.866665222224629625,19.000000000000002526,0.003182381571846679,600001.000000000000000000,0.000000000000000000,1.000000000000000000,0.000000000000000000,0.000000000000000000,0.000000000000000000
0.520000000000000000,5,0.866665222224629625,19.000000000000002526,0.003182381571846679,600001.000000000000000000,0.000000000000000000,1.000000000000000000,0.000000000000000000,0.000000000000000000,0.000000000000000000
0.520000000000000000,6,0.866665222224629625,19.000000000000002526,0.003182381571846679,600001.000000000000000000,0.000000000000000000,1.000000000000000000,0.000000000000000000,0.000000000000000000,0.000000000000000000
0.520000000000000000,7,0.866665222224629625,19.000000000000002526,0.003182381571846679,600001.000000000000000000,0.000000000000000000,1.000000000000000000,0.000000000000000000,0.000000000000000000,0.000000000000000000
0.520000000000000000,8,0.866665222224629625,19.000000000000002526,0.003182381571846679,600001.000000000000000000,0.000000000000000000,1.000000000000000000,0.000000000000000000,0.000000000000000000,0.000000000000000000
0.520000000000000000,9,0.866665222224629625,19.000000000000002526,0.003182381571846679,600001.000000000000000000,0.000000000000000000,1.000000000000000000,0.000000000000000000,0.000000000000000000,0.000000000000000000
0.520000000000000000,10,0.866665222224629625,19.000000000000002526,0.003182381571846679,600001.000000000000000000,0.000000000000000000,1.000000000000000000,0.000000000000000000,0.000000000000000000,0.000000000000000000
0.520000000000000000,11,0.866665222224629625,19.000000000000002526,0.003182381571846679,600001.000000000000000000,0.000000000000000000,1.000000000000000000,0.000000000000000000,0.000000000000000000,0.000000000000000000
0.520000000000000000,12,0.866665222224629625,19.000000000000002526,0.003182381571846679,600001.000000000000000000,0.000000000000000000,1.000000000000000000,0.000000000000000000,0.000000000000000000,0.000000000000000000
0.530000000000000000,0,0.529999999999999999,19.000000000000000000,0.027894736842105263,1000000.000000000000000000,0.000000000000000000,400000.000000000000000000,0.000000000000000000,0.000000000000000000,0.000000000000000000
0.530000000000000000,1,0.883331861113564810,19.000000000000002526,0.003243581217459115,600001.000000000000000000,0.000000000000000000,1.000000000000000000,7599981.000000000000000000,24651.155624646142276815,211999.469999999999600001
0.530000000000000000,2,0.883331861113564810,19.000000000000002526,0.003243581217459115,600001.000000000000000000,0.000000000000000000,1.000000000000000000,0.000000000000000000,0.000000000000000000,0.000000000000000000
0.530000000000000000,3,0.883331861113564810,19.000000000000002526,0.003243581217459115,600001.000000000000000000,0.000000000000000000,1.000000000000000000,0.000000000000000000,0.000000000000000000,0.000000000000000000
0.530000000000000000,4,0.883331861113564810,19.000000000000002526,0.003243581217459115,600001.000000000000000000,0.000000000000000000,1.000000000000000000,0.000000000000000000,0.000000000000000000,0.000000000000000000
0.530000000000000000,5,0.883331861113564810,19.000000000000002526,0.003243581217459115,600001.000000000000000000,0.000000000000000000,1.000000000000000000,0.000000000000000000,0.000000000000000000,0.000000000000000000
0.530000000000000000,6,0.883331861113564810,19.000000000000002526,0.003243581217459115,600001.000000000000000000,0.000000000000000000,1.000000000000000000,0.000000000000000000,0.000000000000000000,0.000000000000000000
0.530000000000000000,7,0.883331861113564810,19.000000000000002526,0.003243581217459115,600001.000000000000000000,0.000000000000000000,1.000000000000000000,0.000000000000000000,0.000000000000000000,0.000000000000000000
0.530000000000000000,8,0.883331861113564810,19.000000000000002526,0.003243581217459115,600001.000000000000000000,0.000000000000000000,1.000000000000000000,0.000000000000000000,0.000000000000000000,0.000000000000000000
0.530000000000000000,9,0.883331861113564810,19.000000000000002526,0.003243581217459115,600001.000000000000000000,0.000000000000000000,1.000000000000000000,0.000000000000000000,0.000000000000000000,0.000000000000000000
0.530000000000000000,10,0.883331861113564810,19.000000000000002526,0.003243581217459115,600001.000000000000000000,0.000000000000000000,1.000000000000000000,0.000000000000000000,0.000000000000000000,0.000000000000000000
0.530000000000000000,11,0.883331861113564810,19.000000000000002526,0.003243581217459115,600001.000000000000000000,0.000000000000000000,1.000000000000000000,0.000000000000000000,0.000000000000000000,0.000000000000000000
0.530000000000000000,12,0.883331861113564810,19.000000000000002526,0.003243581217459115,600001.000000000000000000,0.000000000000000000,1.000000000000000000,0.000000000000000000,0.000000000000000000,0.000000000000000000
0.540000000000000000,0,0.539999999999999999,19.000000000000000000,0.028421052631578947,1000000.000000000000000000,0.000000000000000000,400000.000000000000000000,0.000000000000000000,0.000000000000000000,0.000000000000000000
0.540000000000000000,1,0.899998500002499995,19.000000000000002526,0.003304780863071551,600001.000000000000000000,0.000000000000000000,1.000000000000000000,7599981.000000000000000000,25116.271768507389240531,215999.459999999999600001
0.540000000000000000,2,0.899998500002499995,19.000000000000002526,0.003304780863071551,600001.000000000000000000,0.000000000000000000,1.000000000000000000,0.000000000000000000,0.000000000000000000,0.000000000000000000
0.540000000000000000,3,0.899998500002499995,19.000000000000002526,0.003304780863071551,600001.000000000000000000,0.000000000000000000,1.000000000000000000,0.000000000000000000,0.000000000000000000,0.000000000000000000
0.540000000000000000,4,0.899998500002499995,19.000000000000002526,0.003304780863071551,600001.000000000000000000,0.000000000000000000,1.000000000000000000,0.000000000000000000,0.000000000000000000,0.000000000000000000
0.540000000000000000,5,0.899998500002499995,19.000000000000002526,0.003304780863071551,600001.000000000000000000,0.000000000000000000,1.000000000000000000,0.000000000000000000,0.000000000000000000,0.000000000000000000
0.540000000000000000,6,0.899998500002499995,19.000000000000002526,0.003304780863071551,600001.000000000000000000,0.000000000000000000,1.000000000000000000,0.000000000000000000,0.000000000000000000,0.000000000000000000
0.540000000000000000,7,0.899998500002499995,19.000000000000002526,0.003304780863071551,600001.000000000000000000,0.000000000000000000,1.000000000000000000,0.000000000000000000,0.000000000000000000,0.000000000000000000
0.540000000000000000,8,0.899998500002499995,19.000000000000002526,0.003304780863071551,600001.000000000000000000,0.000000000000000000,1.000000000000000000,0.000000000000000000,0.000000000000000000,0.000000000000000000
0.540000000000000000,9,0.899998500002499995,19.000000000000002526,0.003304780863071551,600001.000000000000000000,0.000000000000000000,1.000000000000000000,0.000000000000000000,0.000000000000000000,0.000000000000000000
0.540000000000000000,10,0.899998500002499995,19.000000000000002526,0.003304780863071551,600001.000000000000000000,0.000000000000000000,1.000000000000000000,0.000000000000000000,0.000000000000000000,0.000000000000000000
0.540000000000000000,11,0.899998500002499995,19.000000000000002526,0.003304780863071551,600001.000000000000000000,0.000000000000000000,1.000000000000000000,0.000000000000000000,0.000000000000000000,0.000000000000000000
0.540000000000000000,12,0.899998500002499995,19.000000000000002526,0.003304780863071551,600001.000000000000000000,0.000000000000000000,1.000000000000000000,0.000000000000000000,0.000000000000000000,0.000000000000000000
0.550000000000000000,0,0.549999999999999999,19.000000000000000000,0.028947368421052631,1000000.000000000000000000,0.000000000000000000,400000.000000000000000000,0.000000000000000000,0.000000000000000000,0.000000000000000000
0.550000000000000000,1,0.916665138891435180,19.000000000000002526,0.003365980508683987,600001.000000000000000000,0.000000000000000000,1.000000000000000000,7599981.000000000000000000,25581.387912368636204247,219999.449999999999600001
0.550000000000000000,2,0.916665138891435180,19.000000000000002526,0.003365980508683987,600001.000000000000000000,0.000000000000000000,1.000000000000000000,0.000000000000000000,0.000000000000000000,0.000000000000000000
0.550000000000000000,3,0.916665138891435180,19.000000000000002526,0.003365980508683987,600001.000000000000000000,0.000000000000000000,1.000000000000000000,0.000000000000000000,0.000000000000000000,0.000000000000000000
0.550000000000000000,4,0.916665138891435180,19.000000000000002526,0.003365980508683987,600001.000000000000000000,0.000000000000000000,1.000000000000000000,0.000000000000000000,0.000000000000000000,0.000000000000000000
0.550000000000000000,5,0.916665138891435180,19.000000000000002526,0.003365980508683987,600001.000000000000000000,0.000000000000000000,1.000000000000000000,0.000000000000000000,0.000000000000000000,0.000000000000000000
0.550000000000000000,6,0.916665138891435180,19.000000000000002526,0.003365980508683987,600001.000000000000000000,0.000000000000000000,1.000000000000000000,0.000000000000000000,0.000000000000000000,0.000000000000000000
0.550000000000000000,7,0.916665138891435180,19.000000000000002526,0.003365980508683987,600001.000000000000000000,0.000000000000000000,1.000000000000000000,0.000000000000000000,0.000000000000000000,0.000000000000000000
0.550000000000000000,8,0.916665138891435180,19.000000000000002526,0.003365980508683987,600001.000000000000000000,0.000000000000000000,1.000000000000000000,0.000000000000000000,0.000000000000000000,0.000000000000000000
0.550000000000000000,9,0.916665138891435180,19.000000000000002526,0.003365980508683987,600001.000000000000000000,0.000000000000000000,1.000000000000000000,0.000000000000000000,0.000000000000000000,0.000000000000000000
0.550000000000000000,10,0.916665138891435180,19.000000000000002526,0.003365980508683987,600001.000000000000000000,0.000000000000000000,1.000000000000000000,0.000000000000000000,0.000000000000000000,0.000000000000000000
0.550000000000000000,11,0.916665138891435180,19.000000000000002526,0.003365980508683987,600001.000000000000000000,0.000000000000000000,1.000000000000000000,0.000000000000000000,0.000000000000000000,0.000000000000000000
0.550000000000000000,12,0.916665138891435180,19.000000000000002526,0.003365980508683987,600001.000000000000000000,0.000000000000000000,1.000000000000000000,0.000000000000000000,0.000000000000000000,0.000000000000000000
0.560000000000000000,0,0.559999999999999999,19.000000000000000000,0.029473684210526315,1000000.000000000000000000,0.000000000000000000,400000.000000000000000000,0.000000000000000000,0.000000000000000000,0.000000000000000000
0.560000000000000000,1,0.933331777780370366,19.000000000000002526,0.003427180154296423,600001.000000000000000000,0.000000000000000000,1.000000000000000000,7599981.000000000000000000,26046.504056229883167963,223999.439999999999600001
0.560000000000000000,2,0.933331777780370366,19.000000000000002526,0.003427180154296423,600001.000000000000000000,0.000000000000000000,1.000000000000000000,0.000000000000000000,0.000000000000000000,0.000000000000000000
0.560000000000000000,3,0.933331777780370366,19.000000000000002526,0.003427180154296423,600001.000000000000000000,0.000000000000000000,1.000000000000000000,0.000000000000000000,0.000000000000000000,0.000000000000000000
0.560000000000000000,4,0.933331777780370366,19.000000000000002526,0.003427180154296423,600001.000000000000000000,0.000000000000000000,1.000000000000000000,0.000000000000000000,0.000000000000000000,0.000000000000000000
0.560000000000000000,5,0.933331777780370366,19.000000000000002526,0.003427180154296423,600001.000000000000000000,0.000000000000000000,1.000000000000000000,0.000000000000000000,0.000000000000000000,0.000000000000000000
0.560000000000000000,6,0.933331777780370366,19.000000000000002526,0.003427180154296423,600001.000000000000000000,0.000000000000000000,1.000000000000000000,0.000000000000000000,0.000000000000000000,0.000000000000000000
0.560000000000000000,7,0.933331777780370366,19.000000000000002526,0.003427180154296423,600001.000000000000000000,0.000000000000000000,1.000000000000000000,0.000000000000000000,0.000000000000000000,0.000000000000000000
0.560000000000000000,8,0.933331777780370366,19.000000000000002526,0.003427180154296423,600001.000000000000000000,0.000000000000000000,1.000000000000000000,0.000000000000000000,0.000000000000000000,0.000000000000000000
0.560000000000000000,9,0.933331777780370366,19.000000000000002526,0.003427180154296423,600001.000000000000000000,0.000000000000000000,1.000000000000000000,0.000000000000000000,0.000000000000000000,0.000000000000000000
0.560000000000000000,10,0.933331777780370366,19.000000000000002526,0.003427180154296423,600001.000000000000000000,0.000000000000000000,1.000000000000000000,0.000000000000000000,0.000000000000000000,0.000000000000000000
0.560000000000000000,11,0.933331777780370366,19.000000000000002526,0.003427180154296423,600001.000000000000000000,0.000000000000000000,1.000000000000000000,0.000000000000000000,0.000000000000000000,0.000000000000000000
0.560000000000000000,12,0.933331777780370366,19.000000000000002526,0.003427180154296423,600001.000000000000000000,0.000000000000000000,1.000000000000000000,0.000000000000000000,0.000000000000000000,0.000000000000000000
0.570000000000000000,0,0.570000000000000000,19.000000000000000000,0.030000000000000000,1000000.000000000000000000,0.000000000000000000,400000.000000000000000000,0.000000000000000000,0.000000000000000000,0.000000000000000000
0.570000000000000000,1,0.949998416669305551,19.000000000000002526,0.003488379799908859,600001.000000000000000000,0.000000000000000000,1.000000000000000000,7599981.000000000000000000,26511.620200091130131679,227999.430000000000000000
0.570000000000000000,2,0.949998416669305551,19.000000000000002526,0.003488379799908859,600001.000000000000000000,0.000000000000000000,1.000000000000000000,0.000000000000000000,0.000000000000000000,0.000000000000000000
0.570000000000000000,3,0.949998416669305551,19.000000000000002526,0.003488379799908859,600001.000000000000000000,0.000000000000000000,1.000000000000000000,0.000000000000000000,0.000000000000000000,0.000000000000000000
0.570000000000000000,4,0.949998416669305551,19.000000000000002526,0.003488379799908859,600001.000000000000000000,0.000000000000000000,1.000000000000000000,0.000000000000000000,0.000000000000000000,0.000000000000000000
0.570000000000000000,5,0.949998416669305551,19.000000000000002526,0.003488379799908859,600001.000000000000000000,0.000000000000000000,1.000000000000000000,0.000000000000000000,0.000000000000000000,0.000000000000000000
0.570000000000000000,6,0.949998416669305551,19.000000000000002526,0.003488379799908859,600001.000000000000000000,0.000000000000000000,1.000000000000000000,0.000000000000000000,0.000000000000000000,0.000000000000000000
0.570000000000000000,7,0.949998416669305551,19.000000000000002526,0.003488379799908859,600001.000000000000000000,0.000000000000000000,1.000000000000000000,0.000000000000000000,0.000000000000000000,0.000000000000000000
0.570000000000000000,8,0.949998416669305551,19.000000000000002526,0.003488379799908859,600001.000000000000000000,0.000000000000000000,1.000000000000000000,0.000000000000000000,0.000000000000000000,0.000000000000000000
0.570000000000000000,9,0.949998416669305551,19.000000000000002526,0.003488379799908859,600001.000000000000000000,0.000000000000000000,1.000000000000000000,0.000000000000000000,0.000000000000000000,0.000000000000000000
0.570000000000000000,10,0.949998416669305551,19.000000000000002526,0.003488379799908859,600001.000000000000000000,0.000000000000000000,1.000000000000000000,0.000000000000000000,0.000000000000000000,0.000000000000000000
0.570000000000000000,11,0.949998416669305551,19.000000000000002526,0.003488379799908859,600001.000000000000000000,0.000000000000000000,1.000000000000000000,0.000000000000000000,0.000000000000000000,0.000000000000000000
0.570000000000000000,12,0.949998416669305551,19.000000000000002526,0.003488379799908859,600001.000000000000000000,0.000000000000000000,1.000000000000000000,0.000000000000000000,0.000000000000000000,0.000000000000000000
0.580000000000000000,0,0.579999999999999999,19.000000000000000000,0.030526315789473684,1000000.000000000000000000,0.000000000000000000,400000.000000000000000000,0.000000000000000000,0.000000000000000000,0.000000000000000000
0.580000000000000000,1,0.966665055558240736,19.000000000000002526,0.003549579445521295,600001.000000000000000000,0.000000000000000000,1.000000000000000000,7599981.000000000000000000,26976.736343952377095395,231999.419999999999600001
0.580000000000000000,2,0.966665055558240736,19.000000000000002526,0.003549579445521295,600001.000000000000000000,0.000000000000000000,1.000000000000000000,0.000000000000000000,0.000000000000000000,0.000000000000000000
0.580000000000000000,3,0.966665055558240736,19.000000000000002526,0.003549579445521295,600001.000000000000000000,0.000000000000000000,1.000000000000000000,0.000000000000000000,0.000000000000000000,0.000000000000000000
0.580000000000000000,4,0.966665055558240736,19.000000000000002526,0.003549579445521295,600001.000000000000000000,0.000000000000000000,1.000000000000000000,0.000000000000000000,0.000000000000000000,0.000000000000000000
0.580000000000000000,5,0.966665055558240736,19.000000000000002526,0.003549579445521295,600001.000000000000000000,0.000000000000000000,1.000000000000000000,0.000000000000000000,0.000000000000000000,0.000000000000000000
0.580000000000000000,6,0.966665055558240736,19.000000000000002526,0.003549579445521295,600001.000000000000000000,0.000000000000000000,1.000000000000000000,0.000000000000000000,0.000000000000000000,0.000000000000000000
0.580000000000000000,7,0.966665055558240736,19.000000000000002526,0.003549579445521295,600001.000000000000000000,0.000000000000000000,1.000000000000000000,0.000000000000000000,0.000000000000000000,0.000000000000000000
0.580000000000000000,8,0.966665055558240736,19.000000000000002526,0.003549579445521295,600001.000000000000000000,0.000000000000000000,1.000000000000000000,0.000000000000000000,0.000000000000000000,0.000000000000000000
0.580000000000000000,9,0.966665055558240736,19.000000000000002526,0.003549579445521295,600001.000000000000000000,0.000000000000000000,1.000000000000000000,0.000000000000000000,0.000000000000000000,0.000000000000000000
0.580000000000000000,10,0.966665055558240736,19.000000000000002526,0.003549579445521295,600001.000000000000000000,0.000000000000000000,1.000000000000000000,0.000000000000000000,0.000000000000000000,0.000000000000000000
0.580000000000000000,11,0.966665055558240736,19.000000000000002526,0.003549579445521295,600001.000000000000000000,0.000000000000000000,1.000000000000000000,0.000000000000000000,0.000000000000000000,0.000000000000000000
0.580000000000000000,12,0.966665055558240736,19.000000000000002526,0.003549579445521295,600001.000000000000000000,0.000000000000000000,1.000000000000000000,0.000000000000000000,0.000000000000000000,0.000000000000000000
0.590000000000000000,0,0.589999999999999999,19.000000000000000000,0.031052631578947368,1000000.000000000000000000,0.000000000000000000,400000.000000000000000000,0.000000000000000000,0.000000000000000000,0.000000000000000000
0.590000000000000000,1,0.983331694447175921,19.000000000000002526,0.003610779091133732,600001.000000000000000000,0.000000000000000000,1.000000000000000000,7599981.000000000000000000,27441.852487813631659092,235999.409999999999600001
0.590000000000000000,2,0.983331694447175921,19.000000000000002526,0.003610779091133732,600001.000000000000000000,0.000000000000000000,1.000000000000000000,0.000000000000000000,0.000000000000000000,0.000000000000000000
0.590000000000000000,3,0.983331694447175921,19.000000000000002526,0.003610779091133732,600001.000000000000000000,0.000000000000000000,1.000000000000000000,0.000000000000000000,0.000000000000000000,0.000000000000000000
0.590000000000000000,4,0.983331694447175921,19.000000000000002526,0.003610779091133732,600001.000000000000000000,0.000000000000000000,1.000000000000000000,0.000000000000000000,0.000000000000000000,0.000000000000000000
0.590000000000000000,5,0.983331694447175921,19.000000000000002526,0.003610779091133732,600001.000000000000000000,0.000000000000000000,1.000000000000000000,0.000000000000000000,0.000000000000000000,0.000000000000000000
0.590000000000000000,6,0.983331694447175921,19.000000000000002526,0.003610779091133732,600001.000000000000000000,0.000000000000000000,1.000000000000000000,0.000000000000000000,0.000000000000000000,0.000000000000000000
0.590000000000000000,7,0.983331694447175921,19.000000000000002526,0.003610779091133732,600001.000000000000000000,0.000000000000000000,1.000000000000000000,0.000000000000000000,0.000000000000000000,0.000000000000000000
0.590000000000000000,8,0.983331694447175921,19.000000000000002526,0.003610779091133732,600001.000000000000000000,0.000000000000000000,1.000000000000000000,0.000000000000000000,0.000000000000000000,0.000000000000000000
0.590000000000000000,9,0.983331694447175921,19.000000000000002526,0.003610779091133732,600001.000000000000000000,0.000000000000000000,1.000000000000000000,0.000000000000000000,0.000000000000000000,0.000000000000000000
0.590000000000000000,10,0.983331694447175921,19.000000000000002526,0.003610779091133732,600001.000000000000000000,0.000000000000000000,1.000000000000000000,0.000000000000000000,0.000000000000000000,0.000000000000000000
0.590000000000000000,11,0.983331694447175921,19.000000000000002526,0.003610779091133732,600001.000000000000000000,0.000000000000000000,1.000000000000000000,0.000000000000000000,0.000000000000000000,0.000000000000000000
0.590000000000000000,12,0.983331694447175921,19.000000000000002526,0.003610779091133732,600001.000000000000000000,0.000000000000000000,1.000000000000000000,0.000000000000000000,0.000000000000000000,0.000000000000000000
0.600000000000000000,0,0.599999999999999999,19.000000000000000000,0.031578947368421052,1000000.000000000000000000,0.000000000000000000,400000.000000000000000000,0.000000000000000000,0.000000000000000000,0.000000000000000000
0.600000000000000000,1,0.999998333336111106,19.000000000000002526,0.003671978736746168,600001.000000000000000000,0.000000000000000000,1.000000000000000000,7599981.000000000000000000,27906.968631674878622808,239999.399999999999600001
0.600000000000000000,2,0.999998333336111106,19.000000000000002526,0.003671978736746168,600001.000000000000000000,0.000000000000000000,1.000000000000000000,0.000000000000000000,0.000000000000000000,0.000000000000000000
0.600000000000000000,3,0.999998333336111106,19.000000000000002526,0.003671978736746168,600001.000000000000000000,0.000000000000000000,1.000000000000000000,0.000000000000000000,0.000000000000000000,0.000000000000000000
0.600000000000000000,4,0.999998333336111106,19.000000000000002526,0.003671978736746168,600001.000000000000000000,0.000000000000000000,1.000000000000000000,0.000000000000000000,0.000000000000000000,0.000000000000000000
0.600000000000000000,5,0.999998333336111106,19.000000000000002526,0.003671978736746168,600001.000000000000000000,0.000000000000000000,1.000000000000000000,0.000000000000000000,0.000000000000000000,0.000000000000000000
0.600000000000000000,6,0.999998333336111106,19.000000000000002526,0.003671978736746168,600001.000000000000000000,0.000000000000000000,1.000000000000000000,0.000000000000000000,0.000000000000000000,0.000000000000000000
0.600000000000000000,7,0.999998333336111106,19.000000000000002526,0.003671978736746168,600001.000000000000000000,0.000000000000000000,1.000000000000000000,0.000000000000000000,0.000000000000000000,0.000000000000000000
0.600000000000000000,8,0.999998333336111106,19.000000000000002526,0.003671978736746168,600001.000000000000000000,0.000000000000000000,1.000000000000000000,0.000000000000000000,0.000000000000000000,0.000000000000000000
0.600000000000000000,9,0.999998333336111106,19.000000000000002526,0.003671978736746168,600001.000000000000000000,0.000000000000000000,1.000000000000000000,0.000000000000000000,0.000000000000000000,0.000000000000000000
0.600000000000000000,10,0.999998333336111106,19.000000000000002526,0.003671978736746168,600001.000000000000000000,0.000000000000000000,1.000000000000000000,0.000000000000000000,0.000000000000000000,0.000000000000000000
0.600000000000000000,11,0.999998333336111106,19.000000000000002526,0.003671978736746168,600001.000000000000000000,0.000000000000000000,1.000000000000000000,0.000000000000000000,0.000000000000000000,0.000000000000000000
0.600000000000000000,12,0.999998333336111106,19.000000000000002526,0.003671978736746168,600001.000000000000000000,0.000000000000000000,1.000000000000000000,0.000000000000000000,0.000000000000000000,0.000000000000000000
0.610000000000000000,0,0.609999999999999999,19.000000000000000000,0.032105263157894736,1000000.000000000000000000,0.000000000000000000,400000.000000000000000000,0.000000000000000000,0.000000000000000000,0.000000000000000000
0.610000000000000000,1,1.016664972225046291,14.487844086297051023,0.004895855369668227,600001.000000000000000000,0.000000000000000000,1.000000000000000000,7599981.000000000000000000,37208.407788226501503687,243999.389999999999600001
0.610000000000000000,2,1.016664972225046291,14.487844086297051023,0.004895855369668227,600001.000000000000000000,0.000000000000000000,1.000000000000000000,0.000000000000000000,0.000000000000000000,0.000000000000000000
0.610000000000000000,3,1.016664972225046291,14.487844086297051023,0.004895855369668227,600001.000000000000000000,0.000000000000000000,1.000000000000000000,0.000000000000000000,0.000000000000000000,0.000000000000000000
0.610000000000000000,4,1.016664972225046291,14.487844086297051023,0.004895855369668227,600001.000000000000000000,0.000000000000000000,1.000000000000000000,0.000000000000000000,0.000000000000000000,0.000000000000000000
0.610000000000000000,5,1.016664972225046291,14.487844086297051023,0.004895855369668227,600001.000000000000000000,0.000000000000000000,1.000000000000000000,0.000000000000000000,0.000000000000000000,0.000000000000000000
0.610000000000000000,6,1.016664972225046291,14.487844086297051023,0.004895855369668227,600001.000000000000000000,0.000000000000000000,1.000000000000000000,0.000000000000000000,0.000000000000000000,0.000000000000000000
0.610000000000000000,7,1.016664972225046291,14.487844086297051023,0.004895855369668227,600001.000000000000000000,0.000000000000000000,1.000000000000000000,0.000000000000000000,0.000000000000000000,0.000000000000000000
0.610000000000000000,8,1.016664972225046291,14.487844086297051023,0.004895855369668227,600001.000000000000000000,0.000000000000000000,1.000000000000000000,0.000000000000000000,0.000000000000000000,0.000000000000000000
0.610000000000000000,9,1.016664972225046291,14.487844086297051023,0.004895855369668227,600001.000000000000000000,0.000000000000000000,1.000000000000000000,0.000000000000000000,0.000000000000000000,0.000000000000000000
0.610000000000000000,10,1.016664972225046291,14.487844086297051023,0.004895855369668227,600001.000000000000000000,0.000000000000000000,1.000000000000000000,0.000000000000000000,0.000000000000000000,0.000000000000000000
0.610000000000000000,11,1.016664972225046291,14.487844086297051023,0.004895855369668227,600001.000000000000000000,0.000000000000000000,1.000000000000000000,0.000000000000000000,0.000000000000000000,0.000000000000000000
0.610000000000000000,12,1.016664972225046291,14.487844086297051023,0.004895855369668227,600001.000000000000000000,0.000000000000000000,1.000000000000000000,0.000000000000000000,0.000000000000000000,0.000000000000000000
0.620000000000000000,0,0.619999999999999999,19.000000000000000000,0.032631578947368421,1000000.000000000000000000,0.000000000000000000,400000.000000000000000000,0.000000000000000000,0.000000000000000000,0.000000000000000000
0.620000000000000000,1,1.033331611113981476,11.780223824252661771,0.006119848281916950,600001.000000000000000000,0.000000000000000000,1.000000000000000000,7599981.000000000000000000,46510.730665451463577950,247999.379999999999600001
0.620000000000000000,2,1.033331611113981476,11.780223824252661771,0.006119848281916950,600001.000000000000000000,0.000000000000000000,1.000000000000000000,0.000000000000000000,0.000000000000000000,0.000000000000000000
0.620000000000000000,3,1.033331611113981476,11.780223824252661771,0.006119848281916950,600001.000000000000000000,0.000000000000000000,1.000000000000000000,0.000000000000000000,0.000000000000000000,0.000000000000000000
0.620000000000000000,4,1.033331611113981476,11.780223824252661771,0.006119848281916950,600001.000000000000000000,0.000000000000000000,1.000000000000000000,0.000000000000000000,0.000000000000000000,0.000000000000000000
0.620000000000000000,5,1.033331611113981476,11.780223824252661771,0.006119848281916950,600001.000000000000000000,0.000000000000000000,1.000000000000000000,0.000000000000000000,0.000000000000000000,0.000000000000000000
0.620000000000000000,6,1.033331611113981476,11.780223824252661771,0.006119848281916950,600001.000000000000000000,0.000000000000000000,1.000000000000000000,0.000000000000000000,0.000000000000000000,0.000000000000000000
0.620000000000000000,7,1.033331611113981476,11.780223824252661771,0.006119848281916950,600001.000000000000000000,0.000000000000000000,1.000000000000000000,0.000000000000000000,0.000000000000000000,0.000000000000000000
0.620000000000000000,8,1.033331611113981476,11.780223824252661771,0.006119848281916950,600001.000000000000000000,0.000000000000000000,1.000000000000000000,0.000000000000000000,0.000000000000000000,0.000000000000000000
0.620000000000000000,9,1.033331611113981476,11.780223824252661771,0.006119848281916950,600001.000000000000000000,0.000000000000000000,1.000000000000000000,0.000000000000000000,0.000000000000000000,0.000000000000000000
0.620000000000000000,10,1.033331611113981476,11.780223824252661771,0.006119848281916950,600001.000000000000000000,0.000000000000000000,1.000000000000000000,0.000000000000000000,0.000000000000000000,0.000000000000000000
0.620000000000000000,11,1.033331611113981476,11.780223824252661771,0.006119848281916950,600001.000000000000000000,0.000000000000000000,1.000000000000000000,0.000000000000000000,0.000000000000000000,0.000000000000000000
0.620000000000000000,12,1.033331611113981476,11.780223824252661771,0.006119848281916950,600001.000000000000000000,0.000000000000000000,1.000000000000000000,0.000000000000000000,0.000000000000000000,0.000000000000000000
0.630000000000000000,0,0.629999999999999999,19.000000000000000000,0.033157894736842105,1000000.000000000000000000,0.000000000000000000,400000.000000000000000000,0.000000000000000000,0.000000000000000000,0.000000000000000000
0.630000000000000000,1,1.049998250002916661,9.975157940000717374,0.007343841194165673,600001.000000000000000000,0.000000000000000000,1.000000000000000000,7599981.000000000000000000,55813.053542676425652213,251999.369999999999600001
0.630000000000000000,2,1.049998250002916661,9.975157940000717374,0.007343841194165673,600001.000000000000000000,0.000000000000000000,1.000000000000000000,0.000000000000000000,0.000000000000000000,0.000000000000000000
0.630000000000000000,3,1.049998250002916661,9.975157940000717374,0.007343841194165673,600001.000000000000000000,0.000000000000000000,1.000000000000000000,0.000000000000000000,0.000000000000000000,0.000000000000000000
0.630000000000000000,4,1.049998250002916661,9.975157940000717374,0.007343841194165673,600001.000000000000000000,0.000000000000000000,1.000000000000000000,0.000000000000000000,0.000000000000000000,0.000000000000000000
0.630000000000000000,5,1.049998250002916661,9.975157940000717374,0.007343841194165673,600001.000000000000000000,0.000000000000000000,1.000000000000000000,0.000000000000000000,0.000000000000000000,0.000000000000000000
0.630000000000000000,6,1.049998250002916661,9.975157940000717374,0.007343841194165673,600001.000000000000000000,0.000000000000000000,1.000000000000000000,0.000000000000000000,0.000000000000000000,0.000000000000000000
0.630000000000000000,7,1.049998250002916661,9.975157940000717374,0.007343841194165673,600001.000000000000000000,0.000000000000000000,1.000000000000000000,0.000000000000000000,0.000000000000000000,0.000000000000000000
0.630000000000000000,8,1.049998250002916661,9.975157940000717374,0.007343841194165673,600001.000000000000000000,0.000000000000000000,1.000000000000000000,0.000000000000000000,0.000000000000000000,0.000000000000000000
0.630000000000000000,9,1.049998250002916661,9.975157940000717374,0.007343841194165673,600001.000000000000000000,0.000000000000000000,1.000000000000000000,0.000000000000000000,0.000000000000000000,0.000000000000000000
0.630000000000000000,10,1.049998250002916661,9.975157940000717374,0.007343841194165673,600001.000000000000000000,0.000000000000000000,1.000000000000000000,0.000000000000000000,0.000000000000000000,0.000000000000000000
0.630000000000000000,11,1.049998250002916661,9.975157940000717374,0.007343841194165673,600001.000000000000000000,0.000000000000000000,1.000000000000000000,0.000000000000000000,0.000000000000000000,0.000000000000000000
0.630000000000000000,12,1.049998250002916661,9.975157940000717374,0.007343841194165673,600001.000000000000000000,0.000000000000000000,1.000000000000000000,0.000000000000000000,0.000000000000000000,0.000000000000000000
0.640000000000000000,0,0.639999999999999999,19.000000000000000000,0.033684210526315789,1000000.000000000000000000,0.000000000000000000,400000.000000000000000000,0.000000000000000000,0.000000000000000000,0.000000000000000000
0.640000000000000000,1,1.066664888891851846,8.685832164865095125,0.008567834106414396,600001.000000000000000000,0.000000000000000000,1.000000000000000000,7599981.000000000000000000,65115.376419901387726476,255999.359999999999600001
0.640000000000000000,2,1.066664888891851846,8.685832164865095125,0.008567834106414396,600001.000000000000000000,0.000000000000000000,1.000000000000000000,0.000000000000000000,0.000000000000000000,0.000000000000000000
0.640000000000000000,3,1.066664888891851846,8.685832164865095125,0.008567834106414396,600001.000000000000000000,0.000000000000000000,1.000000000000000000,0.000000000000000000,0.000000000000000000,0.000000000000000000
0.640000000000000000,4,1.066664888891851846,8.685832164865095125,0.008567834106414396,600001.000000000000000000,0.000000000000000000,1.000000000000000000,0.000000000000000000,0.000000000000000000,0.000000000000000000
0.640000000000000000,5,1.066664888891851846,8.685832164865095125,0.008567834106414396,600001.000000000000000000,0.000000000000000000,1.000000000000000000,0.000000000000000000,0.000000000000000000,0.000000000000000000
0.640000000000000000,6,1.066664888891851846,8.685832164865095125,0.008567834106414396,600001.000000000000000000,0.000000000000000000,1.000000000000000000,0.000000000000000000,0.000000000000000000,0.000000000000000000
0.640000000000000000,7,1.066664888891851846,8.685832164865095125,0.008567834106414396,600001.000000000000000000,0.000000000000000000,1.000000000000000000,0.000000000000000000,0.000000000000000000,0.000000000000000000
0.640000000000000000,8,1.066664888891851846,8.685832164865095125,0.008567834106414396,600001.000000000000000000,0.000000000000000000,1.000000000000000000,0.000000000000000000,0.000000000000000000,0.000000000000000000
0.640000000000000000,9,1.066664888891851846,8.685832164865095125,0.008567834106414396,600001.000000000000000000,0.000000000000000000,1.000000000000000000,0.000000000000000000,0.000000000000000000,0.000000000000000000
0.640000000000000000,10,1.066664888891851846,8.685832164865095125,0.008567834106414396,600001.000000000000000000,0.000000000000000000,1.000000000000000000,0.000000000000000000,0.000000000000000000,0.000000000000000000
0.640000000000000000,11,1.066664888891851846,8.685832164865095125,0.008567834106414396,600001.000000000000000000,0.000000000000000000,1.000000000000000000,0.000000000000000000,0.000000000000000000,0.000000000000000000
0.640000000000000000,12,1.066664888891851846,8.685832164865095125,0.008567834106414396,600001.000000000000000000,0.000000000000000000,1.000000000000000000,0.000000000000000000,0.000000000000000000,0.000000000000000000
0.650000000000000000,0,0.649999999999999999,19.000000000000000000,0.034210526315789473,1000000.000000000000000000,0.000000000000000000,400000.000000000000000000,0.000000000000000000,0.000000000000000000,0.000000000000000000
0.650000000000000000,1,1.083331527780787032,7.718841661244727698,0.009791827018663119,600001.000000000000000000,0.000000000000000000,1.000000000000000000,7599981.000000000000000000,74417.699297126349800739,259999.349999999999600001
0.650000000000000000,2,1.083331527780787032,7.718841661244727698,0.009791827018663119,600001.000000000000000000,0.000000000000000000,1.000000000000000000,0.000000000000000000,0.000000000000000000,0.000000000000000000
0.650000000000000000,3,1.083331527780787032,7.718841661244727698,0.009791827018663119,600001.000000000000000000,0.000000000000000000,1.000000000000000000,0.000000000000000000,0.000000000000000000,0.000000000000000000
0.650000000000000000,4,1.083331527780787032,7.718841661244727698,0.009791827018663119,600001.000000000000000000,0.000000000000000000,1.000000000000000000,0.000000000000000000,0.000000000000000000,0.000000000000000000
0.650000000000000000,5,1.083331527780787032,7.718841661244727698,0.009791827018663119,600001.000000000000000000,0.000000000000000000,1.000000000000000000,0.000000000000000000,0.000000000000000000,0.000000000000000000
0.650000000000000000,6,1.083331527780787032,7.718841661244727698,0.009791827018663119,600001.000000000000000000,0.000000000000000000,1.000000000000000000,0.000000000000000000,0.000000000000000000,0.000000000000000000
0.650000000000000000,7,1.083331527780787032,7.718841661244727698,0.009791827018663119,600001.000000000000000000,0.000000000000000000,1.000000000000000000,0.000000000000000000,0.000000000000000000,0.000000000000000000
0.650000000000000000,8,1.083331527780787032,7.718841661244727698,0.009791827018663119,600001.000000000000000000,0.000000000000000000,1.000000000000000000,0.000000000000000000,0.000000000000000000,0.000000000000000000
0.650000000000000000,9,1.083331527780787032,7.718841661244727698,0.009791827018663119,600001.000000000000000000,0.000000000000000000,1.000000000000000000,0.000000000000000000,0.000000000000000000,0.000000000000000000
0.650000000000000000,10,1.083331527780787032,7.718841661244727698,0.009791827018663119,600001.000000000000000000,0.000000000000000000,1.000000000000000000,0.000000000000000000,0.000000000000000000,0.000000000000000000
0.650000000000000000,11,1.083331527780787032,7.718841661244727698,0.009791827018663119,600001.000000000000000000,0.000000000000000000,1.000000000000000000,0.000000000000000000,0.000000000000000000,0.000000000000000000
0.650000000000000000,12,1.083331527780787032,7.718841661244727698,0.009791827018663119,600001.000000000000000000,0.000000000000000000,1.000000000000000000,0.000000000000000000,0.000000000000000000,0.000000000000000000
0.660000000000000000,0,0.659999999999999999,19.000000000000000000,0.034736842105263157,1000000.000000000000000000,0.000000000000000000,400000.000000000000000000,0.000000000000000000,0.000000000000000000,0.000000000000000000
0.660000000000000000,1,1.099998166669722217,6.966740204479936516,0.011015819930911841,600001.000000000000000000,0.000000000000000000,1.000000000000000000,7599981.000000000000000000,83720.022174351304275021,263999.339999999999600001
0.660000000000000000,2,1.099998166669722217,6.966740204479936516,0.011015819930911841,600001.000000000000000000,0.000000000000000000,1.000000000000000000,0.000000000000000000,0.000000000000000000,0.000000000000000000
0.660000000000000000,3,1.099998166669722217,6.966740204479936516,0.011015819930911841,600001.000000000000000000,0.000000000000000000,1.000000000000000000,0.000000000000000000,0.000000000000000000,0.000000000000000000
0.660000000000000000,4,1.099998166669722217,6.966740204479936516,0.011015819930911841,600001.000000000000000000,0.000000000000000000,1.000000000000000000,0.000000000000000000,0.000000000000000000,0.000000000000000000
0.660000000000000000,5,1.099998166669722217,6.966740204479936516,0.011015819930911841,600001.000000000000000000,0.000000000000000000,1.000000000000000000,0.000000000000000000,0.000000000000000000,0.000000000000000000
0.660000000000000000,6,1.099998166669722217,6.966740204479936516,0.011015819930911841,600001.000000000000000000,0.000000000000000000,1.000000000000000000,0.000000000000000000,0.000000000000000000,0.000000000000000000
0.660000000000000000,7,1.099998166669722217,6.966740204479936516,0.011015819930911841,600001.000000000000000000,0.000000000000000000,1.000000000000000000,0.000000000000000000,0.000000000000000000,0.000000000000000000
0.660000000000000000,8,1.099998166669722217,6.966740204479936516,0.011015819930911841,600001.000000000000000000,0.000000000000000000,1.000000000000000000,0.000000000000000000,0.000000000000000000,0.000000000000000000
0.660000000000000000,9,1.099998166669722217,6.966740204479936516,0.011015819930911841,600001.000000000000000000,0.000000000000000000,1.000000000000000000,0.000000000000000000,0.000000000000000000,0.000000000000000000
0.660000000000000000,10,1.099998166669722217,6.966740204479936516,0.011015819930911841,600001.000000000000000000,0.000000000000000000,1.000000000000000000,0.000000000000000000,0.000000000000000000,0.000000000000000000
0.660000000000000000,11,1.099998166669722217,6.966740204479936516,0.011015819930911841,600001.000000000000000000,0.000000000000000000,1.000000000000000000,0.000000000000000000,0.000000000000000000,0.000000000000000000
0.660000000000000000,12,1.099998166669722217,6.966740204479936516,0.011015819930911841,600001.000000000000000000,0.000000000000000000,1.000000000000000000,0.000000000000000000,0.000000000000000000,0.000000000000000000
0.670000000000000000,0,0.669999999999999999,19.000000000000000000,0.035263157894736842,1000000.000000000000000000,0.000000000000000000,400000.000000000000000000,0.000000000000000000,0.000000000000000000,0.000000000000000000
0.670000000000000000,1,1.116664805558657402,6.365060468074446990,0.012239812843160564,600001.000000000000000000,0.000000000000000000,1.000000000000000000,7599981.000000000000000000,93022.345051576266349284,267999.329999999999600001
0.670000000000000000,2,1.116664805558657402,6.365060468074446990,0.012239812843160564,600001.000000000000000000,0.000000000000000000,1.000000000000000000,0.000000000000000000,0.000000000000000000,0.000000000000000000
0.670000000000000000,3,1.116664805558657402,6.365060468074446990,0.012239812843160564,600001.000000000000000000,0.000000000000000000,1.000000000000000000,0.000000000000000000,0.000000000000000000,0.000000000000000000
0.670000000000000000,4,1.116664805558657402,6.365060468074446990,0.012239812843160564,600001.000000000000000000,0.000000000000000000,1.000000000000000000,0.000000000000000000,0.000000000000000000,0.000000000000000000
0.670000000000000000,5,1.116664805558657402,6.365060468074446990,0.012239812843160564,600001.000000000000000000,0.000000000000000000,1.000000000000000000,0.000000000000000000,0.000000000000000000,0.000000000000000000
0.670000000000000000,6,1.116664805558657402,6.365060468074446990,0.012239812843160564,600001.000000000000000000,0.000000000000000000,1.000000000000000000,0.000000000000000000,0.000000000000000000,0.000000000000000000
0.670000000000000000,7,1.116664805558657402,6.365060468074446990,0.012239812843160564,600001.000000000000000000,0.000000000000000000,1.000000000000000000,0.000000000000000000,0.000000000000000000,0.000000000000000000
0.670000000000000000,8,1.116664805558657402,6.365060468074446990,0.012239812843160564,600001.000000000000000000,0.000000000000000000,1.000000000000000000,0.000000000000000000,0.000000000000000000,0.000000000000000000
0.670000000000000000,9,1.116664805558657402,6.365060468074446990,0.012239812843160564,600001.000000000000000000,0.000000000000000000,1.000000000000000000,0.000000000000000000,0.000000000000000000,0.000000000000000000
0.670000000000000000,10,1.116664805558657402,6.365060468074446990,0.012239812843160564,600001.000000000000000000,0.000000000000000000,1.000000000000000000,0.000000000000000000,0.000000000000000000,0.000000000000000000
0.670000000000000000,11,1.116664805558657402,6.365060468074446990,0.012239812843160564,600001.000000000000000000,0.000000000000000000,1.000000000000000000,0.000000000000000000,0.000000000000000000,0.000000000000000000
0.670000000000000000,12,1.116664805558657402,6.365060468074446990,0.012239812843160564,600001.000000000000000000,0.000000000000000000,1.000000000000000000,0.000000000000000000,0.000000000000000000,0.000000000000000000
0.680000000000000000,0,0.679999999999999999,19.000000000000000000,0.035789473684210526,1000000.000000000000000000,0.000000000000000000,400000.000000000000000000,0.000000000000000000,0.000000000000000000,0.000000000000000000
0.680000000000000000,1,1.133331444447592587,5.872777992173569013,0.013463805755409287,600001.000000000000000000,0.000000000000000000,1.000000000000000000,7599981.000000000000000000,102324.667928801228423547,271999.319999999999600001
0.680000000000000000,2,1.133331444447592587,5.872777992173569013,0.013463805755409287,600001.000000000000000000,0.000000000000000000,1.000000000000000000,0.000000000000000000,0.000000000000000000,0.000000000000000000
0.680000000000000000,3,1.133331444447592587,5.872777992173569013,0.013463805755409287,600001.000000000000000000,0.000000000000000000,1.000000000000000000,0.000000000000000000,0.000000000000000000,0.000000000000000000
0.680000000000000000,4,1.133331444447592587,5.872777992173569013,0.013463805755409287,600001.000000000000000000,0.000000000000000000,1.000000000000000000,0.000000000000000000,0.000000000000000000,0.000000000000000000
0.680000000000000000,5,1.133331444447592587,5.872777992173569013,0.013463805755409287,600001.000000000000000000,0.000000000000000000,1.000000000000000000,0.000000000000000000,0.000000000000000000,0.000000000000000000
0.680000000000000000,6,1.133331444447592587,5.872777992173569013,0.013463805755409287,600001.000000000000000000,0.000000000000000000,1.000000000000000000,0.000000000000000000,0.000000000000000000,0.000000000000000000
0.680000000000000000,7,1.133331444447592587,5.872777992173569013,0.013463805755409287,600001.000000000000000000,0.000000000000000000,1.000000000000000000,0.000000000000000000,0.000000000000000000,0.000000000000000000
0.680000000000000000,8,1.133331444447592587,5.872777992173569013,0.013463805755409287,600001.000000000000000000,0.000000000000000000,1.000000000000000000,0.000000000000000000,0.000000000000000000,0.000000000000000000
0.680000000000000000,9,1.133331444447592587,5.872777992173569013,0.013463805755409287,600001.000000000000000000,0.000000000000000000,1.000000000000000000,0.000000000000000000,0.000000000000000000,0.000000000000000000
0.680000000000000000,10,1.133331444447592587,5.872777992173569013,0.013463805755409287,600001.000000000000000000,0.000000000000000000,1.000000000000000000,0.000000000000000000,0.000000000000000000,0.000000000000000000
0.680000000000000000,11,1.133331444447592587,5.872777992173569013,0.013463805755409287,600001.000000000000000000,0.000000000000000000,1.000000000000000000,0.000000000000000000,0.000000000000000000,0.000000000000000000
0.680000000000000000,12,1.133331444447592587,5.872777992173569013,0.013463805755409287,600001.000000000000000000,0.000000000000000000,1.000000000000000000,0.000000000000000000,0.000000000000000000,0.000000000000000000
0.690000000000000000,0,0.689999999999999999,19.000000000000000000,0.036315789473684210,1000000.000000000000000000,0.000000000000000000,400000.000000000000000000,0.000000000000000000,0.000000000000000000,0.000000000000000000
0.690000000000000000,1,1.149998083336527772,5.462543245134024186,0.014687798667658010,600001.000000000000000000,0.000000000000000000,1.000000000000000000,7599981.000000000000000000,111626.990806026190497810,275999.309999999999600001
0.690000000000000000,2,1.149998083336527772,5.462543245134024186,0.014687798667658010,600001.000000000000000000,0.000000000000000000,1.000000000000000000,0.000000000000000000,0.000000000000000000,0.000000000000000000
0.690000000000000000,3,1.149998083336527772,5.462543245134024186,0.014687798667658010,600001.000000000000000000,0.000000000000000000,1.000000000000000000,0.000000000000000000,0.000000000000000000,0.000000000000000000
0.690000000000000000,4,1.149998083336527772,5.462543245134024186,0.014687798667658010,600001.000000000000000000,0.000000000000000000,1.000000000000000000,0.000000000000000000,0.000000000000000000,0.000000000000000000
0.690000000000000000,5,1.149998083336527772,5.462543245134024186,0.014687798667658010,600001.000000000000000000,0.000000000000000000,1.000000000000000000,0.000000000000000000,0.000000000000000000,0.000000000000000000
0.690000000000000000,6,1.149998083336527772,5.462543245134024186,0.014687798667658010,600001.000000000000000000,0.000000000000000000,1.000000000000000000,0.000000000000000000,0.000000000000000000,0.000000000000000000
0.690000000000000000,7,1.149998083336527772,5.462543245134024186,0.014687798667658010,600001.000000000000000000,0.000000000000000000,1.000000000000000000,0.000000000000000000,0.000000000000000000,0.000000000000000000
0.690000000000000000,8,1.149998083336527772,5.462543245134024186,0.014687798667658010,600001.000000000000000000,0.000000000000000000,1.000000000000000000,0.000000000000000000,0.000000000000000000,0.000000000000000000
0.690000000000000000,9,1.149998083336527772,5.462543245134024186,0.014687798667658010,600001.000000000000000000,0.000000000000000000,1.000000000000000000,0.000000000000000000,0.000000000000000000,0.000000000000000000
0.690000000000000000,10,1.149998083336527772,5.462543245134024186,0.014687798667658010,600001.000000000000000000,0.000000000000000000,1.000000000000000000,0.000000000000000000,0.000000000000000000,0.000000000000000000
0.690000000000000000,11,1.149998083336527772,5.462543245134024186,0.014687798667658010,600001.000000000000000000,0.000000000000000000,1.000000000000000000,0.000000000000000000,0.000000000000000000,0.000000000000000000
0.690000000000000000,12,1.149998083336527772,5.462543245134024186,0.014687798667658010,600001.000000000000000000,0.000000000000000000,1.000000000000000000,0.000000000000000000,0.000000000000000000,0.000000000000000000
0.700000000000000000,0,0.699999999999999999,19.000000000000000000,0.036842105263157894,1000000.000000000000000000,0.000000000000000000,400000.000000000000000000,0.000000000000000000,0.000000000000000000,0.000000000000000000
0.700000000000000000,1,1.166664722225462957,5.115421997314595943,0.015911791579906733,600001.000000000000000000,0.000000000000000000,1.000000000000000000,7599981.000000000000000000,120929.313683251152572073,279999.299999999999600001
0.700000000000000000,2,1.166664722225462957,5.115421997314595943,0.015911791579906733,600001.000000000000000000,0.000000000000000000,1.000000000000000000,0.000000000000000000,0.000000000000000000,0.000000000000000000
0.700000000000000000,3,1.166664722225462957,5.115421997314595943,0.015911791579906733,600001.000000000000000000,0.000000000000000000,1.000000000000000000,0.000000000000000000,0.000000000000000000,0.000000000000000000
0.700000000000000000,4,1.166664722225462957,5.115421997314595943,0.015911791579906733,600001.000000000000000000,0.000000000000000000,1.000000000000000000,0.000000000000000000,0.000000000000000000,0.000000000000000000
0.700000000000000000,5,1.166664722225462957,5.115421997314595943,0.015911791579906733,600001.000000000000000000,0.000000000000000000,1.000000000000000000,0.000000000000000000,0.000000000000000000,0.000000000000000000
0.700000000000000000,6,1.166664722225462957,5.115421997314595943,0.015911791579906733,600001.000000000000000000,0.000000000000000000,1.000000000000000000,0.000000000000000000,0.000000000000000000,0.000000000000000000
0.700000000000000000,7,1.166664722225462957,5.115421997314595943,0.015911791579906733,600001.000000000000000000,0.000000000000000000,1.000000000000000000,0.000000000000000000,0.000000000000000000,0.000000000000000000
0.700000000000000000,8,1.166664722225462957,5.115421997314595943,0.015911791579906733,600001.000000000000000000,0.000000000000000000,1.000000000000000000,0.000000000000000000,0.000000000000000000,0.000000000000000000
0.700000000000000000,9,1.166664722225462957,5.115421997314595943,0.015911791579906733,600001.000000000000000000,0.000000000000000000,1.000000000000000000,0.000000000000000000,0.000000000000000000,0.000000000000000000
0.700000000000000000,10,1.166664722225462957,5.115421997314595943,0.015911791579906733,600001.000000000000000000,0.000000000000000000,1.000000000000000000,0.000000000000000000,0.000000000000000000,0.000000000000000000
0.700000000000000000,11,1.166664722225462957,5.115421997314595943,0.015911791579906733,600001.000000000000000000,0.000000000000000000,1.000000000000000000,0.000000000000000000,0.000000000000000000,0.000000000000000000
0.700000000000000000,12,1.166664722225462957,5.115421997314595943,0.015911791579906733,600001.000000000000000000,0.000000000000000000,1.000000000000000000,0.000000000000000000,0.000000000000000000,0.000000000000000000
0.710000000000000000,0,0.709999999999999999,19.000000000000000000,0.037368421052631578,1000000.000000000000000000,0.000000000000000000,400000.000000000000000000,0.000000000000000000,0.000000000000000000,0.000000000000000000
0.710000000000000000,1,1.183331361114398142,4.817889835681027997,0.017135784492155456,600001.000000000000000000,0.000000000000000000,1.000000000000000000,7599981.000000000000000000,130231.636560476114646336,283999.289999999999600001
0.710000000000000000,2,1.183331361114398142,4.817889835681027997,0.017135784492155456,600001.000000000000000000,0.000000000000000000,1.000000000000000000,0.000000000000000000,0.000000000000000000,0.000000000000000000
0.710000000000000000,3,1.183331361114398142,4.817889835681027997,0.017135784492155456,600001.000000000000000000,0.000000000000000000,1.000000000000000000,0.000000000000000000,0.000000000000000000,0.000000000000000000
0.710000000000000000,4,1.183331361114398142,4.817889835681027997,0.017135784492155456,600001.000000000000000000,0.000000000000000000,1.000000000000000000,0.000000000000000000,0.000000000000000000,0.000000000000000000
0.710000000000000000,5,1.183331361114398142,4.817889835681027997,0.017135784492155456,600001.000000000000000000,0.000000000000000000,1.000000000000000000,0.000000000000000000,0.000000000000000000,0.000000000000000000
0.710000000000000000,6,1.183331361114398142,4.817889835681027997,0.017135784492155456,600001.000000000000000000,0.000000000000000000,1.000000000000000000,0.000000000000000000,0.000000000000000000,0.000000000000000000
0.710000000000000000,7,1.183331361114398142,4.817889835681027997,0.017135784492155456,600001.000000000000000000,0.000000000000000000,1.000000000000000000,0.000000000000000000,0.000000000000000000,0.000000000000000000
0.710000000000000000,8,1.183331361114398142,4.817889835681027997,0.017135784492155456,600001.000000000000000000,0.000000000000000000,1.000000000000000000,0.000000000000000000,0.000000000000000000,0.000000000000000000
0.710000000000000000,9,1.183331361114398142,4.817889835681027997,0.017135784492155456,600001.000000000000000000,0.000000000000000000,1.000000000000000000,0.000000000000000000,0.000000000000000000,0.000000000000000000
0.710000000000000000,10,1.183331361114398142,4.817889835681027997,0.017135784492155456,600001.000000000000000000,0.000000000000000000,1.000000000000000000,0.000000000000000000,0.000000000000000000,0.000000000000000000
0.710000000000000000,11,1.183331361114398142,4.817889835681027997,0.017135784492155456,600001.000000000000000000,0.000000000000000000,1.000000000000000000,0.000000000000000000,0.000000000000000000,0.000000000000000000
0.710000000000000000,12,1.183331361114398142,4.817889835681027997,0.017135784492155456,600001.000000000000000000,0.000000000000000000,1.000000000000000000,0.000000000000000000,0.000000000000000000,0.000000000000000000
0.720000000000000000,0,0.719999999999999999,19.000000000000000000,0.037894736842105263,1000000.000000000000000000,0.000000000000000000,400000.000000000000000000,0.000000000000000000,0.000000000000000000,0.000000000000000000
0.720000000000000000,1,1.199998000003333327,4.560028880182907970,0.018359777404404179,600001.000000000000000000,0.000000000000000000,1.000000000000000000,7599981.000000000000000000,139533.959437701076720599,287999.279999999999600001
0.720000000000000000,2,1.199998000003333327,4.560028880182907970,0.018359777404404179,600001.000000000000000000,0.000000000000000000,1.000000000000000000,0.000000000000000000,0.000000000000000000,0.000000000000000000
0.720000000000000000,3,1.199998000003333327,4.560028880182907970,0.018359777404404179,600001.000000000000000000,0.000000000000000000,1.000000000000000000,0.000000000000000000,0.000000000000000000,0.000000000000000000
0.720000000000000000,4,1.199998000003333327,4.560028880182907970,0.018359777404404179,600001.000000000000000000,0.000000000000000000,1.000000000000000000,0.000000000000000000,0.000000000000000000,0.000000000000000000
0.720000000000000000,5,1.199998000003333327,4.560028880182907970,0.018359777404404179,600001.000000000000000000,0.000000000000000000,1.000000000000000000,0.000000000000000000,0.000000000000000000,0.000000000000000000
0.720000000000000000,6,1.199998000003333327,4.560028880182907970,0.018359777404404179,600001.000000000000000000,0.000000000000000000,1.000000000000000000,0.000000000000000000,0.000000000000000000,0.000000000000000000
0.720000000000000000,7,1.199998000003333327,4.560028880182907970,0.018359777404404179,600001.000000000000000000,0.000000000000000000,1.000000000000000000,0.000000000000000000,0.000000000000000000,0.000000000000000000
0.720000000000000000,8,1.199998000003333327,4.560028880182907970,0.018359777404404179,600001.000000000000000000,0.000000000000000000,1.000000000000000000,0.000000000000000000,0.000000000000000000,0.000000000000000000
0.720000000000000000,9,1.199998000003333327,4.560028880182907970,0.018359777404404179,600001.000000000000000000,0.000000000000000000,1.000000000000000000,0.000000000000000000,0.000000000000000000,0.000000000000000000
0.720000000000000000,10,1.199998000003333327,4.560028880182907970,0.018359777404404179,600001.000000000000000000,0.000000000000000000,1.000000000000000000,0.000000000000000000,0.000000000000000000,0.000000000000000000
0.720000000000000000,11,1.199998000003333327,4.560028880182907970,0.018359777404404179,600001.000000000000000000,0.000000000000000000,1.000000000000000000,0.000000000000000000,0.000000000000000000,0.000000000000000000
0.720000000000000000,12,1.199998000003333327,4.560028880182907970,0.018359777404404179,600001.000000000000000000,0.000000000000000000,1.000000000000000000,0.000000000000000000,0.000000000000000000,0.000000000000000000
0.730000000000000000,0,0.729999999999999999,19.000000000000000000,0.038421052631578947,1000000.000000000000000000,0.000000000000000000,400000.000000000000000000,0.000000000000000000,0.000000000000000000,0.000000000000000000
0.730000000000000000,1,1.216664638892268512,4.334400735504367188,0.019583770316652902,600001.000000000000000000,0.000000000000000000,1.000000000000000000,7599981.000000000000000000,148836.282314926038794862,291999.269999999999600001
0.730000000000000000,2,1.216664638892268512,4.334400735504367188,0.019583770316652902,600001.000000000000000000,0.000000000000000000,1.000000000000000000,0.000000000000000000,0.000000000000000000,0.000000000000000000
0.730000000000000000,3,1.216664638892268512,4.334400735504367188,0.019583770316652902,600001.000000000000000000,0.000000000000000000,1.000000000000000000,0.000000000000000000,0.000000000000000000,0.000000000000000000
0.730000000000000000,4,1.216664638892268512,4.334400735504367188,0.019583770316652902,600001.000000000000000000,0.000000000000000000,1.000000000000000000,0.000000000000000000,0.000000000000000000,0.000000000000000000
0.730000000000000000,5,1.216664638892268512,4.334400735504367188,0.019583770316652902,600001.000000000000000000,0.000000000000000000,1.000000000000000000,0.000000000000000000,0.000000000000000000,0.000000000000000000
0.730000000000000000,6,1.216664638892268512,4.334400735504367188,0.019583770316652902,600001.000000000000000000,0.000000000000000000,1.000000000000000000,0.000000000000000000,0.000000000000000000,0.000000000000000000
0.730000000000000000,7,1.216664638892268512,4.334400735504367188,0.019583770316652902,600001.000000000000000000,0.000000000000000000,1.000000000000000000,0.000000000000000000,0.000000000000000000,0.000000000000000000
0.730000000000000000,8,1.216664638892268512,4.334400735504367188,0.019583770316652902,600001.000000000000000000,0.000000000000000000,1.000000000000000000,0.000000000000000000,0.000000000000000000,0.000000000000000000
0.730000000000000000,9,1.216664638892268512,4.334400735504367188,0.019583770316652902,600001.000000000000000000,0.000000000000000000,1.000000000000000000,0.000000000000000000,0.000000000000000000,0.000000000000000000
0.730000000000000000,10,1.216664638892268512,4.334400735504367188,0.019583770316652902,600001.000000000000000000,0.000000000000000000,1.000000000000000000,0.000000000000000000,0.000000000000000000,0.000000000000000000
0.730000000000000000,11,1.216664638892268512,4.334400735504367188,0.019583770316652902,600001.000000000000000000,0.000000000000000000,1.000000000000000000,0.000000000000000000,0.000000000000000000,0.000000000000000000
0.730000000000000000,12,1.216664638892268512,4.334400735504367188,0.019583770316652902,600001.000000000000000000,0.000000000000000000,1.000000000000000000,0.000000000000000000,0.000000000000000000,0.000000000000000000
0.740000000000000000,0,0.739999999999999999,19.000000000000000000,0.038947368421052631,1000000.000000000000000000,0.000000000000000000,400000.000000000000000000,0.000000000000000000,0.000000000000000000,0.000000000000000000
0.740000000000000000,1,1.233331277781203697,4.135317226772737967,0.020807763228901625,600001.000000000000000000,0.000000000000000000,1.000000000000000000,7599981.000000000000000000,158138.605192151000869125,295999.259999999999600001
0.740000000000000000,2,1.233331277781203697,4.135317226772737967,0.020807763228901625,600001.000000000000000000,0.000000000000000000,1.000000000000000000,0.000000000000000000,0.000000000000000000,0.000000000000000000
0.740000000000000000,3,1.233331277781203697,4.135317226772737967,0.020807763228901625,600001.000000000000000000,0.000000000000000000,1.000000000000000000,0.000000000000000000,0.000000000000000000,0.000000000000000000
0.740000000000000000,4,1.233331277781203697,4.135317226772737967,0.020807763228901625,600001.000000000000000000,0.000000000000000000,1.000000000000000000,0.000000000000000000,0.000000000000000000,0.000000000000000000
0.740000000000000000,5,1.233331277781203697,4.135317226772737967,0.020807763228901625,600001.000000000000000000,0.000000000000000000,1.000000000000000000,0.000000000000000000,0.000000000000000000,0.000000000000000000
0.740000000000000000,6,1.233331277781203697,4.135317226772737967,0.020807763228901625,600001.000000000000000000,0.000000000000000000,1.000000000000000000,0.000000000000000000,0.000000000000000000,0.000000000000000000
0.740000000000000000,7,1.233331277781203697,4.135317226772737967,0.020807763228901625,600001.000000000000000000,0.000000000000000000,1.000000000000000000,0.000000000000000000,0.000000000000000000,0.000000000000000000
0.740000000000000000,8,1.233331277781203697,4.135317226772737967,0.020807763228901625,600001.000000000000000000,0.000000000000000000,1.000000000000000000,0.000000000000000000,0.000000000000000000,0.000000000000000000
0.740000000000000000,9,1.233331277781203697,4.135317226772737967,0.020807763228901625,600001.000000000000000000,0.000000000000000000,1.000000000000000000,0.000000000000000000,0.000000000000000000,0.000000000000000000
0.740000000000000000,10,1.233331277781203697,4.135317226772737967,0.020807763228901625,600001.000000000000000000,0.000000000000000000,1.000000000000000000,0.000000000000000000,0.000000000000000000,0.000000000000000000
0.740000000000000000,11,1.233331277781203697,4.135317226772737967,0.020807763228901625,600001.000000000000000000,0.000000000000000000,1.000000000000000000,0.000000000000000000,0.000000000000000000,0.000000000000000000
0.740000000000000000,12,1.233331277781203697,4.135317226772737967,0.020807763228901625,600001.000000000000000000,0.000000000000000000,1.000000000000000000,0.000000000000000000,0.000000000000000000,0.000000000000000000
0.750000000000000000,0,0.749999999999999999,19.000000000000000000,0.039473684210526315,1000000.000000000000000000,0.000000000000000000,400000.000000000000000000,0.000000000000000000,0.000000000000000000,0.000000000000000000
0.750000000000000000,1,1.249997916670138883,3.958354224647296859,0.022031756141150347,600001.000000000000000000,0.000000000000000000,1.000000000000000000,7599981.000000000000000000,167440.928069375955343407,299999.249999999999600001
0.750000000000000000,2,1.249997916670138883,3.958354224647296859,0.022031756141150347,600001.000000000000000000,0.000000000000000000,1.000000000000000000,0.000000000000000000,0.000000000000000000,0.000000000000000000
0.750000000000000000,3,1.249997916670138883,3.958354224647296859,0.022031756141150347,600001.000000000000000000,0.000000000000000000,1.000000000000000000,0.000000000000000000,0.000000000000000000,0.000000000000000000
0.750000000000000000,4,1.249997916670138883,3.958354224647296859,0.022031756141150347,600001.000000000000000000,0.000000000000000000,1.000000000000000000,0.000000000000000000,0.000000000000000000,0.000000000000000000
0.750000000000000000,5,1.249997916670138883,3.958354224647296859,0.022031756141150347,600001.000000000000000000,0.000000000000000000,1.000000000000000000,0.000000000000000000,0.000000000000000000,0.000000000000000000
0.750000000000000000,6,1.249997916670138883,3.958354224647296859,0.022031756141150347,600001.000000000000000000,0.000000000000000000,1.000000000000000000,0.000000000000000000,0.000000000000000000,0.000000000000000000
0.750000000000000000,7,1.249997916670138883,3.958354224647296859,0.022031756141150347,600001.000000000000000000,0.000000000000000000,1.000000000000000000,0.000000000000000000,0.000000000000000000,0.000000000000000000
0.750000000000000000,8,1.249997916670138883,3.958354224647296859,0.022031756141150347,600001.000000000000000000,0.000000000000000000,1.000000000000000000,0.000000000000000000,0.000000000000000000,0.000000000000000000
0.750000000000000000,9,1.249997916670138883,3.958354224647296859,0.022031756141150347,600001.000000000000000000,0.000000000000000000,1.000000000000000000,0.000000000000000000,0.000000000000000000,0.000000000000000000
0.750000000000000000,10,1.249997916670138883,3.958354224647296859,0.022031756141150347,600001.000000000000000000,0.000000000000000000,1.000000000000000000,0.000000000000000000,0.000000000000000000,0.000000000000000000
0.750000000000000000,11,1.249997916670138883,3.958354224647296859,0.022031756141150347,600001.000000000000000000,0.000000000000000000,1.000000000000000000,0.000000000000000000,0.000000000000000000,0.000000000000000000
0.750000000000000000,12,1.249997916670138883,3.958354224647296859,0.022031756141150347,600001.000000000000000000,0.000000000000000000,1.000000000000000000,0.000000000000000000,0.000000000000000000,0.000000000000000000
0.760000000000000000,0,0.760000000000000000,19.000000000000000000,0.040000000000000000,1000000.000000000000000000,0.000000000000000000,400000.000000000000000000,0.000000000000000000,0.000000000000000000,0.000000000000000000
0.760000000000000000,1,1.266664555559074068,3.800019000095000576,0.023255749053399070,600001.000000000000000000,0.000000000000000000,1.000000000000000000,7599981.000000000000000000,176743.250946600917417670,303999.240000000000000000
0.760000000000000000,2,1.266664555559074068,3.800019000095000576,0.023255749053399070,600001.000000000000000000,0.000000000000000000,1.000000000000000000,0.000000000000000000,0.000000000000000000,0.000000000000000000
0.760000000000000000,3,1.266664555559074068,3.800019000095000576,0.023255749053399070,600001.000000000000000000,0.000000000000000000,1.000000000000000000,0.000000000000000000,0.000000000000000000,0.000000000000000000
0.760000000000000000,4,1.266664555559074068,3.800019000095000576,0.023255749053399070,600001.000000000000000000,0.000000000000000000,1.000000000000000000,0.000000000000000000,0.000000000000000000,0.000000000000000000
0.760000000000000000,5,1.266664555559074068,3.800019000095000576,0.023255749053399070,600001.000000000000000000,0.000000000000000000,1.000000000000000000,0.000000000000000000,0.000000000000000000,0.000000000000000000
0.760000000000000000,6,1.266664555559074068,3.800019000095000576,0.023255749053399070,600001.000000000000000000,0.000000000000000000,1.000000000000000000,0.000000000000000000,0.000000000000000000,0.000000000000000000
0.760000000000000000,7,1.266664555559074068,3.800019000095000576,0.023255749053399070,600001.000000000000000000,0.000000000000000000,1.000000000000000000,0.000000000000000000,0.000000000000000000,0.000000000000000000
0.760000000000000000,8,1.266664555559074068,3.800019000095000576,0.023255749053399070,600001.000000000000000000,0.000000000000000000,1.000000000000000000,0.000000000000000000,0.000000000000000000,0.000000000000000000
0.760000000000000000,9,1.266664555559074068,3.800019000095000576,0.023255749053399070,600001.000000000000000000,0.000000000000000000,1.000000000000000000,0.000000000000000000,0.000000000000000000,0.000000000000000000
0.760000000000000000,10,1.266664555559074068,3.800019000095000576,0.023255749053399070,600001.000000000000000000,0.000000000000000000,1.000000000000000000,0.000000000000000000,0.000000000000000000,0.000000000000000000
0.760000000000000000,11,1.266664555559074068,3.800019000095000576,0.023255749053399070,600001.000000000000000000,0.000000000000000000,1.000000000000000000,0.000000000000000000,0.000000000000000000,0.000000000000000000
0.760000000000000000,12,1.266664555559074068,3.800019000095000576,0.023255749053399070,600001.000000000000000000,0.000000000000000000,1.000000000000000000,0.000000000000000000,0.000000000000000000,0.000000000000000000
0.770000000000000000,0,0.769999999999999999,19.000000000000000000,0.040526315789473684,1000000.000000000000000000,0.000000000000000000,400000.000000000000000000,0.000000000000000000,0.000000000000000000,0.000000000000000000
0.770000000000000000,1,1.283331194448009253,3.657517373207522829,0.024479741965647793,600001.000000000000000000,0.000000000000000000,1.000000000000000000,7599981.000000000000000000,186045.573823825879491933,307999.229999999999600001
0.770000000000000000,2,1.283331194448009253,3.657517373207522829,0.024479741965647793,600001.000000000000000000,0.000000000000000000,1.000000000000000000,0.000000000000000000,0.000000000000000000,0.000000000000000000
0.770000000000000000,3,1.283331194448009253,3.657517373207522829,0.024479741965647793,600001.000000000000000000,0.000000000000000000,1.000000000000000000,0.000000000000000000,0.000000000000000000,0.000000000000000000
0.770000000000000000,4,1.283331194448009253,3.657517373207522829,0.024479741965647793,600001.000000000000000000,0.000000000000000000,1.000000000000000000,0.000000000000000000,0.000000000000000000,0.000000000000000000
0.770000000000000000,5,1.283331194448009253,3.657517373207522829,0.024479741965647793,600001.000000000000000000,0.000000000000000000,1.000000000000000000,0.000000000000000000,0.000000000000000000,0.000000000000000000
0.770000000000000000,6,1.283331194448009253,3.657517373207522829,0.024479741965647793,600001.000000000000000000,0.000000000000000000,1.000000000000000000,0.000000000000000000,0.000000000000000000,0.000000000000000000
0.770000000000000000,7,1.283331194448009253,3.657517373207522829,0.024479741965647793,600001.000000000000000000,0.000000000000000000,1.000000000000000000,0.000000000000000000,0.000000000000000000,0.000000000000000000
0.770000000000000000,8,1.283331194448009253,3.657517373207522829,0.024479741965647793,600001.000000000000000000,0.000000000000000000,1.000000000000000000,0.000000000000000000,0.000000000000000000,0.000000000000000000
0.770000000000000000,9,1.283331194448009253,3.657517373207522829,0.024479741965647793,600001.000000000000000000,0.000000000000000000,1.000000000000000000,0.000000000000000000,0.000000000000000000,0.000000000000000000
0.770000000000000000,10,1.283331194448009253,3.657517373207522829,0.024479741965647793,600001.000000000000000000,0.000000000000000000,1.000000000000000000,0.000000000000000000,0.000000000000000000,0.000000000000000000
0.770000000000000000,11,1.283331194448009253,3.657517373207522829,0.024479741965647793,600001.000000000000000000,0.000000000000000000,1.000000000000000000,0.000000000000000000,0.000000000000000000,0.000000000000000000
0.770000000000000000,12,1.283331194448009253,3.657517373207522829,0.024479741965647793,600001.000000000000000000,0.000000000000000000,1.000000000000000000,0.000000000000000000,0.000000000000000000,0.000000000000000000
0.780000000000000000,0,0.779999999999999999,19.000000000000000000,0.041052631578947368,1000000.000000000000000000,0.000000000000000000,400000.000000000000000000,0.000000000000000000,0.000000000000000000,0.000000000000000000
0.780000000000000000,1,1.299997833336944438,3.528587391228674693,0.025703734877896516,600001.000000000000000000,0.000000000000000000,1.000000000000000000,7599981.000000000000000000,195347.896701050841566196,311999.219999999999600001
0.780000000000000000,2,1.299997833336944438,3.528587391228674693,0.025703734877896516,600001.000000000000000000,0.000000000000000000,1.000000000000000000,0.000000000000000000,0.000000000000000000,0.000000000000000000
0.780000000000000000,3,1.299997833336944438,3.528587391228674693,0.025703734877896516,600001.000000000000000000,0.000000000000000000,1.000000000000000000,0.000000000000000000,0.000000000000000000,0.000000000000000000
0.780000000000000000,4,1.299997833336944438,3.528587391228674693,0.025703734877896516,600001.000000000000000000,0.000000000000000000,1.000000000000000000,0.000000000000000000,0.000000000000000000,0.000000000000000000
0.780000000000000000,5,1.299997833336944438,3.528587391228674693,0.025703734877896516,600001.000000000000000000,0.000000000000000000,1.000000000000000000,0.000000000000000000,0.000000000000000000,0.000000000000000000
0.780000000000000000,6,1.299997833336944438,3.528587391228674693,0.025703734877896516,600001.000000000000000000,0.000000000000000000,1.000000000000000000,0.000000000000000000,0.000000000000000000,0.000000000000000000
0.780000000000000000,7,1.299997833336944438,3.528587391228674693,0.025703734877896516,600001.000000000000000000,0.000000000000000000,1.000000000000000000,0.000000000000000000,0.000000000000000000,0.000000000000000000
0.780000000000000000,8,1.299997833336944438,3.528587391228674693,0.025703734877896516,600001.000000000000000000,0.000000000000000000,1.000000000000000000,0.000000000000000000,0.000000000000000000,0.000000000000000000
0.780000000000000000,9,1.299997833336944438,3.528587391228674693,0.025703734877896516,600001.000000000000000000,0.000000000000000000,1.000000000000000000,0.000000000000000000,0.000000000000000000,0.000000000000000000
0.780000000000000000,10,1.299997833336944438,3.528587391228674693,0.025703734877896516,600001.000000000000000000,0.000000000000000000,1.000000000000000000,0.000000000000000000,0.000000000000000000,0.000000000000000000
0.780000000000000000,11,1.299997833336944438,3.528587391228674693,0.025703734877896516,600001.000000000000000000,0.000000000000000000,1.000000000000000000,0.000000000000000000,0.000000000000000000,0.000000000000000000
0.780000000000000000,12,1.299997833336944438,3.528587391228674693,0.025703734877896516,600001.000000000000000000,0.000000000000000000,1.000000000000000000,0.000000000000000000,0.000000000000000000,0.000000000000000000
0.780312500000000000,0,0.780312499999999999,19.000000000000000000,0.041069078947368421,1000000.000000000000000000,0.000000000000000000,400000.000000000000000000,0.000000000000000000,0.000000000000000000,0.000000000000000000
0.780312500000000000,1,1.300000000000000000,3.528571428571428664,0.025727755919709500,600240.384615384615384153,0.000000000000000000,240.384615384615384153,7595432.692307692307701092,195413.438412274296033879,311937.424879807691908293
0.780625000000000000,0,0.780624999999999999,19.000000000000000000,0.041085526315789473,1000000.000000000000000000,0.000000000000000000,400000.000000000000000000,0.000000000000000000,0.000000000000000000,0.000000000000000000
0.780625000000000000,1,1.300000000000000000,3.528571428571428636,0.025751742947945721,600480.769230769230769076,0.000000000000000000,480.769230769230769076,7590865.384615384615387555,195478.014137074513879402,311874.699519230768831370
0.781250000000000000,0,0.781249999999999999,19.000000000000000000,0.041118421052631578,1000000.000000000000000000,0.000000000000000000,400000.000000000000000000,0.000000000000000000,0.000000000000000000,0.000000000000000000
0.781250000000000000,1,1.300000000000000000,3.528571428571428588,0.025799793601651186,600961.538461538461538192,0.000000000000000000,961.538461538461538192,7581730.769230769230774351,195607.088989441924625132,311748.798076923076524249
0.782500000000000000,0,0.782499999999999999,19.000000000000000000,0.041184210526315789,1000000.000000000000000000,0.000000000000000000,400000.000000000000000000,0.000000000000000000,0.000000000000000000,0.000000000000000000
0.782500000000000000,1,1.300000000000000000,3.528571428571428607,0.025896202441878331,601923.076923076923076423,0.000000000000000000,1923.076923076923076423,7563461.538461538461547962,195864.931161360530429092,311495.192307692307294622
0.785000000000000000,0,0.784999999999999999,19.000000000000000000,0.041315789473684210,1000000.000000000000000000,0.000000000000000000,400000.000000000000000000,0.000000000000000000,0.000000000000000000,0.000000000000000000
0.785000000000000000,1,1.300000000000000000,3.528571428571428610,0.026090259478194810,603846.153846153846153615,0.000000000000000000,3846.153846153846153615,7526923.076923076923081314,196379.376149335550653960,310980.769230769230373258
0.790000000000000000,0,0.789999999999999999,19.000000000000000000,0.041578947368421052,1000000.000000000000000000,0.000000000000000000,400000.000000000000000000,0.000000000000000000,0.000000000000000000,0.000000000000000000
0.790000000000000000,1,1.300000000000000000,3.528571428571428610,0.026483405967147166,607692.307692307692307269,0.000000000000000000,7692.307692307692307269,7453846.153846153846161888,197403.233708966183492520,309923.076923076922684949
0.800000000000000000,0,0.799999999999999999,19.000000000000000000,0.042105263157894736,1000000.000000000000000000,0.000000000000000000,400000.000000000000000000,0.000000000000000000,0.000000000000000000,0.000000000000000000
0.800000000000000000,1,1.300000000000000000,3.528571428571428627,0.027290448343079921,615384.615384615384615307,0.000000000000000000,15384.615384615384615307,7307692.307692307692309166,199430.199430199422692347,307692.307692307691923139
0.810000000000000000,0,0.809999999999999999,19.000000000000000000,0.042631578947368421,1000000.000000000000000000,0.000000000000000000,400000.000000000000000000,0.000000000000000000,0.000000000000000000,0.000000000000000000
0.810000000000000000,1,1.300000000000000000,3.528571428571428587,0.028126395158490004,623076.923076923076922615,0.000000000000000000,23076.923076923076922615,7161538.461538461538470314,201428.260711955336338708,305307.692307692307315758
0.820000000000000000,0,0.819999999999999999,19.000000000000000000,0.043157894736842105,1000000.000000000000000000,0.000000000000000000,400000.000000000000000000,0.000000000000000000,0.000000000000000000,0.000000000000000000
0.820000000000000000,1,1.300000000000000000,3.528571428571428580,0.028992827558339226,630769.230769230769230653,0.000000000000000000,30769.230769230769230653,7015384.615384615384617592,203395.836409272108553910,302769.230769230768861633
0.830000000000000000,0,0.829999999999999999,19.000000000000000000,0.043684210526315789,1000000.000000000000000000,0.000000000000000000,400000.000000000000000000,0.000000000000000000,0.000000000000000000,0.000000000000000000
0.830000000000000000,1,1.300000000000000000,3.528571428571428673,0.029891444152904253,638461.538461538461537961,0.000000000000000000,38461.538461538461537961,6869230.769230769230778740,205331.227911873060992591,300076.923076923076561953
0.840000000000000000,0,0.839999999999999999,19.000000000000000000,0.044210526315789473,1000000.000000000000000000,0.000000000000000000,400000.000000000000000000,0.000000000000000000,0.000000000000000000,0.000000000000000000
0.840000000000000000,1,1.300000000000000000,3.528571428571428623,0.030824072132522540,646153.846153846153846000,0.000000000000000000,46153.846153846153846000,6723076.923076923076925999,207232.608029420768923166,297230.769230769230415513
0.850000000000000000,0,0.849999999999999999,19.000000000000000000,0.044736842105263157,1000000.000000000000000000,0.000000000000000000,400000.000000000000000000,0.000000000000000000,0.000000000000000000,0.000000000000000000
0.850000000000000000,1,1.300000000000000000,3.528571428571428577,0.031792679668714934,653846.153846153846153307,0.000000000000000000,53846.153846153846153307,6576923.076923076923087166,209098.008590394373615710,294230.769230769230423535
0.860000000000000000,0,0.859999999999999999,19.000000000000000000,0.045263157894736842,1000000.000000000000000000,0.000000000000000000,400000.000000000000000000,0.000000000000000000,0.000000000000000000,0.000000000000000000
0.860000000000000000,1,1.300000000000000000,3.528571428571428638,0.032799389778794812,661538.461538461538461346,0.000000000000000000,61538.461538461538461346,6430769.230769230769234425,210925.306577480483323196,291076.923076923076584780
0.870000000000000000,0,0.869999999999999999,19.000000000000000000,0.045789473684210526,1000000.000000000000000000,0.000000000000000000,400000.000000000000000000,0.000000000000000000,0.000000000000000000,0.000000000000000000
0.870000000000000000,1,1.300000000000000000,3.528571428571428579,0.033846495859500916,669230.769230769230768653,0.000000000000000000,69230.769230769230768653,6284615.384615384615395592,212712.208593940372092679,287769.230769230768900502
0.880000000000000000,0,0.879999999999999999,19.000000000000000000,0.046315789473684210,1000000.000000000000000000,0.000000000000000000,400000.000000000000000000,0.000000000000000000,0.000000000000000000,0.000000000000000000
0.880000000000000000,1,1.300000000000000000,3.528571428571428590,0.034936479128856624,676923.076923076923076692,0.000000000000000000,76923.076923076923076692,6138461.538461538461542851,214456.233421750661169384,284307.692307692307369434
0.890000000000000000,0,0.889999999999999999,19.000000000000000000,0.046842105263157894,1000000.000000000000000000,0.000000000000000000,400000.000000000000000000,0.000000000000000000,0.000000000000000000,0.000000000000000000
0.890000000000000000,1,1.300000000000000000,3.528571428571428636,0.036072028255457123,684615.384615384615384000,0.000000000000000000,84615.384615384615384000,5992307.692307692307703999,216154.692392316144746575,280692.307692307691992855
0.900000000000000000,0,0.899999999999999999,19.000000000000000000,0.047368421052631578,1000000.000000000000000000,0.000000000000000000,400000.000000000000000000,0.000000000000000000,0.000000000000000000,0.000000000000000000
0.900000000000000000,1,1.300000000000000000,3.528571428571428655,0.037256061502069780,692307.692307692307692038,0.000000000000000000,92307.692307692307692038,5846153.846153846153851277,217804.667242869483077113,276923.076923076922769473
0.910000000000000000,0,0.909999999999999999,19.000000000000000000,0.047894736842105263,1000000.000000000000000000,0.000000000000000000,400000.000000000000000000,0.000000000000000000,0.000000000000000000,0.000000000000000000
0.910000000000000000,1,1.300000000000000000,3.528571428571428580,0.038491751767478397,699999.999999999999999346,0.000000000000000000,99999.999999999999999346,5700000.000000000000012425,219402.985074626862900478,272999.999999999999700595
0.920000000000000000,0,0.919999999999999999,19.000000000000000000,0.048421052631578947,1000000.000000000000000000,0.000000000000000000,400000.000000000000000000,0.000000000000000000,0.000000000000000000,0.000000000000000000
0.920000000000000000,1,1.300000000000000000,3.528571428571428595,0.039782554978996787,707692.307692307692307384,0.000000000000000000,107692.307692307692307384,5553846.153846153846159703,220946.189960274463184848,268923.076923076922784899
0.930000000000000000,0,0.929999999999999999,19.000000000000000000,0.048947368421052631,1000000.000000000000000000,0.000000000000000000,400000.000000000000000000,0.000000000000000000,0.000000000000000000,0.000000000000000000
0.930000000000000000,1,1.300000000000000000,3.528571428571428635,0.041132242370632462,715384.615384615384614692,0.000000000000000000,115384.615384615384614692,5407692.307692307692320851,222430.510665804775277464,264692.307692307692023721
0.940000000000000000,0,0.939999999999999999,19.000000000000000000,0.049473684210526315,1000000.000000000000000000,0.000000000000000000,400000.000000000000000000,0.000000000000000000,0.000000000000000000,0.000000000000000000
0.940000000000000000,1,1.300000000000000000,3.528571428571428592,0.042544937281779386,723076.923076923076922730,0.000000000000000000,123076.923076923076922730,5261538.461538461538468129,223851.823851823846338741,260307.692307692307415710
0.950000000000000000,0,0.950000000000000000,19.000000000000000000,0.050000000000000000,1000000.000000000000000000,0.000000000000000000,400000.000000000000000000,0.000000000000000000,0.000000000000000000,0.000000000000000000
0.950000000000000000,1,1.300000000000000000,3.528571428571428620,0.044025157232704401,730769.230769230769230769,0.000000000000000000,130769.230769230769230769,5115384.615384615384615389,225205.611998064820500000,255769.230769230769230769
0.960000000000000000,0,0.959999999999999999,19.000000000000000000,0.050526315789473684,1000000.000000000000000000,0.000000000000000000,400000.000000000000000000,0.000000000000000000,0.000000000000000000,0.000000000000000000
0.960000000000000000,1,1.300000000000000000,3.528571428571428605,0.045577862181226261,738461.538461538461538076,0.000000000000000000,138461.538461538461538076,4969230.769230769230776555,226486.915146708958508026,251076.923076923076661908
0.970000000000000000,0,0.969999999999999999,19.000000000000000000,0.051052631578947368,1000000.000000000000000000,0.000000000000000000,400000.000000000000000000,0.000000000000000000,0.000000000000000000,0.000000000000000000
0.970000000000000000,1,1.300000000000000000,3.528571428571428627,0.047208510046582770,746153.846153846153846115,0.000000000000000000,146153.846153846153846115,4823076.923076923076923814,227690.275378518436846188,246230.769230769230515422
0.980000000000000000,0,0.979999999999999999,19.000000000000000000,0.051578947368421052,1000000.000000000000000000,0.000000000000000000,400000.000000000000000000,0.000000000000000000,0.000000000000000000,0.000000000000000000
0.980000000000000000,1,1.300000000000000000,3.528571428571428631,0.048923120810155469,753846.153846153846153423,0.000000000000000000,153846.153846153846153423,4676923.076923076923084962,228809.672712111731938854,241230.769230769230523491
0.990000000000000000,0,0.989999999999999999,19.000000000000000000,0.052105263157894736,1000000.000000000000000000,0.000000000000000000,400000.000000000000000000,0.000000000000000000,0.000000000000000000,0.000000000000000000
0.990000000000000000,1,1.300000000000000000,3.528571428571428623,0.050728350779591537,761538.461538461538461461,0.000000000000000000,161538.461538461538461461,4530769.230769230769232240,229838.450839841656100074,236076.923076923076684692
1.000000000000000000,0,0.999999999999999999,19.000000000000000000,0.052631578947368421,1000000.000000000000000000,0.000000000000000000,400000.000000000000000000,0.000000000000000000,0.000000000000000000,0.000000000000000000
1.000000000000000000,1,1.300000000000000000,3.528571428571428621,0.052631578947368420,769230.769230769230768769,0.000000000000000000,169230.769230769230768769,4384615.384615384615393388,230769.230769230764615846,230769.230769230769000461
1.010000000000000000,0,1.009999999999999999,15.991666666666666666,0.063157894736842105,1000000.000000000000000000,0.000000000000000000,400000.000000000000000000,0.000000000000000000,0.000000000000000000,0.000000000000000000
1.010000000000000000,1,1.300000000000000000,3.528571428571428603,0.063157894736842104,776923.076923076923076807,0.000000000000000000,176923.076923076923076807,3532051.282051282051292719,223076.923076923072462212,223076.923076923076923193
1.020000000000000000,0,1.019999999999999999,13.842857142857142857,0.073684210526315789,1000000.000000000000000000,0.000000000000000000,400000.000000000000000000,0.000000000000000000,0.000000000000000000,0.000000000000000000
1.020000000000000000,1,1.300000000000000000,3.528571428571428585,0.073684210526315789,784615.384615384615384115,0.000000000000000000,184615.384615384615384115,2923076.923076923076957010,215384.615384615383233269,215384.615384615384615885
1.030000000000000000,0,1.029999999999999999,12.231250000000000000,0.084210526315789473,1000000.000000000000000000,0.000000000000000000,400000.000000000000000000,0.000000000000000000,0.000000000000000000,0.000000000000000000
1.030000000000000000,1,1.300000000000000000,3.528571428571428584,0.084210526315789473,792307.692307692307692153,0.000000000000000000,192307.692307692307692153,2466346.153846153846161848,207692.307692307690620866,207692.307692307692307847
1.040000000000000000,0,1.039999999999999999,10.977777777777777777,0.094736842105263157,1000000.000000000000000000,0.000000000000000000,400000.000000000000000000,0.000000000000000000,0.000000000000000000,0.000000000000000000
1.040000000000000000,1,1.300000000000000000,3.528571428571428588,0.094736842105263157,799999.999999999999999461,0.000000000000000000,199999.999999999999999461,2111111.111111111111133220,199999.999999999998113205,200000.000000000000000539
1.050000000000000000,0,1.049999999999999999,9.975000000000000000,0.105263157894736842,1000000.000000000000000000,0.000000000000000000,400000.000000000000000000,0.000000000000000000,0.000000000000000000,0.000000000000000000
1.050000000000000000,1,1.300000000000000000,3.528571428571428600,0.105263157894736841,807692.307692307692307500,0.000000000000000000,207692.307692307692307500,1826923.076923076923083317,192307.692307692305673749,192307.692307692307692500
1.060000000000000000,0,1.059999999999999999,9.154545454545454545,0.115789473684210526,1000000.000000000000000000,0.000000000000000000,400000.000000000000000000,0.000000000000000000,0.000000000000000000,0.000000000000000000
1.060000000000000000,1,1.300000000000000000,3.528571428571428593,0.115789473684210525,815384.615384615384614807,0.000000000000000000,215384.615384615384614807,1594405.594405594405610265,184615.384615384613288549,184615.384615384615385193
1.070000000000000000,0,1.069999999999999999,8.470833333333333333,0.126315789473684210,1000000.000000000000000000,0.000000000000000000,400000.000000000000000000,0.000000000000000000,0.000000000000000000,0.000000000000000000
1.070000000000000000,1,1.300000000000000000,3.528571428571428598,0.126315789473684209,823076.923076923076922846,0.000000000000000000,223076.923076923076922846,1400641.025641025641030970,176923.076923076920939775,176923.076923076923077154
1.080000000000000000,0,1.079999999999999999,7.892307692307692307,0.136842105263157894,1000000.000000000000000000,0.000000000000000000,400000.000000000000000000,0.000000000000000000,0.000000000000000000,0.000000000000000000
1.080000000000000000,1,1.300000000000000000,3.528571428571428586,0.136842105263157894,830769.230769230769230153,0.000000000000000000,230769.230769230769230153,1236686.390532544378710338,169230.769230769229859645,169230.769230769230769847
1.090000000000000000,0,1.089999999999999999,7.396428571428571428,0.147368421052631578,1000000.000000000000000000,0.000000000000000000,400000.000000000000000000,0.000000000000000000,0.000000000000000000,0.000000000000000000
1.090000000000000000,1,1.300000000000000000,3.528571428571428596,0.147368421052631577,838461.538461538461538192,0.000000000000000000,238461.538461538461538192,1096153.846153846153850723,161538.461538461536327596,161538.461538461538461808
1.100000000000000000,0,1.099999999999999999,6.966666666666666666,0.157894736842105263,1000000.000000000000000000,0.000000000000000000,400000.000000000000000000,0.000000000000000000,0.000000000000000000,0.000000000000000000
1.100000000000000000,1,1.300000000000000000,3.528571428571428588,0.157894736842105262,846153.846153846153845500,0.000000000000000000,246153.846153846153845500,974358.974358974358984021,153846.153846153845027166,153846.153846153846154500
1.110000000000000000,0,1.109999999999999999,6.590625000000000000,0.168421052631578947,1000000.000000000000000000,0.000000000000000000,400000.000000000000000000,0.000000000000000000,0.000000000000000000,0.000000000000000000
1.110000000000000000,1,1.300000000000000000,3.528571428571428586,0.168421052631578946,853846.153846153846153538,0.000000000000000000,253846.153846153846153538,867788.461538461538465537,146153.846153846152659327,146153.846153846153846462
1.120000000000000000,0,1.119999999999999999,6.258823529411764705,0.178947368421052631,1000000.000000000000000000,0.000000000000000000,400000.000000000000000000,0.000000000000000000,0.000000000000000000,0.000000000000000000
1.120000000000000000,1,1.300000000000000000,3.528571428571428586,0.178947368421052630,861538.461538461538460846,0.000000000000000000,261538.461538461538460846,773755.656108597285075839,138461.538461538460318167,138461.538461538461539154
1.130000000000000000,0,1.129999999999999999,5.963888888888888888,0.189473684210526315,1000000.000000000000000000,0.000000000000000000,400000.000000000000000000,0.000000000000000000,0.000000000000000000,0.000000000000000000
1.130000000000000000,1,1.300000000000000000,3.528571428571428581,0.189473684210526315,869230.769230769230768884,0.000000000000000000,269230.769230769230768884,690170.940170940170943726,130769.230769230768686571,130769.230769230769231116
1.140000000000000000,0,1.140000000000000000,5.700000000000000000,0.200000000000000000,1000000.000000000000000000,0.000000000000000000,400000.000000000000000000,0.000000000000000000,0.000000000000000000,0.000000000000000000
1.140000000000000000,1,1.300000000000000000,3.528571428571428579,0.199999999999999999,876923.076923076923076923,0.000000000000000000,276923.076923076923076923,615384.615384615384615385,123076.923076923076307692,123076.923076923076923077
1.150000000000000000,0,1.149999999999999999,5.462500000000000000,0.210526315789473684,1000000.000000000000000000,0.000000000000000000,400000.000000000000000000,0.000000000000000000,0.000000000000000000,0.000000000000000000
1.150000000000000000,1,1.300000000000000000,3.528571428571428590,0.210526315789473683,884615.384615384615384230,0.000000000000000000,284615.384615384615384230,548076.923076923076926277,115384.615384615383952596,115384.615384615384615770
1.160000000000000000,0,1.159999999999999999,5.247619047619047619,0.221052631578947368,1000000.000000000000000000,0.000000000000000000,400000.000000000000000000,0.000000000000000000,0.000000000000000000,0.000000000000000000
1.160000000000000000,1,1.300000000000000000,3.528571428571428586,0.221052631578947367,892307.692307692307692269,0.000000000000000000,292307.692307692307692269,487179.487179487179487470,107692.307692307691615448,107692.307692307692307731
1.170000000000000000,0,1.169999999999999999,5.052272727272727272,0.231578947368421052,1000000.000000000000000000,0.000000000000000000,400000.000000000000000000,0.000000000000000000,0.000000000000000000,0.000000000000000000
1.170000000000000000,1,1.300000000000000000,3.528571428571428583,0.231578947368421051,899999.999999999999999576,0.000000000000000000,299999.999999999999999576,431818.181818181818184728,99999.999999999999296128,100000.000000000000000424
1.180000000000000000,0,1.179999999999999999,4.873913043478260869,0.242105263157894736,1000000.000000000000000000,0.000000000000000000,400000.000000000000000000,0.000000000000000000,0.000000000000000000,0.000000000000000000
1.180000000000000000,1,1.300000000000000000,3.528571428571428572,0.242105263157894736,907692.307692307692307615,0.000000000000000000,307692.307692307692307615,381270.903010033444816538,92307.692307692307371354,92307.692307692307692385
1.190000000000000000,0,1.189999999999999999,4.710416666666666666,0.252631578947368421,1000000.000000000000000000,0.000000000000000000,400000.000000000000000000,0.000000000000000000,0.000000000000000000,0.000000000000000000
1.190000000000000000,1,1.300000000000000000,3.528571428571428586,0.252631578947368419,915384.615384615384614923,0.000000000000000000,315384.615384615384614923,334935.897435897435900100,84615.384615384614697788,84615.384615384615385077
1.200000000000000000,0,1.199999999999999999,4.560000000000000000,0.263157894736842105,1000000.000000000000000000,0.000000000000000000,400000.000000000000000000,0.000000000000000000,0.000000000000000000,0.000000000000000000
1.200000000000000000,1,1.300000000000000000,3.528571428571428579,0.263157894736842104,923076.923076923076922961,0.000000000000000000,323076.923076923076922961,292307.692307692307692923,76923.076923076922707854,76923.076923076923077039
1.210000000000000000,0,1.209999999999999999,4.421153846153846153,0.273684210526315789,1000000.000000000000000000,0.000000000000000000,400000.000000000000000000,0.000000000000000000,0.000000000000000000,0.000000000000000000
1.210000000000000000,1,1.300000000000000000,3.528571428571428577,0.273684210526315789,930769.230769230769230269,0.000000000000000000,330769.230769230769230269,252958.579881656804736187,69230.769230769230650081,69230.769230769230769731
1.220000000000000000,0,1.219999999999999999,4.292592592592592592,0.284210526315789473,1000000.000000000000000000,0.000000000000000000,400000.000000000000000000,0.000000000000000000,0.000000000000000000,0.000000000000000000
1.220000000000000000,1,1.300000000000000000,3.528571428571428574,0.284210526315789473,938461.538461538461538307,0.000000000000000000,338461.538461538461538307,216524.216524216524217228,61538.461538461538313590,61538.461538461538461693
1.230000000000000000,0,1.229999999999999999,4.173214285714285714,0.294736842105263157,1000000.000000000000000000,0.000000000000000000,400000.000000000000000000,0.000000000000000000,0.000000000000000000,0.000000000000000000
1.230000000000000000,1,1.300000000000000000,3.528571428571428575,0.294736842105263157,946153.846153846153845615,0.000000000000000000,346153.846153846153845615,182692.307692307692309977,53846.153846153845991057,53846.153846153846154385
1.240000000000000000,0,1.239999999999999999,4.062068965517241379,0.305263157894736842,1000000.000000000000000000,0.000000000000000000,400000.000000000000000000,0.000000000000000000,0.000000000000000000,0.000000000000000000
1.240000000000000000,1,1.300000000000000000,3.528571428571428573,0.305263157894736841,953846.153846153846153653,0.000000000000000000,353846.153846153846153653,151193.633952254641910577,46153.846153846153679277,46153.846153846153846347
1.250000000000000000,0,1.249999999999999999,3.958333333333333333,0.315789473684210526,1000000.000000000000000000,0.000000000000000000,400000.000000000000000000,0.000000000000000000,0.000000000000000000,0.000000000000000000
1.250000000000000000,1,1.300000000000000000,3.528571428571428577,0.315789473684210525,961538.461538461538460961,0.000000000000000000,361538.461538461538460961,121794.871794871794873927,38461.538461538461378878,38461.538461538461539039
1.260000000000000000,0,1.259999999999999999,3.861290322580645161,0.326315789473684210,1000000.000000000000000000,0.000000000000000000,400000.000000000000000000,0.000000000000000000,0.000000000000000000,0.000000000000000000
1.260000000000000000,1,1.300000000000000000,3.528571428571428571,0.326315789473684210,969230.769230769230769000,0.000000000000000000,369230.769230769230769000,94292.803970223325062833,30769.230769230769181401,30769.230769230769231000
1.270000000000000000,0,1.269999999999999999,3.770312500000000000,0.336842105263157894,1000000.000000000000000000,0.000000000000000000,400000.000000000000000000,0.000000000000000000,0.000000000000000000,0.000000000000000000
1.270000000000000000,1,1.300000000000000000,3.528571428571428573,0.336842105263157894,976923.076923076923076307,0.000000000000000000,376923.076923076923076307,68509.615384615384617384,23076.923076923076873269,23076.923076923076923693
1.280000000000000000,0,1.279999999999999999,3.684848484848484848,0.347368421052631578,1000000.000000000000000000,0.000000000000000000,400000.000000000000000000,0.000000000000000000,0.000000000000000000,0.000000000000000000
1.280000000000000000,1,1.300000000000000000,3.528571428571428581,0.347368421052631577,984615.384615384615384346,0.000000000000000000,384615.384615384615384346,44289.044289044289045111,15384.615384615384529423,15384.615384615384615654
1.290000000000000000,0,1.289999999999999999,3.604411764705882352,0.357894736842105263,1000000.000000000000000000,0.000000000000000000,400000.000000000000000000,0.000000000000000000,0.000000000000000000,0.000000000000000000
1.290000000000000000,1,1.300000000000000000,3.528571428571428583,0.357894736842105261,992307.692307692307691653,0.000000000000000000,392307.692307692307691653,21493.212669683257920435,7692.307692307692261986,7692.307692307692308347
1.300000000000000000,0,1.299999999999999999,3.528571428571428571,0.368421052631578947,1000000.000000000000000000,0.000000000000000000,400000.000000000000000000,0.000000000000000000,0.000000000000000000,0.000000000000000000
1.300000000000000000,1,1.300000000000000000,3.528571428571428584,0.368421052631578945,999999.999999999999999692,0.000000000000000000,399999.999999999999999692,0.000000000000000836,0.000000000000000307,0.000000000000000308
1.300312500000000000,0,1.300312500000000000,3.526271186440677966,0.368750000000000000,1000000.000000000000000000,0.000000000000000000,400000.000000000000000000,0.000000000000000000,0.000000000000000000,0.000000000000000000
1.300625000000000000,0,1.300624999999999999,3.523975044563279857,0.369078947368421052,1000000.000000000000000000,0.000000000000000000,400000.000000000000000000,0.000000000000000000,0.000000000000000000,0.000000000000000000
1.301250000000000000,0,1.301249999999999999,3.519395017793594306,0.369736842105263157,1000000.000000000000000000,0.000000000000000000,400000.000000000000000000,0.000000000000000000,0.000000000000000000,0.000000000000000000
1.302500000000000000,0,1.302499999999999999,3.510283687943262411,0.371052631578947368,1000000.000000000000000000,0.000000000000000000,400000.000000000000000000,0.000000000000000000,0.000000000000000000,0.000000000000000000
1.305000000000000000,0,1.304999999999999999,3.492253521126760563,0.373684210526315789,1000000.000000000000000000,0.000000000000000000,400000.000000000000000000,0.000000000000000000,0.000000000000000000,0.000000000000000000
1.310000000000000000,0,1.309999999999999999,3.456944444444444444,0.378947368421052631,1000000.000000000000000000,0.000000000000000000,400000.000000000000000000,0.000000000000000000,0.000000000000000000,0.000000000000000000
1.320000000000000000,0,1.319999999999999999,3.389189189189189189,0.389473684210526315,1000000.000000000000000000,0.000000000000000000,400000.000000000000000000,0.000000000000000000,0.000000000000000000,0.000000000000000000
1.330000000000000000,0,1.330000000000000000,3.325000000000000000,0.400000000000000000,1000000.000000000000000000,0.000000000000000000,400000.000000000000000000,0.000000000000000000,0.000000000000000000,0.000000000000000000
1.340000000000000000,0,1.339999999999999999,3.264102564102564102,0.410526315789473684,1000000.000000000000000000,0.000000000000000000,400000.000000000000000000,0.000000000000000000,0.000000000000000000,0.000000000000000000
1.350000000000000000,0,1.349999999999999999,3.206250000000000000,0.421052631578947368,1000000.000000000000000000,0.000000000000000000,400000.000000000000000000,0.000000000000000000,0.000000000000000000,0.000000000000000000
1.360000000000000000,0,1.359999999999999999,3.151219512195121951,0.431578947368421052,1000000.000000000000000000,0.000000000000000000,400000.000000000000000000,0.000000000000000000,0.000000000000000000,0.000000000000000000
1.370000000000000000,0,1.369999999999999999,3.098809523809523809,0.442105263157894736,1000000.000000000000000000,0.000000000000000000,400000.000000000000000000,0.000000000000000000,0.000000000000000000,0.000000000000000000
1.380000000000000000,0,1.379999999999999999,3.048837209302325581,0.452631578947368421,1000000.000000000000000000,0.000000000000000000,400000.000000000000000000,0.000000000000000000,0.000000000000000000,0.000000000000000000
1.390000000000000000,0,1.389999999999999999,3.001136363636363636,0.463157894736842105,1000000.000000000000000000,0.000000000000000000,400000.000000000000000000,0.000000000000000000,0.000000000000000000,0.000000000000000000
1.400000000000000000,0,1.399999999999999999,2.955555555555555555,0.473684210526315789,1000000.000000000000000000,0.000000000000000000,400000.000000000000000000,0.000000000000000000,0.000000000000000000,0.000000000000000000
1.410000000000000000,0,1.409999999999999999,2.911956521739130434,0.484210526315789473,1000000.000000000000000000,0.000000000000000000,400000.000000000000000000,0.000000000000000000,0.000000000000000000,0.000000000000000000
1.420000000000000000,0,1.419999999999999999,2.870212765957446808,0.494736842105263157,1000000.000000000000000000,0.000000000000000000,400000.000000000000000000,0.000000000000000000,0.000000000000000000,0.000000000000000000
1.430000000000000000,0,1.429999999999999999,2.830208333333333333,0.505263157894736842,1000000.000000000000000000,0.000000000000000000,400000.000000000000000000,0.000000000000000000,0.000000000000000000,0.000000000000000000
1.440000000000000000,0,1.439999999999999999,2.791836734693877551,0.515789473684210526,1000000.000000000000000000,0.000000000000000000,400000.000000000000000000,0.000000000000000000,0.000000000000000000,0.000000000000000000
1.450000000000000000,0,1.449999999999999999,2.755000000000000000,0.526315789473684210,1000000.000000000000000000,0.000000000000000000,400000.000000000000000000,0.000000000000000000,0.000000000000000000,0.000000000000000000
1.460000000000000000,0,1.459999999999999999,2.719607843137254901,0.536842105263157894,1000000.000000000000000000,0.000000000000000000,400000.000000000000000000,0.000000000000000000,0.000000000000000000,0.000000000000000000
1.470000000000000000,0,1.469999999999999999,2.685576923076923076,0.547368421052631578,1000000.000000000000000000,0.000000000000000000,400000.000000000000000000,0.000000000000000000,0.000000000000000000,0.000000000000000000
1.480000000000000000,0,1.479999999999999999,2.652830188679245283,0.557894736842105263,1000000.000000000000000000,0.000000000000000000,400000.000000000000000000,0.000000000000000000,0.000000000000000000,0.000000000000000000
1.490000000000000000,0,1.489999999999999999,2.621296296296296296,0.568421052631578947,1000000.000000000000000000,0.000000000000000000,400000.000000000000000000,0.000000000000000000,0.000000000000000000,0.000000000000000000
1.500000000000000000,0,1.499999999999999999,2.590909090909090909,0.578947368421052631,1000000.000000000000000000,0.000000000000000000,400000.000000000000000000,0.000000000000000000,0.000000000000000000,0.000000000000000000
1.510000000000000000,0,1.509999999999999999,2.561607142857142857,0.589473684210526315,1000000.000000000000000000,0.000000000000000000,400000.000000000000000000,0.000000000000000000,0.000000000000000000,0.000000000000000000
1.520000000000000000,0,1.520000000000000000,2.533333333333333333,0.600000000000000000,1000000.000000000000000000,0.000000000000000000,400000.000000000000000000,0.000000000000000000,0.000000000000000000,0.000000000000000000
1.530000000000000000,0,1.529999999999999999,2.506034482758620689,0.610526315789473684,1000000.000000000000000000,0.000000000000000000,400000.000000000000000000,0.000000000000000000,0.000000000000000000,0.000000000000000000
1.540000000000000000,0,1.539999999999999999,2.479661016949152542,0.621052631578947368,1000000.000000000000000000,0.000000000000000000,400000.000000000000000000,0.000000000000000000,0.000000000000000000,0.000000000000000000
1.550000000000000000,0,1.549999999999999999,2.454166666666666666,0.631578947368421052,1000000.000000000000000000,0.000000000000000000,400000.000000000000000000,0.000000000000000000,0.000000000000000000,0.000000000000000000
1.560000000000000000,0,1.559999999999999999,2.429508196721311475,0.642105263157894736,1000000.000000000000000000,0.000000000000000000,400000.000000000000000000,0.000000000000000000,0.000000000000000000,0.000000000000000000
1.570000000000000000,0,1.569999999999999999,2.405645161290322580,0.652631578947368421,1000000.000000000000000000,0.000000000000000000,400000.000000000000000000,0.000000000000000000,0.000000000000000000,0.000000000000000000
1.580000000000000000,0,1.579999999999999999,2.382539682539682539,0.663157894736842105,1000000.000000000000000000,0.000000000000000000,400000.000000000000000000,0.000000000000000000,0.000000000000000000,0.000000000000000000
1.590000000000000000,0,1.589999999999999999,2.360156250000000000,0.673684210526315789,1000000.000000000000000000,0.000000000000000000,400000.000000000000000000,0.000000000000000000,0.000000000000000000,0.000000000000000000
1.600000000000000000,0,1.599999999999999999,2.338461538461538461,0.684210526315789473,1000000.000000000000000000,0.000000000000000000,400000.000000000000000000,0.000000000000000000,0.000000000000000000,0.000000000000000000
