start CR,rebalance,collateral ratio,leverage ratio,leveraged price,pegged supply,collateral pool pegged,leveraged pool pegged,leveraged returned,leveraged value returned,pegged value given up
0.010000000000000000,0,0.010000000000000000,115792089237316195423570985008687907853269984665640564039457.584007913129639935,0.000000000000000000,1000000.000000000000000000,0.000000000000000000,400000.000000000000000000,0.000000000000000000,0.000000000000000000,0.000000000000000000
0.010000000000000000,1,0.010000000000000000,115792089237316195423570985008687907853269984665640564039457.584007913129639935,0.000000000000000000,1000000.000000000000000000,0.000000000000000000,400000.000000000000000000,0.000000000000000000,0.000000000000000000,0.000000000000000000
0.010000000000000000,2,0.010000000000000000,115792089237316195423570985008687907853269984665640564039457.584007913129639935,0.000000000000000000,1000000.000000000000000000,0.000000000000000000,400000.000000000000000000,0.000000000000000000,0.000000000000000000,0.000000000000000000
0.010000000000000000,3,0.010000000000000000,115792089237316195423570985008687907853269984665640564039457.584007913129639935,0.000000000000000000,1000000.000000000000000000,0.000000000000000000,400000.000000000000000000,0.000000000000000000,0.000000000000000000,0.000000000000000000
0.010000000000000000,4,0.010000000000000000,115792089237316195423570985008687907853269984665640564039457.584007913129639935,0.000000000000000000,1000000.000000000000000000,0.000000000000000000,400000.000000000000000000,0.000000000000000000,0.000000000000000000,0.000000000000000000
0.010000000000000000,5,0.010000000000000000,115792089237316195423570985008687907853269984665640564039457.584007913129639935,0.000000000000000000,1000000.000000000000000000,0.000000000000000000,400000.000000000000000000,0.000000000000000000,0.000000000000000000,0.000000000000000000
0.010000000000000000,6,0.010000000000000000,115792089237316195423570985008687907853269984665640564039457.584007913129639935,0.000000000000000000,1000000.000000000000000000,0.000000000000000000,400000.000000000000000000,0.000000000000000000,0.000000000000000000,0.000000000000000000
0.010000000000000000,7,0.010000000000000000,115792089237316195423570985008687907853269984665640564039457.584007913129639935,0.000000000000000000,1000000.000000000000000000,0.000000000000000000,400000.000000000000000000,0.000000000000000000,0.000000000000000000,0.000000000000000000
0.010000000000000000,8,0.010000000000000000,115792089237316195423570985008687907853269984665640564039457.584007913129639935,0.000000000000000000,1000000.000000000000000000,0.000000000000000000,400000.000000000000000000,0.000000000000000000,0.000000000000000000,0.000000000000000000
0.010000000000000000,9,0.010000000000000000,115792089237316195423570985008687907853269984665640564039457.584007913129639935,0.000000000000000000,1000000.000000000000000000,0.000000000000000000,400000.000000000000000000,0.000000000000000000,0.000000000000000000,0.000000000000000000
0.010000000000000000,10,0.010000000000000000,115792089237316195423570985008687907853269984665640564039457.584007913129639935,0.000000000000000000,1000000.000000000000000000,0.000000000000000000,400000.000000000000000000,0.000000000000000000,0.000000000000000000,0.000000000000000000
0.010000000000000000,11,0.010000000000000000,115792089237316195423570985008687907853269984665640564039457.584007913129639935,0.000000000000000000,1000000.000000000000000000,0.000000000000000000,400000.000000000000000000,0.000000000000000000,0.000000000000000000,0.000000000000000000
0.010000000000000000,12,0.010000000000000000,115792089237316195423570985008687907853269984665640564039457.584007913129639935,0.000000000000000000,1000000.000000000000000000,0.000000000000000000,400000.000000000000000000,0.000000000000000000,0.000000000000000000,0.000000000000000000
0.020000000000000000,0,0.020000000000000000,115792089237316195423570985008687907853269984665640564039457.584007913129639935,0.000000000000000000,1000000.000000000000000000,0.000000000000000000,400000.000000000000000000,0.000000000000000000,0.000000000000000000,0.000000000000000000
0.020000000000000000,1,0.020000000000000000,115792089237316195423570985008687907853269984665640564039457.584007913129639935,0.000000000000000000,1000000.000000000000000000,0.000000000000000000,400000.000000000000000000,0.000000000000000000,0.000000000000000000,0.000000000000000000
0.020000000000000000,2,0.020000000000000000,115792089237316195423570985008687907853269984665640564039457.584007913129639935,0.000000000000000000,1000000.000000000000000000,0.000000000000000000,400000.000000000000000000,0.000000000000000000,0.000000000000000000,0.000000000000000000
0.020000000000000000,3,0.020000000000000000,115792089237316195423570985008687907853269984665640564039457.584007913129639935,0.000000000000000000,1000000.000000000000000000,0.000000000000000000,400000.000000000000000000,0.000000000000000000,0.000000000000000000,0.000000000000000000
0.020000000000000000,4,0.020000000000000000,115792089237316195423570985008687907853269984665640564039457.584007913129639935,0.000000000000000000,1000000.000000000000000000,0.000000000000000000,400000.000000000000000000,0.000000000000000000,0.000000000000000000,0.000000000000000000
0.020000000000000000,5,0.020000000000000000,115792089237316195423570985008687907853269984665640564039457.584007913129639935,0.000000000000000000,1000000.000000000000000000,0.000000000000000000,400000.000000000000000000,0.000000000000000000,0.000000000000000000,0.000000000000000000
0.020000000000000000,6,0.020000000000000000,115792089237316195423570985008687907853269984665640564039457.584007913129639935,0.000000000000000000,1000000.000000000000000000,0.000000000000000000,400000.000000000000000000,0.000000000000000000,0.000000000000000000,0.000000000000000000
0.020000000000000000,7,0.020000000000000000,115792089237316195423570985008687907853269984665640564039457.584007913129639935,0.000000000000000000,1000000.000000000000000000,0.000000000000000000,400000.000000000000000000,0.000000000000000000,0.000000000000000000,0.000000000000000000
0.020000000000000000,8,0.020000000000000000,115792089237316195423570985008687907853269984665640564039457.584007913129639935,0.000000000000000000,1000000.000000000000000000,0.000000000000000000,400000.000000000000000000,0.000000000000000000,0.000000000000000000,0.000000000000000000
0.020000000000000000,9,0.020000000000000000,115792089237316195423570985008687907853269984665640564039457.584007913129639935,0.000000000000000000,1000000.000000000000000000,0.000000000000000000,400000.000000000000000000,0.000000000000000000,0.000000000000000000,0.000000000000000000
0.020000000000000000,10,0.020000000000000000,115792089237316195423570985008687907853269984665640564039457.584007913129639935,0.000000000000000000,1000000.000000000000000000,0.000000000000000000,400000.000000000000000000,0.000000000000000000,0.000000000000000000,0.000000000000000000
0.020000000000000000,11,0.020000000000000000,115792089237316195423570985008687907853269984665640564039457.584007913129639935,0.000000000000000000,1000000.000000000000000000,0.000000000000000000,400000.000000000000000000,0.000000000000000000,0.000000000000000000,0.000000000000000000
0.020000000000000000,12,0.020000000000000000,115792089237316195423570985008687907853269984665640564039457.584007913129639935,0.000000000000000000,1000000.000000000000000000,0.000000000000000000,400000.000000000000000000,0.000000000000000000,0.000000000000000000,0.000000000000000000
0.030000000000000000,0,0.030000000000000000,115792089237316195423570985008687907853269984665640564039457.584007913129639935,0.000000000000000000,1000000.000000000000000000,0.000000000000000000,400000.000000000000000000,0.000000000000000000,0.000000000000000000,0.000000000000000000
0.030000000000000000,1,0.030000000000000000,115792089237316195423570985008687907853269984665640564039457.584007913129639935,0.000000000000000000,1000000.000000000000000000,0.000000000000000000,400000.000000000000000000,0.000000000000000000,0.000000000000000000,0.000000000000000000
0.030000000000000000,2,0.030000000000000000,115792089237316195423570985008687907853269984665640564039457.584007913129639935,0.000000000000000000,1000000.000000000000000000,0.000000000000000000,400000.000000000000000000,0.000000000000000000,0.000000000000000000,0.000000000000000000
0.030000000000000000,3,0.030000000000000000,115792089237316195423570985008687907853269984665640564039457.584007913129639935,0.000000000000000000,1000000.000000000000000000,0.000000000000000000,400000.000000000000000000,0.000000000000000000,0.000000000000000000,0.000000000000000000
0.030000000000000000,4,0.030000000000000000,115792089237316195423570985008687907853269984665640564039457.584007913129639935,0.000000000000000000,1000000.000000000000000000,0.000000000000000000,400000.000000000000000000,0.000000000000000000,0.000000000000000000,0.000000000000000000
0.030000000000000000,5,0.030000000000000000,115792089237316195423570985008687907853269984665640564039457.584007913129639935,0.000000000000000000,1000000.000000000000000000,0.000000000000000000,400000.000000000000000000,0.000000000000000000,0.000000000000000000,0.000000000000000000
0.030000000000000000,6,0.030000000000000000,115792089237316195423570985008687907853269984665640564039457.584007913129639935,0.000000000000000000,1000000.000000000000000000,0.000000000000000000,400000.000000000000000000,0.000000000000000000,0.000000000000000000,0.000000000000000000
0.030000000000000000,7,0.030000000000000000,115792089237316195423570985008687907853269984665640564039457.584007913129639935,0.000000000000000000,1000000.000000000000000000,0.000000000000000000,400000.000000000000000000,0.000000000000000000,0.000000000000000000,0.000000000000000000
0.030000000000000000,8,0.030000000000000000,115792089237316195423570985008687907853269984665640564039457.584007913129639935,0.000000000000000000,1000000.000000000000000000,0.000000000000000000,400000.000000000000000000,0.000000000000000000,0.000000000000000000,0.000000000000000000
0.030000000000000000,9,0.030000000000000000,115792089237316195423570985008687907853269984665640564039457.584007913129639935,0.000000000000000000,1000000.000000000000000000,0.000000000000000000,400000.000000000000000000,0.000000000000000000,0.000000000000000000,0.000000000000000000
0.030000000000000000,10,0.030000000000000000,115792089237316195423570985008687907853269984665640564039457.584007913129639935,0.000000000000000000,1000000.000000000000000000,0.000000000000000000,400000.000000000000000000,0.000000000000000000,0.000000000000000000,0.000000000000000000
0.030000000000000000,11,0.030000000000000000,115792089237316195423570985008687907853269984665640564039457.584007913129639935,0.000000000000000000,1000000.000000000000000000,0.000000000000000000,400000.000000000000000000,0.000000000000000000,0.000000000000000000,0.000000000000000000
0.030000000000000000,12,0.030000000000000000,115792089237316195423570985008687907853269984665640564039457.584007913129639935,0.000000000000000000,1000000.000000000000000000,0.000000000000000000,400000.000000000000000000,0.000000000000000000,0.000000000000000000,0.000000000000000000
0.040000000000000000,0,0.040000000000000000,115792089237316195423570985008687907853269984665640564039457.584007913129639935,0.000000000000000000,1000000.000000000000000000,0.000000000000000000,400000.000000000000000000,0.000000000000000000,0.000000000000000000,0.000000000000000000
0.040000000000000000,1,0.040000000000000000,115792089237316195423570985008687907853269984665640564039457.584007913129639935,0.000000000000000000,1000000.000000000000000000,0.000000000000000000,400000.000000000000000000,0.000000000000000000,0.000000000000000000,0.000000000000000000
0.040000000000000000,2,0.040000000000000000,115792089237316195423570985008687907853269984665640564039457.584007913129639935,0.000000000000000000,1000000.000000000000000000,0.000000000000000000,400000.000000000000000000,0.000000000000000000,0.000000000000000000,0.000000000000000000
0.040000000000000000,3,0.040000000000000000,115792089237316195423570985008687907853269984665640564039457.584007913129639935,0.000000000000000000,1000000.000000000000000000,0.000000000000000000,400000.000000000000000000,0.000000000000000000,0.000000000000000000,0.000000000000000000
0.040000000000000000,4,0.040000000000000000,115792089237316195423570985008687907853269984665640564039457.584007913129639935,0.000000000000000000,1000000.000000000000000000,0.000000000000000000,400000.000000000000000000,0.000000000000000000,0.000000000000000000,0.000000000000000000
0.040000000000000000,5,0.040000000000000000,115792089237316195423570985008687907853269984665640564039457.584007913129639935,0.000000000000000000,1000000.000000000000000000,0.000000000000000000,400000.000000000000000000,0.000000000000000000,0.000000000000000000,0.000000000000000000
0.040000000000000000,6,0.040000000000000000,115792089237316195423570985008687907853269984665640564039457.584007913129639935,0.000000000000000000,1000000.000000000000000000,0.000000000000000000,400000.000000000000000000,0.000000000000000000,0.000000000000000000,0.000000000000000000
0.040000000000000000,7,0.040000000000000000,115792089237316195423570985008687907853269984665640564039457.584007913129639935,0.000000000000000000,1000000.000000000000000000,0.000000000000000000,400000.000000000000000000,0.000000000000000000,0.000000000000000000,0.000000000000000000
0.040000000000000000,8,0.040000000000000000,115792089237316195423570985008687907853269984665640564039457.584007913129639935,0.000000000000000000,1000000.000000000000000000,0.000000000000000000,400000.000000000000000000,0.000000000000000000,0.000000000000000000,0.000000000000000000
0.040000000000000000,9,0.040000000000000000,115792089237316195423570985008687907853269984665640564039457.584007913129639935,0.000000000000000000,1000000.000000000000000000,0.000000000000000000,400000.000000000000000000,0.000000000000000000,0.000000000000000000,0.000000000000000000
0.040000000000000000,10,0.040000000000000000,115792089237316195423570985008687907853269984665640564039457.584007913129639935,0.000000000000000000,1000000.000000000000000000,0.000000000000000000,400000.000000000000000000,0.000000000000000000,0.000000000000000000,0.000000000000000000
0.040000000000000000,11,0.040000000000000000,115792089237316195423570985008687907853269984665640564039457.584007913129639935,0.000000000000000000,1000000.000000000000000000,0.000000000000000000,400000.000000000000000000,0.000000000000000000,0.000000000000000000,0.000000000000000000
0.040000000000000000,12,0.040000000000000000,115792089237316195423570985008687907853269984665640564039457.584007913129639935,0.000000000000000000,1000000.000000000000000000,0.000000000000000000,400000.000000000000000000,0.000000000000000000,0.000000000000000000,0.000000000000000000
0.050000000000000000,0,0.050000000000000000,115792089237316195423570985008687907853269984665640564039457.584007913129639935,0.000000000000000000,1000000.000000000000000000,0.000000000000000000,400000.000000000000000000,0.000000000000000000,0.000000000000000000,0.000000000000000000
0.050000000000000000,1,0.050000000000000000,115792089237316195423570985008687907853269984665640564039457.584007913129639935,0.000000000000000000,1000000.000000000000000000,0.000000000000000000,400000.000000000000000000,0.000000000000000000,0.000000000000000000,0.000000000000000000
0.050000000000000000,2,0.050000000000000000,115792089237316195423570985008687907853269984665640564039457.584007913129639935,0.000000000000000000,1000000.000000000000000000,0.000000000000000000,400000.000000000000000000,0.000000000000000000,0.000000000000000000,0.000000000000000000
0.050000000000000000,3,0.050000000000000000,115792089237316195423570985008687907853269984665640564039457.584007913129639935,0.000000000000000000,1000000.000000000000000000,0.000000000000000000,400000.000000000000000000,0.000000000000000000,0.000000000000000000,0.000000000000000000
0.050000000000000000,4,0.050000000000000000,115792089237316195423570985008687907853269984665640564039457.584007913129639935,0.000000000000000000,1000000.000000000000000000,0.000000000000000000,400000.000000000000000000,0.000000000000000000,0.000000000000000000,0.000000000000000000
0.050000000000000000,5,0.050000000000000000,115792089237316195423570985008687907853269984665640564039457.584007913129639935,0.000000000000000000,1000000.000000000000000000,0.000000000000000000,400000.000000000000000000,0.000000000000000000,0.000000000000000000,0.000000000000000000
0.050000000000000000,6,0.050000000000000000,115792089237316195423570985008687907853269984665640564039457.584007913129639935,0.000000000000000000,1000000.000000000000000000,0.000000000000000000,400000.000000000000000000,0.000000000000000000,0.000000000000000000,0.000000000000000000
0.050000000000000000,7,0.050000000000000000,115792089237316195423570985008687907853269984665640564039457.584007913129639935,0.000000000000000000,1000000.000000000000000000,0.000000000000000000,400000.000000000000000000,0.000000000000000000,0.000000000000000000,0.000000000000000000
0.050000000000000000,8,0.050000000000000000,115792089237316195423570985008687907853269984665640564039457.584007913129639935,0.000000000000000000,1000000.000000000000000000,0.000000000000000000,400000.000000000000000000,0.000000000000000000,0.000000000000000000,0.000000000000000000
0.050000000000000000,9,0.050000000000000000,115792089237316195423570985008687907853269984665640564039457.584007913129639935,0.000000000000000000,1000000.000000000000000000,0.000000000000000000,400000.000000000000000000,0.000000000000000000,0.000000000000000000,0.000000000000000000
0.050000000000000000,10,0.050000000000000000,115792089237316195423570985008687907853269984665640564039457.584007913129639935,0.000000000000000000,1000000.000000000000000000,0.000000000000000000,400000.000000000000000000,0.000000000000000000,0.000000000000000000,0.000000000000000000
0.050000000000000000,11,0.050000000000000000,115792089237316195423570985008687907853269984665640564039457.584007913129639935,0.000000000000000000,1000000.000000000000000000,0.000000000000000000,400000.000000000000000000,0.000000000000000000,0.000000000000000000,0.000000000000000000
0.050000000000000000,12,0.050000000000000000,115792089237316195423570985008687907853269984665640564039457.584007913129639935,0.000000000000000000,1000000.000000000000000000,0.000000000000000000,400000.000000000000000000,0.000000000000000000,0.000000000000000000,0.000000000000000000
0.060000000000000000,0,0.060000000000000000,115792089237316195423570985008687907853269984665640564039457.584007913129639935,0.000000000000000000,1000000.000000000000000000,0.000000000000000000,400000.000000000000000000,0.000000000000000000,0.000000000000000000,0.000000000000000000
0.060000000000000000,1,0.060000000000000000,115792089237316195423570985008687907853269984665640564039457.584007913129639935,0.000000000000000000,1000000.000000000000000000,0.000000000000000000,400000.000000000000000000,0.000000000000000000,0.000000000000000000,0.000000000000000000
0.060000000000000000,2,0.060000000000000000,115792089237316195423570985008687907853269984665640564039457.584007913129639935,0.000000000000000000,1000000.000000000000000000,0.000000000000000000,400000.000000000000000000,0.000000000000000000,0.000000000000000000,0.000000000000000000
0.060000000000000000,3,0.060000000000000000,115792089237316195423570985008687907853269984665640564039457.584007913129639935,0.000000000000000000,1000000.000000000000000000,0.000000000000000000,400000.000000000000000000,0.000000000000000000,0.000000000000000000,0.000000000000000000
0.060000000000000000,4,0.060000000000000000,115792089237316195423570985008687907853269984665640564039457.584007913129639935,0.000000000000000000,1000000.000000000000000000,0.000000000000000000,400000.000000000000000000,0.000000000000000000,0.000000000000000000,0.000000000000000000
0.060000000000000000,5,0.060000000000000000,115792089237316195423570985008687907853269984665640564039457.584007913129639935,0.000000000000000000,1000000.000000000000000000,0.000000000000000000,400000.000000000000000000,0.000000000000000000,0.000000000000000000,0.000000000000000000
0.060000000000000000,6,0.060000000000000000,115792089237316195423570985008687907853269984665640564039457.584007913129639935,0.000000000000000000,1000000.000000000000000000,0.000000000000000000,400000.000000000000000000,0.000000000000000000,0.000000000000000000,0.000000000000000000
0.060000000000000000,7,0.060000000000000000,115792089237316195423570985008687907853269984665640564039457.584007913129639935,0.000000000000000000,1000000.000000000000000000,0.000000000000000000,400000.000000000000000000,0.000000000000000000,0.000000000000000000,0.000000000000000000
0.060000000000000000,8,0.060000000000000000,115792089237316195423570985008687907853269984665640564039457.584007913129639935,0.000000000000000000,1000000.000000000000000000,0.000000000000000000,400000.000000000000000000,0.000000000000000000,0.000000000000000000,0.000000000000000000
0.060000000000000000,9,0.060000000000000000,115792089237316195423570985008687907853269984665640564039457.584007913129639935,0.000000000000000000,1000000.000000000000000000,0.000000000000000000,400000.000000000000000000,0.000000000000000000,0.000000000000000000,0.000000000000000000
0.060000000000000000,10,0.060000000000000000,115792089237316195423570985008687907853269984665640564039457.584007913129639935,0.000000000000000000,1000000.000000000000000000,0.000000000000000000,400000.000000000000000000,0.000000000000000000,0.000000000000000000,0.000000000000000000
0.060000000000000000,11,0.060000000000000000,115792089237316195423570985008687907853269984665640564039457.584007913129639935,0.000000000000000000,1000000.000000000000000000,0.000000000000000000,400000.000000000000000000,0.000000000000000000,0.000000000000000000,0.000000000000000000
0.060000000000000000,12,0.060000000000000000,115792089237316195423570985008687907853269984665640564039457.584007913129639935,0.000000000000000000,1000000.000000000000000000,0.000000000000000000,400000.000000000000000000,0.000000000000000000,0.000000000000000000,0.000000000000000000
0.070000000000000000,0,0.070000000000000000,115792089237316195423570985008687907853269984665640564039457.584007913129639935,0.000000000000000000,1000000.000000000000000000,0.000000000000000000,400000.000000000000000000,0.000000000000000000,0.000000000000000000,0.000000000000000000
0.070000000000000000,1,0.070000000000000000,115792089237316195423570985008687907853269984665640564039457.584007913129639935,0.000000000000000000,1000000.000000000000000000,0.000000000000000000,400000.000000000000000000,0.000000000000000000,0.000000000000000000,0.000000000000000000
0.070000000000000000,2,0.070000000000000000,115792089237316195423570985008687907853269984665640564039457.584007913129639935,0.000000000000000000,1000000.000000000000000000,0.000000000000000000,400000.000000000000000000,0.000000000000000000,0.000000000000000000,0.000000000000000000
0.070000000000000000,3,0.070000000000000000,115792089237316195423570985008687907853269984665640564039457.584007913129639935,0.000000000000000000,1000000.000000000000000000,0.000000000000000000,400000.000000000000000000,0.000000000000000000,0.000000000000000000,0.000000000000000000
0.070000000000000000,4,0.070000000000000000,115792089237316195423570985008687907853269984665640564039457.584007913129639935,0.000000000000000000,1000000.000000000000000000,0.000000000000000000,400000.000000000000000000,0.000000000000000000,0.000000000000000000,0.000000000000000000
0.070000000000000000,5,0.070000000000000000,115792089237316195423570985008687907853269984665640564039457.584007913129639935,0.000000000000000000,1000000.000000000000000000,0.000000000000000000,400000.000000000000000000,0.000000000000000000,0.000000000000000000,0.000000000000000000
0.070000000000000000,6,0.070000000000000000,115792089237316195423570985008687907853269984665640564039457.584007913129639935,0.000000000000000000,1000000.000000000000000000,0.000000000000000000,400000.000000000000000000,0.000000000000000000,0.000000000000000000,0.000000000000000000
0.070000000000000000,7,0.070000000000000000,115792089237316195423570985008687907853269984665640564039457.584007913129639935,0.000000000000000000,1000000.000000000000000000,0.000000000000000000,400000.000000000000000000,0.000000000000000000,0.000000000000000000,0.000000000000000000
0.070000000000000000,8,0.070000000000000000,115792089237316195423570985008687907853269984665640564039457.584007913129639935,0.000000000000000000,1000000.000000000000000000,0.000000000000000000,400000.000000000000000000,0.000000000000000000,0.000000000000000000,0.000000000000000000
0.070000000000000000,9,0.070000000000000000,115792089237316195423570985008687907853269984665640564039457.584007913129639935,0.000000000000000000,1000000.000000000000000000,0.000000000000000000,400000.000000000000000000,0.000000000000000000,0.000000000000000000,0.000000000000000000
0.070000000000000000,10,0.070000000000000000,115792089237316195423570985008687907853269984665640564039457.584007913129639935,0.000000000000000000,1000000.000000000000000000,0.000000000000000000,400000.000000000000000000,0.000000000000000000,0.000000000000000000,0.000000000000000000
0.070000000000000000,11,0.070000000000000000,115792089237316195423570985008687907853269984665640564039457.584007913129639935,0.000000000000000000,1000000.000000000000000000,0.000000000000000000,400000.000000000000000000,0.000000000000000000,0.000000000000000000,0.000000000000000000
0.070000000000000000,12,0.070000000000000000,115792089237316195423570985008687907853269984665640564039457.584007913129639935,0.000000000000000000,1000000.000000000000000000,0.000000000000000000,400000.000000000000000000,0.000000000000000000,0.000000000000000000,0.000000000000000000
0.080000000000000000,0,0.080000000000000000,115792089237316195423570985008687907853269984665640564039457.584007913129639935,0.000000000000000000,1000000.000000000000000000,0.000000000000000000,400000.000000000000000000,0.000000000000000000,0.000000000000000000,0.000000000000000000
0.080000000000000000,1,0.080000000000000000,115792089237316195423570985008687907853269984665640564039457.584007913129639935,0.000000000000000000,1000000.000000000000000000,0.000000000000000000,400000.000000000000000000,0.000000000000000000,0.000000000000000000,0.000000000000000000
0.080000000000000000,2,0.080000000000000000,115792089237316195423570985008687907853269984665640564039457.584007913129639935,0.000000000000000000,1000000.000000000000000000,0.000000000000000000,400000.000000000000000000,0.000000000000000000,0.000000000000000000,0.000000000000000000
0.080000000000000000,3,0.080000000000000000,115792089237316195423570985008687907853269984665640564039457.584007913129639935,0.000000000000000000,1000000.000000000000000000,0.000000000000000000,400000.000000000000000000,0.000000000000000000,0.000000000000000000,0.000000000000000000
0.080000000000000000,4,0.080000000000000000,115792089237316195423570985008687907853269984665640564039457.584007913129639935,0.000000000000000000,1000000.000000000000000000,0.000000000000000000,400000.000000000000000000,0.000000000000000000,0.000000000000000000,0.000000000000000000
0.080000000000000000,5,0.080000000000000000,115792089237316195423570985008687907853269984665640564039457.584007913129639935,0.000000000000000000,1000000.000000000000000000,0.000000000000000000,400000.000000000000000000,0.000000000000000000,0.000000000000000000,0.000000000000000000
0.080000000000000000,6,0.080000000000000000,115792089237316195423570985008687907853269984665640564039457.584007913129639935,0.000000000000000000,1000000.000000000000000000,0.000000000000000000,400000.000000000000000000,0.000000000000000000,0.000000000000000000,0.000000000000000000
0.080000000000000000,7,0.080000000000000000,115792089237316195423570985008687907853269984665640564039457.584007913129639935,0.000000000000000000,1000000.000000000000000000,0.000000000000000000,400000.000000000000000000,0.000000000000000000,0.000000000000000000,0.000000000000000000
0.080000000000000000,8,0.080000000000000000,115792089237316195423570985008687907853269984665640564039457.584007913129639935,0.000000000000000000,1000000.000000000000000000,0.000000000000000000,400000.000000000000000000,0.000000000000000000,0.000000000000000000,0.000000000000000000
0.080000000000000000,9,0.080000000000000000,115792089237316195423570985008687907853269984665640564039457.584007913129639935,0.000000000000000000,1000000.000000000000000000,0.000000000000000000,400000.000000000000000000,0.000000000000000000,0.000000000000000000,0.000000000000000000
0.080000000000000000,10,0.080000000000000000,115792089237316195423570985008687907853269984665640564039457.584007913129639935,0.000000000000000000,1000000.000000000000000000,0.000000000000000000,400000.000000000000000000,0.000000000000000000,0.000000000000000000,0.000000000000000000
0.080000000000000000,11,0.080000000000000000,115792089237316195423570985008687907853269984665640564039457.584007913129639935,0.000000000000000000,1000000.000000000000000000,0.000000000000000000,400000.000000000000000000,0.000000000000000000,0.000000000000000000,0.000000000000000000
0.080000000000000000,12,0.080000000000000000,115792089237316195423570985008687907853269984665640564039457.584007913129639935,0.000000000000000000,1000000.000000000000000000,0.000000000000000000,400000.000000000000000000,0.000000000000000000,0.000000000000000000,0.000000000000000000
0.090000000000000000,0,0.090000000000000000,115792089237316195423570985008687907853269984665640564039457.584007913129639935,0.000000000000000000,1000000.000000000000000000,0.000000000000000000,400000.000000000000000000,0.000000000000000000,0.000000000000000000,0.000000000000000000
0.090000000000000000,1,0.090000000000000000,115792089237316195423570985008687907853269984665640564039457.584007913129639935,0.000000000000000000,1000000.000000000000000000,0.000000000000000000,400000.000000000000000000,0.000000000000000000,0.000000000000000000,0.000000000000000000
0.090000000000000000,2,0.090000000000000000,115792089237316195423570985008687907853269984665640564039457.584007913129639935,0.000000000000000000,1000000.000000000000000000,0.000000000000000000,400000.000000000000000000,0.000000000000000000,0.000000000000000000,0.000000000000000000
0.090000000000000000,3,0.090000000000000000,115792089237316195423570985008687907853269984665640564039457.584007913129639935,0.000000000000000000,1000000.000000000000000000,0.000000000000000000,400000.000000000000000000,0.000000000000000000,0.000000000000000000,0.000000000000000000
0.090000000000000000,4,0.090000000000000000,115792089237316195423570985008687907853269984665640564039457.584007913129639935,0.000000000000000000,1000000.000000000000000000,0.000000000000000000,400000.000000000000000000,0.000000000000000000,0.000000000000000000,0.000000000000000000
0.090000000000000000,5,0.090000000000000000,115792089237316195423570985008687907853269984665640564039457.584007913129639935,0.000000000000000000,1000000.000000000000000000,0.000000000000000000,400000.000000000000000000,0.000000000000000000,0.000000000000000000,0.000000000000000000
0.090000000000000000,6,0.090000000000000000,115792089237316195423570985008687907853269984665640564039457.584007913129639935,0.000000000000000000,1000000.000000000000000000,0.000000000000000000,400000.000000000000000000,0.000000000000000000,0.000000000000000000,0.000000000000000000
0.090000000000000000,7,0.090000000000000000,115792089237316195423570985008687907853269984665640564039457.584007913129639935,0.000000000000000000,1000000.000000000000000000,0.000000000000000000,400000.000000000000000000,0.000000000000000000,0.000000000000000000,0.000000000000000000
0.090000000000000000,8,0.090000000000000000,115792089237316195423570985008687907853269984665640564039457.584007913129639935,0.000000000000000000,1000000.000000000000000000,0.000000000000000000,400000.000000000000000000,0.000000000000000000,0.000000000000000000,0.000000000000000000
0.090000000000000000,9,0.090000000000000000,115792089237316195423570985008687907853269984665640564039457.584007913129639935,0.000000000000000000,1000000.000000000000000000,0.000000000000000000,400000.000000000000000000,0.000000000000000000,0.000000000000000000,0.000000000000000000
0.090000000000000000,10,0.090000000000000000,115792089237316195423570985008687907853269984665640564039457.584007913129639935,0.000000000000000000,1000000.000000000000000000,0.000000000000000000,400000.000000000000000000,0.000000000000000000,0.000000000000000000,0.000000000000000000
0.090000000000000000,11,0.090000000000000000,115792089237316195423570985008687907853269984665640564039457.584007913129639935,0.000000000000000000,1000000.000000000000000000,0.000000000000000000,400000.000000000000000000,0.000000000000000000,0.000000000000000000,0.000000000000000000
0.090000000000000000,12,0.090000000000000000,115792089237316195423570985008687907853269984665640564039457.584007913129639935,0.000000000000000000,1000000.000000000000000000,0.000000000000000000,400000.000000000000000000,0.000000000000000000,0.000000000000000000,0.000000000000000000
0.100000000000000000,0,0.100000000000000000,115792089237316195423570985008687907853269984665640564039457.584007913129639935,0.000000000000000000,1000000.000000000000000000,0.000000000000000000,400000.000000000000000000,0.000000000000000000,0.000000000000000000,0.000000000000000000
0.100000000000000000,1,0.100000000000000000,115792089237316195423570985008687907853269984665640564039457.584007913129639935,0.000000000000000000,1000000.000000000000000000,0.000000000000000000,400000.000000000000000000,0.000000000000000000,0.000000000000000000,0.000000000000000000
0.100000000000000000,2,0.100000000000000000,115792089237316195423570985008687907853269984665640564039457.584007913129639935,0.000000000000000000,1000000.000000000000000000,0.000000000000000000,400000.000000000000000000,0.000000000000000000,0.000000000000000000,0.000000000000000000
0.100000000000000000,3,0.100000000000000000,115792089237316195423570985008687907853269984665640564039457.584007913129639935,0.000000000000000000,1000000.000000000000000000,0.000000000000000000,400000.000000000000000000,0.000000000000000000,0.000000000000000000,0.000000000000000000
0.100000000000000000,4,0.100000000000000000,115792089237316195423570985008687907853269984665640564039457.584007913129639935,0.000000000000000000,1000000.000000000000000000,0.000000000000000000,400000.000000000000000000,0.000000000000000000,0.000000000000000000,0.000000000000000000
0.100000000000000000,5,0.100000000000000000,115792089237316195423570985008687907853269984665640564039457.584007913129639935,0.000000000000000000,1000000.000000000000000000,0.000000000000000000,400000.000000000000000000,0.000000000000000000,0.000000000000000000,0.000000000000000000
0.100000000000000000,6,0.100000000000000000,115792089237316195423570985008687907853269984665640564039457.584007913129639935,0.000000000000000000,1000000.000000000000000000,0.000000000000000000,400000.000000000000000000,0.000000000000000000,0.000000000000000000,0.000000000000000000
0.100000000000000000,7,0.100000000000000000,115792089237316195423570985008687907853269984665640564039457.584007913129639935,0.000000000000000000,1000000.000000000000000000,0.000000000000000000,400000.000000000000000000,0.000000000000000000,0.000000000000000000,0.000000000000000000
0.100000000000000000,8,0.100000000000000000,115792089237316195423570985008687907853269984665640564039457.584007913129639935,0.000000000000000000,1000000.000000000000000000,0.000000000000000000,400000.000000000000000000,0.000000000000000000,0.000000000000000000,0.000000000000000000
0.100000000000000000,9,0.100000000000000000,115792089237316195423570985008687907853269984665640564039457.584007913129639935,0.000000000000000000,1000000.000000000000000000,0.000000000000000000,400000.000000000000000000,0.000000000000000000,0.000000000000000000,0.000000000000000000
0.100000000000000000,10,0.100000000000000000,115792089237316195423570985008687907853269984665640564039457.584007913129639935,0.000000000000000000,1000000.000000000000000000,0.000000000000000000,400000.000000000000000000,0.000000000000000000,0.000000000000000000,0.000000000000000000
0.100000000000000000,11,0.100000000000000000,115792089237316195423570985008687907853269984665640564039457.584007913129639935,0.000000000000000000,1000000.000000000000000000,0.000000000000000000,400000.000000000000000000,0.000000000000000000,0.000000000000000000,0.000000000000000000
0.100000000000000000,12,0.100000000000000000,115792089237316195423570985008687907853269984665640564039457.584007913129639935,0.000000000000000000,1000000.000000000000000000,0.000000000000000000,400000.000000000000000000,0.000000000000000000,0.000000000000000000,0.000000000000000000
0.110000000000000000,0,0.110000000000000000,115792089237316195423570985008687907853269984665640564039457.584007913129639935,0.000000000000000000,1000000.000000000000000000,0.000000000000000000,400000.000000000000000000,0.000000000000000000,0.000000000000000000,0.000000000000000000
0.110000000000000000,1,0.110000000000000000,115792089237316195423570985008687907853269984665640564039457.584007913129639935,0.000000000000000000,1000000.000000000000000000,0.000000000000000000,400000.000000000000000000,0.000000000000000000,0.000000000000000000,0.000000000000000000
0.110000000000000000,2,0.110000000000000000,115792089237316195423570985008687907853269984665640564039457.584007913129639935,0.000000000000000000,1000000.000000000000000000,0.000000000000000000,400000.000000000000000000,0.000000000000000000,0.000000000000000000,0.000000000000000000
0.110000000000000000,3,0.110000000000000000,115792089237316195423570985008687907853269984665640564039457.584007913129639935,0.000000000000000000,1000000.000000000000000000,0.000000000000000000,400000.000000000000000000,0.000000000000000000,0.000000000000000000,0.000000000000000000
0.110000000000000000,4,0.110000000000000000,115792089237316195423570985008687907853269984665640564039457.584007913129639935,0.000000000000000000,1000000.000000000000000000,0.000000000000000000,400000.000000000000000000,0.000000000000000000,0.000000000000000000,0.000000000000000000
0.110000000000000000,5,0.110000000000000000,115792089237316195423570985008687907853269984665640564039457.584007913129639935,0.000000000000000000,1000000.000000000000000000,0.000000000000000000,400000.000000000000000000,0.000000000000000000,0.000000000000000000,0.000000000000000000
0.110000000000000000,6,0.110000000000000000,115792089237316195423570985008687907853269984665640564039457.584007913129639935,0.000000000000000000,1000000.000000000000000000,0.000000000000000000,400000.000000000000000000,0.000000000000000000,0.000000000000000000,0.000000000000000000
0.110000000000000000,7,0.110000000000000000,115792089237316195423570985008687907853269984665640564039457.584007913129639935,0.000000000000000000,1000000.000000000000000000,0.000000000000000000,400000.000000000000000000,0.000000000000000000,0.000000000000000000,0.000000000000000000
0.110000000000000000,8,0.110000000000000000,115792089237316195423570985008687907853269984665640564039457.584007913129639935,0.000000000000000000,1000000.000000000000000000,0.000000000000000000,400000.000000000000000000,0.000000000000000000,0.000000000000000000,0.000000000000000000
0.110000000000000000,9,0.110000000000000000,115792089237316195423570985008687907853269984665640564039457.584007913129639935,0.000000000000000000,1000000.000000000000000000,0.000000000000000000,400000.000000000000000000,0.000000000000000000,0.000000000000000000,0.000000000000000000
0.110000000000000000,10,0.110000000000000000,115792089237316195423570985008687907853269984665640564039457.584007913129639935,0.000000000000000000,1000000.000000000000000000,0.000000000000000000,400000.000000000000000000,0.000000000000000000,0.000000000000000000,0.000000000000000000
0.110000000000000000,11,0.110000000000000000,115792089237316195423570985008687907853269984665640564039457.584007913129639935,0.000000000000000000,1000000.000000000000000000,0.000000000000000000,400000.000000000000000000,0.000000000000000000,0.000000000000000000,0.000000000000000000
0.110000000000000000,12,0.110000000000000000,115792089237316195423570985008687907853269984665640564039457.584007913129639935,0.000000000000000000,1000000.000000000000000000,0.000000000000000000,400000.000000000000000000,0.000000000000000000,0.000000000000000000,0.000000000000000000
0.120000000000000000,0,0.120000000000000000,115792089237316195423570985008687907853269984665640564039457.584007913129639935,0.000000000000000000,1000000.000000000000000000,0.000000000000000000,400000.000000000000000000,0.000000000000000000,0.000000000000000000,0.000000000000000000
0.120000000000000000,1,0.120000000000000000,115792089237316195423570985008687907853269984665640564039457.584007913129639935,0.000000000000000000,1000000.000000000000000000,0.000000000000000000,400000.000000000000000000,0.000000000000000000,0.000000000000000000,0.000000000000000000
0.120000000000000000,2,0.120000000000000000,115792089237316195423570985008687907853269984665640564039457.584007913129639935,0.000000000000000000,1000000.000000000000000000,0.000000000000000000,400000.000000000000000000,0.000000000000000000,0.000000000000000000,0.000000000000000000
0.120000000000000000,3,0.120000000000000000,115792089237316195423570985008687907853269984665640564039457.584007913129639935,0.000000000000000000,1000000.000000000000000000,0.000000000000000000,400000.000000000000000000,0.000000000000000000,0.000000000000000000,0.000000000000000000
0.120000000000000000,4,0.120000000000000000,115792089237316195423570985008687907853269984665640564039457.584007913129639935,0.000000000000000000,1000000.000000000000000000,0.000000000000000000,400000.000000000000000000,0.000000000000000000,0.000000000000000000,0.000000000000000000
0.120000000000000000,5,0.120000000000000000,115792089237316195423570985008687907853269984665640564039457.584007913129639935,0.000000000000000000,1000000.000000000000000000,0.000000000000000000,400000.000000000000000000,0.000000000000000000,0.000000000000000000,0.000000000000000000
0.120000000000000000,6,0.120000000000000000,115792089237316195423570985008687907853269984665640564039457.584007913129639935,0.000000000000000000,1000000.000000000000000000,0.000000000000000000,400000.000000000000000000,0.000000000000000000,0.000000000000000000,0.000000000000000000
0.120000000000000000,7,0.120000000000000000,115792089237316195423570985008687907853269984665640564039457.584007913129639935,0.000000000000000000,1000000.000000000000000000,0.000000000000000000,400000.000000000000000000,0.000000000000000000,0.000000000000000000,0.000000000000000000
0.120000000000000000,8,0.120000000000000000,115792089237316195423570985008687907853269984665640564039457.584007913129639935,0.000000000000000000,1000000.000000000000000000,0.000000000000000000,400000.000000000000000000,0.000000000000000000,0.000000000000000000,0.000000000000000000
0.120000000000000000,9,0.120000000000000000,115792089237316195423570985008687907853269984665640564039457.584007913129639935,0.000000000000000000,1000000.000000000000000000,0.000000000000000000,400000.000000000000000000,0.000000000000000000,0.000000000000000000,0.000000000000000000
0.120000000000000000,10,0.120000000000000000,115792089237316195423570985008687907853269984665640564039457.584007913129639935,0.000000000000000000,1000000.000000000000000000,0.000000000000000000,400000.000000000000000000,0.000000000000000000,0.000000000000000000,0.000000000000000000
0.120000000000000000,11,0.120000000000000000,115792089237316195423570985008687907853269984665640564039457.584007913129639935,0.000000000000000000,1000000.000000000000000000,0.000000000000000000,400000.000000000000000000,0.000000000000000000,0.000000000000000000,0.000000000000000000
0.120000000000000000,12,0.120000000000000000,115792089237316195423570985008687907853269984665640564039457.584007913129639935,0.000000000000000000,1000000.000000000000000000,0.000000000000000000,400000.000000000000000000,0.000000000000000000,0.000000000000000000,0.000000000000000000
0.130000000000000000,0,0.130000000000000000,115792089237316195423570985008687907853269984665640564039457.584007913129639935,0.000000000000000000,1000000.000000000000000000,0.000000000000000000,400000.000000000000000000,0.000000000000000000,0.000000000000000000,0.000000000000000000
0.130000000000000000,1,0.130000000000000000,115792089237316195423570985008687907853269984665640564039457.584007913129639935,0.000000000000000000,1000000.000000000000000000,0.000000000000000000,400000.000000000000000000,0.000000000000000000,0.000000000000000000,0.000000000000000000
0.130000000000000000,2,0.130000000000000000,115792089237316195423570985008687907853269984665640564039457.584007913129639935,0.000000000000000000,1000000.000000000000000000,0.000000000000000000,400000.000000000000000000,0.000000000000000000,0.000000000000000000,0.000000000000000000
0.130000000000000000,3,0.130000000000000000,115792089237316195423570985008687907853269984665640564039457.584007913129639935,0.000000000000000000,1000000.000000000000000000,0.000000000000000000,400000.000000000000000000,0.000000000000000000,0.000000000000000000,0.000000000000000000
0.130000000000000000,4,0.130000000000000000,115792089237316195423570985008687907853269984665640564039457.584007913129639935,0.000000000000000000,1000000.000000000000000000,0.000000000000000000,400000.000000000000000000,0.000000000000000000,0.000000000000000000,0.000000000000000000
0.130000000000000000,5,0.130000000000000000,115792089237316195423570985008687907853269984665640564039457.584007913129639935,0.000000000000000000,1000000.000000000000000000,0.000000000000000000,400000.000000000000000000,0.000000000000000000,0.000000000000000000,0.000000000000000000
0.130000000000000000,6,0.130000000000000000,115792089237316195423570985008687907853269984665640564039457.584007913129639935,0.000000000000000000,1000000.000000000000000000,0.000000000000000000,400000.000000000000000000,0.000000000000000000,0.000000000000000000,0.000000000000000000
0.130000000000000000,7,0.130000000000000000,115792089237316195423570985008687907853269984665640564039457.584007913129639935,0.000000000000000000,1000000.000000000000000000,0.000000000000000000,400000.000000000000000000,0.000000000000000000,0.000000000000000000,0.000000000000000000
0.130000000000000000,8,0.130000000000000000,115792089237316195423570985008687907853269984665640564039457.584007913129639935,0.000000000000000000,1000000.000000000000000000,0.000000000000000000,400000.000000000000000000,0.000000000000000000,0.000000000000000000,0.000000000000000000
0.130000000000000000,9,0.130000000000000000,115792089237316195423570985008687907853269984665640564039457.584007913129639935,0.000000000000000000,1000000.000000000000000000,0.000000000000000000,400000.000000000000000000,0.000000000000000000,0.000000000000000000,0.000000000000000000
0.130000000000000000,10,0.130000000000000000,115792089237316195423570985008687907853269984665640564039457.584007913129639935,0.000000000000000000,1000000.000000000000000000,0.000000000000000000,400000.000000000000000000,0.000000000000000000,0.000000000000000000,0.000000000000000000
0.130000000000000000,11,0.130000000000000000,115792089237316195423570985008687907853269984665640564039457.584007913129639935,0.000000000000000000,1000000.000000000000000000,0.000000000000000000,400000.000000000000000000,0.000000000000000000,0.000000000000000000,0.000000000000000000
0.130000000000000000,12,0.130000000000000000,115792089237316195423570985008687907853269984665640564039457.584007913129639935,0.000000000000000000,1000000.000000000000000000,0.000000000000000000,400000.000000000000000000,0.000000000000000000,0.000000000000000000,0.000000000000000000
0.140000000000000000,0,0.140000000000000000,115792089237316195423570985008687907853269984665640564039457.584007913129639935,0.000000000000000000,1000000.000000000000000000,0.000000000000000000,400000.000000000000000000,0.000000000000000000,0.000000000000000000,0.000000000000000000
0.140000000000000000,1,0.140000000000000000,115792089237316195423570985008687907853269984665640564039457.584007913129639935,0.000000000000000000,1000000.000000000000000000,0.000000000000000000,400000.000000000000000000,0.000000000000000000,0.000000000000000000,0.000000000000000000
0.140000000000000000,2,0.140000000000000000,115792089237316195423570985008687907853269984665640564039457.584007913129639935,0.000000000000000000,1000000.000000000000000000,0.000000000000000000,400000.000000000000000000,0.000000000000000000,0.000000000000000000,0.000000000000000000
0.140000000000000000,3,0.140000000000000000,115792089237316195423570985008687907853269984665640564039457.584007913129639935,0.000000000000000000,1000000.000000000000000000,0.000000000000000000,400000.000000000000000000,0.000000000000000000,0.000000000000000000,0.000000000000000000
0.140000000000000000,4,0.140000000000000000,115792089237316195423570985008687907853269984665640564039457.584007913129639935,0.000000000000000000,1000000.000000000000000000,0.000000000000000000,400000.000000000000000000,0.000000000000000000,0.000000000000000000,0.000000000000000000
0.140000000000000000,5,0.140000000000000000,115792089237316195423570985008687907853269984665640564039457.584007913129639935,0.000000000000000000,1000000.000000000000000000,0.000000000000000000,400000.000000000000000000,0.000000000000000000,0.000000000000000000,0.000000000000000000
0.140000000000000000,6,0.140000000000000000,115792089237316195423570985008687907853269984665640564039457.584007913129639935,0.000000000000000000,1000000.000000000000000000,0.000000000000000000,400000.000000000000000000,0.000000000000000000,0.000000000000000000,0.000000000000000000
0.140000000000000000,7,0.140000000000000000,115792089237316195423570985008687907853269984665640564039457.584007913129639935,0.000000000000000000,1000000.000000000000000000,0.000000000000000000,400000.000000000000000000,0.000000000000000000,0.000000000000000000,0.000000000000000000
0.140000000000000000,8,0.140000000000000000,115792089237316195423570985008687907853269984665640564039457.584007913129639935,0.000000000000000000,1000000.000000000000000000,0.000000000000000000,400000.000000000000000000,0.000000000000000000,0.000000000000000000,0.000000000000000000
0.140000000000000000,9,0.140000000000000000,115792089237316195423570985008687907853269984665640564039457.584007913129639935,0.000000000000000000,1000000.000000000000000000,0.000000000000000000,400000.000000000000000000,0.000000000000000000,0.000000000000000000,0.000000000000000000
0.140000000000000000,10,0.140000000000000000,115792089237316195423570985008687907853269984665640564039457.584007913129639935,0.000000000000000000,1000000.000000000000000000,0.000000000000000000,400000.000000000000000000,0.000000000000000000,0.000000000000000000,0.000000000000000000
0.140000000000000000,11,0.140000000000000000,115792089237316195423570985008687907853269984665640564039457.584007913129639935,0.000000000000000000,1000000.000000000000000000,0.000000000000000000,400000.000000000000000000,0.000000000000000000,0.000000000000000000,0.000000000000000000
0.140000000000000000,12,0.140000000000000000,115792089237316195423570985008687907853269984665640564039457.584007913129639935,0.000000000000000000,1000000.000000000000000000,0.000000000000000000,400000.000000000000000000,0.000000000000000000,0.000000000000000000,0.000000000000000000
0.150000000000000000,0,0.150000000000000000,115792089237316195423570985008687907853269984665640564039457.584007913129639935,0.000000000000000000,1000000.000000000000000000,0.000000000000000000,400000.000000000000000000,0.000000000000000000,0.000000000000000000,0.000000000000000000
0.150000000000000000,1,0.150000000000000000,115792089237316195423570985008687907853269984665640564039457.584007913129639935,0.000000000000000000,1000000.000000000000000000,0.000000000000000000,400000.000000000000000000,0.000000000000000000,0.000000000000000000,0.000000000000000000
0.150000000000000000,2,0.150000000000000000,115792089237316195423570985008687907853269984665640564039457.584007913129639935,0.000000000000000000,1000000.000000000000000000,0.000000000000000000,400000.000000000000000000,0.000000000000000000,0.000000000000000000,0.000000000000000000
0.150000000000000000,3,0.150000000000000000,115792089237316195423570985008687907853269984665640564039457.584007913129639935,0.000000000000000000,1000000.000000000000000000,0.000000000000000000,400000.000000000000000000,0.000000000000000000,0.000000000000000000,0.000000000000000000
0.150000000000000000,4,0.150000000000000000,115792089237316195423570985008687907853269984665640564039457.584007913129639935,0.000000000000000000,1000000.000000000000000000,0.000000000000000000,400000.000000000000000000,0.000000000000000000,0.000000000000000000,0.000000000000000000
0.150000000000000000,5,0.150000000000000000,115792089237316195423570985008687907853269984665640564039457.584007913129639935,0.000000000000000000,1000000.000000000000000000,0.000000000000000000,400000.000000000000000000,0.000000000000000000,0.000000000000000000,0.000000000000000000
0.150000000000000000,6,0.150000000000000000,115792089237316195423570985008687907853269984665640564039457.584007913129639935,0.000000000000000000,1000000.000000000000000000,0.000000000000000000,400000.000000000000000000,0.000000000000000000,0.000000000000000000,0.000000000000000000
0.150000000000000000,7,0.150000000000000000,115792089237316195423570985008687907853269984665640564039457.584007913129639935,0.000000000000000000,1000000.000000000000000000,0.000000000000000000,400000.000000000000000000,0.000000000000000000,0.000000000000000000,0.000000000000000000
0.150000000000000000,8,0.150000000000000000,115792089237316195423570985008687907853269984665640564039457.584007913129639935,0.000000000000000000,1000000.000000000000000000,0.000000000000000000,400000.000000000000000000,0.000000000000000000,0.000000000000000000,0.000000000000000000
0.150000000000000000,9,0.150000000000000000,115792089237316195423570985008687907853269984665640564039457.584007913129639935,0.000000000000000000,1000000.000000000000000000,0.000000000000000000,400000.000000000000000000,0.000000000000000000,0.000000000000000000,0.000000000000000000
0.150000000000000000,10,0.150000000000000000,115792089237316195423570985008687907853269984665640564039457.584007913129639935,0.000000000000000000,1000000.000000000000000000,0.000000000000000000,400000.000000000000000000,0.000000000000000000,0.000000000000000000,0.000000000000000000
0.150000000000000000,11,0.150000000000000000,115792089237316195423570985008687907853269984665640564039457.584007913129639935,0.000000000000000000,1000000.000000000000000000,0.000000000000000000,400000.000000000000000000,0.000000000000000000,0.000000000000000000,0.000000000000000000
0.150000000000000000,12,0.150000000000000000,115792089237316195423570985008687907853269984665640564039457.584007913129639935,0.000000000000000000,1000000.000000000000000000,0.000000000000000000,400000.000000000000000000,0.000000000000000000,0.000000000000000000,0.000000000000000000
0.160000000000000000,0,0.160000000000000000,115792089237316195423570985008687907853269984665640564039457.584007913129639935,0.000000000000000000,1000000.000000000000000000,0.000000000000000000,400000.000000000000000000,0.000000000000000000,0.000000000000000000,0.000000000000000000
0.160000000000000000,1,0.160000000000000000,115792089237316195423570985008687907853269984665640564039457.584007913129639935,0.000000000000000000,1000000.000000000000000000,0.000000000000000000,400000.000000000000000000,0.000000000000000000,0.000000000000000000,0.000000000000000000
0.160000000000000000,2,0.160000000000000000,115792089237316195423570985008687907853269984665640564039457.584007913129639935,0.000000000000000000,1000000.000000000000000000,0.000000000000000000,400000.000000000000000000,0.000000000000000000,0.000000000000000000,0.000000000000000000
0.160000000000000000,3,0.160000000000000000,115792089237316195423570985008687907853269984665640564039457.584007913129639935,0.000000000000000000,1000000.000000000000000000,0.000000000000000000,400000.000000000000000000,0.000000000000000000,0.000000000000000000,0.000000000000000000
0.160000000000000000,4,0.160000000000000000,115792089237316195423570985008687907853269984665640564039457.584007913129639935,0.000000000000000000,1000000.000000000000000000,0.000000000000000000,400000.000000000000000000,0.000000000000000000,0.000000000000000000,0.000000000000000000
0.160000000000000000,5,0.160000000000000000,115792089237316195423570985008687907853269984665640564039457.584007913129639935,0.000000000000000000,1000000.000000000000000000,0.000000000000000000,400000.000000000000000000,0.000000000000000000,0.000000000000000000,0.000000000000000000
0.160000000000000000,6,0.160000000000000000,115792089237316195423570985008687907853269984665640564039457.584007913129639935,0.000000000000000000,1000000.000000000000000000,0.000000000000000000,400000.000000000000000000,0.000000000000000000,0.000000000000000000,0.000000000000000000
0.160000000000000000,7,0.160000000000000000,115792089237316195423570985008687907853269984665640564039457.584007913129639935,0.000000000000000000,1000000.000000000000000000,0.000000000000000000,400000.000000000000000000,0.000000000000000000,0.000000000000000000,0.000000000000000000
0.160000000000000000,8,0.160000000000000000,115792089237316195423570985008687907853269984665640564039457.584007913129639935,0.000000000000000000,1000000.000000000000000000,0.000000000000000000,400000.000000000000000000,0.000000000000000000,0.000000000000000000,0.000000000000000000
0.160000000000000000,9,0.160000000000000000,115792089237316195423570985008687907853269984665640564039457.584007913129639935,0.000000000000000000,1000000.000000000000000000,0.000000000000000000,400000.000000000000000000,0.000000000000000000,0.000000000000000000,0.000000000000000000
0.160000000000000000,10,0.160000000000000000,115792089237316195423570985008687907853269984665640564039457.584007913129639935,0.000000000000000000,1000000.000000000000000000,0.000000000000000000,400000.000000000000000000,0.000000000000000000,0.000000000000000000,0.000000000000000000
0.160000000000000000,11,0.160000000000000000,115792089237316195423570985008687907853269984665640564039457.584007913129639935,0.000000000000000000,1000000.000000000000000000,0.000000000000000000,400000.000000000000000000,0.000000000000000000,0.000000000000000000,0.000000000000000000
0.160000000000000000,12,0.160000000000000000,115792089237316195423570985008687907853269984665640564039457.584007913129639935,0.000000000000000000,1000000.000000000000000000,0.000000000000000000,400000.000000000000000000,0.000000000000000000,0.000000000000000000,0.000000000000000000
0.170000000000000000,0,0.170000000000000000,115792089237316195423570985008687907853269984665640564039457.584007913129639935,0.000000000000000000,1000000.000000000000000000,0.000000000000000000,400000.000000000000000000,0.000000000000000000,0.000000000000000000,0.000000000000000000
0.170000000000000000,1,0.170000000000000000,115792089237316195423570985008687907853269984665640564039457.584007913129639935,0.000000000000000000,1000000.000000000000000000,0.000000000000000000,400000.000000000000000000,0.000000000000000000,0.000000000000000000,0.000000000000000000
0.170000000000000000,2,0.170000000000000000,115792089237316195423570985008687907853269984665640564039457.584007913129639935,0.000000000000000000,1000000.000000000000000000,0.000000000000000000,400000.000000000000000000,0.000000000000000000,0.000000000000000000,0.000000000000000000
0.170000000000000000,3,0.170000000000000000,115792089237316195423570985008687907853269984665640564039457.584007913129639935,0.000000000000000000,1000000.000000000000000000,0.000000000000000000,400000.000000000000000000,0.000000000000000000,0.000000000000000000,0.000000000000000000
0.170000000000000000,4,0.170000000000000000,115792089237316195423570985008687907853269984665640564039457.584007913129639935,0.000000000000000000,1000000.000000000000000000,0.000000000000000000,400000.000000000000000000,0.000000000000000000,0.000000000000000000,0.000000000000000000
0.170000000000000000,5,0.170000000000000000,115792089237316195423570985008687907853269984665640564039457.584007913129639935,0.000000000000000000,1000000.000000000000000000,0.000000000000000000,400000.000000000000000000,0.000000000000000000,0.000000000000000000,0.000000000000000000
0.170000000000000000,6,0.170000000000000000,115792089237316195423570985008687907853269984665640564039457.584007913129639935,0.000000000000000000,1000000.000000000000000000,0.000000000000000000,400000.000000000000000000,0.000000000000000000,0.000000000000000000,0.000000000000000000
0.170000000000000000,7,0.170000000000000000,115792089237316195423570985008687907853269984665640564039457.584007913129639935,0.000000000000000000,1000000.000000000000000000,0.000000000000000000,400000.000000000000000000,0.000000000000000000,0.000000000000000000,0.000000000000000000
0.170000000000000000,8,0.170000000000000000,115792089237316195423570985008687907853269984665640564039457.584007913129639935,0.000000000000000000,1000000.000000000000000000,0.000000000000000000,400000.000000000000000000,0.000000000000000000,0.000000000000000000,0.000000000000000000
0.170000000000000000,9,0.170000000000000000,115792089237316195423570985008687907853269984665640564039457.584007913129639935,0.000000000000000000,1000000.000000000000000000,0.000000000000000000,400000.000000000000000000,0.000000000000000000,0.000000000000000000,0.000000000000000000
0.170000000000000000,10,0.170000000000000000,115792089237316195423570985008687907853269984665640564039457.584007913129639935,0.000000000000000000,1000000.000000000000000000,0.000000000000000000,400000.000000000000000000,0.000000000000000000,0.000000000000000000,0.000000000000000000
0.170000000000000000,11,0.170000000000000000,115792089237316195423570985008687907853269984665640564039457.584007913129639935,0.000000000000000000,1000000.000000000000000000,0.000000000000000000,400000.000000000000000000,0.000000000000000000,0.000000000000000000,0.000000000000000000
0.170000000000000000,12,0.170000000000000000,115792089237316195423570985008687907853269984665640564039457.584007913129639935,0.000000000000000000,1000000.000000000000000000,0.000000000000000000,400000.000000000000000000,0.000000000000000000,0.000000000000000000,0.000000000000000000
0.180000000000000000,0,0.180000000000000000,115792089237316195423570985008687907853269984665640564039457.584007913129639935,0.000000000000000000,1000000.000000000000000000,0.000000000000000000,400000.000000000000000000,0.000000000000000000,0.000000000000000000,0.000000000000000000
0.180000000000000000,1,0.180000000000000000,115792089237316195423570985008687907853269984665640564039457.584007913129639935,0.000000000000000000,1000000.000000000000000000,0.000000000000000000,400000.000000000000000000,0.000000000000000000,0.000000000000000000,0.000000000000000000
0.180000000000000000,2,0.180000000000000000,115792089237316195423570985008687907853269984665640564039457.584007913129639935,0.000000000000000000,1000000.000000000000000000,0.000000000000000000,400000.000000000000000000,0.000000000000000000,0.000000000000000000,0.000000000000000000
0.180000000000000000,3,0.180000000000000000,115792089237316195423570985008687907853269984665640564039457.584007913129639935,0.000000000000000000,1000000.000000000000000000,0.000000000000000000,400000.000000000000000000,0.000000000000000000,0.000000000000000000,0.000000000000000000
0.180000000000000000,4,0.180000000000000000,115792089237316195423570985008687907853269984665640564039457.584007913129639935,0.000000000000000000,1000000.000000000000000000,0.000000000000000000,400000.000000000000000000,0.000000000000000000,0.000000000000000000,0.000000000000000000
0.180000000000000000,5,0.180000000000000000,115792089237316195423570985008687907853269984665640564039457.584007913129639935,0.000000000000000000,1000000.000000000000000000,0.000000000000000000,400000.000000000000000000,0.000000000000000000,0.000000000000000000,0.000000000000000000
0.180000000000000000,6,0.180000000000000000,115792089237316195423570985008687907853269984665640564039457.584007913129639935,0.000000000000000000,1000000.000000000000000000,0.000000000000000000,400000.000000000000000000,0.000000000000000000,0.000000000000000000,0.000000000000000000
0.180000000000000000,7,0.180000000000000000,115792089237316195423570985008687907853269984665640564039457.584007913129639935,0.000000000000000000,1000000.000000000000000000,0.000000000000000000,400000.000000000000000000,0.000000000000000000,0.000000000000000000,0.000000000000000000
0.180000000000000000,8,0.180000000000000000,115792089237316195423570985008687907853269984665640564039457.584007913129639935,0.000000000000000000,1000000.000000000000000000,0.000000000000000000,400000.000000000000000000,0.000000000000000000,0.000000000000000000,0.000000000000000000
0.180000000000000000,9,0.180000000000000000,115792089237316195423570985008687907853269984665640564039457.584007913129639935,0.000000000000000000,1000000.000000000000000000,0.000000000000000000,400000.000000000000000000,0.000000000000000000,0.000000000000000000,0.000000000000000000
0.180000000000000000,10,0.180000000000000000,115792089237316195423570985008687907853269984665640564039457.584007913129639935,0.000000000000000000,1000000.000000000000000000,0.000000000000000000,400000.000000000000000000,0.000000000000000000,0.000000000000000000,0.000000000000000000
0.180000000000000000,11,0.180000000000000000,115792089237316195423570985008687907853269984665640564039457.584007913129639935,0.000000000000000000,1000000.000000000000000000,0.000000000000000000,400000.000000000000000000,0.000000000000000000,0.000000000000000000,0.000000000000000000
0.180000000000000000,12,0.180000000000000000,115792089237316195423570985008687907853269984665640564039457.584007913129639935,0.000000000000000000,1000000.000000000000000000,0.000000000000000000,400000.000000000000000000,0.000000000000000000,0.000000000000000000,0.000000000000000000
0.190000000000000000,0,0.190000000000000000,115792089237316195423570985008687907853269984665640564039457.584007913129639935,0.000000000000000000,1000000.000000000000000000,0.000000000000000000,400000.000000000000000000,0.000000000000000000,0.000000000000000000,0.000000000000000000
0.190000000000000000,1,0.190000000000000000,115792089237316195423570985008687907853269984665640564039457.584007913129639935,0.000000000000000000,1000000.000000000000000000,0.000000000000000000,400000.000000000000000000,0.000000000000000000,0.000000000000000000,0.000000000000000000
0.190000000000000000,2,0.190000000000000000,115792089237316195423570985008687907853269984665640564039457.584007913129639935,0.000000000000000000,1000000.000000000000000000,0.000000000000000000,400000.000000000000000000,0.000000000000000000,0.000000000000000000,0.000000000000000000
0.190000000000000000,3,0.190000000000000000,115792089237316195423570985008687907853269984665640564039457.584007913129639935,0.000000000000000000,1000000.000000000000000000,0.000000000000000000,400000.000000000000000000,0.000000000000000000,0.000000000000000000,0.000000000000000000
0.190000000000000000,4,0.190000000000000000,115792089237316195423570985008687907853269984665640564039457.584007913129639935,0.000000000000000000,1000000.000000000000000000,0.000000000000000000,400000.000000000000000000,0.000000000000000000,0.000000000000000000,0.000000000000000000
0.190000000000000000,5,0.190000000000000000,115792089237316195423570985008687907853269984665640564039457.584007913129639935,0.000000000000000000,1000000.000000000000000000,0.000000000000000000,400000.000000000000000000,0.000000000000000000,0.000000000000000000,0.000000000000000000
0.190000000000000000,6,0.190000000000000000,115792089237316195423570985008687907853269984665640564039457.584007913129639935,0.000000000000000000,1000000.000000000000000000,0.000000000000000000,400000.000000000000000000,0.000000000000000000,0.000000000000000000,0.000000000000000000
0.190000000000000000,7,0.190000000000000000,115792089237316195423570985008687907853269984665640564039457.584007913129639935,0.000000000000000000,1000000.000000000000000000,0.000000000000000000,400000.000000000000000000,0.000000000000000000,0.000000000000000000,0.000000000000000000
0.190000000000000000,8,0.190000000000000000,115792089237316195423570985008687907853269984665640564039457.584007913129639935,0.000000000000000000,1000000.000000000000000000,0.000000000000000000,400000.000000000000000000,0.000000000000000000,0.000000000000000000,0.000000000000000000
0.190000000000000000,9,0.190000000000000000,115792089237316195423570985008687907853269984665640564039457.584007913129639935,0.000000000000000000,1000000.000000000000000000,0.000000000000000000,400000.000000000000000000,0.000000000000000000,0.000000000000000000,0.000000000000000000
0.190000000000000000,10,0.190000000000000000,115792089237316195423570985008687907853269984665640564039457.584007913129639935,0.000000000000000000,1000000.000000000000000000,0.000000000000000000,400000.000000000000000000,0.000000000000000000,0.000000000000000000,0.000000000000000000
0.190000000000000000,11,0.190000000000000000,115792089237316195423570985008687907853269984665640564039457.584007913129639935,0.000000000000000000,1000000.000000000000000000,0.000000000000000000,400000.000000000000000000,0.000000000000000000,0.000000000000000000,0.000000000000000000
0.190000000000000000,12,0.190000000000000000,115792089237316195423570985008687907853269984665640564039457.584007913129639935,0.000000000000000000,1000000.000000000000000000,0.000000000000000000,400000.000000000000000000,0.000000000000000000,0.000000000000000000,0.000000000000000000
0.200000000000000000,0,0.200000000000000000,115792089237316195423570985008687907853269984665640564039457.584007913129639935,0.000000000000000000,1000000.000000000000000000,0.000000000000000000,400000.000000000000000000,0.000000000000000000,0.000000000000000000,0.000000000000000000
0.200000000000000000,1,0.200000000000000000,115792089237316195423570985008687907853269984665640564039457.584007913129639935,0.000000000000000000,1000000.000000000000000000,0.000000000000000000,400000.000000000000000000,0.000000000000000000,0.000000000000000000,0.000000000000000000
0.200000000000000000,2,0.200000000000000000,115792089237316195423570985008687907853269984665640564039457.584007913129639935,0.000000000000000000,1000000.000000000000000000,0.000000000000000000,400000.000000000000000000,0.000000000000000000,0.000000000000000000,0.000000000000000000
0.200000000000000000,3,0.200000000000000000,115792089237316195423570985008687907853269984665640564039457.584007913129639935,0.000000000000000000,1000000.000000000000000000,0.000000000000000000,400000.000000000000000000,0.000000000000000000,0.000000000000000000,0.000000000000000000
0.200000000000000000,4,0.200000000000000000,115792089237316195423570985008687907853269984665640564039457.584007913129639935,0.000000000000000000,1000000.000000000000000000,0.000000000000000000,400000.000000000000000000,0.000000000000000000,0.000000000000000000,0.000000000000000000
0.200000000000000000,5,0.200000000000000000,115792089237316195423570985008687907853269984665640564039457.584007913129639935,0.000000000000000000,1000000.000000000000000000,0.000000000000000000,400000.000000000000000000,0.000000000000000000,0.000000000000000000,0.000000000000000000
0.200000000000000000,6,0.200000000000000000,115792089237316195423570985008687907853269984665640564039457.584007913129639935,0.000000000000000000,1000000.000000000000000000,0.000000000000000000,400000.000000000000000000,0.000000000000000000,0.000000000000000000,0.000000000000000000
0.200000000000000000,7,0.200000000000000000,115792089237316195423570985008687907853269984665640564039457.584007913129639935,0.000000000000000000,1000000.000000000000000000,0.000000000000000000,400000.000000000000000000,0.000000000000000000,0.000000000000000000,0.000000000000000000
0.200000000000000000,8,0.200000000000000000,115792089237316195423570985008687907853269984665640564039457.584007913129639935,0.000000000000000000,1000000.000000000000000000,0.000000000000000000,400000.000000000000000000,0.000000000000000000,0.000000000000000000,0.000000000000000000
0.200000000000000000,9,0.200000000000000000,115792089237316195423570985008687907853269984665640564039457.584007913129639935,0.000000000000000000,1000000.000000000000000000,0.000000000000000000,400000.000000000000000000,0.000000000000000000,0.000000000000000000,0.000000000000000000
0.200000000000000000,10,0.200000000000000000,115792089237316195423570985008687907853269984665640564039457.584007913129639935,0.000000000000000000,1000000.000000000000000000,0.000000000000000000,400000.000000000000000000,0.000000000000000000,0.000000000000000000,0.000000000000000000
0.200000000000000000,11,0.200000000000000000,115792089237316195423570985008687907853269984665640564039457.584007913129639935,0.000000000000000000,1000000.000000000000000000,0.000000000000000000,400000.000000000000000000,0.000000000000000000,0.000000000000000000,0.000000000000000000
0.200000000000000000,12,0.200000000000000000,115792089237316195423570985008687907853269984665640564039457.584007913129639935,0.000000000000000000,1000000.000000000000000000,0.000000000000000000,400000.000000000000000000,0.000000000000000000,0.000000000000000000,0.000000000000000000
0.210000000000000000,0,0.210000000000000000,115792089237316195423570985008687907853269984665640564039457.584007913129639935,0.000000000000000000,1000000.000000000000000000,0.000000000000000000,400000.000000000000000000,0.000000000000000000,0.000000000000000000,0.000000000000000000
0.210000000000000000,1,0.210000000000000000,115792089237316195423570985008687907853269984665640564039457.584007913129639935,0.000000000000000000,1000000.000000000000000000,0.000000000000000000,400000.000000000000000000,0.000000000000000000,0.000000000000000000,0.000000000000000000
0.210000000000000000,2,0.210000000000000000,115792089237316195423570985008687907853269984665640564039457.584007913129639935,0.000000000000000000,1000000.000000000000000000,0.000000000000000000,400000.000000000000000000,0.000000000000000000,0.000000000000000000,0.000000000000000000
0.210000000000000000,3,0.210000000000000000,115792089237316195423570985008687907853269984665640564039457.584007913129639935,0.000000000000000000,1000000.000000000000000000,0.000000000000000000,400000.000000000000000000,0.000000000000000000,0.000000000000000000,0.000000000000000000
0.210000000000000000,4,0.210000000000000000,115792089237316195423570985008687907853269984665640564039457.584007913129639935,0.000000000000000000,1000000.000000000000000000,0.000000000000000000,400000.000000000000000000,0.000000000000000000,0.000000000000000000,0.000000000000000000
0.210000000000000000,5,0.210000000000000000,115792089237316195423570985008687907853269984665640564039457.584007913129639935,0.000000000000000000,1000000.000000000000000000,0.000000000000000000,400000.000000000000000000,0.000000000000000000,0.000000000000000000,0.000000000000000000
0.210000000000000000,6,0.210000000000000000,115792089237316195423570985008687907853269984665640564039457.584007913129639935,0.000000000000000000,1000000.000000000000000000,0.000000000000000000,400000.000000000000000000,0.000000000000000000,0.000000000000000000,0.000000000000000000
0.210000000000000000,7,0.210000000000000000,115792089237316195423570985008687907853269984665640564039457.584007913129639935,0.000000000000000000,1000000.000000000000000000,0.000000000000000000,400000.000000000000000000,0.000000000000000000,0.000000000000000000,0.000000000000000000
0.210000000000000000,8,0.210000000000000000,115792089237316195423570985008687907853269984665640564039457.584007913129639935,0.000000000000000000,1000000.000000000000000000,0.000000000000000000,400000.000000000000000000,0.000000000000000000,0.000000000000000000,0.000000000000000000
0.210000000000000000,9,0.210000000000000000,115792089237316195423570985008687907853269984665640564039457.584007913129639935,0.000000000000000000,1000000.000000000000000000,0.000000000000000000,400000.000000000000000000,0.000000000000000000,0.000000000000000000,0.000000000000000000
0.210000000000000000,10,0.210000000000000000,115792089237316195423570985008687907853269984665640564039457.584007913129639935,0.000000000000000000,1000000.000000000000000000,0.000000000000000000,400000.000000000000000000,0.000000000000000000,0.000000000000000000,0.000000000000000000
0.210000000000000000,11,0.210000000000000000,115792089237316195423570985008687907853269984665640564039457.584007913129639935,0.000000000000000000,1000000.000000000000000000,0.000000000000000000,400000.000000000000000000,0.000000000000000000,0.000000000000000000,0.000000000000000000
0.210000000000000000,12,0.210000000000000000,115792089237316195423570985008687907853269984665640564039457.584007913129639935,0.000000000000000000,1000000.000000000000000000,0.000000000000000000,400000.000000000000000000,0.000000000000000000,0.000000000000000000,0.000000000000000000
0.220000000000000000,0,0.220000000000000000,115792089237316195423570985008687907853269984665640564039457.584007913129639935,0.000000000000000000,1000000.000000000000000000,0.000000000000000000,400000.000000000000000000,0.000000000000000000,0.000000000000000000,0.000000000000000000
0.220000000000000000,1,0.220000000000000000,115792089237316195423570985008687907853269984665640564039457.584007913129639935,0.000000000000000000,1000000.000000000000000000,0.000000000000000000,400000.000000000000000000,0.000000000000000000,0.000000000000000000,0.000000000000000000
0.220000000000000000,2,0.220000000000000000,115792089237316195423570985008687907853269984665640564039457.584007913129639935,0.000000000000000000,1000000.000000000000000000,0.000000000000000000,400000.000000000000000000,0.000000000000000000,0.000000000000000000,0.000000000000000000
0.220000000000000000,3,0.220000000000000000,115792089237316195423570985008687907853269984665640564039457.584007913129639935,0.000000000000000000,1000000.000000000000000000,0.000000000000000000,400000.000000000000000000,0.000000000000000000,0.000000000000000000,0.000000000000000000
0.220000000000000000,4,0.220000000000000000,115792089237316195423570985008687907853269984665640564039457.584007913129639935,0.000000000000000000,1000000.000000000000000000,0.000000000000000000,400000.000000000000000000,0.000000000000000000,0.000000000000000000,0.000000000000000000
0.220000000000000000,5,0.220000000000000000,115792089237316195423570985008687907853269984665640564039457.584007913129639935,0.000000000000000000,1000000.000000000000000000,0.000000000000000000,400000.000000000000000000,0.000000000000000000,0.000000000000000000,0.000000000000000000
0.220000000000000000,6,0.220000000000000000,115792089237316195423570985008687907853269984665640564039457.584007913129639935,0.000000000000000000,1000000.000000000000000000,0.000000000000000000,400000.000000000000000000,0.000000000000000000,0.000000000000000000,0.000000000000000000
0.220000000000000000,7,0.220000000000000000,115792089237316195423570985008687907853269984665640564039457.584007913129639935,0.000000000000000000,1000000.000000000000000000,0.000000000000000000,400000.000000000000000000,0.000000000000000000,0.000000000000000000,0.000000000000000000
0.220000000000000000,8,0.220000000000000000,115792089237316195423570985008687907853269984665640564039457.584007913129639935,0.000000000000000000,1000000.000000000000000000,0.000000000000000000,400000.000000000000000000,0.000000000000000000,0.000000000000000000,0.000000000000000000
0.220000000000000000,9,0.220000000000000000,115792089237316195423570985008687907853269984665640564039457.584007913129639935,0.000000000000000000,1000000.000000000000000000,0.000000000000000000,400000.000000000000000000,0.000000000000000000,0.000000000000000000,0.000000000000000000
0.220000000000000000,10,0.220000000000000000,115792089237316195423570985008687907853269984665640564039457.584007913129639935,0.000000000000000000,1000000.000000000000000000,0.000000000000000000,400000.000000000000000000,0.000000000000000000,0.000000000000000000,0.000000000000000000
0.220000000000000000,11,0.220000000000000000,115792089237316195423570985008687907853269984665640564039457.584007913129639935,0.000000000000000000,1000000.000000000000000000,0.000000000000000000,400000.000000000000000000,0.000000000000000000,0.000000000000000000,0.000000000000000000
0.220000000000000000,12,0.220000000000000000,115792089237316195423570985008687907853269984665640564039457.584007913129639935,0.000000000000000000,1000000.000000000000000000,0.000000000000000000,400000.000000000000000000,0.000000000000000000,0.000000000000000000,0.000000000000000000
0.230000000000000000,0,0.230000000000000000,115792089237316195423570985008687907853269984665640564039457.584007913129639935,0.000000000000000000,1000000.000000000000000000,0.000000000000000000,400000.000000000000000000,0.000000000000000000,0.000000000000000000,0.000000000000000000
0.230000000000000000,1,0.230000000000000000,115792089237316195423570985008687907853269984665640564039457.584007913129639935,0.000000000000000000,1000000.000000000000000000,0.000000000000000000,400000.000000000000000000,0.000000000000000000,0.000000000000000000,0.000000000000000000
0.230000000000000000,2,0.230000000000000000,115792089237316195423570985008687907853269984665640564039457.584007913129639935,0.000000000000000000,1000000.000000000000000000,0.000000000000000000,400000.000000000000000000,0.000000000000000000,0.000000000000000000,0.000000000000000000
0.230000000000000000,3,0.230000000000000000,115792089237316195423570985008687907853269984665640564039457.584007913129639935,0.000000000000000000,1000000.000000000000000000,0.000000000000000000,400000.000000000000000000,0.000000000000000000,0.000000000000000000,0.000000000000000000
0.230000000000000000,4,0.230000000000000000,115792089237316195423570985008687907853269984665640564039457.584007913129639935,0.000000000000000000,1000000.000000000000000000,0.000000000000000000,400000.000000000000000000,0.000000000000000000,0.000000000000000000,0.000000000000000000
0.230000000000000000,5,0.230000000000000000,115792089237316195423570985008687907853269984665640564039457.584007913129639935,0.000000000000000000,1000000.000000000000000000,0.000000000000000000,400000.000000000000000000,0.000000000000000000,0.000000000000000000,0.000000000000000000
0.230000000000000000,6,0.230000000000000000,115792089237316195423570985008687907853269984665640564039457.584007913129639935,0.000000000000000000,1000000.000000000000000000,0.000000000000000000,400000.000000000000000000,0.000000000000000000,0.000000000000000000,0.000000000000000000
0.230000000000000000,7,0.230000000000000000,115792089237316195423570985008687907853269984665640564039457.584007913129639935,0.000000000000000000,1000000.000000000000000000,0.000000000000000000,400000.000000000000000000,0.000000000000000000,0.000000000000000000,0.000000000000000000
0.230000000000000000,8,0.230000000000000000,115792089237316195423570985008687907853269984665640564039457.584007913129639935,0.000000000000000000,1000000.000000000000000000,0.000000000000000000,400000.000000000000000000,0.000000000000000000,0.000000000000000000,0.000000000000000000
0.230000000000000000,9,0.230000000000000000,115792089237316195423570985008687907853269984665640564039457.584007913129639935,0.000000000000000000,1000000.000000000000000000,0.000000000000000000,400000.000000000000000000,0.000000000000000000,0.000000000000000000,0.000000000000000000
0.230000000000000000,10,0.230000000000000000,115792089237316195423570985008687907853269984665640564039457.584007913129639935,0.000000000000000000,1000000.000000000000000000,0.000000000000000000,400000.000000000000000000,0.000000000000000000,0.000000000000000000,0.000000000000000000
0.230000000000000000,11,0.230000000000000000,115792089237316195423570985008687907853269984665640564039457.584007913129639935,0.000000000000000000,1000000.000000000000000000,0.000000000000000000,400000.000000000000000000,0.000000000000000000,0.000000000000000000,0.000000000000000000
0.230000000000000000,12,0.230000000000000000,115792089237316195423570985008687907853269984665640564039457.584007913129639935,0.000000000000000000,1000000.000000000000000000,0.000000000000000000,400000.000000000000000000,0.000000000000000000,0.000000000000000000,0.000000000000000000
0.240000000000000000,0,0.240000000000000000,115792089237316195423570985008687907853269984665640564039457.584007913129639935,0.000000000000000000,1000000.000000000000000000,0.000000000000000000,400000.000000000000000000,0.000000000000000000,0.000000000000000000,0.000000000000000000
0.240000000000000000,1,0.240000000000000000,115792089237316195423570985008687907853269984665640564039457.584007913129639935,0.000000000000000000,1000000.000000000000000000,0.000000000000000000,400000.000000000000000000,0.000000000000000000,0.000000000000000000,0.000000000000000000
0.240000000000000000,2,0.240000000000000000,115792089237316195423570985008687907853269984665640564039457.584007913129639935,0.000000000000000000,1000000.000000000000000000,0.000000000000000000,400000.000000000000000000,0.000000000000000000,0.000000000000000000,0.000000000000000000
0.240000000000000000,3,0.240000000000000000,115792089237316195423570985008687907853269984665640564039457.584007913129639935,0.000000000000000000,1000000.000000000000000000,0.000000000000000000,400000.000000000000000000,0.000000000000000000,0.000000000000000000,0.000000000000000000
0.240000000000000000,4,0.240000000000000000,115792089237316195423570985008687907853269984665640564039457.584007913129639935,0.000000000000000000,1000000.000000000000000000,0.000000000000000000,400000.000000000000000000,0.000000000000000000,0.000000000000000000,0.000000000000000000
0.240000000000000000,5,0.240000000000000000,115792089237316195423570985008687907853269984665640564039457.584007913129639935,0.000000000000000000,1000000.000000000000000000,0.000000000000000000,400000.000000000000000000,0.000000000000000000,0.000000000000000000,0.000000000000000000
0.240000000000000000,6,0.240000000000000000,115792089237316195423570985008687907853269984665640564039457.584007913129639935,0.000000000000000000,1000000.000000000000000000,0.000000000000000000,400000.000000000000000000,0.000000000000000000,0.000000000000000000,0.000000000000000000
0.240000000000000000,7,0.240000000000000000,115792089237316195423570985008687907853269984665640564039457.584007913129639935,0.000000000000000000,1000000.000000000000000000,0.000000000000000000,400000.000000000000000000,0.000000000000000000,0.000000000000000000,0.000000000000000000
0.240000000000000000,8,0.240000000000000000,115792089237316195423570985008687907853269984665640564039457.584007913129639935,0.000000000000000000,1000000.000000000000000000,0.000000000000000000,400000.000000000000000000,0.000000000000000000,0.000000000000000000,0.000000000000000000
0.240000000000000000,9,0.240000000000000000,115792089237316195423570985008687907853269984665640564039457.584007913129639935,0.000000000000000000,1000000.000000000000000000,0.000000000000000000,400000.000000000000000000,0.000000000000000000,0.000000000000000000,0.000000000000000000
0.240000000000000000,10,0.240000000000000000,115792089237316195423570985008687907853269984665640564039457.584007913129639935,0.000000000000000000,1000000.000000000000000000,0.000000000000000000,400000.000000000000000000,0.000000000000000000,0.000000000000000000,0.000000000000000000
0.240000000000000000,11,0.240000000000000000,115792089237316195423570985008687907853269984665640564039457.584007913129639935,0.000000000000000000,1000000.000000000000000000,0.000000000000000000,400000.000000000000000000,0.000000000000000000,0.000000000000000000,0.000000000000000000
0.240000000000000000,12,0.240000000000000000,115792089237316195423570985008687907853269984665640564039457.584007913129639935,0.000000000000000000,1000000.000000000000000000,0.000000000000000000,400000.000000000000000000,0.000000000000000000,0.000000000000000000,0.000000000000000000
0.250000000000000000,0,0.250000000000000000,115792089237316195423570985008687907853269984665640564039457.584007913129639935,0.000000000000000000,1000000.000000000000000000,0.000000000000000000,400000.000000000000000000,0.000000000000000000,0.000000000000000000,0.000000000000000000
0.250000000000000000,1,0.250000000000000000,115792089237316195423570985008687907853269984665640564039457.584007913129639935,0.000000000000000000,1000000.000000000000000000,0.000000000000000000,400000.000000000000000000,0.000000000000000000,0.000000000000000000,0.000000000000000000
0.250000000000000000,2,0.250000000000000000,115792089237316195423570985008687907853269984665640564039457.584007913129639935,0.000000000000000000,1000000.000000000000000000,0.000000000000000000,400000.000000000000000000,0.000000000000000000,0.000000000000000000,0.000000000000000000
0.250000000000000000,3,0.250000000000000000,115792089237316195423570985008687907853269984665640564039457.584007913129639935,0.000000000000000000,1000000.000000000000000000,0.000000000000000000,400000.000000000000000000,0.000000000000000000,0.000000000000000000,0.000000000000000000
0.250000000000000000,4,0.250000000000000000,115792089237316195423570985008687907853269984665640564039457.584007913129639935,0.000000000000000000,1000000.000000000000000000,0.000000000000000000,400000.000000000000000000,0.000000000000000000,0.000000000000000000,0.000000000000000000
0.250000000000000000,5,0.250000000000000000,115792089237316195423570985008687907853269984665640564039457.584007913129639935,0.000000000000000000,1000000.000000000000000000,0.000000000000000000,400000.000000000000000000,0.000000000000000000,0.000000000000000000,0.000000000000000000
0.250000000000000000,6,0.250000000000000000,115792089237316195423570985008687907853269984665640564039457.584007913129639935,0.000000000000000000,1000000.000000000000000000,0.000000000000000000,400000.000000000000000000,0.000000000000000000,0.000000000000000000,0.000000000000000000
0.250000000000000000,7,0.250000000000000000,115792089237316195423570985008687907853269984665640564039457.584007913129639935,0.000000000000000000,1000000.000000000000000000,0.000000000000000000,400000.000000000000000000,0.000000000000000000,0.000000000000000000,0.000000000000000000
0.250000000000000000,8,0.250000000000000000,115792089237316195423570985008687907853269984665640564039457.584007913129639935,0.000000000000000000,1000000.000000000000000000,0.000000000000000000,400000.000000000000000000,0.000000000000000000,0.000000000000000000,0.000000000000000000
0.250000000000000000,9,0.250000000000000000,115792089237316195423570985008687907853269984665640564039457.584007913129639935,0.000000000000000000,1000000.000000000000000000,0.000000000000000000,400000.000000000000000000,0.000000000000000000,0.000000000000000000,0.000000000000000000
0.250000000000000000,10,0.250000000000000000,115792089237316195423570985008687907853269984665640564039457.584007913129639935,0.000000000000000000,1000000.000000000000000000,0.000000000000000000,400000.000000000000000000,0.000000000000000000,0.000000000000000000,0.000000000000000000
0.250000000000000000,11,0.250000000000000000,115792089237316195423570985008687907853269984665640564039457.584007913129639935,0.000000000000000000,1000000.000000000000000000,0.000000000000000000,400000.000000000000000000,0.000000000000000000,0.000000000000000000,0.000000000000000000
0.250000000000000000,12,0.250000000000000000,115792089237316195423570985008687907853269984665640564039457.584007913129639935,0.000000000000000000,1000000.000000000000000000,0.000000000000000000,400000.000000000000000000,0.000000000000000000,0.000000000000000000,0.000000000000000000
0.260000000000000000,0,0.260000000000000000,115792089237316195423570985008687907853269984665640564039457.584007913129639935,0.000000000000000000,1000000.000000000000000000,0.000000000000000000,400000.000000000000000000,0.000000000000000000,0.000000000000000000,0.000000000000000000
0.260000000000000000,1,0.260000000000000000,115792089237316195423570985008687907853269984665640564039457.584007913129639935,0.000000000000000000,1000000.000000000000000000,0.000000000000000000,400000.000000000000000000,0.000000000000000000,0.000000000000000000,0.000000000000000000
0.260000000000000000,2,0.260000000000000000,115792089237316195423570985008687907853269984665640564039457.584007913129639935,0.000000000000000000,1000000.000000000000000000,0.000000000000000000,400000.000000000000000000,0.000000000000000000,0.000000000000000000,0.000000000000000000
0.260000000000000000,3,0.260000000000000000,115792089237316195423570985008687907853269984665640564039457.584007913129639935,0.000000000000000000,1000000.000000000000000000,0.000000000000000000,400000.000000000000000000,0.000000000000000000,0.000000000000000000,0.000000000000000000
0.260000000000000000,4,0.260000000000000000,115792089237316195423570985008687907853269984665640564039457.584007913129639935,0.000000000000000000,1000000.000000000000000000,0.000000000000000000,400000.000000000000000000,0.000000000000000000,0.000000000000000000,0.000000000000000000
0.260000000000000000,5,0.260000000000000000,115792089237316195423570985008687907853269984665640564039457.584007913129639935,0.000000000000000000,1000000.000000000000000000,0.000000000000000000,400000.000000000000000000,0.000000000000000000,0.000000000000000000,0.000000000000000000
0.260000000000000000,6,0.260000000000000000,115792089237316195423570985008687907853269984665640564039457.584007913129639935,0.000000000000000000,1000000.000000000000000000,0.000000000000000000,400000.000000000000000000,0.000000000000000000,0.000000000000000000,0.000000000000000000
0.260000000000000000,7,0.260000000000000000,115792089237316195423570985008687907853269984665640564039457.584007913129639935,0.000000000000000000,1000000.000000000000000000,0.000000000000000000,400000.000000000000000000,0.000000000000000000,0.000000000000000000,0.000000000000000000
0.260000000000000000,8,0.260000000000000000,115792089237316195423570985008687907853269984665640564039457.584007913129639935,0.000000000000000000,1000000.000000000000000000,0.000000000000000000,400000.000000000000000000,0.000000000000000000,0.000000000000000000,0.000000000000000000
0.260000000000000000,9,0.260000000000000000,115792089237316195423570985008687907853269984665640564039457.584007913129639935,0.000000000000000000,1000000.000000000000000000,0.000000000000000000,400000.000000000000000000,0.000000000000000000,0.000000000000000000,0.000000000000000000
0.260000000000000000,10,0.260000000000000000,115792089237316195423570985008687907853269984665640564039457.584007913129639935,0.000000000000000000,1000000.000000000000000000,0.000000000000000000,400000.000000000000000000,0.000000000000000000,0.000000000000000000,0.000000000000000000
0.260000000000000000,11,0.260000000000000000,115792089237316195423570985008687907853269984665640564039457.584007913129639935,0.000000000000000000,1000000.000000000000000000,0.000000000000000000,400000.000000000000000000,0.000000000000000000,0.000000000000000000,0.000000000000000000
0.260000000000000000,12,0.260000000000000000,115792089237316195423570985008687907853269984665640564039457.584007913129639935,0.000000000000000000,1000000.000000000000000000,0.000000000000000000,400000.000000000000000000,0.000000000000000000,0.000000000000000000,0.000000000000000000
0.270000000000000000,0,0.270000000000000000,115792089237316195423570985008687907853269984665640564039457.584007913129639935,0.000000000000000000,1000000.000000000000000000,0.000000000000000000,400000.000000000000000000,0.000000000000000000,0.000000000000000000,0.000000000000000000
0.270000000000000000,1,0.270000000000000000,115792089237316195423570985008687907853269984665640564039457.584007913129639935,0.000000000000000000,1000000.000000000000000000,0.000000000000000000,400000.000000000000000000,0.000000000000000000,0.000000000000000000,0.000000000000000000
0.270000000000000000,2,0.270000000000000000,115792089237316195423570985008687907853269984665640564039457.584007913129639935,0.000000000000000000,1000000.000000000000000000,0.000000000000000000,400000.000000000000000000,0.000000000000000000,0.000000000000000000,0.000000000000000000
0.270000000000000000,3,0.270000000000000000,115792089237316195423570985008687907853269984665640564039457.584007913129639935,0.000000000000000000,1000000.000000000000000000,0.000000000000000000,400000.000000000000000000,0.000000000000000000,0.000000000000000000,0.000000000000000000
0.270000000000000000,4,0.270000000000000000,115792089237316195423570985008687907853269984665640564039457.584007913129639935,0.000000000000000000,1000000.000000000000000000,0.000000000000000000,400000.000000000000000000,0.000000000000000000,0.000000000000000000,0.000000000000000000
0.270000000000000000,5,0.270000000000000000,115792089237316195423570985008687907853269984665640564039457.584007913129639935,0.000000000000000000,1000000.000000000000000000,0.000000000000000000,400000.000000000000000000,0.000000000000000000,0.000000000000000000,0.000000000000000000
0.270000000000000000,6,0.270000000000000000,115792089237316195423570985008687907853269984665640564039457.584007913129639935,0.000000000000000000,1000000.000000000000000000,0.000000000000000000,400000.000000000000000000,0.000000000000000000,0.000000000000000000,0.000000000000000000
0.270000000000000000,7,0.270000000000000000,115792089237316195423570985008687907853269984665640564039457.584007913129639935,0.000000000000000000,1000000.000000000000000000,0.000000000000000000,400000.000000000000000000,0.000000000000000000,0.000000000000000000,0.000000000000000000
0.270000000000000000,8,0.270000000000000000,115792089237316195423570985008687907853269984665640564039457.584007913129639935,0.000000000000000000,1000000.000000000000000000,0.000000000000000000,400000.000000000000000000,0.000000000000000000,0.000000000000000000,0.000000000000000000
0.270000000000000000,9,0.270000000000000000,115792089237316195423570985008687907853269984665640564039457.584007913129639935,0.000000000000000000,1000000.000000000000000000,0.000000000000000000,400000.000000000000000000,0.000000000000000000,0.000000000000000000,0.000000000000000000
0.270000000000000000,10,0.270000000000000000,115792089237316195423570985008687907853269984665640564039457.584007913129639935,0.000000000000000000,1000000.000000000000000000,0.000000000000000000,400000.000000000000000000,0.000000000000000000,0.000000000000000000,0.000000000000000000
0.270000000000000000,11,0.270000000000000000,115792089237316195423570985008687907853269984665640564039457.584007913129639935,0.000000000000000000,1000000.000000000000000000,0.000000000000000000,400000.000000000000000000,0.000000000000000000,0.000000000000000000,0.000000000000000000
0.270000000000000000,12,0.270000000000000000,115792089237316195423570985008687907853269984665640564039457.584007913129639935,0.000000000000000000,1000000.000000000000000000,0.000000000000000000,400000.000000000000000000,0.000000000000000000,0.000000000000000000,0.000000000000000000
0.280000000000000000,0,0.280000000000000000,115792089237316195423570985008687907853269984665640564039457.584007913129639935,0.000000000000000000,1000000.000000000000000000,0.000000000000000000,400000.000000000000000000,0.000000000000000000,0.000000000000000000,0.000000000000000000
0.280000000000000000,1,0.280000000000000000,115792089237316195423570985008687907853269984665640564039457.584007913129639935,0.000000000000000000,1000000.000000000000000000,0.000000000000000000,400000.000000000000000000,0.000000000000000000,0.000000000000000000,0.000000000000000000
0.280000000000000000,2,0.280000000000000000,115792089237316195423570985008687907853269984665640564039457.584007913129639935,0.000000000000000000,1000000.000000000000000000,0.000000000000000000,400000.000000000000000000,0.000000000000000000,0.000000000000000000,0.000000000000000000
0.280000000000000000,3,0.280000000000000000,115792089237316195423570985008687907853269984665640564039457.584007913129639935,0.000000000000000000,1000000.000000000000000000,0.000000000000000000,400000.000000000000000000,0.000000000000000000,0.000000000000000000,0.000000000000000000
0.280000000000000000,4,0.280000000000000000,115792089237316195423570985008687907853269984665640564039457.584007913129639935,0.000000000000000000,1000000.000000000000000000,0.000000000000000000,400000.000000000000000000,0.000000000000000000,0.000000000000000000,0.000000000000000000
0.280000000000000000,5,0.280000000000000000,115792089237316195423570985008687907853269984665640564039457.584007913129639935,0.000000000000000000,1000000.000000000000000000,0.000000000000000000,400000.000000000000000000,0.000000000000000000,0.000000000000000000,0.000000000000000000
0.280000000000000000,6,0.280000000000000000,115792089237316195423570985008687907853269984665640564039457.584007913129639935,0.000000000000000000,1000000.000000000000000000,0.000000000000000000,400000.000000000000000000,0.000000000000000000,0.000000000000000000,0.000000000000000000
0.280000000000000000,7,0.280000000000000000,115792089237316195423570985008687907853269984665640564039457.584007913129639935,0.000000000000000000,1000000.000000000000000000,0.000000000000000000,400000.000000000000000000,0.000000000000000000,0.000000000000000000,0.000000000000000000
0.280000000000000000,8,0.280000000000000000,115792089237316195423570985008687907853269984665640564039457.584007913129639935,0.000000000000000000,1000000.000000000000000000,0.000000000000000000,400000.000000000000000000,0.000000000000000000,0.000000000000000000,0.000000000000000000
0.280000000000000000,9,0.280000000000000000,115792089237316195423570985008687907853269984665640564039457.584007913129639935,0.000000000000000000,1000000.000000000000000000,0.000000000000000000,400000.000000000000000000,0.000000000000000000,0.000000000000000000,0.000000000000000000
0.280000000000000000,10,0.280000000000000000,115792089237316195423570985008687907853269984665640564039457.584007913129639935,0.000000000000000000,1000000.000000000000000000,0.000000000000000000,400000.000000000000000000,0.000000000000000000,0.000000000000000000,0.000000000000000000
0.280000000000000000,11,0.280000000000000000,115792089237316195423570985008687907853269984665640564039457.584007913129639935,0.000000000000000000,1000000.000000000000000000,0.000000000000000000,400000.000000000000000000,0.000000000000000000,0.000000000000000000,0.000000000000000000
0.280000000000000000,12,0.280000000000000000,115792089237316195423570985008687907853269984665640564039457.584007913129639935,0.000000000000000000,1000000.000000000000000000,0.000000000000000000,400000.000000000000000000,0.000000000000000000,0.000000000000000000,0.000000000000000000
0.290000000000000000,0,0.290000000000000000,115792089237316195423570985008687907853269984665640564039457.584007913129639935,0.000000000000000000,1000000.000000000000000000,0.000000000000000000,400000.000000000000000000,0.000000000000000000,0.000000000000000000,0.000000000000000000
0.290000000000000000,1,0.290000000000000000,115792089237316195423570985008687907853269984665640564039457.584007913129639935,0.000000000000000000,1000000.000000000000000000,0.000000000000000000,400000.000000000000000000,0.000000000000000000,0.000000000000000000,0.000000000000000000
0.290000000000000000,2,0.290000000000000000,115792089237316195423570985008687907853269984665640564039457.584007913129639935,0.000000000000000000,1000000.000000000000000000,0.000000000000000000,400000.000000000000000000,0.000000000000000000,0.000000000000000000,0.000000000000000000
0.290000000000000000,3,0.290000000000000000,115792089237316195423570985008687907853269984665640564039457.584007913129639935,0.000000000000000000,1000000.000000000000000000,0.000000000000000000,400000.000000000000000000,0.000000000000000000,0.000000000000000000,0.000000000000000000
0.290000000000000000,4,0.290000000000000000,115792089237316195423570985008687907853269984665640564039457.584007913129639935,0.000000000000000000,1000000.000000000000000000,0.000000000000000000,400000.000000000000000000,0.000000000000000000,0.000000000000000000,0.000000000000000000
0.290000000000000000,5,0.290000000000000000,115792089237316195423570985008687907853269984665640564039457.584007913129639935,0.000000000000000000,1000000.000000000000000000,0.000000000000000000,400000.000000000000000000,0.000000000000000000,0.000000000000000000,0.000000000000000000
0.290000000000000000,6,0.290000000000000000,115792089237316195423570985008687907853269984665640564039457.584007913129639935,0.000000000000000000,1000000.000000000000000000,0.000000000000000000,400000.000000000000000000,0.000000000000000000,0.000000000000000000,0.000000000000000000
0.290000000000000000,7,0.290000000000000000,115792089237316195423570985008687907853269984665640564039457.584007913129639935,0.000000000000000000,1000000.000000000000000000,0.000000000000000000,400000.000000000000000000,0.000000000000000000,0.000000000000000000,0.000000000000000000
0.290000000000000000,8,0.290000000000000000,115792089237316195423570985008687907853269984665640564039457.584007913129639935,0.000000000000000000,1000000.000000000000000000,0.000000000000000000,400000.000000000000000000,0.000000000000000000,0.000000000000000000,0.000000000000000000
0.290000000000000000,9,0.290000000000000000,115792089237316195423570985008687907853269984665640564039457.584007913129639935,0.000000000000000000,1000000.000000000000000000,0.000000000000000000,400000.000000000000000000,0.000000000000000000,0.000000000000000000,0.000000000000000000
0.290000000000000000,10,0.290000000000000000,115792089237316195423570985008687907853269984665640564039457.584007913129639935,0.000000000000000000,1000000.000000000000000000,0.000000000000000000,400000.000000000000000000,0.000000000000000000,0.000000000000000000,0.000000000000000000
0.290000000000000000,11,0.290000000000000000,115792089237316195423570985008687907853269984665640564039457.584007913129639935,0.000000000000000000,1000000.000000000000000000,0.000000000000000000,400000.000000000000000000,0.000000000000000000,0.000000000000000000,0.000000000000000000
0.290000000000000000,12,0.290000000000000000,115792089237316195423570985008687907853269984665640564039457.584007913129639935,0.000000000000000000,1000000.000000000000000000,0.000000000000000000,400000.000000000000000000,0.000000000000000000,0.000000000000000000,0.000000000000000000
0.300000000000000000,0,0.300000000000000000,115792089237316195423570985008687907853269984665640564039457.584007913129639935,0.000000000000000000,1000000.000000000000000000,0.000000000000000000,400000.000000000000000000,0.000000000000000000,0.000000000000000000,0.000000000000000000
0.300000000000000000,1,0.300000000000000000,115792089237316195423570985008687907853269984665640564039457.584007913129639935,0.000000000000000000,1000000.000000000000000000,0.000000000000000000,400000.000000000000000000,0.000000000000000000,0.000000000000000000,0.000000000000000000
0.300000000000000000,2,0.300000000000000000,115792089237316195423570985008687907853269984665640564039457.584007913129639935,0.000000000000000000,1000000.000000000000000000,0.000000000000000000,400000.000000000000000000,0.000000000000000000,0.000000000000000000,0.000000000000000000
0.300000000000000000,3,0.300000000000000000,115792089237316195423570985008687907853269984665640564039457.584007913129639935,0.000000000000000000,1000000.000000000000000000,0.000000000000000000,400000.000000000000000000,0.000000000000000000,0.000000000000000000,0.000000000000000000
0.300000000000000000,4,0.300000000000000000,115792089237316195423570985008687907853269984665640564039457.584007913129639935,0.000000000000000000,1000000.000000000000000000,0.000000000000000000,400000.000000000000000000,0.000000000000000000,0.000000000000000000,0.000000000000000000
0.300000000000000000,5,0.300000000000000000,115792089237316195423570985008687907853269984665640564039457.584007913129639935,0.000000000000000000,1000000.000000000000000000,0.000000000000000000,400000.000000000000000000,0.000000000000000000,0.000000000000000000,0.000000000000000000
0.300000000000000000,6,0.300000000000000000,115792089237316195423570985008687907853269984665640564039457.584007913129639935,0.000000000000000000,1000000.000000000000000000,0.000000000000000000,400000.000000000000000000,0.000000000000000000,0.000000000000000000,0.000000000000000000
0.300000000000000000,7,0.300000000000000000,115792089237316195423570985008687907853269984665640564039457.584007913129639935,0.000000000000000000,1000000.000000000000000000,0.000000000000000000,400000.000000000000000000,0.000000000000000000,0.000000000000000000,0.000000000000000000
0.300000000000000000,8,0.300000000000000000,115792089237316195423570985008687907853269984665640564039457.584007913129639935,0.000000000000000000,1000000.000000000000000000,0.000000000000000000,400000.000000000000000000,0.000000000000000000,0.000000000000000000,0.000000000000000000
0.300000000000000000,9,0.300000000000000000,115792089237316195423570985008687907853269984665640564039457.584007913129639935,0.000000000000000000,1000000.000000000000000000,0.000000000000000000,400000.000000000000000000,0.000000000000000000,0.000000000000000000,0.000000000000000000
0.300000000000000000,10,0.300000000000000000,115792089237316195423570985008687907853269984665640564039457.584007913129639935,0.000000000000000000,1000000.000000000000000000,0.000000000000000000,400000.000000000000000000,0.000000000000000000,0.000000000000000000,0.000000000000000000
0.300000000000000000,11,0.300000000000000000,115792089237316195423570985008687907853269984665640564039457.584007913129639935,0.000000000000000000,1000000.000000000000000000,0.000000000000000000,400000.000000000000000000,0.000000000000000000,0.000000000000000000,0.000000000000000000
0.300000000000000000,12,0.300000000000000000,115792089237316195423570985008687907853269984665640564039457.584007913129639935,0.000000000000000000,1000000.000000000000000000,0.000000000000000000,400000.000000000000000000,0.000000000000000000,0.000000000000000000,0.000000000000000000
0.310000000000000000,0,0.310000000000000000,115792089237316195423570985008687907853269984665640564039457.584007913129639935,0.000000000000000000,1000000.000000000000000000,0.000000000000000000,400000.000000000000000000,0.000000000000000000,0.000000000000000000,0.000000000000000000
0.310000000000000000,1,0.310000000000000000,115792089237316195423570985008687907853269984665640564039457.584007913129639935,0.000000000000000000,1000000.000000000000000000,0.000000000000000000,400000.000000000000000000,0.000000000000000000,0.000000000000000000,0.000000000000000000
0.310000000000000000,2,0.310000000000000000,115792089237316195423570985008687907853269984665640564039457.584007913129639935,0.000000000000000000,1000000.000000000000000000,0.000000000000000000,400000.000000000000000000,0.000000000000000000,0.000000000000000000,0.000000000000000000
0.310000000000000000,3,0.310000000000000000,115792089237316195423570985008687907853269984665640564039457.584007913129639935,0.000000000000000000,1000000.000000000000000000,0.000000000000000000,400000.000000000000000000,0.000000000000000000,0.000000000000000000,0.000000000000000000
0.310000000000000000,4,0.310000000000000000,115792089237316195423570985008687907853269984665640564039457.584007913129639935,0.000000000000000000,1000000.000000000000000000,0.000000000000000000,400000.000000000000000000,0.000000000000000000,0.000000000000000000,0.000000000000000000
0.310000000000000000,5,0.310000000000000000,115792089237316195423570985008687907853269984665640564039457.584007913129639935,0.000000000000000000,1000000.000000000000000000,0.000000000000000000,400000.000000000000000000,0.000000000000000000,0.000000000000000000,0.000000000000000000
0.310000000000000000,6,0.310000000000000000,115792089237316195423570985008687907853269984665640564039457.584007913129639935,0.000000000000000000,1000000.000000000000000000,0.000000000000000000,400000.000000000000000000,0.000000000000000000,0.000000000000000000,0.000000000000000000
0.310000000000000000,7,0.310000000000000000,115792089237316195423570985008687907853269984665640564039457.584007913129639935,0.000000000000000000,1000000.000000000000000000,0.000000000000000000,400000.000000000000000000,0.000000000000000000,0.000000000000000000,0.000000000000000000
0.310000000000000000,8,0.310000000000000000,115792089237316195423570985008687907853269984665640564039457.584007913129639935,0.000000000000000000,1000000.000000000000000000,0.000000000000000000,400000.000000000000000000,0.000000000000000000,0.000000000000000000,0.000000000000000000
0.310000000000000000,9,0.310000000000000000,115792089237316195423570985008687907853269984665640564039457.584007913129639935,0.000000000000000000,1000000.000000000000000000,0.000000000000000000,400000.000000000000000000,0.000000000000000000,0.000000000000000000,0.000000000000000000
0.310000000000000000,10,0.310000000000000000,115792089237316195423570985008687907853269984665640564039457.584007913129639935,0.000000000000000000,1000000.000000000000000000,0.000000000000000000,400000.000000000000000000,0.000000000000000000,0.000000000000000000,0.000000000000000000
0.310000000000000000,11,0.310000000000000000,115792089237316195423570985008687907853269984665640564039457.584007913129639935,0.000000000000000000,1000000.000000000000000000,0.000000000000000000,400000.000000000000000000,0.000000000000000000,0.000000000000000000,0.000000000000000000
0.310000000000000000,12,0.310000000000000000,115792089237316195423570985008687907853269984665640564039457.584007913129639935,0.000000000000000000,1000000.000000000000000000,0.000000000000000000,400000.000000000000000000,0.000000000000000000,0.000000000000000000,0.000000000000000000
0.320000000000000000,0,0.320000000000000000,115792089237316195423570985008687907853269984665640564039457.584007913129639935,0.000000000000000000,1000000.000000000000000000,0.000000000000000000,400000.000000000000000000,0.000000000000000000,0.000000000000000000,0.000000000000000000
0.320000000000000000,1,0.320000000000000000,115792089237316195423570985008687907853269984665640564039457.584007913129639935,0.000000000000000000,1000000.000000000000000000,0.000000000000000000,400000.000000000000000000,0.000000000000000000,0.000000000000000000,0.000000000000000000
0.320000000000000000,2,0.320000000000000000,115792089237316195423570985008687907853269984665640564039457.584007913129639935,0.000000000000000000,1000000.000000000000000000,0.000000000000000000,400000.000000000000000000,0.000000000000000000,0.000000000000000000,0.000000000000000000
0.320000000000000000,3,0.320000000000000000,115792089237316195423570985008687907853269984665640564039457.584007913129639935,0.000000000000000000,1000000.000000000000000000,0.000000000000000000,400000.000000000000000000,0.000000000000000000,0.000000000000000000,0.000000000000000000
0.320000000000000000,4,0.320000000000000000,115792089237316195423570985008687907853269984665640564039457.584007913129639935,0.000000000000000000,1000000.000000000000000000,0.000000000000000000,400000.000000000000000000,0.000000000000000000,0.000000000000000000,0.000000000000000000
0.320000000000000000,5,0.320000000000000000,115792089237316195423570985008687907853269984665640564039457.584007913129639935,0.000000000000000000,1000000.000000000000000000,0.000000000000000000,400000.000000000000000000,0.000000000000000000,0.000000000000000000,0.000000000000000000
0.320000000000000000,6,0.320000000000000000,115792089237316195423570985008687907853269984665640564039457.584007913129639935,0.000000000000000000,1000000.000000000000000000,0.000000000000000000,400000.000000000000000000,0.000000000000000000,0.000000000000000000,0.000000000000000000
0.320000000000000000,7,0.320000000000000000,115792089237316195423570985008687907853269984665640564039457.584007913129639935,0.000000000000000000,1000000.000000000000000000,0.000000000000000000,400000.000000000000000000,0.000000000000000000,0.000000000000000000,0.000000000000000000
0.320000000000000000,8,0.320000000000000000,115792089237316195423570985008687907853269984665640564039457.584007913129639935,0.000000000000000000,1000000.000000000000000000,0.000000000000000000,400000.000000000000000000,0.000000000000000000,0.000000000000000000,0.000000000000000000
0.320000000000000000,9,0.320000000000000000,115792089237316195423570985008687907853269984665640564039457.584007913129639935,0.000000000000000000,1000000.000000000000000000,0.000000000000000000,400000.000000000000000000,0.000000000000000000,0.000000000000000000,0.000000000000000000
0.320000000000000000,10,0.320000000000000000,115792089237316195423570985008687907853269984665640564039457.584007913129639935,0.000000000000000000,1000000.000000000000000000,0.000000000000000000,400000.000000000000000000,0.000000000000000000,0.000000000000000000,0.000000000000000000
0.320000000000000000,11,0.320000000000000000,115792089237316195423570985008687907853269984665640564039457.584007913129639935,0.000000000000000000,1000000.000000000000000000,0.000000000000000000,400000.000000000000000000,0.000000000000000000,0.000000000000000000,0.000000000000000000
0.320000000000000000,12,0.320000000000000000,115792089237316195423570985008687907853269984665640564039457.584007913129639935,0.000000000000000000,1000000.000000000000000000,0.000000000000000000,400000.000000000000000000,0.000000000000000000,0.000000000000000000,0.000000000000000000
0.330000000000000000,0,0.330000000000000000,115792089237316195423570985008687907853269984665640564039457.584007913129639935,0.000000000000000000,1000000.000000000000000000,0.000000000000000000,400000.000000000000000000,0.000000000000000000,0.000000000000000000,0.000000000000000000
0.330000000000000000,1,0.330000000000000000,115792089237316195423570985008687907853269984665640564039457.584007913129639935,0.000000000000000000,1000000.000000000000000000,0.000000000000000000,400000.000000000000000000,0.000000000000000000,0.000000000000000000,0.000000000000000000
0.330000000000000000,2,0.330000000000000000,115792089237316195423570985008687907853269984665640564039457.584007913129639935,0.000000000000000000,1000000.000000000000000000,0.000000000000000000,400000.000000000000000000,0.000000000000000000,0.000000000000000000,0.000000000000000000
0.330000000000000000,3,0.330000000000000000,115792089237316195423570985008687907853269984665640564039457.584007913129639935,0.000000000000000000,1000000.000000000000000000,0.000000000000000000,400000.000000000000000000,0.000000000000000000,0.000000000000000000,0.000000000000000000
0.330000000000000000,4,0.330000000000000000,115792089237316195423570985008687907853269984665640564039457.584007913129639935,0.000000000000000000,1000000.000000000000000000,0.000000000000000000,400000.000000000000000000,0.000000000000000000,0.000000000000000000,0.000000000000000000
0.330000000000000000,5,0.330000000000000000,115792089237316195423570985008687907853269984665640564039457.584007913129639935,0.000000000000000000,1000000.000000000000000000,0.000000000000000000,400000.000000000000000000,0.000000000000000000,0.000000000000000000,0.000000000000000000
0.330000000000000000,6,0.330000000000000000,115792089237316195423570985008687907853269984665640564039457.584007913129639935,0.000000000000000000,1000000.000000000000000000,0.000000000000000000,400000.000000000000000000,0.000000000000000000,0.000000000000000000,0.000000000000000000
0.330000000000000000,7,0.330000000000000000,115792089237316195423570985008687907853269984665640564039457.584007913129639935,0.000000000000000000,1000000.000000000000000000,0.000000000000000000,400000.000000000000000000,0.000000000000000000,0.000000000000000000,0.000000000000000000
0.330000000000000000,8,0.330000000000000000,115792089237316195423570985008687907853269984665640564039457.584007913129639935,0.000000000000000000,1000000.000000000000000000,0.000000000000000000,400000.000000000000000000,0.000000000000000000,0.000000000000000000,0.000000000000000000
0.330000000000000000,9,0.330000000000000000,115792089237316195423570985008687907853269984665640564039457.584007913129639935,0.000000000000000000,1000000.000000000000000000,0.000000000000000000,400000.000000000000000000,0.000000000000000000,0.000000000000000000,0.000000000000000000
0.330000000000000000,10,0.330000000000000000,115792089237316195423570985008687907853269984665640564039457.584007913129639935,0.000000000000000000,1000000.000000000000000000,0.000000000000000000,400000.000000000000000000,0.000000000000000000,0.000000000000000000,0.000000000000000000
0.330000000000000000,11,0.330000000000000000,115792089237316195423570985008687907853269984665640564039457.584007913129639935,0.000000000000000000,1000000.000000000000000000,0.000000000000000000,400000.000000000000000000,0.000000000000000000,0.000000000000000000,0.000000000000000000
0.330000000000000000,12,0.330000000000000000,115792089237316195423570985008687907853269984665640564039457.584007913129639935,0.000000000000000000,1000000.000000000000000000,0.000000000000000000,400000.000000000000000000,0.000000000000000000,0.000000000000000000,0.000000000000000000
0.340000000000000000,0,0.340000000000000000,115792089237316195423570985008687907853269984665640564039457.584007913129639935,0.000000000000000000,1000000.000000000000000000,0.000000000000000000,400000.000000000000000000,0.000000000000000000,0.000000000000000000,0.000000000000000000
0.340000000000000000,1,0.340000000000000000,115792089237316195423570985008687907853269984665640564039457.584007913129639935,0.000000000000000000,1000000.000000000000000000,0.000000000000000000,400000.000000000000000000,0.000000000000000000,0.000000000000000000,0.000000000000000000
0.340000000000000000,2,0.340000000000000000,115792089237316195423570985008687907853269984665640564039457.584007913129639935,0.000000000000000000,1000000.000000000000000000,0.000000000000000000,400000.000000000000000000,0.000000000000000000,0.000000000000000000,0.000000000000000000
0.340000000000000000,3,0.340000000000000000,115792089237316195423570985008687907853269984665640564039457.584007913129639935,0.000000000000000000,1000000.000000000000000000,0.000000000000000000,400000.000000000000000000,0.000000000000000000,0.000000000000000000,0.000000000000000000
0.340000000000000000,4,0.340000000000000000,115792089237316195423570985008687907853269984665640564039457.584007913129639935,0.000000000000000000,1000000.000000000000000000,0.000000000000000000,400000.000000000000000000,0.000000000000000000,0.000000000000000000,0.000000000000000000
0.340000000000000000,5,0.340000000000000000,115792089237316195423570985008687907853269984665640564039457.584007913129639935,0.000000000000000000,1000000.000000000000000000,0.000000000000000000,400000.000000000000000000,0.000000000000000000,0.000000000000000000,0.000000000000000000
0.340000000000000000,6,0.340000000000000000,115792089237316195423570985008687907853269984665640564039457.584007913129639935,0.000000000000000000,1000000.000000000000000000,0.000000000000000000,400000.000000000000000000,0.000000000000000000,0.000000000000000000,0.000000000000000000
0.340000000000000000,7,0.340000000000000000,115792089237316195423570985008687907853269984665640564039457.584007913129639935,0.000000000000000000,1000000.000000000000000000,0.000000000000000000,400000.000000000000000000,0.000000000000000000,0.000000000000000000,0.000000000000000000
0.340000000000000000,8,0.340000000000000000,115792089237316195423570985008687907853269984665640564039457.584007913129639935,0.000000000000000000,1000000.000000000000000000,0.000000000000000000,400000.000000000000000000,0.000000000000000000,0.000000000000000000,0.000000000000000000
0.340000000000000000,9,0.340000000000000000,115792089237316195423570985008687907853269984665640564039457.584007913129639935,0.000000000000000000,1000000.000000000000000000,0.000000000000000000,400000.000000000000000000,0.000000000000000000,0.000000000000000000,0.000000000000000000
0.340000000000000000,10,0.340000000000000000,115792089237316195423570985008687907853269984665640564039457.584007913129639935,0.000000000000000000,1000000.000000000000000000,0.000000000000000000,400000.000000000000000000,0.000000000000000000,0.000000000000000000,0.000000000000000000
0.340000000000000000,11,0.340000000000000000,115792089237316195423570985008687907853269984665640564039457.584007913129639935,0.000000000000000000,1000000.000000000000000000,0.000000000000000000,400000.000000000000000000,0.000000000000000000,0.000000000000000000,0.000000000000000000
0.340000000000000000,12,0.340000000000000000,115792089237316195423570985008687907853269984665640564039457.584007913129639935,0.000000000000000000,1000000.000000000000000000,0.000000000000000000,400000.000000000000000000,0.000000000000000000,0.000000000000000000,0.000000000000000000
0.350000000000000000,0,0.350000000000000000,115792089237316195423570985008687907853269984665640564039457.584007913129639935,0.000000000000000000,1000000.000000000000000000,0.000000000000000000,400000.000000000000000000,0.000000000000000000,0.000000000000000000,0.000000000000000000
0.350000000000000000,1,0.350000000000000000,115792089237316195423570985008687907853269984665640564039457.584007913129639935,0.000000000000000000,1000000.000000000000000000,0.000000000000000000,400000.000000000000000000,0.000000000000000000,0.000000000000000000,0.000000000000000000
0.350000000000000000,2,0.350000000000000000,115792089237316195423570985008687907853269984665640564039457.584007913129639935,0.000000000000000000,1000000.000000000000000000,0.000000000000000000,400000.000000000000000000,0.000000000000000000,0.000000000000000000,0.000000000000000000
0.350000000000000000,3,0.350000000000000000,115792089237316195423570985008687907853269984665640564039457.584007913129639935,0.000000000000000000,1000000.000000000000000000,0.000000000000000000,400000.000000000000000000,0.000000000000000000,0.000000000000000000,0.000000000000000000
0.350000000000000000,4,0.350000000000000000,115792089237316195423570985008687907853269984665640564039457.584007913129639935,0.000000000000000000,1000000.000000000000000000,0.000000000000000000,400000.000000000000000000,0.000000000000000000,0.000000000000000000,0.000000000000000000
0.350000000000000000,5,0.350000000000000000,115792089237316195423570985008687907853269984665640564039457.584007913129639935,0.000000000000000000,1000000.000000000000000000,0.000000000000000000,400000.000000000000000000,0.000000000000000000,0.000000000000000000,0.000000000000000000
0.350000000000000000,6,0.350000000000000000,115792089237316195423570985008687907853269984665640564039457.584007913129639935,0.000000000000000000,1000000.000000000000000000,0.000000000000000000,400000.000000000000000000,0.000000000000000000,0.000000000000000000,0.000000000000000000
0.350000000000000000,7,0.350000000000000000,115792089237316195423570985008687907853269984665640564039457.584007913129639935,0.000000000000000000,1000000.000000000000000000,0.000000000000000000,400000.000000000000000000,0.000000000000000000,0.000000000000000000,0.000000000000000000
0.350000000000000000,8,0.350000000000000000,115792089237316195423570985008687907853269984665640564039457.584007913129639935,0.000000000000000000,1000000.000000000000000000,0.000000000000000000,400000.000000000000000000,0.000000000000000000,0.000000000000000000,0.000000000000000000
0.350000000000000000,9,0.350000000000000000,115792089237316195423570985008687907853269984665640564039457.584007913129639935,0.000000000000000000,1000000.000000000000000000,0.000000000000000000,400000.000000000000000000,0.000000000000000000,0.000000000000000000,0.000000000000000000
0.350000000000000000,10,0.350000000000000000,115792089237316195423570985008687907853269984665640564039457.584007913129639935,0.000000000000000000,1000000.000000000000000000,0.000000000000000000,400000.000000000000000000,0.000000000000000000,0.000000000000000000,0.000000000000000000
0.350000000000000000,11,0.350000000000000000,115792089237316195423570985008687907853269984665640564039457.584007913129639935,0.000000000000000000,1000000.000000000000000000,0.000000000000000000,400000.000000000000000000,0.000000000000000000,0.000000000000000000,0.000000000000000000
0.350000000000000000,12,0.350000000000000000,115792089237316195423570985008687907853269984665640564039457.584007913129639935,0.000000000000000000,1000000.000000000000000000,0.000000000000000000,400000.000000000000000000,0.000000000000000000,0.000000000000000000,0.000000000000000000
0.360000000000000000,0,0.360000000000000000,115792089237316195423570985008687907853269984665640564039457.584007913129639935,0.000000000000000000,1000000.000000000000000000,0.000000000000000000,400000.000000000000000000,0.000000000000000000,0.000000000000000000,0.000000000000000000
0.360000000000000000,1,0.360000000000000000,115792089237316195423570985008687907853269984665640564039457.584007913129639935,0.000000000000000000,1000000.000000000000000000,0.000000000000000000,400000.000000000000000000,0.000000000000000000,0.000000000000000000,0.000000000000000000
0.360000000000000000,2,0.360000000000000000,115792089237316195423570985008687907853269984665640564039457.584007913129639935,0.000000000000000000,1000000.000000000000000000,0.000000000000000000,400000.000000000000000000,0.000000000000000000,0.000000000000000000,0.000000000000000000
0.360000000000000000,3,0.360000000000000000,115792089237316195423570985008687907853269984665640564039457.584007913129639935,0.000000000000000000,1000000.000000000000000000,0.000000000000000000,400000.000000000000000000,0.000000000000000000,0.000000000000000000,0.000000000000000000
0.360000000000000000,4,0.360000000000000000,115792089237316195423570985008687907853269984665640564039457.584007913129639935,0.000000000000000000,1000000.000000000000000000,0.000000000000000000,400000.000000000000000000,0.000000000000000000,0.000000000000000000,0.000000000000000000
0.360000000000000000,5,0.360000000000000000,115792089237316195423570985008687907853269984665640564039457.584007913129639935,0.000000000000000000,1000000.000000000000000000,0.000000000000000000,400000.000000000000000000,0.000000000000000000,0.000000000000000000,0.000000000000000000
0.360000000000000000,6,0.360000000000000000,115792089237316195423570985008687907853269984665640564039457.584007913129639935,0.000000000000000000,1000000.000000000000000000,0.000000000000000000,400000.000000000000000000,0.000000000000000000,0.000000000000000000,0.000000000000000000
0.360000000000000000,7,0.360000000000000000,115792089237316195423570985008687907853269984665640564039457.584007913129639935,0.000000000000000000,1000000.000000000000000000,0.000000000000000000,400000.000000000000000000,0.000000000000000000,0.000000000000000000,0.000000000000000000
0.360000000000000000,8,0.360000000000000000,115792089237316195423570985008687907853269984665640564039457.584007913129639935,0.000000000000000000,1000000.000000000000000000,0.000000000000000000,400000.000000000000000000,0.000000000000000000,0.000000000000000000,0.000000000000000000
0.360000000000000000,9,0.360000000000000000,115792089237316195423570985008687907853269984665640564039457.584007913129639935,0.000000000000000000,1000000.000000000000000000,0.000000000000000000,400000.000000000000000000,0.000000000000000000,0.000000000000000000,0.000000000000000000
0.360000000000000000,10,0.360000000000000000,115792089237316195423570985008687907853269984665640564039457.584007913129639935,0.000000000000000000,1000000.000000000000000000,0.000000000000000000,400000.000000000000000000,0.000000000000000000,0.000000000000000000,0.000000000000000000
0.360000000000000000,11,0.360000000000000000,115792089237316195423570985008687907853269984665640564039457.584007913129639935,0.000000000000000000,1000000.000000000000000000,0.000000000000000000,400000.000000000000000000,0.000000000000000000,0.000000000000000000,0.000000000000000000
0.360000000000000000,12,0.360000000000000000,115792089237316195423570985008687907853269984665640564039457.584007913129639935,0.000000000000000000,1000000.000000000000000000,0.000000000000000000,400000.000000000000000000,0.000000000000000000,0.000000000000000000,0.000000000000000000
0.370000000000000000,0,0.370000000000000000,115792089237316195423570985008687907853269984665640564039457.584007913129639935,0.000000000000000000,1000000.000000000000000000,0.000000000000000000,400000.000000000000000000,0.000000000000000000,0.000000000000000000,0.000000000000000000
0.370000000000000000,1,0.370000000000000000,115792089237316195423570985008687907853269984665640564039457.584007913129639935,0.000000000000000000,1000000.000000000000000000,0.000000000000000000,400000.000000000000000000,0.000000000000000000,0.000000000000000000,0.000000000000000000
0.370000000000000000,2,0.370000000000000000,115792089237316195423570985008687907853269984665640564039457.584007913129639935,0.000000000000000000,1000000.000000000000000000,0.000000000000000000,400000.000000000000000000,0.000000000000000000,0.000000000000000000,0.000000000000000000
0.370000000000000000,3,0.370000000000000000,115792089237316195423570985008687907853269984665640564039457.584007913129639935,0.000000000000000000,1000000.000000000000000000,0.000000000000000000,400000.000000000000000000,0.000000000000000000,0.000000000000000000,0.000000000000000000
0.370000000000000000,4,0.370000000000000000,115792089237316195423570985008687907853269984665640564039457.584007913129639935,0.000000000000000000,1000000.000000000000000000,0.000000000000000000,400000.000000000000000000,0.000000000000000000,0.000000000000000000,0.000000000000000000
0.370000000000000000,5,0.370000000000000000,115792089237316195423570985008687907853269984665640564039457.584007913129639935,0.000000000000000000,1000000.000000000000000000,0.000000000000000000,400000.000000000000000000,0.000000000000000000,0.000000000000000000,0.000000000000000000
0.370000000000000000,6,0.370000000000000000,115792089237316195423570985008687907853269984665640564039457.584007913129639935,0.000000000000000000,1000000.000000000000000000,0.000000000000000000,400000.000000000000000000,0.000000000000000000,0.000000000000000000,0.000000000000000000
0.370000000000000000,7,0.370000000000000000,115792089237316195423570985008687907853269984665640564039457.584007913129639935,0.000000000000000000,1000000.000000000000000000,0.000000000000000000,400000.000000000000000000,0.000000000000000000,0.000000000000000000,0.000000000000000000
0.370000000000000000,8,0.370000000000000000,115792089237316195423570985008687907853269984665640564039457.584007913129639935,0.000000000000000000,1000000.000000000000000000,0.000000000000000000,400000.000000000000000000,0.000000000000000000,0.000000000000000000,0.000000000000000000
0.370000000000000000,9,0.370000000000000000,115792089237316195423570985008687907853269984665640564039457.584007913129639935,0.000000000000000000,1000000.000000000000000000,0.000000000000000000,400000.000000000000000000,0.000000000000000000,0.000000000000000000,0.000000000000000000
0.370000000000000000,10,0.370000000000000000,115792089237316195423570985008687907853269984665640564039457.584007913129639935,0.000000000000000000,1000000.000000000000000000,0.000000000000000000,400000.000000000000000000,0.000000000000000000,0.000000000000000000,0.000000000000000000
0.370000000000000000,11,0.370000000000000000,115792089237316195423570985008687907853269984665640564039457.584007913129639935,0.000000000000000000,1000000.000000000000000000,0.000000000000000000,400000.000000000000000000,0.000000000000000000,0.000000000000000000,0.000000000000000000
0.370000000000000000,12,0.370000000000000000,115792089237316195423570985008687907853269984665640564039457.584007913129639935,0.000000000000000000,1000000.000000000000000000,0.000000000000000000,400000.000000000000000000,0.000000000000000000,0.000000000000000000,0.000000000000000000
0.380000000000000000,0,0.380000000000000000,115792089237316195423570985008687907853269984665640564039457.584007913129639935,0.000000000000000000,1000000.000000000000000000,0.000000000000000000,400000.000000000000000000,0.000000000000000000,0.000000000000000000,0.000000000000000000
0.380000000000000000,1,0.380000000000000000,115792089237316195423570985008687907853269984665640564039457.584007913129639935,0.000000000000000000,1000000.000000000000000000,0.000000000000000000,400000.000000000000000000,0.000000000000000000,0.000000000000000000,0.000000000000000000
0.380000000000000000,2,0.380000000000000000,115792089237316195423570985008687907853269984665640564039457.584007913129639935,0.000000000000000000,1000000.000000000000000000,0.000000000000000000,400000.000000000000000000,0.000000000000000000,0.000000000000000000,0.000000000000000000
0.380000000000000000,3,0.380000000000000000,115792089237316195423570985008687907853269984665640564039457.584007913129639935,0.000000000000000000,1000000.000000000000000000,0.000000000000000000,400000.000000000000000000,0.000000000000000000,0.000000000000000000,0.000000000000000000
0.380000000000000000,4,0.380000000000000000,115792089237316195423570985008687907853269984665640564039457.584007913129639935,0.000000000000000000,1000000.000000000000000000,0.000000000000000000,400000.000000000000000000,0.000000000000000000,0.000000000000000000,0.000000000000000000
0.380000000000000000,5,0.380000000000000000,115792089237316195423570985008687907853269984665640564039457.584007913129639935,0.000000000000000000,1000000.000000000000000000,0.000000000000000000,400000.000000000000000000,0.000000000000000000,0.000000000000000000,0.000000000000000000
0.380000000000000000,6,0.380000000000000000,115792089237316195423570985008687907853269984665640564039457.584007913129639935,0.000000000000000000,1000000.000000000000000000,0.000000000000000000,400000.000000000000000000,0.000000000000000000,0.000000000000000000,0.000000000000000000
0.380000000000000000,7,0.380000000000000000,115792089237316195423570985008687907853269984665640564039457.584007913129639935,0.000000000000000000,1000000.000000000000000000,0.000000000000000000,400000.000000000000000000,0.000000000000000000,0.000000000000000000,0.000000000000000000
0.380000000000000000,8,0.380000000000000000,115792089237316195423570985008687907853269984665640564039457.584007913129639935,0.000000000000000000,1000000.000000000000000000,0.000000000000000000,400000.000000000000000000,0.000000000000000000,0.000000000000000000,0.000000000000000000
0.380000000000000000,9,0.380000000000000000,115792089237316195423570985008687907853269984665640564039457.584007913129639935,0.000000000000000000,1000000.000000000000000000,0.000000000000000000,400000.000000000000000000,0.000000000000000000,0.000000000000000000,0.000000000000000000
0.380000000000000000,10,0.380000000000000000,115792089237316195423570985008687907853269984665640564039457.584007913129639935,0.000000000000000000,1000000.000000000000000000,0.000000000000000000,400000.000000000000000000,0.000000000000000000,0.000000000000000000,0.000000000000000000
0.380000000000000000,11,0.380000000000000000,115792089237316195423570985008687907853269984665640564039457.584007913129639935,0.000000000000000000,1000000.000000000000000000,0.000000000000000000,400000.000000000000000000,0.000000000000000000,0.000000000000000000,0.000000000000000000
0.380000000000000000,12,0.380000000000000000,115792089237316195423570985008687907853269984665640564039457.584007913129639935,0.000000000000000000,1000000.000000000000000000,0.000000000000000000,400000.000000000000000000,0.000000000000000000,0.000000000000000000,0.000000000000000000
0.390000000000000000,0,0.390000000000000000,115792089237316195423570985008687907853269984665640564039457.584007913129639935,0.000000000000000000,1000000.000000000000000000,0.000000000000000000,400000.000000000000000000,0.000000000000000000,0.000000000000000000,0.000000000000000000
0.390000000000000000,1,0.390000000000000000,115792089237316195423570985008687907853269984665640564039457.584007913129639935,0.000000000000000000,1000000.000000000000000000,0.000000000000000000,400000.000000000000000000,0.000000000000000000,0.000000000000000000,0.000000000000000000
0.390000000000000000,2,0.390000000000000000,115792089237316195423570985008687907853269984665640564039457.584007913129639935,0.000000000000000000,1000000.000000000000000000,0.000000000000000000,400000.000000000000000000,0.000000000000000000,0.000000000000000000,0.000000000000000000
0.390000000000000000,3,0.390000000000000000,115792089237316195423570985008687907853269984665640564039457.584007913129639935,0.000000000000000000,1000000.000000000000000000,0.000000000000000000,400000.000000000000000000,0.000000000000000000,0.000000000000000000,0.000000000000000000
0.390000000000000000,4,0.390000000000000000,115792089237316195423570985008687907853269984665640564039457.584007913129639935,0.000000000000000000,1000000.000000000000000000,0.000000000000000000,400000.000000000000000000,0.000000000000000000,0.000000000000000000,0.000000000000000000
0.390000000000000000,5,0.390000000000000000,115792089237316195423570985008687907853269984665640564039457.584007913129639935,0.000000000000000000,1000000.000000000000000000,0.000000000000000000,400000.000000000000000000,0.000000000000000000,0.000000000000000000,0.000000000000000000
0.390000000000000000,6,0.390000000000000000,115792089237316195423570985008687907853269984665640564039457.584007913129639935,0.000000000000000000,1000000.000000000000000000,0.000000000000000000,400000.000000000000000000,0.000000000000000000,0.000000000000000000,0.000000000000000000
0.390000000000000000,7,0.390000000000000000,115792089237316195423570985008687907853269984665640564039457.584007913129639935,0.000000000000000000,1000000.000000000000000000,0.000000000000000000,400000.000000000000000000,0.000000000000000000,0.000000000000000000,0.000000000000000000
0.390000000000000000,8,0.390000000000000000,115792089237316195423570985008687907853269984665640564039457.584007913129639935,0.000000000000000000,1000000.000000000000000000,0.000000000000000000,400000.000000000000000000,0.000000000000000000,0.000000000000000000,0.000000000000000000
0.390000000000000000,9,0.390000000000000000,115792089237316195423570985008687907853269984665640564039457.584007913129639935,0.000000000000000000,1000000.000000000000000000,0.000000000000000000,400000.000000000000000000,0.000000000000000000,0.000000000000000000,0.000000000000000000
0.390000000000000000,10,0.390000000000000000,115792089237316195423570985008687907853269984665640564039457.584007913129639935,0.000000000000000000,1000000.000000000000000000,0.000000000000000000,400000.000000000000000000,0.000000000000000000,0.000000000000000000,0.000000000000000000
0.390000000000000000,11,0.390000000000000000,115792089237316195423570985008687907853269984665640564039457.584007913129639935,0.000000000000000000,1000000.000000000000000000,0.000000000000000000,400000.000000000000000000,0.000000000000000000,0.000000000000000000,0.000000000000000000
0.390000000000000000,12,0.390000000000000000,115792089237316195423570985008687907853269984665640564039457.584007913129639935,0.000000000000000000,1000000.000000000000000000,0.000000000000000000,400000.000000000000000000,0.000000000000000000,0.000000000000000000,0.000000000000000000
0.400000000000000000,0,0.400000000000000000,115792089237316195423570985008687907853269984665640564039457.584007913129639935,0.000000000000000000,1000000.000000000000000000,0.000000000000000000,400000.000000000000000000,0.000000000000000000,0.000000000000000000,0.000000000000000000
0.400000000000000000,1,0.400000000000000000,115792089237316195423570985008687907853269984665640564039457.584007913129639935,0.000000000000000000,1000000.000000000000000000,0.000000000000000000,400000.000000000000000000,0.000000000000000000,0.000000000000000000,0.000000000000000000
0.400000000000000000,2,0.400000000000000000,115792089237316195423570985008687907853269984665640564039457.584007913129639935,0.000000000000000000,1000000.000000000000000000,0.000000000000000000,400000.000000000000000000,0.000000000000000000,0.000000000000000000,0.000000000000000000
0.400000000000000000,3,0.400000000000000000,115792089237316195423570985008687907853269984665640564039457.584007913129639935,0.000000000000000000,1000000.000000000000000000,0.000000000000000000,400000.000000000000000000,0.000000000000000000,0.000000000000000000,0.000000000000000000
0.400000000000000000,4,0.400000000000000000,115792089237316195423570985008687907853269984665640564039457.584007913129639935,0.000000000000000000,1000000.000000000000000000,0.000000000000000000,400000.000000000000000000,0.000000000000000000,0.000000000000000000,0.000000000000000000
0.400000000000000000,5,0.400000000000000000,115792089237316195423570985008687907853269984665640564039457.584007913129639935,0.000000000000000000,1000000.000000000000000000,0.000000000000000000,400000.000000000000000000,0.000000000000000000,0.000000000000000000,0.000000000000000000
0.400000000000000000,6,0.400000000000000000,115792089237316195423570985008687907853269984665640564039457.584007913129639935,0.000000000000000000,1000000.000000000000000000,0.000000000000000000,400000.000000000000000000,0.000000000000000000,0.000000000000000000,0.000000000000000000
0.400000000000000000,7,0.400000000000000000,115792089237316195423570985008687907853269984665640564039457.584007913129639935,0.000000000000000000,1000000.000000000000000000,0.000000000000000000,400000.000000000000000000,0.000000000000000000,0.000000000000000000,0.000000000000000000
0.400000000000000000,8,0.400000000000000000,115792089237316195423570985008687907853269984665640564039457.584007913129639935,0.000000000000000000,1000000.000000000000000000,0.000000000000000000,400000.000000000000000000,0.000000000000000000,0.000000000000000000,0.000000000000000000
0.400000000000000000,9,0.400000000000000000,115792089237316195423570985008687907853269984665640564039457.584007913129639935,0.000000000000000000,1000000.000000000000000000,0.000000000000000000,400000.000000000000000000,0.000000000000000000,0.000000000000000000,0.000000000000000000
0.400000000000000000,10,0.400000000000000000,115792089237316195423570985008687907853269984665640564039457.584007913129639935,0.000000000000000000,1000000.000000000000000000,0.000000000000000000,400000.000000000000000000,0.000000000000000000,0.000000000000000000,0.000000000000000000
0.400000000000000000,11,0.400000000000000000,115792089237316195423570985008687907853269984665640564039457.584007913129639935,0.000000000000000000,1000000.000000000000000000,0.000000000000000000,400000.000000000000000000,0.000000000000000000,0.000000000000000000,0.000000000000000000
0.400000000000000000,12,0.400000000000000000,115792089237316195423570985008687907853269984665640564039457.584007913129639935,0.000000000000000000,1000000.000000000000000000,0.000000000000000000,400000.000000000000000000,0.000000000000000000,0.000000000000000000,0.000000000000000000
0.410000000000000000,0,0.410000000000000000,115792089237316195423570985008687907853269984665640564039457.584007913129639935,0.000000000000000000,1000000.000000000000000000,0.000000000000000000,400000.000000000000000000,0.000000000000000000,0.000000000000000000,0.000000000000000000
0.410000000000000000,1,0.410000000000000000,115792089237316195423570985008687907853269984665640564039457.584007913129639935,0.000000000000000000,1000000.000000000000000000,0.000000000000000000,400000.000000000000000000,0.000000000000000000,0.000000000000000000,0.000000000000000000
0.410000000000000000,2,0.410000000000000000,115792089237316195423570985008687907853269984665640564039457.584007913129639935,0.000000000000000000,1000000.000000000000000000,0.000000000000000000,400000.000000000000000000,0.000000000000000000,0.000000000000000000,0.000000000000000000
0.410000000000000000,3,0.410000000000000000,115792089237316195423570985008687907853269984665640564039457.584007913129639935,0.000000000000000000,1000000.000000000000000000,0.000000000000000000,400000.000000000000000000,0.000000000000000000,0.000000000000000000,0.000000000000000000
0.410000000000000000,4,0.410000000000000000,115792089237316195423570985008687907853269984665640564039457.584007913129639935,0.000000000000000000,1000000.000000000000000000,0.000000000000000000,400000.000000000000000000,0.000000000000000000,0.000000000000000000,0.000000000000000000
0.410000000000000000,5,0.410000000000000000,115792089237316195423570985008687907853269984665640564039457.584007913129639935,0.000000000000000000,1000000.000000000000000000,0.000000000000000000,400000.000000000000000000,0.000000000000000000,0.000000000000000000,0.000000000000000000
0.410000000000000000,6,0.410000000000000000,115792089237316195423570985008687907853269984665640564039457.584007913129639935,0.000000000000000000,1000000.000000000000000000,0.000000000000000000,400000.000000000000000000,0.000000000000000000,0.000000000000000000,0.000000000000000000
0.410000000000000000,7,0.410000000000000000,115792089237316195423570985008687907853269984665640564039457.584007913129639935,0.000000000000000000,1000000.000000000000000000,0.000000000000000000,400000.000000000000000000,0.000000000000000000,0.000000000000000000,0.000000000000000000
0.410000000000000000,8,0.410000000000000000,115792089237316195423570985008687907853269984665640564039457.584007913129639935,0.000000000000000000,1000000.000000000000000000,0.000000000000000000,400000.000000000000000000,0.000000000000000000,0.000000000000000000,0.000000000000000000
0.410000000000000000,9,0.410000000000000000,115792089237316195423570985008687907853269984665640564039457.584007913129639935,0.000000000000000000,1000000.000000000000000000,0.000000000000000000,400000.000000000000000000,0.000000000000000000,0.000000000000000000,0.000000000000000000
0.410000000000000000,10,0.410000000000000000,115792089237316195423570985008687907853269984665640564039457.584007913129639935,0.000000000000000000,1000000.000000000000000000,0.000000000000000000,400000.000000000000000000,0.000000000000000000,0.000000000000000000,0.000000000000000000
0.410000000000000000,11,0.410000000000000000,115792089237316195423570985008687907853269984665640564039457.584007913129639935,0.000000000000000000,1000000.000000000000000000,0.000000000000000000,400000.000000000000000000,0.000000000000000000,0.000000000000000000,0.000000000000000000
0.410000000000000000,12,0.410000000000000000,115792089237316195423570985008687907853269984665640564039457.584007913129639935,0.000000000000000000,1000000.000000000000000000,0.000000000000000000,400000.000000000000000000,0.000000000000000000,0.000000000000000000,0.000000000000000000
0.420000000000000000,0,0.420000000000000000,115792089237316195423570985008687907853269984665640564039457.584007913129639935,0.000000000000000000,1000000.000000000000000000,0.000000000000000000,400000.000000000000000000,0.000000000000000000,0.000000000000000000,0.000000000000000000
0.420000000000000000,1,0.420000000000000000,115792089237316195423570985008687907853269984665640564039457.584007913129639935,0.000000000000000000,1000000.000000000000000000,0.000000000000000000,400000.000000000000000000,0.000000000000000000,0.000000000000000000,0.000000000000000000
0.420000000000000000,2,0.420000000000000000,115792089237316195423570985008687907853269984665640564039457.584007913129639935,0.000000000000000000,1000000.000000000000000000,0.000000000000000000,400000.000000000000000000,0.000000000000000000,0.000000000000000000,0.000000000000000000
0.420000000000000000,3,0.420000000000000000,115792089237316195423570985008687907853269984665640564039457.584007913129639935,0.000000000000000000,1000000.000000000000000000,0.000000000000000000,400000.000000000000000000,0.000000000000000000,0.000000000000000000,0.000000000000000000
0.420000000000000000,4,0.420000000000000000,115792089237316195423570985008687907853269984665640564039457.584007913129639935,0.000000000000000000,1000000.000000000000000000,0.000000000000000000,400000.000000000000000000,0.000000000000000000,0.000000000000000000,0.000000000000000000
0.420000000000000000,5,0.420000000000000000,115792089237316195423570985008687907853269984665640564039457.584007913129639935,0.000000000000000000,1000000.000000000000000000,0.000000000000000000,400000.000000000000000000,0.000000000000000000,0.000000000000000000,0.000000000000000000
0.420000000000000000,6,0.420000000000000000,115792089237316195423570985008687907853269984665640564039457.584007913129639935,0.000000000000000000,1000000.000000000000000000,0.000000000000000000,400000.000000000000000000,0.000000000000000000,0.000000000000000000,0.000000000000000000
0.420000000000000000,7,0.420000000000000000,115792089237316195423570985008687907853269984665640564039457.584007913129639935,0.000000000000000000,1000000.000000000000000000,0.000000000000000000,400000.000000000000000000,0.000000000000000000,0.000000000000000000,0.000000000000000000
0.420000000000000000,8,0.420000000000000000,115792089237316195423570985008687907853269984665640564039457.584007913129639935,0.000000000000000000,1000000.000000000000000000,0.000000000000000000,400000.000000000000000000,0.000000000000000000,0.000000000000000000,0.000000000000000000
0.420000000000000000,9,0.420000000000000000,115792089237316195423570985008687907853269984665640564039457.584007913129639935,0.000000000000000000,1000000.000000000000000000,0.000000000000000000,400000.000000000000000000,0.000000000000000000,0.000000000000000000,0.000000000000000000
0.420000000000000000,10,0.420000000000000000,115792089237316195423570985008687907853269984665640564039457.584007913129639935,0.000000000000000000,1000000.000000000000000000,0.000000000000000000,400000.000000000000000000,0.000000000000000000,0.000000000000000000,0.000000000000000000
0.420000000000000000,11,0.420000000000000000,115792089237316195423570985008687907853269984665640564039457.584007913129639935,0.000000000000000000,1000000.000000000000000000,0.000000000000000000,400000.000000000000000000,0.000000000000000000,0.000000000000000000,0.000000000000000000
0.420000000000000000,12,0.420000000000000000,115792089237316195423570985008687907853269984665640564039457.584007913129639935,0.000000000000000000,1000000.000000000000000000,0.000000000000000000,400000.000000000000000000,0.000000000000000000,0.000000000000000000,0.000000000000000000
0.430000000000000000,0,0.430000000000000000,115792089237316195423570985008687907853269984665640564039457.584007913129639935,0.000000000000000000,1000000.000000000000000000,0.000000000000000000,400000.000000000000000000,0.000000000000000000,0.000000000000000000,0.000000000000000000
0.430000000000000000,1,0.430000000000000000,115792089237316195423570985008687907853269984665640564039457.584007913129639935,0.000000000000000000,1000000.000000000000000000,0.000000000000000000,400000.000000000000000000,0.000000000000000000,0.000000000000000000,0.000000000000000000
0.430000000000000000,2,0.430000000000000000,115792089237316195423570985008687907853269984665640564039457.584007913129639935,0.000000000000000000,1000000.000000000000000000,0.000000000000000000,400000.000000000000000000,0.000000000000000000,0.000000000000000000,0.000000000000000000
0.430000000000000000,3,0.430000000000000000,115792089237316195423570985008687907853269984665640564039457.584007913129639935,0.000000000000000000,1000000.000000000000000000,0.000000000000000000,400000.000000000000000000,0.000000000000000000,0.000000000000000000,0.000000000000000000
0.430000000000000000,4,0.430000000000000000,115792089237316195423570985008687907853269984665640564039457.584007913129639935,0.000000000000000000,1000000.000000000000000000,0.000000000000000000,400000.000000000000000000,0.000000000000000000,0.000000000000000000,0.000000000000000000
0.430000000000000000,5,0.430000000000000000,115792089237316195423570985008687907853269984665640564039457.584007913129639935,0.000000000000000000,1000000.000000000000000000,0.000000000000000000,400000.000000000000000000,0.000000000000000000,0.000000000000000000,0.000000000000000000
0.430000000000000000,6,0.430000000000000000,115792089237316195423570985008687907853269984665640564039457.584007913129639935,0.000000000000000000,1000000.000000000000000000,0.000000000000000000,400000.000000000000000000,0.000000000000000000,0.000000000000000000,0.000000000000000000
0.430000000000000000,7,0.430000000000000000,115792089237316195423570985008687907853269984665640564039457.584007913129639935,0.000000000000000000,1000000.000000000000000000,0.000000000000000000,400000.000000000000000000,0.000000000000000000,0.000000000000000000,0.000000000000000000
0.430000000000000000,8,0.430000000000000000,115792089237316195423570985008687907853269984665640564039457.584007913129639935,0.000000000000000000,1000000.000000000000000000,0.000000000000000000,400000.000000000000000000,0.000000000000000000,0.000000000000000000,0.000000000000000000
0.430000000000000000,9,0.430000000000000000,115792089237316195423570985008687907853269984665640564039457.584007913129639935,0.000000000000000000,1000000.000000000000000000,0.000000000000000000,400000.000000000000000000,0.000000000000000000,0.000000000000000000,0.000000000000000000
0.430000000000000000,10,0.430000000000000000,115792089237316195423570985008687907853269984665640564039457.584007913129639935,0.000000000000000000,1000000.000000000000000000,0.000000000000000000,400000.000000000000000000,0.000000000000000000,0.000000000000000000,0.000000000000000000
0.430000000000000000,11,0.430000000000000000,115792089237316195423570985008687907853269984665640564039457.584007913129639935,0.000000000000000000,1000000.000000000000000000,0.000000000000000000,400000.000000000000000000,0.000000000000000000,0.000000000000000000,0.000000000000000000
0.430000000000000000,12,0.430000000000000000,115792089237316195423570985008687907853269984665640564039457.584007913129639935,0.000000000000000000,1000000.000000000000000000,0.000000000000000000,400000.000000000000000000,0.000000000000000000,0.000000000000000000,0.000000000000000000
0.440000000000000000,0,0.440000000000000000,115792089237316195423570985008687907853269984665640564039457.584007913129639935,0.000000000000000000,1000000.000000000000000000,0.000000000000000000,400000.000000000000000000,0.000000000000000000,0.000000000000000000,0.000000000000000000
0.440000000000000000,1,0.440000000000000000,115792089237316195423570985008687907853269984665640564039457.584007913129639935,0.000000000000000000,1000000.000000000000000000,0.000000000000000000,400000.000000000000000000,0.000000000000000000,0.000000000000000000,0.000000000000000000
0.440000000000000000,2,0.440000000000000000,115792089237316195423570985008687907853269984665640564039457.584007913129639935,0.000000000000000000,1000000.000000000000000000,0.000000000000000000,400000.000000000000000000,0.000000000000000000,0.000000000000000000,0.000000000000000000
0.440000000000000000,3,0.440000000000000000,115792089237316195423570985008687907853269984665640564039457.584007913129639935,0.000000000000000000,1000000.000000000000000000,0.000000000000000000,400000.000000000000000000,0.000000000000000000,0.000000000000000000,0.000000000000000000
0.440000000000000000,4,0.440000000000000000,115792089237316195423570985008687907853269984665640564039457.584007913129639935,0.000000000000000000,1000000.000000000000000000,0.000000000000000000,400000.000000000000000000,0.000000000000000000,0.000000000000000000,0.000000000000000000
0.440000000000000000,5,0.440000000000000000,115792089237316195423570985008687907853269984665640564039457.584007913129639935,0.000000000000000000,1000000.000000000000000000,0.000000000000000000,400000.000000000000000000,0.000000000000000000,0.000000000000000000,0.000000000000000000
0.440000000000000000,6,0.440000000000000000,115792089237316195423570985008687907853269984665640564039457.584007913129639935,0.000000000000000000,1000000.000000000000000000,0.000000000000000000,400000.000000000000000000,0.000000000000000000,0.000000000000000000,0.000000000000000000
0.440000000000000000,7,0.440000000000000000,115792089237316195423570985008687907853269984665640564039457.584007913129639935,0.000000000000000000,1000000.000000000000000000,0.000000000000000000,400000.000000000000000000,0.000000000000000000,0.000000000000000000,0.000000000000000000
0.440000000000000000,8,0.440000000000000000,115792089237316195423570985008687907853269984665640564039457.584007913129639935,0.000000000000000000,1000000.000000000000000000,0.000000000000000000,400000.000000000000000000,0.000000000000000000,0.000000000000000000,0.000000000000000000
0.440000000000000000,9,0.440000000000000000,115792089237316195423570985008687907853269984665640564039457.584007913129639935,0.000000000000000000,1000000.000000000000000000,0.000000000000000000,400000.000000000000000000,0.000000000000000000,0.000000000000000000,0.000000000000000000
0.440000000000000000,10,0.440000000000000000,115792089237316195423570985008687907853269984665640564039457.584007913129639935,0.000000000000000000,1000000.000000000000000000,0.000000000000000000,400000.000000000000000000,0.000000000000000000,0.000000000000000000,0.000000000000000000
0.440000000000000000,11,0.440000000000000000,115792089237316195423570985008687907853269984665640564039457.584007913129639935,0.000000000000000000,1000000.000000000000000000,0.000000000000000000,400000.000000000000000000,0.000000000000000000,0.000000000000000000,0.000000000000000000
0.440000000000000000,12,0.440000000000000000,115792089237316195423570985008687907853269984665640564039457.584007913129639935,0.000000000000000000,1000000.000000000000000000,0.000000000000000000,400000.000000000000000000,0.000000000000000000,0.000000000000000000,0.000000000000000000
0.450000000000000000,0,0.450000000000000000,115792089237316195423570985008687907853269984665640564039457.584007913129639935,0.000000000000000000,1000000.000000000000000000,0.000000000000000000,400000.000000000000000000,0.000000000000000000,0.000000000000000000,0.000000000000000000
0.450000000000000000,1,0.450000000000000000,115792089237316195423570985008687907853269984665640564039457.584007913129639935,0.000000000000000000,1000000.000000000000000000,0.000000000000000000,400000.000000000000000000,0.000000000000000000,0.000000000000000000,0.000000000000000000
0.450000000000000000,2,0.450000000000000000,115792089237316195423570985008687907853269984665640564039457.584007913129639935,0.000000000000000000,1000000.000000000000000000,0.000000000000000000,400000.000000000000000000,0.000000000000000000,0.000000000000000000,0.000000000000000000
0.450000000000000000,3,0.450000000000000000,115792089237316195423570985008687907853269984665640564039457.584007913129639935,0.000000000000000000,1000000.000000000000000000,0.000000000000000000,400000.000000000000000000,0.000000000000000000,0.000000000000000000,0.000000000000000000
0.450000000000000000,4,0.450000000000000000,115792089237316195423570985008687907853269984665640564039457.584007913129639935,0.000000000000000000,1000000.000000000000000000,0.000000000000000000,400000.000000000000000000,0.000000000000000000,0.000000000000000000,0.000000000000000000
0.450000000000000000,5,0.450000000000000000,115792089237316195423570985008687907853269984665640564039457.584007913129639935,0.000000000000000000,1000000.000000000000000000,0.000000000000000000,400000.000000000000000000,0.000000000000000000,0.000000000000000000,0.000000000000000000
0.450000000000000000,6,0.450000000000000000,115792089237316195423570985008687907853269984665640564039457.584007913129639935,0.000000000000000000,1000000.000000000000000000,0.000000000000000000,400000.000000000000000000,0.000000000000000000,0.000000000000000000,0.000000000000000000
0.450000000000000000,7,0.450000000000000000,115792089237316195423570985008687907853269984665640564039457.584007913129639935,0.000000000000000000,1000000.000000000000000000,0.000000000000000000,400000.000000000000000000,0.000000000000000000,0.000000000000000000,0.000000000000000000
0.450000000000000000,8,0.450000000000000000,115792089237316195423570985008687907853269984665640564039457.584007913129639935,0.000000000000000000,1000000.000000000000000000,0.000000000000000000,400000.000000000000000000,0.000000000000000000,0.000000000000000000,0.000000000000000000
0.450000000000000000,9,0.450000000000000000,115792089237316195423570985008687907853269984665640564039457.584007913129639935,0.000000000000000000,1000000.000000000000000000,0.000000000000000000,400000.000000000000000000,0.000000000000000000,0.000000000000000000,0.000000000000000000
0.450000000000000000,10,0.450000000000000000,115792089237316195423570985008687907853269984665640564039457.584007913129639935,0.000000000000000000,1000000.000000000000000000,0.000000000000000000,400000.000000000000000000,0.000000000000000000,0.000000000000000000,0.000000000000000000
0.450000000000000000,11,0.450000000000000000,115792089237316195423570985008687907853269984665640564039457.584007913129639935,0.000000000000000000,1000000.000000000000000000,0.000000000000000000,400000.000000000000000000,0.000000000000000000,0.000000000000000000,0.000000000000000000
0.450000000000000000,12,0.450000000000000000,115792089237316195423570985008687907853269984665640564039457.584007913129639935,0.000000000000000000,1000000.000000000000000000,0.000000000000000000,400000.000000000000000000,0.000000000000000000,0.000000000000000000,0.000000000000000000
0.460000000000000000,0,0.460000000000000000,115792089237316195423570985008687907853269984665640564039457.584007913129639935,0.000000000000000000,1000000.000000000000000000,0.000000000000000000,400000.000000000000000000,0.000000000000000000,0.000000000000000000,0.000000000000000000
0.460000000000000000,1,0.460000000000000000,115792089237316195423570985008687907853269984665640564039457.584007913129639935,0.000000000000000000,1000000.000000000000000000,0.000000000000000000,400000.000000000000000000,0.000000000000000000,0.000000000000000000,0.000000000000000000
0.460000000000000000,2,0.460000000000000000,115792089237316195423570985008687907853269984665640564039457.584007913129639935,0.000000000000000000,1000000.000000000000000000,0.000000000000000000,400000.000000000000000000,0.000000000000000000,0.000000000000000000,0.000000000000000000
0.460000000000000000,3,0.460000000000000000,115792089237316195423570985008687907853269984665640564039457.584007913129639935,0.000000000000000000,1000000.000000000000000000,0.000000000000000000,400000.000000000000000000,0.000000000000000000,0.000000000000000000,0.000000000000000000
0.460000000000000000,4,0.460000000000000000,115792089237316195423570985008687907853269984665640564039457.584007913129639935,0.000000000000000000,1000000.000000000000000000,0.000000000000000000,400000.000000000000000000,0.000000000000000000,0.000000000000000000,0.000000000000000000
0.460000000000000000,5,0.460000000000000000,115792089237316195423570985008687907853269984665640564039457.584007913129639935,0.000000000000000000,1000000.000000000000000000,0.000000000000000000,400000.000000000000000000,0.000000000000000000,0.000000000000000000,0.000000000000000000
0.460000000000000000,6,0.460000000000000000,115792089237316195423570985008687907853269984665640564039457.584007913129639935,0.000000000000000000,1000000.000000000000000000,0.000000000000000000,400000.000000000000000000,0.000000000000000000,0.000000000000000000,0.000000000000000000
0.460000000000000000,7,0.460000000000000000,115792089237316195423570985008687907853269984665640564039457.584007913129639935,0.000000000000000000,1000000.000000000000000000,0.000000000000000000,400000.000000000000000000,0.000000000000000000,0.000000000000000000,0.000000000000000000
0.460000000000000000,8,0.460000000000000000,115792089237316195423570985008687907853269984665640564039457.584007913129639935,0.000000000000000000,1000000.000000000000000000,0.000000000000000000,400000.000000000000000000,0.000000000000000000,0.000000000000000000,0.000000000000000000
0.460000000000000000,9,0.460000000000000000,115792089237316195423570985008687907853269984665640564039457.584007913129639935,0.000000000000000000,1000000.000000000000000000,0.000000000000000000,400000.000000000000000000,0.000000000000000000,0.000000000000000000,0.000000000000000000
0.460000000000000000,10,0.460000000000000000,115792089237316195423570985008687907853269984665640564039457.584007913129639935,0.000000000000000000,1000000.000000000000000000,0.000000000000000000,400000.000000000000000000,0.000000000000000000,0.000000000000000000,0.000000000000000000
0.460000000000000000,11,0.460000000000000000,115792089237316195423570985008687907853269984665640564039457.584007913129639935,0.000000000000000000,1000000.000000000000000000,0.000000000000000000,400000.000000000000000000,0.000000000000000000,0.000000000000000000,0.000000000000000000
0.460000000000000000,12,0.460000000000000000,115792089237316195423570985008687907853269984665640564039457.584007913129639935,0.000000000000000000,1000000.000000000000000000,0.000000000000000000,400000.000000000000000000,0.000000000000000000,0.000000000000000000,0.000000000000000000
0.470000000000000000,0,0.470000000000000000,115792089237316195423570985008687907853269984665640564039457.584007913129639935,0.000000000000000000,1000000.000000000000000000,0.000000000000000000,400000.000000000000000000,0.000000000000000000,0.000000000000000000,0.000000000000000000
0.470000000000000000,1,0.470000000000000000,115792089237316195423570985008687907853269984665640564039457.584007913129639935,0.000000000000000000,1000000.000000000000000000,0.000000000000000000,400000.000000000000000000,0.000000000000000000,0.000000000000000000,0.000000000000000000
0.470000000000000000,2,0.470000000000000000,115792089237316195423570985008687907853269984665640564039457.584007913129639935,0.000000000000000000,1000000.000000000000000000,0.000000000000000000,400000.000000000000000000,0.000000000000000000,0.000000000000000000,0.000000000000000000
0.470000000000000000,3,0.470000000000000000,115792089237316195423570985008687907853269984665640564039457.584007913129639935,0.000000000000000000,1000000.000000000000000000,0.000000000000000000,400000.000000000000000000,0.000000000000000000,0.000000000000000000,0.000000000000000000
0.470000000000000000,4,0.470000000000000000,115792089237316195423570985008687907853269984665640564039457.584007913129639935,0.000000000000000000,1000000.000000000000000000,0.000000000000000000,400000.000000000000000000,0.000000000000000000,0.000000000000000000,0.000000000000000000
0.470000000000000000,5,0.470000000000000000,115792089237316195423570985008687907853269984665640564039457.584007913129639935,0.000000000000000000,1000000.000000000000000000,0.000000000000000000,400000.000000000000000000,0.000000000000000000,0.000000000000000000,0.000000000000000000
0.470000000000000000,6,0.470000000000000000,115792089237316195423570985008687907853269984665640564039457.584007913129639935,0.000000000000000000,1000000.000000000000000000,0.000000000000000000,400000.000000000000000000,0.000000000000000000,0.000000000000000000,0.000000000000000000
0.470000000000000000,7,0.470000000000000000,115792089237316195423570985008687907853269984665640564039457.584007913129639935,0.000000000000000000,1000000.000000000000000000,0.000000000000000000,400000.000000000000000000,0.000000000000000000,0.000000000000000000,0.000000000000000000
0.470000000000000000,8,0.470000000000000000,115792089237316195423570985008687907853269984665640564039457.584007913129639935,0.000000000000000000,1000000.000000000000000000,0.000000000000000000,400000.000000000000000000,0.000000000000000000,0.000000000000000000,0.000000000000000000
0.470000000000000000,9,0.470000000000000000,115792089237316195423570985008687907853269984665640564039457.584007913129639935,0.000000000000000000,1000000.000000000000000000,0.000000000000000000,400000.000000000000000000,0.000000000000000000,0.000000000000000000,0.000000000000000000
0.470000000000000000,10,0.470000000000000000,115792089237316195423570985008687907853269984665640564039457.584007913129639935,0.000000000000000000,1000000.000000000000000000,0.000000000000000000,400000.000000000000000000,0.000000000000000000,0.000000000000000000,0.000000000000000000
0.470000000000000000,11,0.470000000000000000,115792089237316195423570985008687907853269984665640564039457.584007913129639935,0.000000000000000000,1000000.000000000000000000,0.000000000000000000,400000.000000000000000000,0.000000000000000000,0.000000000000000000,0.000000000000000000
0.470000000000000000,12,0.470000000000000000,115792089237316195423570985008687907853269984665640564039457.584007913129639935,0.000000000000000000,1000000.000000000000000000,0.000000000000000000,400000.000000000000000000,0.000000000000000000,0.000000000000000000,0.000000000000000000
0.480000000000000000,0,0.480000000000000000,115792089237316195423570985008687907853269984665640564039457.584007913129639935,0.000000000000000000,1000000.000000000000000000,0.000000000000000000,400000.000000000000000000,0.000000000000000000,0.000000000000000000,0.000000000000000000
0.480000000000000000,1,0.480000000000000000,115792089237316195423570985008687907853269984665640564039457.584007913129639935,0.000000000000000000,1000000.000000000000000000,0.000000000000000000,400000.000000000000000000,0.000000000000000000,0.000000000000000000,0.000000000000000000
0.480000000000000000,2,0.480000000000000000,115792089237316195423570985008687907853269984665640564039457.584007913129639935,0.000000000000000000,1000000.000000000000000000,0.000000000000000000,400000.000000000000000000,0.000000000000000000,0.000000000000000000,0.000000000000000000
0.480000000000000000,3,0.480000000000000000,115792089237316195423570985008687907853269984665640564039457.584007913129639935,0.000000000000000000,1000000.000000000000000000,0.000000000000000000,400000.000000000000000000,0.000000000000000000,0.000000000000000000,0.000000000000000000
0.480000000000000000,4,0.480000000000000000,115792089237316195423570985008687907853269984665640564039457.584007913129639935,0.000000000000000000,1000000.000000000000000000,0.000000000000000000,400000.000000000000000000,0.000000000000000000,0.000000000000000000,0.000000000000000000
0.480000000000000000,5,0.480000000000000000,115792089237316195423570985008687907853269984665640564039457.584007913129639935,0.000000000000000000,1000000.000000000000000000,0.000000000000000000,400000.000000000000000000,0.000000000000000000,0.000000000000000000,0.000000000000000000
0.480000000000000000,6,0.480000000000000000,115792089237316195423570985008687907853269984665640564039457.584007913129639935,0.000000000000000000,1000000.000000000000000000,0.000000000000000000,400000.000000000000000000,0.000000000000000000,0.000000000000000000,0.000000000000000000
0.480000000000000000,7,0.480000000000000000,115792089237316195423570985008687907853269984665640564039457.584007913129639935,0.000000000000000000,1000000.000000000000000000,0.000000000000000000,400000.000000000000000000,0.000000000000000000,0.000000000000000000,0.000000000000000000
0.480000000000000000,8,0.480000000000000000,115792089237316195423570985008687907853269984665640564039457.584007913129639935,0.000000000000000000,1000000.000000000000000000,0.000000000000000000,400000.000000000000000000,0.000000000000000000,0.000000000000000000,0.000000000000000000
0.480000000000000000,9,0.480000000000000000,115792089237316195423570985008687907853269984665640564039457.584007913129639935,0.000000000000000000,1000000.000000000000000000,0.000000000000000000,400000.000000000000000000,0.000000000000000000,0.000000000000000000,0.000000000000000000
0.480000000000000000,10,0.480000000000000000,115792089237316195423570985008687907853269984665640564039457.584007913129639935,0.000000000000000000,1000000.000000000000000000,0.000000000000000000,400000.000000000000000000,0.000000000000000000,0.000000000000000000,0.000000000000000000
0.480000000000000000,11,0.480000000000000000,115792089237316195423570985008687907853269984665640564039457.584007913129639935,0.000000000000000000,1000000.000000000000000000,0.000000000000000000,400000.000000000000000000,0.000000000000000000,0.000000000000000000,0.000000000000000000
0.480000000000000000,12,0.480000000000000000,115792089237316195423570985008687907853269984665640564039457.584007913129639935,0.000000000000000000,1000000.000000000000000000,0.000000000000000000,400000.000000000000000000,0.000000000000000000,0.000000000000000000,0.000000000000000000
0.490000000000000000,0,0.490000000000000000,115792089237316195423570985008687907853269984665640564039457.584007913129639935,0.000000000000000000,1000000.000000000000000000,0.000000000000000000,400000.000000000000000000,0.000000000000000000,0.000000000000000000,0.000000000000000000
0.490000000000000000,1,0.490000000000000000,115792089237316195423570985008687907853269984665640564039457.584007913129639935,0.000000000000000000,1000000.000000000000000000,0.000000000000000000,400000.000000000000000000,0.000000000000000000,0.000000000000000000,0.000000000000000000
0.490000000000000000,2,0.490000000000000000,115792089237316195423570985008687907853269984665640564039457.584007913129639935,0.000000000000000000,1000000.000000000000000000,0.000000000000000000,400000.000000000000000000,0.000000000000000000,0.000000000000000000,0.000000000000000000
0.490000000000000000,3,0.490000000000000000,115792089237316195423570985008687907853269984665640564039457.584007913129639935,0.000000000000000000,1000000.000000000000000000,0.000000000000000000,400000.000000000000000000,0.000000000000000000,0.000000000000000000,0.000000000000000000
0.490000000000000000,4,0.490000000000000000,115792089237316195423570985008687907853269984665640564039457.584007913129639935,0.000000000000000000,1000000.000000000000000000,0.000000000000000000,400000.000000000000000000,0.000000000000000000,0.000000000000000000,0.000000000000000000
0.490000000000000000,5,0.490000000000000000,115792089237316195423570985008687907853269984665640564039457.584007913129639935,0.000000000000000000,1000000.000000000000000000,0.000000000000000000,400000.000000000000000000,0.000000000000000000,0.000000000000000000,0.000000000000000000
0.490000000000000000,6,0.490000000000000000,115792089237316195423570985008687907853269984665640564039457.584007913129639935,0.000000000000000000,1000000.000000000000000000,0.000000000000000000,400000.000000000000000000,0.000000000000000000,0.000000000000000000,0.000000000000000000
0.490000000000000000,7,0.490000000000000000,115792089237316195423570985008687907853269984665640564039457.584007913129639935,0.000000000000000000,1000000.000000000000000000,0.000000000000000000,400000.000000000000000000,0.000000000000000000,0.000000000000000000,0.000000000000000000
0.490000000000000000,8,0.490000000000000000,115792089237316195423570985008687907853269984665640564039457.584007913129639935,0.000000000000000000,1000000.000000000000000000,0.000000000000000000,400000.000000000000000000,0.000000000000000000,0.000000000000000000,0.000000000000000000
0.490000000000000000,9,0.490000000000000000,115792089237316195423570985008687907853269984665640564039457.584007913129639935,0.000000000000000000,1000000.000000000000000000,0.000000000000000000,400000.000000000000000000,0.000000000000000000,0.000000000000000000,0.000000000000000000
0.490000000000000000,10,0.490000000000000000,115792089237316195423570985008687907853269984665640564039457.584007913129639935,0.000000000000000000,1000000.000000000000000000,0.000000000000000000,400000.000000000000000000,0.000000000000000000,0.000000000000000000,0.000000000000000000
0.490000000000000000,11,0.490000000000000000,115792089237316195423570985008687907853269984665640564039457.584007913129639935,0.000000000000000000,1000000.000000000000000000,0.000000000000000000,400000.000000000000000000,0.000000000000000000,0.000000000000000000,0.000000000000000000
0.490000000000000000,12,0.490000000000000000,115792089237316195423570985008687907853269984665640564039457.584007913129639935,0.000000000000000000,1000000.000000000000000000,0.000000000000000000,400000.000000000000000000,0.000000000000000000,0.000000000000000000,0.000000000000000000
0.500000000000000000,0,0.500000000000000000,115792089237316195423570985008687907853269984665640564039457.584007913129639935,0.000000000000000000,1000000.000000000000000000,0.000000000000000000,400000.000000000000000000,0.000000000000000000,0.000000000000000000,0.000000000000000000
0.500000000000000000,1,0.500000000000000000,115792089237316195423570985008687907853269984665640564039457.584007913129639935,0.000000000000000000,1000000.000000000000000000,0.000000000000000000,400000.000000000000000000,0.000000000000000000,0.000000000000000000,0.000000000000000000
0.500000000000000000,2,0.500000000000000000,115792089237316195423570985008687907853269984665640564039457.584007913129639935,0.000000000000000000,1000000.000000000000000000,0.000000000000000000,400000.000000000000000000,0.000000000000000000,0.000000000000000000,0.000000000000000000
0.500000000000000000,3,0.500000000000000000,115792089237316195423570985008687907853269984665640564039457.584007913129639935,0.000000000000000000,1000000.000000000000000000,0.000000000000000000,400000.000000000000000000,0.000000000000000000,0.000000000000000000,0.000000000000000000
0.500000000000000000,4,0.500000000000000000,115792089237316195423570985008687907853269984665640564039457.584007913129639935,0.000000000000000000,1000000.000000000000000000,0.000000000000000000,400000.000000000000000000,0.000000000000000000,0.000000000000000000,0.000000000000000000
0.500000000000000000,5,0.500000000000000000,115792089237316195423570985008687907853269984665640564039457.584007913129639935,0.000000000000000000,1000000.000000000000000000,0.000000000000000000,400000.000000000000000000,0.000000000000000000,0.000000000000000000,0.000000000000000000
0.500000000000000000,6,0.500000000000000000,115792089237316195423570985008687907853269984665640564039457.584007913129639935,0.000000000000000000,1000000.000000000000000000,0.000000000000000000,400000.000000000000000000,0.000000000000000000,0.000000000000000000,0.000000000000000000
0.500000000000000000,7,0.500000000000000000,115792089237316195423570985008687907853269984665640564039457.584007913129639935,0.000000000000000000,1000000.000000000000000000,0.000000000000000000,400000.000000000000000000,0.000000000000000000,0.000000000000000000,0.000000000000000000
0.500000000000000000,8,0.500000000000000000,115792089237316195423570985008687907853269984665640564039457.584007913129639935,0.000000000000000000,1000000.000000000000000000,0.000000000000000000,400000.000000000000000000,0.000000000000000000,0.000000000000000000,0.000000000000000000
0.500000000000000000,9,0.500000000000000000,115792089237316195423570985008687907853269984665640564039457.584007913129639935,0.000000000000000000,1000000.000000000000000000,0.000000000000000000,400000.000000000000000000,0.000000000000000000,0.000000000000000000,0.000000000000000000
0.500000000000000000,10,0.500000000000000000,115792089237316195423570985008687907853269984665640564039457.584007913129639935,0.000000000000000000,1000000.000000000000000000,0.000000000000000000,400000.000000000000000000,0.000000000000000000,0.000000000000000000,0.000000000000000000
0.500000000000000000,11,0.500000000000000000,115792089237316195423570985008687907853269984665640564039457.584007913129639935,0.000000000000000000,1000000.000000000000000000,0.000000000000000000,400000.000000000000000000,0.000000000000000000,0.000000000000000000,0.000000000000000000
0.500000000000000000,12,0.500000000000000000,115792089237316195423570985008687907853269984665640564039457.584007913129639935,0.000000000000000000,1000000.000000000000000000,0.000000000000000000,400000.000000000000000000,0.000000000000000000,0.000000000000000000,0.000000000000000000
0.510000000000000000,0,0.510000000000000000,115792089237316195423570985008687907853269984665640564039457.584007913129639935,0.000000000000000000,1000000.000000000000000000,0.000000000000000000,400000.000000000000000000,0.000000000000000000,0.000000000000000000,0.000000000000000000
0.510000000000000000,1,0.510000000000000000,115792089237316195423570985008687907853269984665640564039457.584007913129639935,0.000000000000000000,1000000.000000000000000000,0.000000000000000000,400000.000000000000000000,0.000000000000000000,0.000000000000000000,0.000000000000000000
0.510000000000000000,2,0.510000000000000000,115792089237316195423570985008687907853269984665640564039457.584007913129639935,0.000000000000000000,1000000.000000000000000000,0.000000000000000000,400000.000000000000000000,0.000000000000000000,0.000000000000000000,0.000000000000000000
0.510000000000000000,3,0.510000000000000000,115792089237316195423570985008687907853269984665640564039457.584007913129639935,0.000000000000000000,1000000.000000000000000000,0.000000000000000000,400000.000000000000000000,0.000000000000000000,0.000000000000000000,0.000000000000000000
0.510000000000000000,4,0.510000000000000000,115792089237316195423570985008687907853269984665640564039457.584007913129639935,0.000000000000000000,1000000.000000000000000000,0.000000000000000000,400000.000000000000000000,0.000000000000000000,0.000000000000000000,0.000000000000000000
0.510000000000000000,5,0.510000000000000000,115792089237316195423570985008687907853269984665640564039457.584007913129639935,0.000000000000000000,1000000.000000000000000000,0.000000000000000000,400000.000000000000000000,0.000000000000000000,0.000000000000000000,0.000000000000000000
0.510000000000000000,6,0.510000000000000000,115792089237316195423570985008687907853269984665640564039457.584007913129639935,0.000000000000000000,1000000.000000000000000000,0.000000000000000000,400000.000000000000000000,0.000000000000000000,0.000000000000000000,0.000000000000000000
0.510000000000000000,7,0.510000000000000000,115792089237316195423570985008687907853269984665640564039457.584007913129639935,0.000000000000000000,1000000.000000000000000000,0.000000000000000000,400000.000000000000000000,0.000000000000000000,0.000000000000000000,0.000000000000000000
0.510000000000000000,8,0.510000000000000000,115792089237316195423570985008687907853269984665640564039457.584007913129639935,0.000000000000000000,1000000.000000000000000000,0.000000000000000000,400000.000000000000000000,0.000000000000000000,0.000000000000000000,0.000000000000000000
0.510000000000000000,9,0.510000000000000000,115792089237316195423570985008687907853269984665640564039457.584007913129639935,0.000000000000000000,1000000.000000000000000000,0.000000000000000000,400000.000000000000000000,0.000000000000000000,0.000000000000000000,0.000000000000000000
0.510000000000000000,10,0.510000000000000000,115792089237316195423570985008687907853269984665640564039457.584007913129639935,0.000000000000000000,1000000.000000000000000000,0.000000000000000000,400000.000000000000000000,0.000000000000000000,0.000000000000000000,0.000000000000000000
0.510000000000000000,11,0.510000000000000000,115792089237316195423570985008687907853269984665640564039457.584007913129639935,0.000000000000000000,1000000.000000000000000000,0.000000000000000000,400000.000000000000000000,0.000000000000000000,0.000000000000000000,0.000000000000000000
0.510000000000000000,12,0.510000000000000000,115792089237316195423570985008687907853269984665640564039457.584007913129639935,0.000000000000000000,1000000.000000000000000000,0.000000000000000000,400000.000000000000000000,0.000000000000000000,0.000000000000000000,0.000000000000000000
0.520000000000000000,0,0.520000000000000000,115792089237316195423570985008687907853269984665640564039457.584007913129639935,0.000000000000000000,1000000.000000000000000000,0.000000000000000000,400000.000000000000000000,0.000000000000000000,0.000000000000000000,0.000000000000000000
0.520000000000000000,1,0.520000000000000000,115792089237316195423570985008687907853269984665640564039457.584007913129639935,0.000000000000000000,1000000.000000000000000000,0.000000000000000000,400000.000000000000000000,0.000000000000000000,0.000000000000000000,0.000000000000000000
0.520000000000000000,2,0.520000000000000000,115792089237316195423570985008687907853269984665640564039457.584007913129639935,0.000000000000000000,1000000.000000000000000000,0.000000000000000000,400000.000000000000000000,0.000000000000000000,0.000000000000000000,0.000000000000000000
0.520000000000000000,3,0.520000000000000000,115792089237316195423570985008687907853269984665640564039457.584007913129639935,0.000000000000000000,1000000.000000000000000000,0.000000000000000000,400000.000000000000000000,0.000000000000000000,0.000000000000000000,0.000000000000000000
0.520000000000000000,4,0.520000000000000000,115792089237316195423570985008687907853269984665640564039457.584007913129639935,0.000000000000000000,1000000.000000000000000000,0.000000000000000000,400000.000000000000000000,0.000000000000000000,0.000000000000000000,0.000000000000000000
0.520000000000000000,5,0.520000000000000000,115792089237316195423570985008687907853269984665640564039457.584007913129639935,0.000000000000000000,1000000.000000000000000000,0.000000000000000000,400000.000000000000000000,0.000000000000000000,0.000000000000000000,0.000000000000000000
0.520000000000000000,6,0.520000000000000000,115792089237316195423570985008687907853269984665640564039457.584007913129639935,0.000000000000000000,1000000.000000000000000000,0.000000000000000000,400000.000000000000000000,0.000000000000000000,0.000000000000000000,0.000000000000000000
0.520000000000000000,7,0.520000000000000000,115792089237316195423570985008687907853269984665640564039457.584007913129639935,0.000000000000000000,1000000.000000000000000000,0.000000000000000000,400000.000000000000000000,0.000000000000000000,0.000000000000000000,0.000000000000000000
0.520000000000000000,8,0.520000000000000000,115792089237316195423570985008687907853269984665640564039457.584007913129639935,0.000000000000000000,1000000.000000000000000000,0.000000000000000000,400000.000000000000000000,0.000000000000000000,0.000000000000000000,0.000000000000000000
0.520000000000000000,9,0.520000000000000000,115792089237316195423570985008687907853269984665640564039457.584007913129639935,0.000000000000000000,1000000.000000000000000000,0.000000000000000000,400000.000000000000000000,0.000000000000000000,0.000000000000000000,0.000000000000000000
0.520000000000000000,10,0.520000000000000000,115792089237316195423570985008687907853269984665640564039457.584007913129639935,0.000000000000000000,1000000.000000000000000000,0.000000000000000000,400000.000000000000000000,0.000000000000000000,0.000000000000000000,0.000000000000000000
0.520000000000000000,11,0.520000000000000000,115792089237316195423570985008687907853269984665640564039457.584007913129639935,0.000000000000000000,1000000.000000000000000000,0.000000000000000000,400000.000000000000000000,0.000000000000000000,0.000000000000000000,0.000000000000000000
0.520000000000000000,12,0.520000000000000000,115792089237316195423570985008687907853269984665640564039457.584007913129639935,0.000000000000000000,1000000.000000000000000000,0.000000000000000000,400000.000000000000000000,0.000000000000000000,0.000000000000000000,0.000000000000000000
0.530000000000000000,0,0.530000000000000000,115792089237316195423570985008687907853269984665640564039457.584007913129639935,0.000000000000000000,1000000.000000000000000000,0.000000000000000000,400000.000000000000000000,0.000000000000000000,0.000000000000000000,0.000000000000000000
0.530000000000000000,1,0.530000000000000000,115792089237316195423570985008687907853269984665640564039457.584007913129639935,0.000000000000000000,1000000.000000000000000000,0.000000000000000000,400000.000000000000000000,0.000000000000000000,0.000000000000000000,0.000000000000000000
0.530000000000000000,2,0.530000000000000000,115792089237316195423570985008687907853269984665640564039457.584007913129639935,0.000000000000000000,1000000.000000000000000000,0.000000000000000000,400000.000000000000000000,0.000000000000000000,0.000000000000000000,0.000000000000000000
0.530000000000000000,3,0.530000000000000000,115792089237316195423570985008687907853269984665640564039457.584007913129639935,0.000000000000000000,1000000.000000000000000000,0.000000000000000000,400000.000000000000000000,0.000000000000000000,0.000000000000000000,0.000000000000000000
0.530000000000000000,4,0.530000000000000000,115792089237316195423570985008687907853269984665640564039457.584007913129639935,0.000000000000000000,1000000.000000000000000000,0.000000000000000000,400000.000000000000000000,0.000000000000000000,0.000000000000000000,0.000000000000000000
0.530000000000000000,5,0.530000000000000000,115792089237316195423570985008687907853269984665640564039457.584007913129639935,0.000000000000000000,1000000.000000000000000000,0.000000000000000000,400000.000000000000000000,0.000000000000000000,0.000000000000000000,0.000000000000000000
0.530000000000000000,6,0.530000000000000000,115792089237316195423570985008687907853269984665640564039457.584007913129639935,0.000000000000000000,1000000.000000000000000000,0.000000000000000000,400000.000000000000000000,0.000000000000000000,0.000000000000000000,0.000000000000000000
0.530000000000000000,7,0.530000000000000000,115792089237316195423570985008687907853269984665640564039457.584007913129639935,0.000000000000000000,1000000.000000000000000000,0.000000000000000000,400000.000000000000000000,0.000000000000000000,0.000000000000000000,0.000000000000000000
0.530000000000000000,8,0.530000000000000000,115792089237316195423570985008687907853269984665640564039457.584007913129639935,0.000000000000000000,1000000.000000000000000000,0.000000000000000000,400000.000000000000000000,0.000000000000000000,0.000000000000000000,0.000000000000000000
0.530000000000000000,9,0.530000000000000000,115792089237316195423570985008687907853269984665640564039457.584007913129639935,0.000000000000000000,1000000.000000000000000000,0.000000000000000000,400000.000000000000000000,0.000000000000000000,0.000000000000000000,0.000000000000000000
0.530000000000000000,10,0.530000000000000000,115792089237316195423570985008687907853269984665640564039457.584007913129639935,0.000000000000000000,1000000.000000000000000000,0.000000000000000000,400000.000000000000000000,0.000000000000000000,0.000000000000000000,0.000000000000000000
0.530000000000000000,11,0.530000000000000000,115792089237316195423570985008687907853269984665640564039457.584007913129639935,0.000000000000000000,1000000.000000000000000000,0.000000000000000000,400000.000000000000000000,0.000000000000000000,0.000000000000000000,0.000000000000000000
0.530000000000000000,12,0.530000000000000000,115792089237316195423570985008687907853269984665640564039457.584007913129639935,0.000000000000000000,1000000.000000000000000000,0.000000000000000000,400000.000000000000000000,0.000000000000000000,0.000000000000000000,0.000000000000000000
0.540000000000000000,0,0.540000000000000000,115792089237316195423570985008687907853269984665640564039457.584007913129639935,0.000000000000000000,1000000.000000000000000000,0.000000000000000000,400000.000000000000000000,0.000000000000000000,0.000000000000000000,0.000000000000000000
0.540000000000000000,1,0.540000000000000000,115792089237316195423570985008687907853269984665640564039457.584007913129639935,0.000000000000000000,1000000.000000000000000000,0.000000000000000000,400000.000000000000000000,0.000000000000000000,0.000000000000000000,0.000000000000000000
0.540000000000000000,2,0.540000000000000000,115792089237316195423570985008687907853269984665640564039457.584007913129639935,0.000000000000000000,1000000.000000000000000000,0.000000000000000000,400000.000000000000000000,0.000000000000000000,0.000000000000000000,0.000000000000000000
0.540000000000000000,3,0.540000000000000000,115792089237316195423570985008687907853269984665640564039457.584007913129639935,0.000000000000000000,1000000.000000000000000000,0.000000000000000000,400000.000000000000000000,0.000000000000000000,0.000000000000000000,0.000000000000000000
0.540000000000000000,4,0.540000000000000000,115792089237316195423570985008687907853269984665640564039457.584007913129639935,0.000000000000000000,1000000.000000000000000000,0.000000000000000000,400000.000000000000000000,0.000000000000000000,0.000000000000000000,0.000000000000000000
0.540000000000000000,5,0.540000000000000000,115792089237316195423570985008687907853269984665640564039457.584007913129639935,0.000000000000000000,1000000.000000000000000000,0.000000000000000000,400000.000000000000000000,0.000000000000000000,0.000000000000000000,0.000000000000000000
0.540000000000000000,6,0.540000000000000000,115792089237316195423570985008687907853269984665640564039457.584007913129639935,0.000000000000000000,1000000.000000000000000000,0.000000000000000000,400000.000000000000000000,0.000000000000000000,0.000000000000000000,0.000000000000000000
0.540000000000000000,7,0.540000000000000000,115792089237316195423570985008687907853269984665640564039457.584007913129639935,0.000000000000000000,1000000.000000000000000000,0.000000000000000000,400000.000000000000000000,0.000000000000000000,0.000000000000000000,0.000000000000000000
0.540000000000000000,8,0.540000000000000000,115792089237316195423570985008687907853269984665640564039457.584007913129639935,0.000000000000000000,1000000.000000000000000000,0.000000000000000000,400000.000000000000000000,0.000000000000000000,0.000000000000000000,0.000000000000000000
0.540000000000000000,9,0.540000000000000000,115792089237316195423570985008687907853269984665640564039457.584007913129639935,0.000000000000000000,1000000.000000000000000000,0.000000000000000000,400000.000000000000000000,0.000000000000000000,0.000000000000000000,0.000000000000000000
0.540000000000000000,10,0.540000000000000000,115792089237316195423570985008687907853269984665640564039457.584007913129639935,0.000000000000000000,1000000.000000000000000000,0.000000000000000000,400000.000000000000000000,0.000000000000000000,0.000000000000000000,0.000000000000000000
0.540000000000000000,11,0.540000000000000000,115792089237316195423570985008687907853269984665640564039457.584007913129639935,0.000000000000000000,1000000.000000000000000000,0.000000000000000000,400000.000000000000000000,0.000000000000000000,0.000000000000000000,0.000000000000000000
0.540000000000000000,12,0.540000000000000000,115792089237316195423570985008687907853269984665640564039457.584007913129639935,0.000000000000000000,1000000.000000000000000000,0.000000000000000000,400000.000000000000000000,0.000000000000000000,0.000000000000000000,0.000000000000000000
0.550000000000000000,0,0.550000000000000000,115792089237316195423570985008687907853269984665640564039457.584007913129639935,0.000000000000000000,1000000.000000000000000000,0.000000000000000000,400000.000000000000000000,0.000000000000000000,0.000000000000000000,0.000000000000000000
0.550000000000000000,1,0.550000000000000000,115792089237316195423570985008687907853269984665640564039457.584007913129639935,0.000000000000000000,1000000.000000000000000000,0.000000000000000000,400000.000000000000000000,0.000000000000000000,0.000000000000000000,0.000000000000000000
0.550000000000000000,2,0.550000000000000000,115792089237316195423570985008687907853269984665640564039457.584007913129639935,0.000000000000000000,1000000.000000000000000000,0.000000000000000000,400000.000000000000000000,0.000000000000000000,0.000000000000000000,0.000000000000000000
0.550000000000000000,3,0.550000000000000000,115792089237316195423570985008687907853269984665640564039457.584007913129639935,0.000000000000000000,1000000.000000000000000000,0.000000000000000000,400000.000000000000000000,0.000000000000000000,0.000000000000000000,0.000000000000000000
0.550000000000000000,4,0.550000000000000000,115792089237316195423570985008687907853269984665640564039457.584007913129639935,0.000000000000000000,1000000.000000000000000000,0.000000000000000000,400000.000000000000000000,0.000000000000000000,0.000000000000000000,0.000000000000000000
0.550000000000000000,5,0.550000000000000000,115792089237316195423570985008687907853269984665640564039457.584007913129639935,0.000000000000000000,1000000.000000000000000000,0.000000000000000000,400000.000000000000000000,0.000000000000000000,0.000000000000000000,0.000000000000000000
0.550000000000000000,6,0.550000000000000000,115792089237316195423570985008687907853269984665640564039457.584007913129639935,0.000000000000000000,1000000.000000000000000000,0.000000000000000000,400000.000000000000000000,0.000000000000000000,0.000000000000000000,0.000000000000000000
0.550000000000000000,7,0.550000000000000000,115792089237316195423570985008687907853269984665640564039457.584007913129639935,0.000000000000000000,1000000.000000000000000000,0.000000000000000000,400000.000000000000000000,0.000000000000000000,0.000000000000000000,0.000000000000000000
0.550000000000000000,8,0.550000000000000000,115792089237316195423570985008687907853269984665640564039457.584007913129639935,0.000000000000000000,1000000.000000000000000000,0.000000000000000000,400000.000000000000000000,0.000000000000000000,0.000000000000000000,0.000000000000000000
0.550000000000000000,9,0.550000000000000000,115792089237316195423570985008687907853269984665640564039457.584007913129639935,0.000000000000000000,1000000.000000000000000000,0.000000000000000000,400000.000000000000000000,0.000000000000000000,0.000000000000000000,0.000000000000000000
0.550000000000000000,10,0.550000000000000000,115792089237316195423570985008687907853269984665640564039457.584007913129639935,0.000000000000000000,1000000.000000000000000000,0.000000000000000000,400000.000000000000000000,0.000000000000000000,0.000000000000000000,0.000000000000000000
0.550000000000000000,11,0.550000000000000000,115792089237316195423570985008687907853269984665640564039457.584007913129639935,0.000000000000000000,1000000.000000000000000000,0.000000000000000000,400000.000000000000000000,0.000000000000000000,0.000000000000000000,0.000000000000000000
0.550000000000000000,12,0.550000000000000000,115792089237316195423570985008687907853269984665640564039457.584007913129639935,0.000000000000000000,1000000.000000000000000000,0.000000000000000000,400000.000000000000000000,0.000000000000000000,0.000000000000000000,0.000000000000000000
0.560000000000000000,0,0.560000000000000000,115792089237316195423570985008687907853269984665640564039457.584007913129639935,0.000000000000000000,1000000.000000000000000000,0.000000000000000000,400000.000000000000000000,0.000000000000000000,0.000000000000000000,0.000000000000000000
0.560000000000000000,1,0.560000000000000000,115792089237316195423570985008687907853269984665640564039457.584007913129639935,0.000000000000000000,1000000.000000000000000000,0.000000000000000000,400000.000000000000000000,0.000000000000000000,0.000000000000000000,0.000000000000000000
0.560000000000000000,2,0.560000000000000000,115792089237316195423570985008687907853269984665640564039457.584007913129639935,0.000000000000000000,1000000.000000000000000000,0.000000000000000000,400000.000000000000000000,0.000000000000000000,0.000000000000000000,0.000000000000000000
0.560000000000000000,3,0.560000000000000000,115792089237316195423570985008687907853269984665640564039457.584007913129639935,0.000000000000000000,1000000.000000000000000000,0.000000000000000000,400000.000000000000000000,0.000000000000000000,0.000000000000000000,0.000000000000000000
0.560000000000000000,4,0.560000000000000000,115792089237316195423570985008687907853269984665640564039457.584007913129639935,0.000000000000000000,1000000.000000000000000000,0.000000000000000000,400000.000000000000000000,0.000000000000000000,0.000000000000000000,0.000000000000000000
0.560000000000000000,5,0.560000000000000000,115792089237316195423570985008687907853269984665640564039457.584007913129639935,0.000000000000000000,1000000.000000000000000000,0.000000000000000000,400000.000000000000000000,0.000000000000000000,0.000000000000000000,0.000000000000000000
0.560000000000000000,6,0.560000000000000000,115792089237316195423570985008687907853269984665640564039457.584007913129639935,0.000000000000000000,1000000.000000000000000000,0.000000000000000000,400000.000000000000000000,0.000000000000000000,0.000000000000000000,0.000000000000000000
0.560000000000000000,7,0.560000000000000000,115792089237316195423570985008687907853269984665640564039457.584007913129639935,0.000000000000000000,1000000.000000000000000000,0.000000000000000000,400000.000000000000000000,0.000000000000000000,0.000000000000000000,0.000000000000000000
0.560000000000000000,8,0.560000000000000000,115792089237316195423570985008687907853269984665640564039457.584007913129639935,0.000000000000000000,1000000.000000000000000000,0.000000000000000000,400000.000000000000000000,0.000000000000000000,0.000000000000000000,0.000000000000000000
0.560000000000000000,9,0.560000000000000000,115792089237316195423570985008687907853269984665640564039457.584007913129639935,0.000000000000000000,1000000.000000000000000000,0.000000000000000000,400000.000000000000000000,0.000000000000000000,0.000000000000000000,0.000000000000000000
0.560000000000000000,10,0.560000000000000000,115792089237316195423570985008687907853269984665640564039457.584007913129639935,0.000000000000000000,1000000.000000000000000000,0.000000000000000000,400000.000000000000000000,0.000000000000000000,0.000000000000000000,0.000000000000000000
0.560000000000000000,11,0.560000000000000000,115792089237316195423570985008687907853269984665640564039457.584007913129639935,0.000000000000000000,1000000.000000000000000000,0.000000000000000000,400000.000000000000000000,0.000000000000000000,0.000000000000000000,0.000000000000000000
0.560000000000000000,12,0.560000000000000000,115792089237316195423570985008687907853269984665640564039457.584007913129639935,0.000000000000000000,1000000.000000000000000000,0.000000000000000000,400000.000000000000000000,0.000000000000000000,0.000000000000000000,0.000000000000000000
0.570000000000000000,0,0.570000000000000000,115792089237316195423570985008687907853269984665640564039457.584007913129639935,0.000000000000000000,1000000.000000000000000000,0.000000000000000000,400000.000000000000000000,0.000000000000000000,0.000000000000000000,0.000000000000000000
0.570000000000000000,1,0.570000000000000000,115792089237316195423570985008687907853269984665640564039457.584007913129639935,0.000000000000000000,1000000.000000000000000000,0.000000000000000000,400000.000000000000000000,0.000000000000000000,0.000000000000000000,0.000000000000000000
0.570000000000000000,2,0.570000000000000000,115792089237316195423570985008687907853269984665640564039457.584007913129639935,0.000000000000000000,1000000.000000000000000000,0.000000000000000000,400000.000000000000000000,0.000000000000000000,0.000000000000000000,0.000000000000000000
0.570000000000000000,3,0.570000000000000000,115792089237316195423570985008687907853269984665640564039457.584007913129639935,0.000000000000000000,1000000.000000000000000000,0.000000000000000000,400000.000000000000000000,0.000000000000000000,0.000000000000000000,0.000000000000000000
0.570000000000000000,4,0.570000000000000000,115792089237316195423570985008687907853269984665640564039457.584007913129639935,0.000000000000000000,1000000.000000000000000000,0.000000000000000000,400000.000000000000000000,0.000000000000000000,0.000000000000000000,0.000000000000000000
0.570000000000000000,5,0.570000000000000000,115792089237316195423570985008687907853269984665640564039457.584007913129639935,0.000000000000000000,1000000.000000000000000000,0.000000000000000000,400000.000000000000000000,0.000000000000000000,0.000000000000000000,0.000000000000000000
0.570000000000000000,6,0.570000000000000000,115792089237316195423570985008687907853269984665640564039457.584007913129639935,0.000000000000000000,1000000.000000000000000000,0.000000000000000000,400000.000000000000000000,0.000000000000000000,0.000000000000000000,0.000000000000000000
0.570000000000000000,7,0.570000000000000000,115792089237316195423570985008687907853269984665640564039457.584007913129639935,0.000000000000000000,1000000.000000000000000000,0.000000000000000000,400000.000000000000000000,0.000000000000000000,0.000000000000000000,0.000000000000000000
0.570000000000000000,8,0.570000000000000000,115792089237316195423570985008687907853269984665640564039457.584007913129639935,0.000000000000000000,1000000.000000000000000000,0.000000000000000000,400000.000000000000000000,0.000000000000000000,0.000000000000000000,0.000000000000000000
0.570000000000000000,9,0.570000000000000000,115792089237316195423570985008687907853269984665640564039457.584007913129639935,0.000000000000000000,1000000.000000000000000000,0.000000000000000000,400000.000000000000000000,0.000000000000000000,0.000000000000000000,0.000000000000000000
0.570000000000000000,10,0.570000000000000000,115792089237316195423570985008687907853269984665640564039457.584007913129639935,0.000000000000000000,1000000.000000000000000000,0.000000000000000000,400000.000000000000000000,0.000000000000000000,0.000000000000000000,0.000000000000000000
0.570000000000000000,11,0.570000000000000000,115792089237316195423570985008687907853269984665640564039457.584007913129639935,0.000000000000000000,1000000.000000000000000000,0.000000000000000000,400000.000000000000000000,0.000000000000000000,0.000000000000000000,0.000000000000000000
0.570000000000000000,12,0.570000000000000000,115792089237316195423570985008687907853269984665640564039457.584007913129639935,0.000000000000000000,1000000.000000000000000000,0.000000000000000000,400000.000000000000000000,0.000000000000000000,0.000000000000000000,0.000000000000000000
0.580000000000000000,0,0.580000000000000000,115792089237316195423570985008687907853269984665640564039457.584007913129639935,0.000000000000000000,1000000.000000000000000000,0.000000000000000000,400000.000000000000000000,0.000000000000000000,0.000000000000000000,0.000000000000000000
0.580000000000000000,1,0.580000000000000000,115792089237316195423570985008687907853269984665640564039457.584007913129639935,0.000000000000000000,1000000.000000000000000000,0.000000000000000000,400000.000000000000000000,0.000000000000000000,0.000000000000000000,0.000000000000000000
0.580000000000000000,2,0.580000000000000000,115792089237316195423570985008687907853269984665640564039457.584007913129639935,0.000000000000000000,1000000.000000000000000000,0.000000000000000000,400000.000000000000000000,0.000000000000000000,0.000000000000000000,0.000000000000000000
0.580000000000000000,3,0.580000000000000000,115792089237316195423570985008687907853269984665640564039457.584007913129639935,0.000000000000000000,1000000.000000000000000000,0.000000000000000000,400000.000000000000000000,0.000000000000000000,0.000000000000000000,0.000000000000000000
0.580000000000000000,4,0.580000000000000000,115792089237316195423570985008687907853269984665640564039457.584007913129639935,0.000000000000000000,1000000.000000000000000000,0.000000000000000000,400000.000000000000000000,0.000000000000000000,0.000000000000000000,0.000000000000000000
0.580000000000000000,5,0.580000000000000000,115792089237316195423570985008687907853269984665640564039457.584007913129639935,0.000000000000000000,1000000.000000000000000000,0.000000000000000000,400000.000000000000000000,0.000000000000000000,0.000000000000000000,0.000000000000000000
0.580000000000000000,6,0.580000000000000000,115792089237316195423570985008687907853269984665640564039457.584007913129639935,0.000000000000000000,1000000.000000000000000000,0.000000000000000000,400000.000000000000000000,0.000000000000000000,0.000000000000000000,0.000000000000000000
0.580000000000000000,7,0.580000000000000000,115792089237316195423570985008687907853269984665640564039457.584007913129639935,0.000000000000000000,1000000.000000000000000000,0.000000000000000000,400000.000000000000000000,0.000000000000000000,0.000000000000000000,0.000000000000000000
0.580000000000000000,8,0.580000000000000000,115792089237316195423570985008687907853269984665640564039457.584007913129639935,0.000000000000000000,1000000.000000000000000000,0.000000000000000000,400000.000000000000000000,0.000000000000000000,0.000000000000000000,0.000000000000000000
0.580000000000000000,9,0.580000000000000000,115792089237316195423570985008687907853269984665640564039457.584007913129639935,0.000000000000000000,1000000.000000000000000000,0.000000000000000000,400000.000000000000000000,0.000000000000000000,0.000000000000000000,0.000000000000000000
0.580000000000000000,10,0.580000000000000000,115792089237316195423570985008687907853269984665640564039457.584007913129639935,0.000000000000000000,1000000.000000000000000000,0.000000000000000000,400000.000000000000000000,0.000000000000000000,0.000000000000000000,0.000000000000000000
0.580000000000000000,11,0.580000000000000000,115792089237316195423570985008687907853269984665640564039457.584007913129639935,0.000000000000000000,1000000.000000000000000000,0.000000000000000000,400000.000000000000000000,0.000000000000000000,0.000000000000000000,0.000000000000000000
0.580000000000000000,12,0.580000000000000000,115792089237316195423570985008687907853269984665640564039457.584007913129639935,0.000000000000000000,1000000.000000000000000000,0.000000000000000000,400000.000000000000000000,0.000000000000000000,0.000000000000000000,0.000000000000000000
0.590000000000000000,0,0.590000000000000000,115792089237316195423570985008687907853269984665640564039457.584007913129639935,0.000000000000000000,1000000.000000000000000000,0.000000000000000000,400000.000000000000000000,0.000000000000000000,0.000000000000000000,0.000000000000000000
0.590000000000000000,1,0.590000000000000000,115792089237316195423570985008687907853269984665640564039457.584007913129639935,0.000000000000000000,1000000.000000000000000000,0.000000000000000000,400000.000000000000000000,0.000000000000000000,0.000000000000000000,0.000000000000000000
0.590000000000000000,2,0.590000000000000000,115792089237316195423570985008687907853269984665640564039457.584007913129639935,0.000000000000000000,1000000.000000000000000000,0.000000000000000000,400000.000000000000000000,0.000000000000000000,0.000000000000000000,0.000000000000000000
0.590000000000000000,3,0.590000000000000000,115792089237316195423570985008687907853269984665640564039457.584007913129639935,0.000000000000000000,1000000.000000000000000000,0.000000000000000000,400000.000000000000000000,0.000000000000000000,0.000000000000000000,0.000000000000000000
0.590000000000000000,4,0.590000000000000000,115792089237316195423570985008687907853269984665640564039457.584007913129639935,0.000000000000000000,1000000.000000000000000000,0.000000000000000000,400000.000000000000000000,0.000000000000000000,0.000000000000000000,0.000000000000000000
0.590000000000000000,5,0.590000000000000000,115792089237316195423570985008687907853269984665640564039457.584007913129639935,0.000000000000000000,1000000.000000000000000000,0.000000000000000000,400000.000000000000000000,0.000000000000000000,0.000000000000000000,0.000000000000000000
0.590000000000000000,6,0.590000000000000000,115792089237316195423570985008687907853269984665640564039457.584007913129639935,0.000000000000000000,1000000.000000000000000000,0.000000000000000000,400000.000000000000000000,0.000000000000000000,0.000000000000000000,0.000000000000000000
0.590000000000000000,7,0.590000000000000000,115792089237316195423570985008687907853269984665640564039457.584007913129639935,0.000000000000000000,1000000.000000000000000000,0.000000000000000000,400000.000000000000000000,0.000000000000000000,0.000000000000000000,0.000000000000000000
0.590000000000000000,8,0.590000000000000000,115792089237316195423570985008687907853269984665640564039457.584007913129639935,0.000000000000000000,1000000.000000000000000000,0.000000000000000000,400000.000000000000000000,0.000000000000000000,0.000000000000000000,0.000000000000000000
0.590000000000000000,9,0.590000000000000000,115792089237316195423570985008687907853269984665640564039457.584007913129639935,0.000000000000000000,1000000.000000000000000000,0.000000000000000000,400000.000000000000000000,0.000000000000000000,0.000000000000000000,0.000000000000000000
0.590000000000000000,10,0.590000000000000000,115792089237316195423570985008687907853269984665640564039457.584007913129639935,0.000000000000000000,1000000.000000000000000000,0.000000000000000000,400000.000000000000000000,0.000000000000000000,0.000000000000000000,0.000000000000000000
0.590000000000000000,11,0.590000000000000000,115792089237316195423570985008687907853269984665640564039457.584007913129639935,0.000000000000000000,1000000.000000000000000000,0.000000000000000000,400000.000000000000000000,0.000000000000000000,0.000000000000000000,0.000000000000000000
0.590000000000000000,12,0.590000000000000000,115792089237316195423570985008687907853269984665640564039457.584007913129639935,0.000000000000000000,1000000.000000000000000000,0.000000000000000000,400000.000000000000000000,0.000000000000000000,0.000000000000000000,0.000000000000000000
0.600000000000000000,0,0.600000000000000000,115792089237316195423570985008687907853269984665640564039457.584007913129639935,0.000000000000000000,1000000.000000000000000000,0.000000000000000000,400000.000000000000000000,0.000000000000000000,0.000000000000000000,0.000000000000000000
0.600000000000000000,1,0.600000000000000000,115792089237316195423570985008687907853269984665640564039457.584007913129639935,0.000000000000000000,1000000.000000000000000000,0.000000000000000000,400000.000000000000000000,0.000000000000000000,0.000000000000000000,0.000000000000000000
0.600000000000000000,2,0.600000000000000000,115792089237316195423570985008687907853269984665640564039457.584007913129639935,0.000000000000000000,1000000.000000000000000000,0.000000000000000000,400000.000000000000000000,0.000000000000000000,0.000000000000000000,0.000000000000000000
0.600000000000000000,3,0.600000000000000000,115792089237316195423570985008687907853269984665640564039457.584007913129639935,0.000000000000000000,1000000.000000000000000000,0.000000000000000000,400000.000000000000000000,0.000000000000000000,0.000000000000000000,0.000000000000000000
0.600000000000000000,4,0.600000000000000000,115792089237316195423570985008687907853269984665640564039457.584007913129639935,0.000000000000000000,1000000.000000000000000000,0.000000000000000000,400000.000000000000000000,0.000000000000000000,0.000000000000000000,0.000000000000000000
0.600000000000000000,5,0.600000000000000000,115792089237316195423570985008687907853269984665640564039457.584007913129639935,0.000000000000000000,1000000.000000000000000000,0.000000000000000000,400000.000000000000000000,0.000000000000000000,0.000000000000000000,0.000000000000000000
0.600000000000000000,6,0.600000000000000000,115792089237316195423570985008687907853269984665640564039457.584007913129639935,0.000000000000000000,1000000.000000000000000000,0.000000000000000000,400000.000000000000000000,0.000000000000000000,0.000000000000000000,0.000000000000000000
0.600000000000000000,7,0.600000000000000000,115792089237316195423570985008687907853269984665640564039457.584007913129639935,0.000000000000000000,1000000.000000000000000000,0.000000000000000000,400000.000000000000000000,0.000000000000000000,0.000000000000000000,0.000000000000000000
0.600000000000000000,8,0.600000000000000000,115792089237316195423570985008687907853269984665640564039457.584007913129639935,0.000000000000000000,1000000.000000000000000000,0.000000000000000000,400000.000000000000000000,0.000000000000000000,0.000000000000000000,0.000000000000000000
0.600000000000000000,9,0.600000000000000000,115792089237316195423570985008687907853269984665640564039457.584007913129639935,0.000000000000000000,1000000.000000000000000000,0.000000000000000000,400000.000000000000000000,0.000000000000000000,0.000000000000000000,0.000000000000000000
0.600000000000000000,10,0.600000000000000000,115792089237316195423570985008687907853269984665640564039457.584007913129639935,0.000000000000000000,1000000.000000000000000000,0.000000000000000000,400000.000000000000000000,0.000000000000000000,0.000000000000000000,0.000000000000000000
0.600000000000000000,11,0.600000000000000000,115792089237316195423570985008687907853269984665640564039457.584007913129639935,0.000000000000000000,1000000.000000000000000000,0.000000000000000000,400000.000000000000000000,0.000000000000000000,0.000000000000000000,0.000000000000000000
0.600000000000000000,12,0.600000000000000000,115792089237316195423570985008687907853269984665640564039457.584007913129639935,0.000000000000000000,1000000.000000000000000000,0.000000000000000000,400000.000000000000000000,0.000000000000000000,0.000000000000000000,0.000000000000000000
0.610000000000000000,0,0.610000000000000000,115792089237316195423570985008687907853269984665640564039457.584007913129639935,0.000000000000000000,1000000.000000000000000000,0.000000000000000000,400000.000000000000000000,0.000000000000000000,0.000000000000000000,0.000000000000000000
0.610000000000000000,1,0.610000000000000000,115792089237316195423570985008687907853269984665640564039457.584007913129639935,0.000000000000000000,1000000.000000000000000000,0.000000000000000000,400000.000000000000000000,0.000000000000000000,0.000000000000000000,0.000000000000000000
0.610000000000000000,2,0.610000000000000000,115792089237316195423570985008687907853269984665640564039457.584007913129639935,0.000000000000000000,1000000.000000000000000000,0.000000000000000000,400000.000000000000000000,0.000000000000000000,0.000000000000000000,0.000000000000000000
0.610000000000000000,3,0.610000000000000000,115792089237316195423570985008687907853269984665640564039457.584007913129639935,0.000000000000000000,1000000.000000000000000000,0.000000000000000000,400000.000000000000000000,0.000000000000000000,0.000000000000000000,0.000000000000000000
0.610000000000000000,4,0.610000000000000000,115792089237316195423570985008687907853269984665640564039457.584007913129639935,0.000000000000000000,1000000.000000000000000000,0.000000000000000000,400000.000000000000000000,0.000000000000000000,0.000000000000000000,0.000000000000000000
0.610000000000000000,5,0.610000000000000000,115792089237316195423570985008687907853269984665640564039457.584007913129639935,0.000000000000000000,1000000.000000000000000000,0.000000000000000000,400000.000000000000000000,0.000000000000000000,0.000000000000000000,0.000000000000000000
0.610000000000000000,6,0.610000000000000000,115792089237316195423570985008687907853269984665640564039457.584007913129639935,0.000000000000000000,1000000.000000000000000000,0.000000000000000000,400000.000000000000000000,0.000000000000000000,0.000000000000000000,0.000000000000000000
0.610000000000000000,7,0.610000000000000000,115792089237316195423570985008687907853269984665640564039457.584007913129639935,0.000000000000000000,1000000.000000000000000000,0.000000000000000000,400000.000000000000000000,0.000000000000000000,0.000000000000000000,0.000000000000000000
0.610000000000000000,8,0.610000000000000000,115792089237316195423570985008687907853269984665640564039457.584007913129639935,0.000000000000000000,1000000.000000000000000000,0.000000000000000000,400000.000000000000000000,0.000000000000000000,0.000000000000000000,0.000000000000000000
0.610000000000000000,9,0.610000000000000000,115792089237316195423570985008687907853269984665640564039457.584007913129639935,0.000000000000000000,1000000.000000000000000000,0.000000000000000000,400000.000000000000000000,0.000000000000000000,0.000000000000000000,0.000000000000000000
0.610000000000000000,10,0.610000000000000000,115792089237316195423570985008687907853269984665640564039457.584007913129639935,0.000000000000000000,1000000.000000000000000000,0.000000000000000000,400000.000000000000000000,0.000000000000000000,0.000000000000000000,0.000000000000000000
0.610000000000000000,11,0.610000000000000000,115792089237316195423570985008687907853269984665640564039457.584007913129639935,0.000000000000000000,1000000.000000000000000000,0.000000000000000000,400000.000000000000000000,0.000000000000000000,0.000000000000000000,0.000000000000000000
0.610000000000000000,12,0.610000000000000000,115792089237316195423570985008687907853269984665640564039457.584007913129639935,0.000000000000000000,1000000.000000000000000000,0.000000000000000000,400000.000000000000000000,0.000000000000000000,0.000000000000000000,0.000000000000000000
0.620000000000000000,0,0.620000000000000000,115792089237316195423570985008687907853269984665640564039457.584007913129639935,0.000000000000000000,1000000.000000000000000000,0.000000000000000000,400000.000000000000000000,0.000000000000000000,0.000000000000000000,0.000000000000000000
0.620000000000000000,1,0.620000000000000000,115792089237316195423570985008687907853269984665640564039457.584007913129639935,0.000000000000000000,1000000.000000000000000000,0.000000000000000000,400000.000000000000000000,0.000000000000000000,0.000000000000000000,0.000000000000000000
0.620000000000000000,2,0.620000000000000000,115792089237316195423570985008687907853269984665640564039457.584007913129639935,0.000000000000000000,1000000.000000000000000000,0.000000000000000000,400000.000000000000000000,0.000000000000000000,0.000000000000000000,0.000000000000000000
0.620000000000000000,3,0.620000000000000000,115792089237316195423570985008687907853269984665640564039457.584007913129639935,0.000000000000000000,1000000.000000000000000000,0.000000000000000000,400000.000000000000000000,0.000000000000000000,0.000000000000000000,0.000000000000000000
0.620000000000000000,4,0.620000000000000000,115792089237316195423570985008687907853269984665640564039457.584007913129639935,0.000000000000000000,1000000.000000000000000000,0.000000000000000000,400000.000000000000000000,0.000000000000000000,0.000000000000000000,0.000000000000000000
0.620000000000000000,5,0.620000000000000000,115792089237316195423570985008687907853269984665640564039457.584007913129639935,0.000000000000000000,1000000.000000000000000000,0.000000000000000000,400000.000000000000000000,0.000000000000000000,0.000000000000000000,0.000000000000000000
0.620000000000000000,6,0.620000000000000000,115792089237316195423570985008687907853269984665640564039457.584007913129639935,0.000000000000000000,1000000.000000000000000000,0.000000000000000000,400000.000000000000000000,0.000000000000000000,0.000000000000000000,0.000000000000000000
0.620000000000000000,7,0.620000000000000000,115792089237316195423570985008687907853269984665640564039457.584007913129639935,0.000000000000000000,1000000.000000000000000000,0.000000000000000000,400000.000000000000000000,0.000000000000000000,0.000000000000000000,0.000000000000000000
0.620000000000000000,8,0.620000000000000000,115792089237316195423570985008687907853269984665640564039457.584007913129639935,0.000000000000000000,1000000.000000000000000000,0.000000000000000000,400000.000000000000000000,0.000000000000000000,0.000000000000000000,0.000000000000000000
0.620000000000000000,9,0.620000000000000000,115792089237316195423570985008687907853269984665640564039457.584007913129639935,0.000000000000000000,1000000.000000000000000000,0.000000000000000000,400000.000000000000000000,0.000000000000000000,0.000000000000000000,0.000000000000000000
0.620000000000000000,10,0.620000000000000000,115792089237316195423570985008687907853269984665640564039457.584007913129639935,0.000000000000000000,1000000.000000000000000000,0.000000000000000000,400000.000000000000000000,0.000000000000000000,0.000000000000000000,0.000000000000000000
0.620000000000000000,11,0.620000000000000000,115792089237316195423570985008687907853269984665640564039457.584007913129639935,0.000000000000000000,1000000.000000000000000000,0.000000000000000000,400000.000000000000000000,0.000000000000000000,0.000000000000000000,0.000000000000000000
0.620000000000000000,12,0.620000000000000000,115792089237316195423570985008687907853269984665640564039457.584007913129639935,0.000000000000000000,1000000.000000000000000000,0.000000000000000000,400000.000000000000000000,0.000000000000000000,0.000000000000000000,0.000000000000000000
0.630000000000000000,0,0.630000000000000000,115792089237316195423570985008687907853269984665640564039457.584007913129639935,0.000000000000000000,1000000.000000000000000000,0.000000000000000000,400000.000000000000000000,0.000000000000000000,0.000000000000000000,0.000000000000000000
0.630000000000000000,1,0.630000000000000000,115792089237316195423570985008687907853269984665640564039457.584007913129639935,0.000000000000000000,1000000.000000000000000000,0.000000000000000000,400000.000000000000000000,0.000000000000000000,0.000000000000000000,0.000000000000000000
0.630000000000000000,2,0.630000000000000000,115792089237316195423570985008687907853269984665640564039457.584007913129639935,0.000000000000000000,1000000.000000000000000000,0.000000000000000000,400000.000000000000000000,0.000000000000000000,0.000000000000000000,0.000000000000000000
0.630000000000000000,3,0.630000000000000000,115792089237316195423570985008687907853269984665640564039457.584007913129639935,0.000000000000000000,1000000.000000000000000000,0.000000000000000000,400000.000000000000000000,0.000000000000000000,0.000000000000000000,0.000000000000000000
0.630000000000000000,4,0.630000000000000000,115792089237316195423570985008687907853269984665640564039457.584007913129639935,0.000000000000000000,1000000.000000000000000000,0.000000000000000000,400000.000000000000000000,0.000000000000000000,0.000000000000000000,0.000000000000000000
0.630000000000000000,5,0.630000000000000000,115792089237316195423570985008687907853269984665640564039457.584007913129639935,0.000000000000000000,1000000.000000000000000000,0.000000000000000000,400000.000000000000000000,0.000000000000000000,0.000000000000000000,0.000000000000000000
0.630000000000000000,6,0.630000000000000000,115792089237316195423570985008687907853269984665640564039457.584007913129639935,0.000000000000000000,1000000.000000000000000000,0.000000000000000000,400000.000000000000000000,0.000000000000000000,0.000000000000000000,0.000000000000000000
0.630000000000000000,7,0.630000000000000000,115792089237316195423570985008687907853269984665640564039457.584007913129639935,0.000000000000000000,1000000.000000000000000000,0.000000000000000000,400000.000000000000000000,0.000000000000000000,0.000000000000000000,0.000000000000000000
0.630000000000000000,8,0.630000000000000000,115792089237316195423570985008687907853269984665640564039457.584007913129639935,0.000000000000000000,1000000.000000000000000000,0.000000000000000000,400000.000000000000000000,0.000000000000000000,0.000000000000000000,0.000000000000000000
0.630000000000000000,9,0.630000000000000000,115792089237316195423570985008687907853269984665640564039457.584007913129639935,0.000000000000000000,1000000.000000000000000000,0.000000000000000000,400000.000000000000000000,0.000000000000000000,0.000000000000000000,0.000000000000000000
0.630000000000000000,10,0.630000000000000000,115792089237316195423570985008687907853269984665640564039457.584007913129639935,0.000000000000000000,1000000.000000000000000000,0.000000000000000000,400000.000000000000000000,0.000000000000000000,0.000000000000000000,0.000000000000000000
0.630000000000000000,11,0.630000000000000000,115792089237316195423570985008687907853269984665640564039457.584007913129639935,0.000000000000000000,1000000.000000000000000000,0.000000000000000000,400000.000000000000000000,0.000000000000000000,0.000000000000000000,0.000000000000000000
0.630000000000000000,12,0.630000000000000000,115792089237316195423570985008687907853269984665640564039457.584007913129639935,0.000000000000000000,1000000.000000000000000000,0.000000000000000000,400000.000000000000000000,0.000000000000000000,0.000000000000000000,0.000000000000000000
0.640000000000000000,0,0.640000000000000000,115792089237316195423570985008687907853269984665640564039457.584007913129639935,0.000000000000000000,1000000.000000000000000000,0.000000000000000000,400000.000000000000000000,0.000000000000000000,0.000000000000000000,0.000000000000000000
0.640000000000000000,1,0.640000000000000000,115792089237316195423570985008687907853269984665640564039457.584007913129639935,0.000000000000000000,1000000.000000000000000000,0.000000000000000000,400000.000000000000000000,0.000000000000000000,0.000000000000000000,0.000000000000000000
0.640000000000000000,2,0.640000000000000000,115792089237316195423570985008687907853269984665640564039457.584007913129639935,0.000000000000000000,1000000.000000000000000000,0.000000000000000000,400000.000000000000000000,0.000000000000000000,0.000000000000000000,0.000000000000000000
0.640000000000000000,3,0.640000000000000000,115792089237316195423570985008687907853269984665640564039457.584007913129639935,0.000000000000000000,1000000.000000000000000000,0.000000000000000000,400000.000000000000000000,0.000000000000000000,0.000000000000000000,0.000000000000000000
0.640000000000000000,4,0.640000000000000000,115792089237316195423570985008687907853269984665640564039457.584007913129639935,0.000000000000000000,1000000.000000000000000000,0.000000000000000000,400000.000000000000000000,0.000000000000000000,0.000000000000000000,0.000000000000000000
0.640000000000000000,5,0.640000000000000000,115792089237316195423570985008687907853269984665640564039457.584007913129639935,0.000000000000000000,1000000.000000000000000000,0.000000000000000000,400000.000000000000000000,0.000000000000000000,0.000000000000000000,0.000000000000000000
0.640000000000000000,6,0.640000000000000000,115792089237316195423570985008687907853269984665640564039457.584007913129639935,0.000000000000000000,1000000.000000000000000000,0.000000000000000000,400000.000000000000000000,0.000000000000000000,0.000000000000000000,0.000000000000000000
0.640000000000000000,7,0.640000000000000000,115792089237316195423570985008687907853269984665640564039457.584007913129639935,0.000000000000000000,1000000.000000000000000000,0.000000000000000000,400000.000000000000000000,0.000000000000000000,0.000000000000000000,0.000000000000000000
0.640000000000000000,8,0.640000000000000000,115792089237316195423570985008687907853269984665640564039457.584007913129639935,0.000000000000000000,1000000.000000000000000000,0.000000000000000000,400000.000000000000000000,0.000000000000000000,0.000000000000000000,0.000000000000000000
0.640000000000000000,9,0.640000000000000000,115792089237316195423570985008687907853269984665640564039457.584007913129639935,0.000000000000000000,1000000.000000000000000000,0.000000000000000000,400000.000000000000000000,0.000000000000000000,0.000000000000000000,0.000000000000000000
0.640000000000000000,10,0.640000000000000000,115792089237316195423570985008687907853269984665640564039457.584007913129639935,0.000000000000000000,1000000.000000000000000000,0.000000000000000000,400000.000000000000000000,0.000000000000000000,0.000000000000000000,0.000000000000000000
0.640000000000000000,11,0.640000000000000000,115792089237316195423570985008687907853269984665640564039457.584007913129639935,0.000000000000000000,1000000.000000000000000000,0.000000000000000000,400000.000000000000000000,0.000000000000000000,0.000000000000000000,0.000000000000000000
0.640000000000000000,12,0.640000000000000000,115792089237316195423570985008687907853269984665640564039457.584007913129639935,0.000000000000000000,1000000.000000000000000000,0.000000000000000000,400000.000000000000000000,0.000000000000000000,0.000000000000000000,0.000000000000000000
0.650000000000000000,0,0.650000000000000000,115792089237316195423570985008687907853269984665640564039457.584007913129639935,0.000000000000000000,1000000.000000000000000000,0.000000000000000000,400000.000000000000000000,0.000000000000000000,0.000000000000000000,0.000000000000000000
0.650000000000000000,1,0.650000000000000000,115792089237316195423570985008687907853269984665640564039457.584007913129639935,0.000000000000000000,1000000.000000000000000000,0.000000000000000000,400000.000000000000000000,0.000000000000000000,0.000000000000000000,0.000000000000000000
0.650000000000000000,2,0.650000000000000000,115792089237316195423570985008687907853269984665640564039457.584007913129639935,0.000000000000000000,1000000.000000000000000000,0.000000000000000000,400000.000000000000000000,0.000000000000000000,0.000000000000000000,0.000000000000000000
0.650000000000000000,3,0.650000000000000000,115792089237316195423570985008687907853269984665640564039457.584007913129639935,0.000000000000000000,1000000.000000000000000000,0.000000000000000000,400000.000000000000000000,0.000000000000000000,0.000000000000000000,0.000000000000000000
0.650000000000000000,4,0.650000000000000000,115792089237316195423570985008687907853269984665640564039457.584007913129639935,0.000000000000000000,1000000.000000000000000000,0.000000000000000000,400000.000000000000000000,0.000000000000000000,0.000000000000000000,0.000000000000000000
0.650000000000000000,5,0.650000000000000000,115792089237316195423570985008687907853269984665640564039457.584007913129639935,0.000000000000000000,1000000.000000000000000000,0.000000000000000000,400000.000000000000000000,0.000000000000000000,0.000000000000000000,0.000000000000000000
0.650000000000000000,6,0.650000000000000000,115792089237316195423570985008687907853269984665640564039457.584007913129639935,0.000000000000000000,1000000.000000000000000000,0.000000000000000000,400000.000000000000000000,0.000000000000000000,0.000000000000000000,0.000000000000000000
0.650000000000000000,7,0.650000000000000000,115792089237316195423570985008687907853269984665640564039457.584007913129639935,0.000000000000000000,1000000.000000000000000000,0.000000000000000000,400000.000000000000000000,0.000000000000000000,0.000000000000000000,0.000000000000000000
0.650000000000000000,8,0.650000000000000000,115792089237316195423570985008687907853269984665640564039457.584007913129639935,0.000000000000000000,1000000.000000000000000000,0.000000000000000000,400000.000000000000000000,0.000000000000000000,0.000000000000000000,0.000000000000000000
0.650000000000000000,9,0.650000000000000000,115792089237316195423570985008687907853269984665640564039457.584007913129639935,0.000000000000000000,1000000.000000000000000000,0.000000000000000000,400000.000000000000000000,0.000000000000000000,0.000000000000000000,0.000000000000000000
0.650000000000000000,10,0.650000000000000000,115792089237316195423570985008687907853269984665640564039457.584007913129639935,0.000000000000000000,1000000.000000000000000000,0.000000000000000000,400000.000000000000000000,0.000000000000000000,0.000000000000000000,0.000000000000000000
0.650000000000000000,11,0.650000000000000000,115792089237316195423570985008687907853269984665640564039457.584007913129639935,0.000000000000000000,1000000.000000000000000000,0.000000000000000000,400000.000000000000000000,0.000000000000000000,0.000000000000000000,0.000000000000000000
0.650000000000000000,12,0.650000000000000000,115792089237316195423570985008687907853269984665640564039457.584007913129639935,0.000000000000000000,1000000.000000000000000000,0.000000000000000000,400000.000000000000000000,0.000000000000000000,0.000000000000000000,0.000000000000000000
0.660000000000000000,0,0.660000000000000000,115792089237316195423570985008687907853269984665640564039457.584007913129639935,0.000000000000000000,1000000.000000000000000000,0.000000000000000000,400000.000000000000000000,0.000000000000000000,0.000000000000000000,0.000000000000000000
0.660000000000000000,1,0.660000000000000000,115792089237316195423570985008687907853269984665640564039457.584007913129639935,0.000000000000000000,1000000.000000000000000000,0.000000000000000000,400000.000000000000000000,0.000000000000000000,0.000000000000000000,0.000000000000000000
0.660000000000000000,2,0.660000000000000000,115792089237316195423570985008687907853269984665640564039457.584007913129639935,0.000000000000000000,1000000.000000000000000000,0.000000000000000000,400000.000000000000000000,0.000000000000000000,0.000000000000000000,0.000000000000000000
0.660000000000000000,3,0.660000000000000000,115792089237316195423570985008687907853269984665640564039457.584007913129639935,0.000000000000000000,1000000.000000000000000000,0.000000000000000000,400000.000000000000000000,0.000000000000000000,0.000000000000000000,0.000000000000000000
0.660000000000000000,4,0.660000000000000000,115792089237316195423570985008687907853269984665640564039457.584007913129639935,0.000000000000000000,1000000.000000000000000000,0.000000000000000000,400000.000000000000000000,0.000000000000000000,0.000000000000000000,0.000000000000000000
0.660000000000000000,5,0.660000000000000000,115792089237316195423570985008687907853269984665640564039457.584007913129639935,0.000000000000000000,1000000.000000000000000000,0.000000000000000000,400000.000000000000000000,0.000000000000000000,0.000000000000000000,0.000000000000000000
0.660000000000000000,6,0.660000000000000000,115792089237316195423570985008687907853269984665640564039457.584007913129639935,0.000000000000000000,1000000.000000000000000000,0.000000000000000000,400000.000000000000000000,0.000000000000000000,0.000000000000000000,0.000000000000000000
0.660000000000000000,7,0.660000000000000000,115792089237316195423570985008687907853269984665640564039457.584007913129639935,0.000000000000000000,1000000.000000000000000000,0.000000000000000000,400000.000000000000000000,0.000000000000000000,0.000000000000000000,0.000000000000000000
0.660000000000000000,8,0.660000000000000000,115792089237316195423570985008687907853269984665640564039457.584007913129639935,0.000000000000000000,1000000.000000000000000000,0.000000000000000000,400000.000000000000000000,0.000000000000000000,0.000000000000000000,0.000000000000000000
0.660000000000000000,9,0.660000000000000000,115792089237316195423570985008687907853269984665640564039457.584007913129639935,0.000000000000000000,1000000.000000000000000000,0.000000000000000000,400000.000000000000000000,0.000000000000000000,0.000000000000000000,0.000000000000000000
0.660000000000000000,10,0.660000000000000000,115792089237316195423570985008687907853269984665640564039457.584007913129639935,0.000000000000000000,1000000.000000000000000000,0.000000000000000000,400000.000000000000000000,0.000000000000000000,0.000000000000000000,0.000000000000000000
0.660000000000000000,11,0.660000000000000000,115792089237316195423570985008687907853269984665640564039457.584007913129639935,0.000000000000000000,1000000.000000000000000000,0.000000000000000000,400000.000000000000000000,0.000000000000000000,0.000000000000000000,0.000000000000000000
0.660000000000000000,12,0.660000000000000000,115792089237316195423570985008687907853269984665640564039457.584007913129639935,0.000000000000000000,1000000.000000000000000000,0.000000000000000000,400000.000000000000000000,0.000000000000000000,0.000000000000000000,0.000000000000000000
0.670000000000000000,0,0.670000000000000000,115792089237316195423570985008687907853269984665640564039457.584007913129639935,0.000000000000000000,1000000.000000000000000000,0.000000000000000000,400000.000000000000000000,0.000000000000000000,0.000000000000000000,0.000000000000000000
0.670000000000000000,1,0.670000000000000000,115792089237316195423570985008687907853269984665640564039457.584007913129639935,0.000000000000000000,1000000.000000000000000000,0.000000000000000000,400000.000000000000000000,0.000000000000000000,0.000000000000000000,0.000000000000000000
0.670000000000000000,2,0.670000000000000000,115792089237316195423570985008687907853269984665640564039457.584007913129639935,0.000000000000000000,1000000.000000000000000000,0.000000000000000000,400000.000000000000000000,0.000000000000000000,0.000000000000000000,0.000000000000000000
0.670000000000000000,3,0.670000000000000000,115792089237316195423570985008687907853269984665640564039457.584007913129639935,0.000000000000000000,1000000.000000000000000000,0.000000000000000000,400000.000000000000000000,0.000000000000000000,0.000000000000000000,0.000000000000000000
0.670000000000000000,4,0.670000000000000000,115792089237316195423570985008687907853269984665640564039457.584007913129639935,0.000000000000000000,1000000.000000000000000000,0.000000000000000000,400000.000000000000000000,0.000000000000000000,0.000000000000000000,0.000000000000000000
0.670000000000000000,5,0.670000000000000000,115792089237316195423570985008687907853269984665640564039457.584007913129639935,0.000000000000000000,1000000.000000000000000000,0.000000000000000000,400000.000000000000000000,0.000000000000000000,0.000000000000000000,0.000000000000000000
0.670000000000000000,6,0.670000000000000000,115792089237316195423570985008687907853269984665640564039457.584007913129639935,0.000000000000000000,1000000.000000000000000000,0.000000000000000000,400000.000000000000000000,0.000000000000000000,0.000000000000000000,0.000000000000000000
0.670000000000000000,7,0.670000000000000000,115792089237316195423570985008687907853269984665640564039457.584007913129639935,0.000000000000000000,1000000.000000000000000000,0.000000000000000000,400000.000000000000000000,0.000000000000000000,0.000000000000000000,0.000000000000000000
0.670000000000000000,8,0.670000000000000000,115792089237316195423570985008687907853269984665640564039457.584007913129639935,0.000000000000000000,1000000.000000000000000000,0.000000000000000000,400000.000000000000000000,0.000000000000000000,0.000000000000000000,0.000000000000000000
0.670000000000000000,9,0.670000000000000000,115792089237316195423570985008687907853269984665640564039457.584007913129639935,0.000000000000000000,1000000.000000000000000000,0.000000000000000000,400000.000000000000000000,0.000000000000000000,0.000000000000000000,0.000000000000000000
0.670000000000000000,10,0.670000000000000000,115792089237316195423570985008687907853269984665640564039457.584007913129639935,0.000000000000000000,1000000.000000000000000000,0.000000000000000000,400000.000000000000000000,0.000000000000000000,0.000000000000000000,0.000000000000000000
0.670000000000000000,11,0.670000000000000000,115792089237316195423570985008687907853269984665640564039457.584007913129639935,0.000000000000000000,1000000.000000000000000000,0.000000000000000000,400000.000000000000000000,0.000000000000000000,0.000000000000000000,0.000000000000000000
0.670000000000000000,12,0.670000000000000000,115792089237316195423570985008687907853269984665640564039457.584007913129639935,0.000000000000000000,1000000.000000000000000000,0.000000000000000000,400000.000000000000000000,0.000000000000000000,0.000000000000000000,0.000000000000000000
0.680000000000000000,0,0.680000000000000000,115792089237316195423570985008687907853269984665640564039457.584007913129639935,0.000000000000000000,1000000.000000000000000000,0.000000000000000000,400000.000000000000000000,0.000000000000000000,0.000000000000000000,0.000000000000000000
0.680000000000000000,1,0.680000000000000000,115792089237316195423570985008687907853269984665640564039457.584007913129639935,0.000000000000000000,1000000.000000000000000000,0.000000000000000000,400000.000000000000000000,0.000000000000000000,0.000000000000000000,0.000000000000000000
0.680000000000000000,2,0.680000000000000000,115792089237316195423570985008687907853269984665640564039457.584007913129639935,0.000000000000000000,1000000.000000000000000000,0.000000000000000000,400000.000000000000000000,0.000000000000000000,0.000000000000000000,0.000000000000000000
0.680000000000000000,3,0.680000000000000000,115792089237316195423570985008687907853269984665640564039457.584007913129639935,0.000000000000000000,1000000.000000000000000000,0.000000000000000000,400000.000000000000000000,0.000000000000000000,0.000000000000000000,0.000000000000000000
0.680000000000000000,4,0.680000000000000000,115792089237316195423570985008687907853269984665640564039457.584007913129639935,0.000000000000000000,1000000.000000000000000000,0.000000000000000000,400000.000000000000000000,0.000000000000000000,0.000000000000000000,0.000000000000000000
0.680000000000000000,5,0.680000000000000000,115792089237316195423570985008687907853269984665640564039457.584007913129639935,0.000000000000000000,1000000.000000000000000000,0.000000000000000000,400000.000000000000000000,0.000000000000000000,0.000000000000000000,0.000000000000000000
0.680000000000000000,6,0.680000000000000000,115792089237316195423570985008687907853269984665640564039457.584007913129639935,0.000000000000000000,1000000.000000000000000000,0.000000000000000000,400000.000000000000000000,0.000000000000000000,0.000000000000000000,0.000000000000000000
0.680000000000000000,7,0.680000000000000000,115792089237316195423570985008687907853269984665640564039457.584007913129639935,0.000000000000000000,1000000.000000000000000000,0.000000000000000000,400000.000000000000000000,0.000000000000000000,0.000000000000000000,0.000000000000000000
0.680000000000000000,8,0.680000000000000000,115792089237316195423570985008687907853269984665640564039457.584007913129639935,0.000000000000000000,1000000.000000000000000000,0.000000000000000000,400000.000000000000000000,0.000000000000000000,0.000000000000000000,0.000000000000000000
0.680000000000000000,9,0.680000000000000000,115792089237316195423570985008687907853269984665640564039457.584007913129639935,0.000000000000000000,1000000.000000000000000000,0.000000000000000000,400000.000000000000000000,0.000000000000000000,0.000000000000000000,0.000000000000000000
0.680000000000000000,10,0.680000000000000000,115792089237316195423570985008687907853269984665640564039457.584007913129639935,0.000000000000000000,1000000.000000000000000000,0.000000000000000000,400000.000000000000000000,0.000000000000000000,0.000000000000000000,0.000000000000000000
0.680000000000000000,11,0.680000000000000000,115792089237316195423570985008687907853269984665640564039457.584007913129639935,0.000000000000000000,1000000.000000000000000000,0.000000000000000000,400000.000000000000000000,0.000000000000000000,0.000000000000000000,0.000000000000000000
0.680000000000000000,12,0.680000000000000000,115792089237316195423570985008687907853269984665640564039457.584007913129639935,0.000000000000000000,1000000.000000000000000000,0.000000000000000000,400000.000000000000000000,0.000000000000000000,0.000000000000000000,0.000000000000000000
0.690000000000000000,0,0.690000000000000000,115792089237316195423570985008687907853269984665640564039457.584007913129639935,0.000000000000000000,1000000.000000000000000000,0.000000000000000000,400000.000000000000000000,0.000000000000000000,0.000000000000000000,0.000000000000000000
0.690000000000000000,1,0.690000000000000000,115792089237316195423570985008687907853269984665640564039457.584007913129639935,0.000000000000000000,1000000.000000000000000000,0.000000000000000000,400000.000000000000000000,0.000000000000000000,0.000000000000000000,0.000000000000000000
0.690000000000000000,2,0.690000000000000000,115792089237316195423570985008687907853269984665640564039457.584007913129639935,0.000000000000000000,1000000.000000000000000000,0.000000000000000000,400000.000000000000000000,0.000000000000000000,0.000000000000000000,0.000000000000000000
0.690000000000000000,3,0.690000000000000000,115792089237316195423570985008687907853269984665640564039457.584007913129639935,0.000000000000000000,1000000.000000000000000000,0.000000000000000000,400000.000000000000000000,0.000000000000000000,0.000000000000000000,0.000000000000000000
0.690000000000000000,4,0.690000000000000000,115792089237316195423570985008687907853269984665640564039457.584007913129639935,0.000000000000000000,1000000.000000000000000000,0.000000000000000000,400000.000000000000000000,0.000000000000000000,0.000000000000000000,0.000000000000000000
0.690000000000000000,5,0.690000000000000000,115792089237316195423570985008687907853269984665640564039457.584007913129639935,0.000000000000000000,1000000.000000000000000000,0.000000000000000000,400000.000000000000000000,0.000000000000000000,0.000000000000000000,0.000000000000000000
0.690000000000000000,6,0.690000000000000000,115792089237316195423570985008687907853269984665640564039457.584007913129639935,0.000000000000000000,1000000.000000000000000000,0.000000000000000000,400000.000000000000000000,0.000000000000000000,0.000000000000000000,0.000000000000000000
0.690000000000000000,7,0.690000000000000000,115792089237316195423570985008687907853269984665640564039457.584007913129639935,0.000000000000000000,1000000.000000000000000000,0.000000000000000000,400000.000000000000000000,0.000000000000000000,0.000000000000000000,0.000000000000000000
0.690000000000000000,8,0.690000000000000000,115792089237316195423570985008687907853269984665640564039457.584007913129639935,0.000000000000000000,1000000.000000000000000000,0.000000000000000000,400000.000000000000000000,0.000000000000000000,0.000000000000000000,0.000000000000000000
0.690000000000000000,9,0.690000000000000000,115792089237316195423570985008687907853269984665640564039457.584007913129639935,0.000000000000000000,1000000.000000000000000000,0.000000000000000000,400000.000000000000000000,0.000000000000000000,0.000000000000000000,0.000000000000000000
0.690000000000000000,10,0.690000000000000000,115792089237316195423570985008687907853269984665640564039457.584007913129639935,0.000000000000000000,1000000.000000000000000000,0.000000000000000000,400000.000000000000000000,0.000000000000000000,0.000000000000000000,0.000000000000000000
0.690000000000000000,11,0.690000000000000000,115792089237316195423570985008687907853269984665640564039457.584007913129639935,0.000000000000000000,1000000.000000000000000000,0.000000000000000000,400000.000000000000000000,0.000000000000000000,0.000000000000000000,0.000000000000000000
0.690000000000000000,12,0.690000000000000000,115792089237316195423570985008687907853269984665640564039457.584007913129639935,0.000000000000000000,1000000.000000000000000000,0.000000000000000000,400000.000000000000000000,0.000000000000000000,0.000000000000000000,0.000000000000000000
0.700000000000000000,0,0.700000000000000000,115792089237316195423570985008687907853269984665640564039457.584007913129639935,0.000000000000000000,1000000.000000000000000000,0.000000000000000000,400000.000000000000000000,0.000000000000000000,0.000000000000000000,0.000000000000000000
0.700000000000000000,1,0.700000000000000000,115792089237316195423570985008687907853269984665640564039457.584007913129639935,0.000000000000000000,1000000.000000000000000000,0.000000000000000000,400000.000000000000000000,0.000000000000000000,0.000000000000000000,0.000000000000000000
0.700000000000000000,2,0.700000000000000000,115792089237316195423570985008687907853269984665640564039457.584007913129639935,0.000000000000000000,1000000.000000000000000000,0.000000000000000000,400000.000000000000000000,0.000000000000000000,0.000000000000000000,0.000000000000000000
0.700000000000000000,3,0.700000000000000000,115792089237316195423570985008687907853269984665640564039457.584007913129639935,0.000000000000000000,1000000.000000000000000000,0.000000000000000000,400000.000000000000000000,0.000000000000000000,0.000000000000000000,0.000000000000000000
0.700000000000000000,4,0.700000000000000000,115792089237316195423570985008687907853269984665640564039457.584007913129639935,0.000000000000000000,1000000.000000000000000000,0.000000000000000000,400000.000000000000000000,0.000000000000000000,0.000000000000000000,0.000000000000000000
0.700000000000000000,5,0.700000000000000000,115792089237316195423570985008687907853269984665640564039457.584007913129639935,0.000000000000000000,1000000.000000000000000000,0.000000000000000000,400000.000000000000000000,0.000000000000000000,0.000000000000000000,0.000000000000000000
0.700000000000000000,6,0.700000000000000000,115792089237316195423570985008687907853269984665640564039457.584007913129639935,0.000000000000000000,1000000.000000000000000000,0.000000000000000000,400000.000000000000000000,0.000000000000000000,0.000000000000000000,0.000000000000000000
0.700000000000000000,7,0.700000000000000000,115792089237316195423570985008687907853269984665640564039457.584007913129639935,0.000000000000000000,1000000.000000000000000000,0.000000000000000000,400000.000000000000000000,0.000000000000000000,0.000000000000000000,0.000000000000000000
0.700000000000000000,8,0.700000000000000000,115792089237316195423570985008687907853269984665640564039457.584007913129639935,0.000000000000000000,1000000.000000000000000000,0.000000000000000000,400000.000000000000000000,0.000000000000000000,0.000000000000000000,0.000000000000000000
0.700000000000000000,9,0.700000000000000000,115792089237316195423570985008687907853269984665640564039457.584007913129639935,0.000000000000000000,1000000.000000000000000000,0.000000000000000000,400000.000000000000000000,0.000000000000000000,0.000000000000000000,0.000000000000000000
0.700000000000000000,10,0.700000000000000000,115792089237316195423570985008687907853269984665640564039457.584007913129639935,0.000000000000000000,1000000.000000000000000000,0.000000000000000000,400000.000000000000000000,0.000000000000000000,0.000000000000000000,0.000000000000000000
0.700000000000000000,11,0.700000000000000000,115792089237316195423570985008687907853269984665640564039457.584007913129639935,0.000000000000000000,1000000.000000000000000000,0.000000000000000000,400000.000000000000000000,0.000000000000000000,0.000000000000000000,0.000000000000000000
0.700000000000000000,12,0.700000000000000000,115792089237316195423570985008687907853269984665640564039457.584007913129639935,0.000000000000000000,1000000.000000000000000000,0.000000000000000000,400000.000000000000000000,0.000000000000000000,0.000000000000000000,0.000000000000000000
0.710000000000000000,0,0.710000000000000000,115792089237316195423570985008687907853269984665640564039457.584007913129639935,0.000000000000000000,1000000.000000000000000000,0.000000000000000000,400000.000000000000000000,0.000000000000000000,0.000000000000000000,0.000000000000000000
0.710000000000000000,1,0.710000000000000000,115792089237316195423570985008687907853269984665640564039457.584007913129639935,0.000000000000000000,1000000.000000000000000000,0.000000000000000000,400000.000000000000000000,0.000000000000000000,0.000000000000000000,0.000000000000000000
0.710000000000000000,2,0.710000000000000000,115792089237316195423570985008687907853269984665640564039457.584007913129639935,0.000000000000000000,1000000.000000000000000000,0.000000000000000000,400000.000000000000000000,0.000000000000000000,0.000000000000000000,0.000000000000000000
0.710000000000000000,3,0.710000000000000000,115792089237316195423570985008687907853269984665640564039457.584007913129639935,0.000000000000000000,1000000.000000000000000000,0.000000000000000000,400000.000000000000000000,0.000000000000000000,0.000000000000000000,0.000000000000000000
0.710000000000000000,4,0.710000000000000000,115792089237316195423570985008687907853269984665640564039457.584007913129639935,0.000000000000000000,1000000.000000000000000000,0.000000000000000000,400000.000000000000000000,0.000000000000000000,0.000000000000000000,0.000000000000000000
0.710000000000000000,5,0.710000000000000000,115792089237316195423570985008687907853269984665640564039457.584007913129639935,0.000000000000000000,1000000.000000000000000000,0.000000000000000000,400000.000000000000000000,0.000000000000000000,0.000000000000000000,0.000000000000000000
0.710000000000000000,6,0.710000000000000000,115792089237316195423570985008687907853269984665640564039457.584007913129639935,0.000000000000000000,1000000.000000000000000000,0.000000000000000000,400000.000000000000000000,0.000000000000000000,0.000000000000000000,0.000000000000000000
0.710000000000000000,7,0.710000000000000000,115792089237316195423570985008687907853269984665640564039457.584007913129639935,0.000000000000000000,1000000.000000000000000000,0.000000000000000000,400000.000000000000000000,0.000000000000000000,0.000000000000000000,0.000000000000000000
0.710000000000000000,8,0.710000000000000000,115792089237316195423570985008687907853269984665640564039457.584007913129639935,0.000000000000000000,1000000.000000000000000000,0.000000000000000000,400000.000000000000000000,0.000000000000000000,0.000000000000000000,0.000000000000000000
0.710000000000000000,9,0.710000000000000000,115792089237316195423570985008687907853269984665640564039457.584007913129639935,0.000000000000000000,1000000.000000000000000000,0.000000000000000000,400000.000000000000000000,0.000000000000000000,0.000000000000000000,0.000000000000000000
0.710000000000000000,10,0.710000000000000000,115792089237316195423570985008687907853269984665640564039457.584007913129639935,0.000000000000000000,1000000.000000000000000000,0.000000000000000000,400000.000000000000000000,0.000000000000000000,0.000000000000000000,0.000000000000000000
0.710000000000000000,11,0.710000000000000000,115792089237316195423570985008687907853269984665640564039457.584007913129639935,0.000000000000000000,1000000.000000000000000000,0.000000000000000000,400000.000000000000000000,0.000000000000000000,0.000000000000000000,0.000000000000000000
0.710000000000000000,12,0.710000000000000000,115792089237316195423570985008687907853269984665640564039457.584007913129639935,0.000000000000000000,1000000.000000000000000000,0.000000000000000000,400000.000000000000000000,0.000000000000000000,0.000000000000000000,0.000000000000000000
0.720000000000000000,0,0.720000000000000000,115792089237316195423570985008687907853269984665640564039457.584007913129639935,0.000000000000000000,1000000.000000000000000000,0.000000000000000000,400000.000000000000000000,0.000000000000000000,0.000000000000000000,0.000000000000000000
0.720000000000000000,1,0.720000000000000000,115792089237316195423570985008687907853269984665640564039457.584007913129639935,0.000000000000000000,1000000.000000000000000000,0.000000000000000000,400000.000000000000000000,0.000000000000000000,0.000000000000000000,0.000000000000000000
0.720000000000000000,2,0.720000000000000000,115792089237316195423570985008687907853269984665640564039457.584007913129639935,0.000000000000000000,1000000.000000000000000000,0.000000000000000000,400000.000000000000000000,0.000000000000000000,0.000000000000000000,0.000000000000000000
0.720000000000000000,3,0.720000000000000000,115792089237316195423570985008687907853269984665640564039457.584007913129639935,0.000000000000000000,1000000.000000000000000000,0.000000000000000000,400000.000000000000000000,0.000000000000000000,0.000000000000000000,0.000000000000000000
0.720000000000000000,4,0.720000000000000000,115792089237316195423570985008687907853269984665640564039457.584007913129639935,0.000000000000000000,1000000.000000000000000000,0.000000000000000000,400000.000000000000000000,0.000000000000000000,0.000000000000000000,0.000000000000000000
0.720000000000000000,5,0.720000000000000000,115792089237316195423570985008687907853269984665640564039457.584007913129639935,0.000000000000000000,1000000.000000000000000000,0.000000000000000000,400000.000000000000000000,0.000000000000000000,0.000000000000000000,0.000000000000000000
0.720000000000000000,6,0.720000000000000000,115792089237316195423570985008687907853269984665640564039457.584007913129639935,0.000000000000000000,1000000.000000000000000000,0.000000000000000000,400000.000000000000000000,0.000000000000000000,0.000000000000000000,0.000000000000000000
0.720000000000000000,7,0.720000000000000000,115792089237316195423570985008687907853269984665640564039457.584007913129639935,0.000000000000000000,1000000.000000000000000000,0.000000000000000000,400000.000000000000000000,0.000000000000000000,0.000000000000000000,0.000000000000000000
0.720000000000000000,8,0.720000000000000000,115792089237316195423570985008687907853269984665640564039457.584007913129639935,0.000000000000000000,1000000.000000000000000000,0.000000000000000000,400000.000000000000000000,0.000000000000000000,0.000000000000000000,0.000000000000000000
0.720000000000000000,9,0.720000000000000000,115792089237316195423570985008687907853269984665640564039457.584007913129639935,0.000000000000000000,1000000.000000000000000000,0.000000000000000000,400000.000000000000000000,0.000000000000000000,0.000000000000000000,0.000000000000000000
0.720000000000000000,10,0.720000000000000000,115792089237316195423570985008687907853269984665640564039457.584007913129639935,0.000000000000000000,1000000.000000000000000000,0.000000000000000000,400000.000000000000000000,0.000000000000000000,0.000000000000000000,0.000000000000000000
0.720000000000000000,11,0.720000000000000000,115792089237316195423570985008687907853269984665640564039457.584007913129639935,0.000000000000000000,1000000.000000000000000000,0.000000000000000000,400000.000000000000000000,0.000000000000000000,0.000000000000000000,0.000000000000000000
0.720000000000000000,12,0.720000000000000000,115792089237316195423570985008687907853269984665640564039457.584007913129639935,0.000000000000000000,1000000.000000000000000000,0.000000000000000000,400000.000000000000000000,0.000000000000000000,0.000000000000000000,0.000000000000000000
0.730000000000000000,0,0.730000000000000000,115792089237316195423570985008687907853269984665640564039457.584007913129639935,0.000000000000000000,1000000.000000000000000000,0.000000000000000000,400000.000000000000000000,0.000000000000000000,0.000000000000000000,0.000000000000000000
0.730000000000000000,1,0.730000000000000000,115792089237316195423570985008687907853269984665640564039457.584007913129639935,0.000000000000000000,1000000.000000000000000000,0.000000000000000000,400000.000000000000000000,0.000000000000000000,0.000000000000000000,0.000000000000000000
0.730000000000000000,2,0.730000000000000000,115792089237316195423570985008687907853269984665640564039457.584007913129639935,0.000000000000000000,1000000.000000000000000000,0.000000000000000000,400000.000000000000000000,0.000000000000000000,0.000000000000000000,0.000000000000000000
0.730000000000000000,3,0.730000000000000000,115792089237316195423570985008687907853269984665640564039457.584007913129639935,0.000000000000000000,1000000.000000000000000000,0.000000000000000000,400000.000000000000000000,0.000000000000000000,0.000000000000000000,0.000000000000000000
0.730000000000000000,4,0.730000000000000000,115792089237316195423570985008687907853269984665640564039457.584007913129639935,0.000000000000000000,1000000.000000000000000000,0.000000000000000000,400000.000000000000000000,0.000000000000000000,0.000000000000000000,0.000000000000000000
0.730000000000000000,5,0.730000000000000000,115792089237316195423570985008687907853269984665640564039457.584007913129639935,0.000000000000000000,1000000.000000000000000000,0.000000000000000000,400000.000000000000000000,0.000000000000000000,0.000000000000000000,0.000000000000000000
0.730000000000000000,6,0.730000000000000000,115792089237316195423570985008687907853269984665640564039457.584007913129639935,0.000000000000000000,1000000.000000000000000000,0.000000000000000000,400000.000000000000000000,0.000000000000000000,0.000000000000000000,0.000000000000000000
0.730000000000000000,7,0.730000000000000000,115792089237316195423570985008687907853269984665640564039457.584007913129639935,0.000000000000000000,1000000.000000000000000000,0.000000000000000000,400000.000000000000000000,0.000000000000000000,0.000000000000000000,0.000000000000000000
0.730000000000000000,8,0.730000000000000000,115792089237316195423570985008687907853269984665640564039457.584007913129639935,0.000000000000000000,1000000.000000000000000000,0.000000000000000000,400000.000000000000000000,0.000000000000000000,0.000000000000000000,0.000000000000000000
0.730000000000000000,9,0.730000000000000000,115792089237316195423570985008687907853269984665640564039457.584007913129639935,0.000000000000000000,1000000.000000000000000000,0.000000000000000000,400000.000000000000000000,0.000000000000000000,0.000000000000000000,0.000000000000000000
0.730000000000000000,10,0.730000000000000000,115792089237316195423570985008687907853269984665640564039457.584007913129639935,0.000000000000000000,1000000.000000000000000000,0.000000000000000000,400000.000000000000000000,0.000000000000000000,0.000000000000000000,0.000000000000000000
0.730000000000000000,11,0.730000000000000000,115792089237316195423570985008687907853269984665640564039457.584007913129639935,0.000000000000000000,1000000.000000000000000000,0.000000000000000000,400000.000000000000000000,0.000000000000000000,0.000000000000000000,0.000000000000000000
0.730000000000000000,12,0.730000000000000000,115792089237316195423570985008687907853269984665640564039457.584007913129639935,0.000000000000000000,1000000.000000000000000000,0.000000000000000000,400000.000000000000000000,0.000000000000000000,0.000000000000000000,0.000000000000000000
0.740000000000000000,0,0.740000000000000000,115792089237316195423570985008687907853269984665640564039457.584007913129639935,0.000000000000000000,1000000.000000000000000000,0.000000000000000000,400000.000000000000000000,0.000000000000000000,0.000000000000000000,0.000000000000000000
0.740000000000000000,1,0.740000000000000000,115792089237316195423570985008687907853269984665640564039457.584007913129639935,0.000000000000000000,1000000.000000000000000000,0.000000000000000000,400000.000000000000000000,0.000000000000000000,0.000000000000000000,0.000000000000000000
0.740000000000000000,2,0.740000000000000000,115792089237316195423570985008687907853269984665640564039457.584007913129639935,0.000000000000000000,1000000.000000000000000000,0.000000000000000000,400000.000000000000000000,0.000000000000000000,0.000000000000000000,0.000000000000000000
0.740000000000000000,3,0.740000000000000000,115792089237316195423570985008687907853269984665640564039457.584007913129639935,0.000000000000000000,1000000.000000000000000000,0.000000000000000000,400000.000000000000000000,0.000000000000000000,0.000000000000000000,0.000000000000000000
0.740000000000000000,4,0.740000000000000000,115792089237316195423570985008687907853269984665640564039457.584007913129639935,0.000000000000000000,1000000.000000000000000000,0.000000000000000000,400000.000000000000000000,0.000000000000000000,0.000000000000000000,0.000000000000000000
0.740000000000000000,5,0.740000000000000000,115792089237316195423570985008687907853269984665640564039457.584007913129639935,0.000000000000000000,1000000.000000000000000000,0.000000000000000000,400000.000000000000000000,0.000000000000000000,0.000000000000000000,0.000000000000000000
0.740000000000000000,6,0.740000000000000000,115792089237316195423570985008687907853269984665640564039457.584007913129639935,0.000000000000000000,1000000.000000000000000000,0.000000000000000000,400000.000000000000000000,0.000000000000000000,0.000000000000000000,0.000000000000000000
0.740000000000000000,7,0.740000000000000000,115792089237316195423570985008687907853269984665640564039457.584007913129639935,0.000000000000000000,1000000.000000000000000000,0.000000000000000000,400000.000000000000000000,0.000000000000000000,0.000000000000000000,0.000000000000000000
0.740000000000000000,8,0.740000000000000000,115792089237316195423570985008687907853269984665640564039457.584007913129639935,0.000000000000000000,1000000.000000000000000000,0.000000000000000000,400000.000000000000000000,0.000000000000000000,0.000000000000000000,0.000000000000000000
0.740000000000000000,9,0.740000000000000000,115792089237316195423570985008687907853269984665640564039457.584007913129639935,0.000000000000000000,1000000.000000000000000000,0.000000000000000000,400000.000000000000000000,0.000000000000000000,0.000000000000000000,0.000000000000000000
0.740000000000000000,10,0.740000000000000000,115792089237316195423570985008687907853269984665640564039457.584007913129639935,0.000000000000000000,1000000.000000000000000000,0.000000000000000000,400000.000000000000000000,0.000000000000000000,0.000000000000000000,0.000000000000000000
0.740000000000000000,11,0.740000000000000000,115792089237316195423570985008687907853269984665640564039457.584007913129639935,0.000000000000000000,1000000.000000000000000000,0.000000000000000000,400000.000000000000000000,0.000000000000000000,0.000000000000000000,0.000000000000000000
0.740000000000000000,12,0.740000000000000000,115792089237316195423570985008687907853269984665640564039457.584007913129639935,0.000000000000000000,1000000.000000000000000000,0.000000000000000000,400000.000000000000000000,0.000000000000000000,0.000000000000000000,0.000000000000000000
0.750000000000000000,0,0.750000000000000000,115792089237316195423570985008687907853269984665640564039457.584007913129639935,0.000000000000000000,1000000.000000000000000000,0.000000000000000000,400000.000000000000000000,0.000000000000000000,0.000000000000000000,0.000000000000000000
0.750000000000000000,1,0.750000000000000000,115792089237316195423570985008687907853269984665640564039457.584007913129639935,0.000000000000000000,1000000.000000000000000000,0.000000000000000000,400000.000000000000000000,0.000000000000000000,0.000000000000000000,0.000000000000000000
0.750000000000000000,2,0.750000000000000000,115792089237316195423570985008687907853269984665640564039457.584007913129639935,0.000000000000000000,1000000.000000000000000000,0.000000000000000000,400000.000000000000000000,0.000000000000000000,0.000000000000000000,0.000000000000000000
0.750000000000000000,3,0.750000000000000000,115792089237316195423570985008687907853269984665640564039457.584007913129639935,0.000000000000000000,1000000.000000000000000000,0.000000000000000000,400000.000000000000000000,0.000000000000000000,0.000000000000000000,0.000000000000000000
0.750000000000000000,4,0.750000000000000000,115792089237316195423570985008687907853269984665640564039457.584007913129639935,0.000000000000000000,1000000.000000000000000000,0.000000000000000000,400000.000000000000000000,0.000000000000000000,0.000000000000000000,0.000000000000000000
0.750000000000000000,5,0.750000000000000000,115792089237316195423570985008687907853269984665640564039457.584007913129639935,0.000000000000000000,1000000.000000000000000000,0.000000000000000000,400000.000000000000000000,0.000000000000000000,0.000000000000000000,0.000000000000000000
0.750000000000000000,6,0.750000000000000000,115792089237316195423570985008687907853269984665640564039457.584007913129639935,0.000000000000000000,1000000.000000000000000000,0.000000000000000000,400000.000000000000000000,0.000000000000000000,0.000000000000000000,0.000000000000000000
0.750000000000000000,7,0.750000000000000000,115792089237316195423570985008687907853269984665640564039457.584007913129639935,0.000000000000000000,1000000.000000000000000000,0.000000000000000000,400000.000000000000000000,0.000000000000000000,0.000000000000000000,0.000000000000000000
0.750000000000000000,8,0.750000000000000000,115792089237316195423570985008687907853269984665640564039457.584007913129639935,0.000000000000000000,1000000.000000000000000000,0.000000000000000000,400000.000000000000000000,0.000000000000000000,0.000000000000000000,0.000000000000000000
0.750000000000000000,9,0.750000000000000000,115792089237316195423570985008687907853269984665640564039457.584007913129639935,0.000000000000000000,1000000.000000000000000000,0.000000000000000000,400000.000000000000000000,0.000000000000000000,0.000000000000000000,0.000000000000000000
0.750000000000000000,10,0.750000000000000000,115792089237316195423570985008687907853269984665640564039457.584007913129639935,0.000000000000000000,1000000.000000000000000000,0.000000000000000000,400000.000000000000000000,0.000000000000000000,0.000000000000000000,0.000000000000000000
0.750000000000000000,11,0.750000000000000000,115792089237316195423570985008687907853269984665640564039457.584007913129639935,0.000000000000000000,1000000.000000000000000000,0.000000000000000000,400000.000000000000000000,0.000000000000000000,0.000000000000000000,0.000000000000000000
0.750000000000000000,12,0.750000000000000000,115792089237316195423570985008687907853269984665640564039457.584007913129639935,0.000000000000000000,1000000.000000000000000000,0.000000000000000000,400000.000000000000000000,0.000000000000000000,0.000000000000000000,0.000000000000000000
0.760000000000000000,0,0.760000000000000000,115792089237316195423570985008687907853269984665640564039457.584007913129639935,0.000000000000000000,1000000.000000000000000000,0.000000000000000000,400000.000000000000000000,0.000000000000000000,0.000000000000000000,0.000000000000000000
0.760000000000000000,1,0.760000000000000000,115792089237316195423570985008687907853269984665640564039457.584007913129639935,0.000000000000000000,1000000.000000000000000000,0.000000000000000000,400000.000000000000000000,0.000000000000000000,0.000000000000000000,0.000000000000000000
0.760000000000000000,2,0.760000000000000000,115792089237316195423570985008687907853269984665640564039457.584007913129639935,0.000000000000000000,1000000.000000000000000000,0.000000000000000000,400000.000000000000000000,0.000000000000000000,0.000000000000000000,0.000000000000000000
0.760000000000000000,3,0.760000000000000000,115792089237316195423570985008687907853269984665640564039457.584007913129639935,0.000000000000000000,1000000.000000000000000000,0.000000000000000000,400000.000000000000000000,0.000000000000000000,0.000000000000000000,0.000000000000000000
0.760000000000000000,4,0.760000000000000000,115792089237316195423570985008687907853269984665640564039457.584007913129639935,0.000000000000000000,1000000.000000000000000000,0.000000000000000000,400000.000000000000000000,0.000000000000000000,0.000000000000000000,0.000000000000000000
0.760000000000000000,5,0.760000000000000000,115792089237316195423570985008687907853269984665640564039457.584007913129639935,0.000000000000000000,1000000.000000000000000000,0.000000000000000000,400000.000000000000000000,0.000000000000000000,0.000000000000000000,0.000000000000000000
0.760000000000000000,6,0.760000000000000000,115792089237316195423570985008687907853269984665640564039457.584007913129639935,0.000000000000000000,1000000.000000000000000000,0.000000000000000000,400000.000000000000000000,0.000000000000000000,0.000000000000000000,0.000000000000000000
0.760000000000000000,7,0.760000000000000000,115792089237316195423570985008687907853269984665640564039457.584007913129639935,0.000000000000000000,1000000.000000000000000000,0.000000000000000000,400000.000000000000000000,0.000000000000000000,0.000000000000000000,0.000000000000000000
0.760000000000000000,8,0.760000000000000000,115792089237316195423570985008687907853269984665640564039457.584007913129639935,0.000000000000000000,1000000.000000000000000000,0.000000000000000000,400000.000000000000000000,0.000000000000000000,0.000000000000000000,0.000000000000000000
0.760000000000000000,9,0.760000000000000000,115792089237316195423570985008687907853269984665640564039457.584007913129639935,0.000000000000000000,1000000.000000000000000000,0.000000000000000000,400000.000000000000000000,0.000000000000000000,0.000000000000000000,0.000000000000000000
0.760000000000000000,10,0.760000000000000000,115792089237316195423570985008687907853269984665640564039457.584007913129639935,0.000000000000000000,1000000.000000000000000000,0.000000000000000000,400000.000000000000000000,0.000000000000000000,0.000000000000000000,0.000000000000000000
0.760000000000000000,11,0.760000000000000000,115792089237316195423570985008687907853269984665640564039457.584007913129639935,0.000000000000000000,1000000.000000000000000000,0.000000000000000000,400000.000000000000000000,0.000000000000000000,0.000000000000000000,0.000000000000000000
0.760000000000000000,12,0.760000000000000000,115792089237316195423570985008687907853269984665640564039457.584007913129639935,0.000000000000000000,1000000.000000000000000000,0.000000000000000000,400000.000000000000000000,0.000000000000000000,0.000000000000000000,0.000000000000000000
0.770000000000000000,0,0.770000000000000000,115792089237316195423570985008687907853269984665640564039457.584007913129639935,0.000000000000000000,1000000.000000000000000000,0.000000000000000000,400000.000000000000000000,0.000000000000000000,0.000000000000000000,0.000000000000000000
0.770000000000000000,1,0.770000000000000000,115792089237316195423570985008687907853269984665640564039457.584007913129639935,0.000000000000000000,1000000.000000000000000000,0.000000000000000000,400000.000000000000000000,0.000000000000000000,0.000000000000000000,0.000000000000000000
0.770000000000000000,2,0.770000000000000000,115792089237316195423570985008687907853269984665640564039457.584007913129639935,0.000000000000000000,1000000.000000000000000000,0.000000000000000000,400000.000000000000000000,0.000000000000000000,0.000000000000000000,0.000000000000000000
0.770000000000000000,3,0.770000000000000000,115792089237316195423570985008687907853269984665640564039457.584007913129639935,0.000000000000000000,1000000.000000000000000000,0.000000000000000000,400000.000000000000000000,0.000000000000000000,0.000000000000000000,0.000000000000000000
0.770000000000000000,4,0.770000000000000000,115792089237316195423570985008687907853269984665640564039457.584007913129639935,0.000000000000000000,1000000.000000000000000000,0.000000000000000000,400000.000000000000000000,0.000000000000000000,0.000000000000000000,0.000000000000000000
0.770000000000000000,5,0.770000000000000000,115792089237316195423570985008687907853269984665640564039457.584007913129639935,0.000000000000000000,1000000.000000000000000000,0.000000000000000000,400000.000000000000000000,0.000000000000000000,0.000000000000000000,0.000000000000000000
0.770000000000000000,6,0.770000000000000000,115792089237316195423570985008687907853269984665640564039457.584007913129639935,0.000000000000000000,1000000.000000000000000000,0.000000000000000000,400000.000000000000000000,0.000000000000000000,0.000000000000000000,0.000000000000000000
0.770000000000000000,7,0.770000000000000000,115792089237316195423570985008687907853269984665640564039457.584007913129639935,0.000000000000000000,1000000.000000000000000000,0.000000000000000000,400000.000000000000000000,0.000000000000000000,0.000000000000000000,0.000000000000000000
0.770000000000000000,8,0.770000000000000000,115792089237316195423570985008687907853269984665640564039457.584007913129639935,0.000000000000000000,1000000.000000000000000000,0.000000000000000000,400000.000000000000000000,0.000000000000000000,0.000000000000000000,0.000000000000000000
0.770000000000000000,9,0.770000000000000000,115792089237316195423570985008687907853269984665640564039457.584007913129639935,0.000000000000000000,1000000.000000000000000000,0.000000000000000000,400000.000000000000000000,0.000000000000000000,0.000000000000000000,0.000000000000000000
0.770000000000000000,10,0.770000000000000000,115792089237316195423570985008687907853269984665640564039457.584007913129639935,0.000000000000000000,1000000.000000000000000000,0.000000000000000000,400000.000000000000000000,0.000000000000000000,0.000000000000000000,0.000000000000000000
0.770000000000000000,11,0.770000000000000000,115792089237316195423570985008687907853269984665640564039457.584007913129639935,0.000000000000000000,1000000.000000000000000000,0.000000000000000000,400000.000000000000000000,0.000000000000000000,0.000000000000000000,0.000000000000000000
0.770000000000000000,12,0.770000000000000000,115792089237316195423570985008687907853269984665640564039457.584007913129639935,0.000000000000000000,1000000.000000000000000000,0.000000000000000000,400000.000000000000000000,0.000000000000000000,0.000000000000000000,0.000000000000000000
0.780000000000000000,0,0.780000000000000000,115792089237316195423570985008687907853269984665640564039457.584007913129639935,0.000000000000000000,1000000.000000000000000000,0.000000000000000000,400000.000000000000000000,0.000000000000000000,0.000000000000000000,0.000000000000000000
0.780000000000000000,1,0.780000000000000000,115792089237316195423570985008687907853269984665640564039457.584007913129639935,0.000000000000000000,1000000.000000000000000000,0.000000000000000000,400000.000000000000000000,0.000000000000000000,0.000000000000000000,0.000000000000000000
0.780000000000000000,2,0.780000000000000000,115792089237316195423570985008687907853269984665640564039457.584007913129639935,0.000000000000000000,1000000.000000000000000000,0.000000000000000000,400000.000000000000000000,0.000000000000000000,0.000000000000000000,0.000000000000000000
0.780000000000000000,3,0.780000000000000000,115792089237316195423570985008687907853269984665640564039457.584007913129639935,0.000000000000000000,1000000.000000000000000000,0.000000000000000000,400000.000000000000000000,0.000000000000000000,0.000000000000000000,0.000000000000000000
0.780000000000000000,4,0.780000000000000000,115792089237316195423570985008687907853269984665640564039457.584007913129639935,0.000000000000000000,1000000.000000000000000000,0.000000000000000000,400000.000000000000000000,0.000000000000000000,0.000000000000000000,0.000000000000000000
0.780000000000000000,5,0.780000000000000000,115792089237316195423570985008687907853269984665640564039457.584007913129639935,0.000000000000000000,1000000.000000000000000000,0.000000000000000000,400000.000000000000000000,0.000000000000000000,0.000000000000000000,0.000000000000000000
0.780000000000000000,6,0.780000000000000000,115792089237316195423570985008687907853269984665640564039457.584007913129639935,0.000000000000000000,1000000.000000000000000000,0.000000000000000000,400000.000000000000000000,0.000000000000000000,0.000000000000000000,0.000000000000000000
0.780000000000000000,7,0.780000000000000000,115792089237316195423570985008687907853269984665640564039457.584007913129639935,0.000000000000000000,1000000.000000000000000000,0.000000000000000000,400000.000000000000000000,0.000000000000000000,0.000000000000000000,0.000000000000000000
0.780000000000000000,8,0.780000000000000000,115792089237316195423570985008687907853269984665640564039457.584007913129639935,0.000000000000000000,1000000.000000000000000000,0.000000000000000000,400000.000000000000000000,0.000000000000000000,0.000000000000000000,0.000000000000000000
0.780000000000000000,9,0.780000000000000000,115792089237316195423570985008687907853269984665640564039457.584007913129639935,0.000000000000000000,1000000.000000000000000000,0.000000000000000000,400000.000000000000000000,0.000000000000000000,0.000000000000000000,0.000000000000000000
0.780000000000000000,10,0.780000000000000000,115792089237316195423570985008687907853269984665640564039457.584007913129639935,0.000000000000000000,1000000.000000000000000000,0.000000000000000000,400000.000000000000000000,0.000000000000000000,0.000000000000000000,0.000000000000000000
0.780000000000000000,11,0.780000000000000000,115792089237316195423570985008687907853269984665640564039457.584007913129639935,0.000000000000000000,1000000.000000000000000000,0.000000000000000000,400000.000000000000000000,0.000000000000000000,0.000000000000000000,0.000000000000000000
0.780000000000000000,12,0.780000000000000000,115792089237316195423570985008687907853269984665640564039457.584007913129639935,0.000000000000000000,1000000.000000000000000000,0.000000000000000000,400000.000000000000000000,0.000000000000000000,0.000000000000000000,0.000000000000000000
0.790000000000000000,0,0.790000000000000000,115792089237316195423570985008687907853269984665640564039457.584007913129639935,0.000000000000000000,1000000.000000000000000000,0.000000000000000000,400000.000000000000000000,0.000000000000000000,0.000000000000000000,0.000000000000000000
0.790000000000000000,1,0.790000000000000000,115792089237316195423570985008687907853269984665640564039457.584007913129639935,0.000000000000000000,1000000.000000000000000000,0.000000000000000000,400000.000000000000000000,0.000000000000000000,0.000000000000000000,0.000000000000000000
0.790000000000000000,2,0.790000000000000000,115792089237316195423570985008687907853269984665640564039457.584007913129639935,0.000000000000000000,1000000.000000000000000000,0.000000000000000000,400000.000000000000000000,0.000000000000000000,0.000000000000000000,0.000000000000000000
0.790000000000000000,3,0.790000000000000000,115792089237316195423570985008687907853269984665640564039457.584007913129639935,0.000000000000000000,1000000.000000000000000000,0.000000000000000000,400000.000000000000000000,0.000000000000000000,0.000000000000000000,0.000000000000000000
0.790000000000000000,4,0.790000000000000000,115792089237316195423570985008687907853269984665640564039457.584007913129639935,0.000000000000000000,1000000.000000000000000000,0.000000000000000000,400000.000000000000000000,0.000000000000000000,0.000000000000000000,0.000000000000000000
0.790000000000000000,5,0.790000000000000000,115792089237316195423570985008687907853269984665640564039457.584007913129639935,0.000000000000000000,1000000.000000000000000000,0.000000000000000000,400000.000000000000000000,0.000000000000000000,0.000000000000000000,0.000000000000000000
0.790000000000000000,6,0.790000000000000000,115792089237316195423570985008687907853269984665640564039457.584007913129639935,0.000000000000000000,1000000.000000000000000000,0.000000000000000000,400000.000000000000000000,0.000000000000000000,0.000000000000000000,0.000000000000000000
0.790000000000000000,7,0.790000000000000000,115792089237316195423570985008687907853269984665640564039457.584007913129639935,0.000000000000000000,1000000.000000000000000000,0.000000000000000000,400000.000000000000000000,0.000000000000000000,0.000000000000000000,0.000000000000000000
0.790000000000000000,8,0.790000000000000000,115792089237316195423570985008687907853269984665640564039457.584007913129639935,0.000000000000000000,1000000.000000000000000000,0.000000000000000000,400000.000000000000000000,0.000000000000000000,0.000000000000000000,0.000000000000000000
0.790000000000000000,9,0.790000000000000000,115792089237316195423570985008687907853269984665640564039457.584007913129639935,0.000000000000000000,1000000.000000000000000000,0.000000000000000000,400000.000000000000000000,0.000000000000000000,0.000000000000000000,0.000000000000000000
0.790000000000000000,10,0.790000000000000000,115792089237316195423570985008687907853269984665640564039457.584007913129639935,0.000000000000000000,1000000.000000000000000000,0.000000000000000000,400000.000000000000000000,0.000000000000000000,0.000000000000000000,0.000000000000000000
0.790000000000000000,11,0.790000000000000000,115792089237316195423570985008687907853269984665640564039457.584007913129639935,0.000000000000000000,1000000.000000000000000000,0.000000000000000000,400000.000000000000000000,0.000000000000000000,0.000000000000000000,0.000000000000000000
0.790000000000000000,12,0.790000000000000000,115792089237316195423570985008687907853269984665640564039457.584007913129639935,0.000000000000000000,1000000.000000000000000000,0.000000000000000000,400000.000000000000000000,0.000000000000000000,0.000000000000000000,0.000000000000000000
0.800000000000000000,0,0.800000000000000000,115792089237316195423570985008687907853269984665640564039457.584007913129639935,0.000000000000000000,1000000.000000000000000000,0.000000000000000000,400000.000000000000000000,0.000000000000000000,0.000000000000000000,0.000000000000000000
0.800000000000000000,1,0.800000000000000000,115792089237316195423570985008687907853269984665640564039457.584007913129639935,0.000000000000000000,1000000.000000000000000000,0.000000000000000000,400000.000000000000000000,0.000000000000000000,0.000000000000000000,0.000000000000000000
0.800000000000000000,2,0.800000000000000000,115792089237316195423570985008687907853269984665640564039457.584007913129639935,0.000000000000000000,1000000.000000000000000000,0.000000000000000000,400000.000000000000000000,0.000000000000000000,0.000000000000000000,0.000000000000000000
0.800000000000000000,3,0.800000000000000000,115792089237316195423570985008687907853269984665640564039457.584007913129639935,0.000000000000000000,1000000.000000000000000000,0.000000000000000000,400000.000000000000000000,0.000000000000000000,0.000000000000000000,0.000000000000000000
0.800000000000000000,4,0.800000000000000000,115792089237316195423570985008687907853269984665640564039457.584007913129639935,0.000000000000000000,1000000.000000000000000000,0.000000000000000000,400000.000000000000000000,0.000000000000000000,0.000000000000000000,0.000000000000000000
0.800000000000000000,5,0.800000000000000000,115792089237316195423570985008687907853269984665640564039457.584007913129639935,0.000000000000000000,1000000.000000000000000000,0.000000000000000000,400000.000000000000000000,0.000000000000000000,0.000000000000000000,0.000000000000000000
0.800000000000000000,6,0.800000000000000000,115792089237316195423570985008687907853269984665640564039457.584007913129639935,0.000000000000000000,1000000.000000000000000000,0.000000000000000000,400000.000000000000000000,0.000000000000000000,0.000000000000000000,0.000000000000000000
0.800000000000000000,7,0.800000000000000000,115792089237316195423570985008687907853269984665640564039457.584007913129639935,0.000000000000000000,1000000.000000000000000000,0.000000000000000000,400000.000000000000000000,0.000000000000000000,0.000000000000000000,0.000000000000000000
0.800000000000000000,8,0.800000000000000000,115792089237316195423570985008687907853269984665640564039457.584007913129639935,0.000000000000000000,1000000.000000000000000000,0.000000000000000000,400000.000000000000000000,0.000000000000000000,0.000000000000000000,0.000000000000000000
0.800000000000000000,9,0.800000000000000000,115792089237316195423570985008687907853269984665640564039457.584007913129639935,0.000000000000000000,1000000.000000000000000000,0.000000000000000000,400000.000000000000000000,0.000000000000000000,0.000000000000000000,0.000000000000000000
0.800000000000000000,10,0.800000000000000000,115792089237316195423570985008687907853269984665640564039457.584007913129639935,0.000000000000000000,1000000.000000000000000000,0.000000000000000000,400000.000000000000000000,0.000000000000000000,0.000000000000000000,0.000000000000000000
0.800000000000000000,11,0.800000000000000000,115792089237316195423570985008687907853269984665640564039457.584007913129639935,0.000000000000000000,1000000.000000000000000000,0.000000000000000000,400000.000000000000000000,0.000000000000000000,0.000000000000000000,0.000000000000000000
0.800000000000000000,12,0.800000000000000000,115792089237316195423570985008687907853269984665640564039457.584007913129639935,0.000000000000000000,1000000.000000000000000000,0.000000000000000000,400000.000000000000000000,0.000000000000000000,0.000000000000000000,0.000000000000000000
0.810000000000000000,0,0.810000000000000000,115792089237316195423570985008687907853269984665640564039457.584007913129639935,0.000000000000000000,1000000.000000000000000000,0.000000000000000000,400000.000000000000000000,0.000000000000000000,0.000000000000000000,0.000000000000000000
0.810000000000000000,1,0.810000000000000000,115792089237316195423570985008687907853269984665640564039457.584007913129639935,0.000000000000000000,1000000.000000000000000000,0.000000000000000000,400000.000000000000000000,0.000000000000000000,0.000000000000000000,0.000000000000000000
0.810000000000000000,2,0.810000000000000000,115792089237316195423570985008687907853269984665640564039457.584007913129639935,0.000000000000000000,1000000.000000000000000000,0.000000000000000000,400000.000000000000000000,0.000000000000000000,0.000000000000000000,0.000000000000000000
0.810000000000000000,3,0.810000000000000000,115792089237316195423570985008687907853269984665640564039457.584007913129639935,0.000000000000000000,1000000.000000000000000000,0.000000000000000000,400000.000000000000000000,0.000000000000000000,0.000000000000000000,0.000000000000000000
0.810000000000000000,4,0.810000000000000000,115792089237316195423570985008687907853269984665640564039457.584007913129639935,0.000000000000000000,1000000.000000000000000000,0.000000000000000000,400000.000000000000000000,0.000000000000000000,0.000000000000000000,0.000000000000000000
0.810000000000000000,5,0.810000000000000000,115792089237316195423570985008687907853269984665640564039457.584007913129639935,0.000000000000000000,1000000.000000000000000000,0.000000000000000000,400000.000000000000000000,0.000000000000000000,0.000000000000000000,0.000000000000000000
0.810000000000000000,6,0.810000000000000000,115792089237316195423570985008687907853269984665640564039457.584007913129639935,0.000000000000000000,1000000.000000000000000000,0.000000000000000000,400000.000000000000000000,0.000000000000000000,0.000000000000000000,0.000000000000000000
0.810000000000000000,7,0.810000000000000000,115792089237316195423570985008687907853269984665640564039457.584007913129639935,0.000000000000000000,1000000.000000000000000000,0.000000000000000000,400000.000000000000000000,0.000000000000000000,0.000000000000000000,0.000000000000000000
0.810000000000000000,8,0.810000000000000000,115792089237316195423570985008687907853269984665640564039457.584007913129639935,0.000000000000000000,1000000.000000000000000000,0.000000000000000000,400000.000000000000000000,0.000000000000000000,0.000000000000000000,0.000000000000000000
0.810000000000000000,9,0.810000000000000000,115792089237316195423570985008687907853269984665640564039457.584007913129639935,0.000000000000000000,1000000.000000000000000000,0.000000000000000000,400000.000000000000000000,0.000000000000000000,0.000000000000000000,0.000000000000000000
0.810000000000000000,10,0.810000000000000000,115792089237316195423570985008687907853269984665640564039457.584007913129639935,0.000000000000000000,1000000.000000000000000000,0.000000000000000000,400000.000000000000000000,0.000000000000000000,0.000000000000000000,0.000000000000000000
0.810000000000000000,11,0.810000000000000000,115792089237316195423570985008687907853269984665640564039457.584007913129639935,0.000000000000000000,1000000.000000000000000000,0.000000000000000000,400000.000000000000000000,0.000000000000000000,0.000000000000000000,0.000000000000000000
0.810000000000000000,12,0.810000000000000000,115792089237316195423570985008687907853269984665640564039457.584007913129639935,0.000000000000000000,1000000.000000000000000000,0.000000000000000000,400000.000000000000000000,0.000000000000000000,0.000000000000000000,0.000000000000000000
0.820000000000000000,0,0.820000000000000000,115792089237316195423570985008687907853269984665640564039457.584007913129639935,0.000000000000000000,1000000.000000000000000000,0.000000000000000000,400000.000000000000000000,0.000000000000000000,0.000000000000000000,0.000000000000000000
0.820000000000000000,1,0.820000000000000000,115792089237316195423570985008687907853269984665640564039457.584007913129639935,0.000000000000000000,1000000.000000000000000000,0.000000000000000000,400000.000000000000000000,0.000000000000000000,0.000000000000000000,0.000000000000000000
0.820000000000000000,2,0.820000000000000000,115792089237316195423570985008687907853269984665640564039457.584007913129639935,0.000000000000000000,1000000.000000000000000000,0.000000000000000000,400000.000000000000000000,0.000000000000000000,0.000000000000000000,0.000000000000000000
0.820000000000000000,3,0.820000000000000000,115792089237316195423570985008687907853269984665640564039457.584007913129639935,0.000000000000000000,1000000.000000000000000000,0.000000000000000000,400000.000000000000000000,0.000000000000000000,0.000000000000000000,0.000000000000000000
0.820000000000000000,4,0.820000000000000000,115792089237316195423570985008687907853269984665640564039457.584007913129639935,0.000000000000000000,1000000.000000000000000000,0.000000000000000000,400000.000000000000000000,0.000000000000000000,0.000000000000000000,0.000000000000000000
0.820000000000000000,5,0.820000000000000000,115792089237316195423570985008687907853269984665640564039457.584007913129639935,0.000000000000000000,1000000.000000000000000000,0.000000000000000000,400000.000000000000000000,0.000000000000000000,0.000000000000000000,0.000000000000000000
0.820000000000000000,6,0.820000000000000000,115792089237316195423570985008687907853269984665640564039457.584007913129639935,0.000000000000000000,1000000.000000000000000000,0.000000000000000000,400000.000000000000000000,0.000000000000000000,0.000000000000000000,0.000000000000000000
0.820000000000000000,7,0.820000000000000000,115792089237316195423570985008687907853269984665640564039457.584007913129639935,0.000000000000000000,1000000.000000000000000000,0.000000000000000000,400000.000000000000000000,0.000000000000000000,0.000000000000000000,0.000000000000000000
0.820000000000000000,8,0.820000000000000000,115792089237316195423570985008687907853269984665640564039457.584007913129639935,0.000000000000000000,1000000.000000000000000000,0.000000000000000000,400000.000000000000000000,0.000000000000000000,0.000000000000000000,0.000000000000000000
0.820000000000000000,9,0.820000000000000000,115792089237316195423570985008687907853269984665640564039457.584007913129639935,0.000000000000000000,1000000.000000000000000000,0.000000000000000000,400000.000000000000000000,0.000000000000000000,0.000000000000000000,0.000000000000000000
0.820000000000000000,10,0.820000000000000000,115792089237316195423570985008687907853269984665640564039457.584007913129639935,0.000000000000000000,1000000.000000000000000000,0.000000000000000000,400000.000000000000000000,0.000000000000000000,0.000000000000000000,0.000000000000000000
0.820000000000000000,11,0.820000000000000000,115792089237316195423570985008687907853269984665640564039457.584007913129639935,0.000000000000000000,1000000.000000000000000000,0.000000000000000000,400000.000000000000000000,0.000000000000000000,0.000000000000000000,0.000000000000000000
0.820000000000000000,12,0.820000000000000000,115792089237316195423570985008687907853269984665640564039457.584007913129639935,0.000000000000000000,1000000.000000000000000000,0.000000000000000000,400000.000000000000000000,0.000000000000000000,0.000000000000000000,0.000000000000000000
0.830000000000000000,0,0.830000000000000000,115792089237316195423570985008687907853269984665640564039457.584007913129639935,0.000000000000000000,1000000.000000000000000000,0.000000000000000000,400000.000000000000000000,0.000000000000000000,0.000000000000000000,0.000000000000000000
0.830000000000000000,1,0.830000000000000000,115792089237316195423570985008687907853269984665640564039457.584007913129639935,0.000000000000000000,1000000.000000000000000000,0.000000000000000000,400000.000000000000000000,0.000000000000000000,0.000000000000000000,0.000000000000000000
0.830000000000000000,2,0.830000000000000000,115792089237316195423570985008687907853269984665640564039457.584007913129639935,0.000000000000000000,1000000.000000000000000000,0.000000000000000000,400000.000000000000000000,0.000000000000000000,0.000000000000000000,0.000000000000000000
0.830000000000000000,3,0.830000000000000000,115792089237316195423570985008687907853269984665640564039457.584007913129639935,0.000000000000000000,1000000.000000000000000000,0.000000000000000000,400000.000000000000000000,0.000000000000000000,0.000000000000000000,0.000000000000000000
0.830000000000000000,4,0.830000000000000000,115792089237316195423570985008687907853269984665640564039457.584007913129639935,0.000000000000000000,1000000.000000000000000000,0.000000000000000000,400000.000000000000000000,0.000000000000000000,0.000000000000000000,0.000000000000000000
0.830000000000000000,5,0.830000000000000000,115792089237316195423570985008687907853269984665640564039457.584007913129639935,0.000000000000000000,1000000.000000000000000000,0.000000000000000000,400000.000000000000000000,0.000000000000000000,0.000000000000000000,0.000000000000000000
0.830000000000000000,6,0.830000000000000000,115792089237316195423570985008687907853269984665640564039457.584007913129639935,0.000000000000000000,1000000.000000000000000000,0.000000000000000000,400000.000000000000000000,0.000000000000000000,0.000000000000000000,0.000000000000000000
0.830000000000000000,7,0.830000000000000000,115792089237316195423570985008687907853269984665640564039457.584007913129639935,0.000000000000000000,1000000.000000000000000000,0.000000000000000000,400000.000000000000000000,0.000000000000000000,0.000000000000000000,0.000000000000000000
0.830000000000000000,8,0.830000000000000000,115792089237316195423570985008687907853269984665640564039457.584007913129639935,0.000000000000000000,1000000.000000000000000000,0.000000000000000000,400000.000000000000000000,0.000000000000000000,0.000000000000000000,0.000000000000000000
0.830000000000000000,9,0.830000000000000000,115792089237316195423570985008687907853269984665640564039457.584007913129639935,0.000000000000000000,1000000.000000000000000000,0.000000000000000000,400000.000000000000000000,0.000000000000000000,0.000000000000000000,0.000000000000000000
0.830000000000000000,10,0.830000000000000000,115792089237316195423570985008687907853269984665640564039457.584007913129639935,0.000000000000000000,1000000.000000000000000000,0.000000000000000000,400000.000000000000000000,0.000000000000000000,0.000000000000000000,0.000000000000000000
0.830000000000000000,11,0.830000000000000000,115792089237316195423570985008687907853269984665640564039457.584007913129639935,0.000000000000000000,1000000.000000000000000000,0.000000000000000000,400000.000000000000000000,0.000000000000000000,0.000000000000000000,0.000000000000000000
0.830000000000000000,12,0.830000000000000000,115792089237316195423570985008687907853269984665640564039457.584007913129639935,0.000000000000000000,1000000.000000000000000000,0.000000000000000000,400000.000000000000000000,0.000000000000000000,0.000000000000000000,0.000000000000000000
0.840000000000000000,0,0.840000000000000000,115792089237316195423570985008687907853269984665640564039457.584007913129639935,0.000000000000000000,1000000.000000000000000000,0.000000000000000000,400000.000000000000000000,0.000000000000000000,0.000000000000000000,0.000000000000000000
0.840000000000000000,1,0.840000000000000000,115792089237316195423570985008687907853269984665640564039457.584007913129639935,0.000000000000000000,1000000.000000000000000000,0.000000000000000000,400000.000000000000000000,0.000000000000000000,0.000000000000000000,0.000000000000000000
0.840000000000000000,2,0.840000000000000000,115792089237316195423570985008687907853269984665640564039457.584007913129639935,0.000000000000000000,1000000.000000000000000000,0.000000000000000000,400000.000000000000000000,0.000000000000000000,0.000000000000000000,0.000000000000000000
0.840000000000000000,3,0.840000000000000000,115792089237316195423570985008687907853269984665640564039457.584007913129639935,0.000000000000000000,1000000.000000000000000000,0.000000000000000000,400000.000000000000000000,0.000000000000000000,0.000000000000000000,0.000000000000000000
0.840000000000000000,4,0.840000000000000000,115792089237316195423570985008687907853269984665640564039457.584007913129639935,0.000000000000000000,1000000.000000000000000000,0.000000000000000000,400000.000000000000000000,0.000000000000000000,0.000000000000000000,0.000000000000000000
0.840000000000000000,5,0.840000000000000000,115792089237316195423570985008687907853269984665640564039457.584007913129639935,0.000000000000000000,1000000.000000000000000000,0.000000000000000000,400000.000000000000000000,0.000000000000000000,0.000000000000000000,0.000000000000000000
0.840000000000000000,6,0.840000000000000000,115792089237316195423570985008687907853269984665640564039457.584007913129639935,0.000000000000000000,1000000.000000000000000000,0.000000000000000000,400000.000000000000000000,0.000000000000000000,0.000000000000000000,0.000000000000000000
0.840000000000000000,7,0.840000000000000000,115792089237316195423570985008687907853269984665640564039457.584007913129639935,0.000000000000000000,1000000.000000000000000000,0.000000000000000000,400000.000000000000000000,0.000000000000000000,0.000000000000000000,0.000000000000000000
0.840000000000000000,8,0.840000000000000000,115792089237316195423570985008687907853269984665640564039457.584007913129639935,0.000000000000000000,1000000.000000000000000000,0.000000000000000000,400000.000000000000000000,0.000000000000000000,0.000000000000000000,0.000000000000000000
0.840000000000000000,9,0.840000000000000000,115792089237316195423570985008687907853269984665640564039457.584007913129639935,0.000000000000000000,1000000.000000000000000000,0.000000000000000000,400000.000000000000000000,0.000000000000000000,0.000000000000000000,0.000000000000000000
0.840000000000000000,10,0.840000000000000000,115792089237316195423570985008687907853269984665640564039457.584007913129639935,0.000000000000000000,1000000.000000000000000000,0.000000000000000000,400000.000000000000000000,0.000000000000000000,0.000000000000000000,0.000000000000000000
0.840000000000000000,11,0.840000000000000000,115792089237316195423570985008687907853269984665640564039457.584007913129639935,0.000000000000000000,1000000.000000000000000000,0.000000000000000000,400000.000000000000000000,0.000000000000000000,0.000000000000000000,0.000000000000000000
0.840000000000000000,12,0.840000000000000000,115792089237316195423570985008687907853269984665640564039457.584007913129639935,0.000000000000000000,1000000.000000000000000000,0.000000000000000000,400000.000000000000000000,0.000000000000000000,0.000000000000000000,0.000000000000000000
0.850000000000000000,0,0.850000000000000000,115792089237316195423570985008687907853269984665640564039457.584007913129639935,0.000000000000000000,1000000.000000000000000000,0.000000000000000000,400000.000000000000000000,0.000000000000000000,0.000000000000000000,0.000000000000000000
0.850000000000000000,1,0.850000000000000000,115792089237316195423570985008687907853269984665640564039457.584007913129639935,0.000000000000000000,1000000.000000000000000000,0.000000000000000000,400000.000000000000000000,0.000000000000000000,0.000000000000000000,0.000000000000000000
0.850000000000000000,2,0.850000000000000000,115792089237316195423570985008687907853269984665640564039457.584007913129639935,0.000000000000000000,1000000.000000000000000000,0.000000000000000000,400000.000000000000000000,0.000000000000000000,0.000000000000000000,0.000000000000000000
0.850000000000000000,3,0.850000000000000000,115792089237316195423570985008687907853269984665640564039457.584007913129639935,0.000000000000000000,1000000.000000000000000000,0.000000000000000000,400000.000000000000000000,0.000000000000000000,0.000000000000000000,0.000000000000000000
0.850000000000000000,4,0.850000000000000000,115792089237316195423570985008687907853269984665640564039457.584007913129639935,0.000000000000000000,1000000.000000000000000000,0.000000000000000000,400000.000000000000000000,0.000000000000000000,0.000000000000000000,0.000000000000000000
0.850000000000000000,5,0.850000000000000000,115792089237316195423570985008687907853269984665640564039457.584007913129639935,0.000000000000000000,1000000.000000000000000000,0.000000000000000000,400000.000000000000000000,0.000000000000000000,0.000000000000000000,0.000000000000000000
0.850000000000000000,6,0.850000000000000000,115792089237316195423570985008687907853269984665640564039457.584007913129639935,0.000000000000000000,1000000.000000000000000000,0.000000000000000000,400000.000000000000000000,0.000000000000000000,0.000000000000000000,0.000000000000000000
0.850000000000000000,7,0.850000000000000000,115792089237316195423570985008687907853269984665640564039457.584007913129639935,0.000000000000000000,1000000.000000000000000000,0.000000000000000000,400000.000000000000000000,0.000000000000000000,0.000000000000000000,0.000000000000000000
0.850000000000000000,8,0.850000000000000000,115792089237316195423570985008687907853269984665640564039457.584007913129639935,0.000000000000000000,1000000.000000000000000000,0.000000000000000000,400000.000000000000000000,0.000000000000000000,0.000000000000000000,0.000000000000000000
0.850000000000000000,9,0.850000000000000000,115792089237316195423570985008687907853269984665640564039457.584007913129639935,0.000000000000000000,1000000.000000000000000000,0.000000000000000000,400000.000000000000000000,0.000000000000000000,0.000000000000000000,0.000000000000000000
0.850000000000000000,10,0.850000000000000000,115792089237316195423570985008687907853269984665640564039457.584007913129639935,0.000000000000000000,1000000.000000000000000000,0.000000000000000000,400000.000000000000000000,0.000000000000000000,0.000000000000000000,0.000000000000000000
0.850000000000000000,11,0.850000000000000000,115792089237316195423570985008687907853269984665640564039457.584007913129639935,0.000000000000000000,1000000.000000000000000000,0.000000000000000000,400000.000000000000000000,0.000000000000000000,0.000000000000000000,0.000000000000000000
0.850000000000000000,12,0.850000000000000000,115792089237316195423570985008687907853269984665640564039457.584007913129639935,0.000000000000000000,1000000.000000000000000000,0.000000000000000000,400000.000000000000000000,0.000000000000000000,0.000000000000000000,0.000000000000000000
0.860000000000000000,0,0.860000000000000000,115792089237316195423570985008687907853269984665640564039457.584007913129639935,0.000000000000000000,1000000.000000000000000000,0.000000000000000000,400000.000000000000000000,0.000000000000000000,0.000000000000000000,0.000000000000000000
0.860000000000000000,1,0.860000000000000000,115792089237316195423570985008687907853269984665640564039457.584007913129639935,0.000000000000000000,1000000.000000000000000000,0.000000000000000000,400000.000000000000000000,0.000000000000000000,0.000000000000000000,0.000000000000000000
0.860000000000000000,2,0.860000000000000000,115792089237316195423570985008687907853269984665640564039457.584007913129639935,0.000000000000000000,1000000.000000000000000000,0.000000000000000000,400000.000000000000000000,0.000000000000000000,0.000000000000000000,0.000000000000000000
0.860000000000000000,3,0.860000000000000000,115792089237316195423570985008687907853269984665640564039457.584007913129639935,0.000000000000000000,1000000.000000000000000000,0.000000000000000000,400000.000000000000000000,0.000000000000000000,0.000000000000000000,0.000000000000000000
0.860000000000000000,4,0.860000000000000000,115792089237316195423570985008687907853269984665640564039457.584007913129639935,0.000000000000000000,1000000.000000000000000000,0.000000000000000000,400000.000000000000000000,0.000000000000000000,0.000000000000000000,0.000000000000000000
0.860000000000000000,5,0.860000000000000000,115792089237316195423570985008687907853269984665640564039457.584007913129639935,0.000000000000000000,1000000.000000000000000000,0.000000000000000000,400000.000000000000000000,0.000000000000000000,0.000000000000000000,0.000000000000000000
0.860000000000000000,6,0.860000000000000000,115792089237316195423570985008687907853269984665640564039457.584007913129639935,0.000000000000000000,1000000.000000000000000000,0.000000000000000000,400000.000000000000000000,0.000000000000000000,0.000000000000000000,0.000000000000000000
0.860000000000000000,7,0.860000000000000000,115792089237316195423570985008687907853269984665640564039457.584007913129639935,0.000000000000000000,1000000.000000000000000000,0.000000000000000000,400000.000000000000000000,0.000000000000000000,0.000000000000000000,0.000000000000000000
0.860000000000000000,8,0.860000000000000000,115792089237316195423570985008687907853269984665640564039457.584007913129639935,0.000000000000000000,1000000.000000000000000000,0.000000000000000000,400000.000000000000000000,0.000000000000000000,0.000000000000000000,0.000000000000000000
0.860000000000000000,9,0.860000000000000000,115792089237316195423570985008687907853269984665640564039457.584007913129639935,0.000000000000000000,1000000.000000000000000000,0.000000000000000000,400000.000000000000000000,0.000000000000000000,0.000000000000000000,0.000000000000000000
0.860000000000000000,10,0.860000000000000000,115792089237316195423570985008687907853269984665640564039457.584007913129639935,0.000000000000000000,1000000.000000000000000000,0.000000000000000000,400000.000000000000000000,0.000000000000000000,0.000000000000000000,0.000000000000000000
0.860000000000000000,11,0.860000000000000000,115792089237316195423570985008687907853269984665640564039457.584007913129639935,0.000000000000000000,1000000.000000000000000000,0.000000000000000000,400000.000000000000000000,0.000000000000000000,0.000000000000000000,0.000000000000000000
0.860000000000000000,12,0.860000000000000000,115792089237316195423570985008687907853269984665640564039457.584007913129639935,0.000000000000000000,1000000.000000000000000000,0.000000000000000000,400000.000000000000000000,0.000000000000000000,0.000000000000000000,0.000000000000000000
0.870000000000000000,0,0.870000000000000000,115792089237316195423570985008687907853269984665640564039457.584007913129639935,0.000000000000000000,1000000.000000000000000000,0.000000000000000000,400000.000000000000000000,0.000000000000000000,0.000000000000000000,0.000000000000000000
0.870000000000000000,1,0.870000000000000000,115792089237316195423570985008687907853269984665640564039457.584007913129639935,0.000000000000000000,1000000.000000000000000000,0.000000000000000000,400000.000000000000000000,0.000000000000000000,0.000000000000000000,0.000000000000000000
0.870000000000000000,2,0.870000000000000000,115792089237316195423570985008687907853269984665640564039457.584007913129639935,0.000000000000000000,1000000.000000000000000000,0.000000000000000000,400000.000000000000000000,0.000000000000000000,0.000000000000000000,0.000000000000000000
0.870000000000000000,3,0.870000000000000000,115792089237316195423570985008687907853269984665640564039457.584007913129639935,0.000000000000000000,1000000.000000000000000000,0.000000000000000000,400000.000000000000000000,0.000000000000000000,0.000000000000000000,0.000000000000000000
0.870000000000000000,4,0.870000000000000000,115792089237316195423570985008687907853269984665640564039457.584007913129639935,0.000000000000000000,1000000.000000000000000000,0.000000000000000000,400000.000000000000000000,0.000000000000000000,0.000000000000000000,0.000000000000000000
0.870000000000000000,5,0.870000000000000000,115792089237316195423570985008687907853269984665640564039457.584007913129639935,0.000000000000000000,1000000.000000000000000000,0.000000000000000000,400000.000000000000000000,0.000000000000000000,0.000000000000000000,0.000000000000000000
0.870000000000000000,6,0.870000000000000000,115792089237316195423570985008687907853269984665640564039457.584007913129639935,0.000000000000000000,1000000.000000000000000000,0.000000000000000000,400000.000000000000000000,0.000000000000000000,0.000000000000000000,0.000000000000000000
0.870000000000000000,7,0.870000000000000000,115792089237316195423570985008687907853269984665640564039457.584007913129639935,0.000000000000000000,1000000.000000000000000000,0.000000000000000000,400000.000000000000000000,0.000000000000000000,0.000000000000000000,0.000000000000000000
0.870000000000000000,8,0.870000000000000000,115792089237316195423570985008687907853269984665640564039457.584007913129639935,0.000000000000000000,1000000.000000000000000000,0.000000000000000000,400000.000000000000000000,0.000000000000000000,0.000000000000000000,0.000000000000000000
0.870000000000000000,9,0.870000000000000000,115792089237316195423570985008687907853269984665640564039457.584007913129639935,0.000000000000000000,1000000.000000000000000000,0.000000000000000000,400000.000000000000000000,0.000000000000000000,0.000000000000000000,0.000000000000000000
0.870000000000000000,10,0.870000000000000000,115792089237316195423570985008687907853269984665640564039457.584007913129639935,0.000000000000000000,1000000.000000000000000000,0.000000000000000000,400000.000000000000000000,0.000000000000000000,0.000000000000000000,0.000000000000000000
0.870000000000000000,11,0.870000000000000000,115792089237316195423570985008687907853269984665640564039457.584007913129639935,0.000000000000000000,1000000.000000000000000000,0.000000000000000000,400000.000000000000000000,0.000000000000000000,0.000000000000000000,0.000000000000000000
0.870000000000000000,12,0.870000000000000000,115792089237316195423570985008687907853269984665640564039457.584007913129639935,0.000000000000000000,1000000.000000000000000000,0.000000000000000000,400000.000000000000000000,0.000000000000000000,0.000000000000000000,0.000000000000000000
0.880000000000000000,0,0.880000000000000000,115792089237316195423570985008687907853269984665640564039457.584007913129639935,0.000000000000000000,1000000.000000000000000000,0.000000000000000000,400000.000000000000000000,0.000000000000000000,0.000000000000000000,0.000000000000000000
0.880000000000000000,1,0.880000000000000000,115792089237316195423570985008687907853269984665640564039457.584007913129639935,0.000000000000000000,1000000.000000000000000000,0.000000000000000000,400000.000000000000000000,0.000000000000000000,0.000000000000000000,0.000000000000000000
0.880000000000000000,2,0.880000000000000000,115792089237316195423570985008687907853269984665640564039457.584007913129639935,0.000000000000000000,1000000.000000000000000000,0.000000000000000000,400000.000000000000000000,0.000000000000000000,0.000000000000000000,0.000000000000000000
0.880000000000000000,3,0.880000000000000000,115792089237316195423570985008687907853269984665640564039457.584007913129639935,0.000000000000000000,1000000.000000000000000000,0.000000000000000000,400000.000000000000000000,0.000000000000000000,0.000000000000000000,0.000000000000000000
0.880000000000000000,4,0.880000000000000000,115792089237316195423570985008687907853269984665640564039457.584007913129639935,0.000000000000000000,1000000.000000000000000000,0.000000000000000000,400000.000000000000000000,0.000000000000000000,0.000000000000000000,0.000000000000000000
0.880000000000000000,5,0.880000000000000000,115792089237316195423570985008687907853269984665640564039457.584007913129639935,0.000000000000000000,1000000.000000000000000000,0.000000000000000000,400000.000000000000000000,0.000000000000000000,0.000000000000000000,0.000000000000000000
0.880000000000000000,6,0.880000000000000000,115792089237316195423570985008687907853269984665640564039457.584007913129639935,0.000000000000000000,1000000.000000000000000000,0.000000000000000000,400000.000000000000000000,0.000000000000000000,0.000000000000000000,0.000000000000000000
0.880000000000000000,7,0.880000000000000000,115792089237316195423570985008687907853269984665640564039457.584007913129639935,0.000000000000000000,1000000.000000000000000000,0.000000000000000000,400000.000000000000000000,0.000000000000000000,0.000000000000000000,0.000000000000000000
0.880000000000000000,8,0.880000000000000000,115792089237316195423570985008687907853269984665640564039457.584007913129639935,0.000000000000000000,1000000.000000000000000000,0.000000000000000000,400000.000000000000000000,0.000000000000000000,0.000000000000000000,0.000000000000000000
0.880000000000000000,9,0.880000000000000000,115792089237316195423570985008687907853269984665640564039457.584007913129639935,0.000000000000000000,1000000.000000000000000000,0.000000000000000000,400000.000000000000000000,0.000000000000000000,0.000000000000000000,0.000000000000000000
0.880000000000000000,10,0.880000000000000000,115792089237316195423570985008687907853269984665640564039457.584007913129639935,0.000000000000000000,1000000.000000000000000000,0.000000000000000000,400000.000000000000000000,0.000000000000000000,0.000000000000000000,0.000000000000000000
0.880000000000000000,11,0.880000000000000000,115792089237316195423570985008687907853269984665640564039457.584007913129639935,0.000000000000000000,1000000.000000000000000000,0.000000000000000000,400000.000000000000000000,0.000000000000000000,0.000000000000000000,0.000000000000000000
0.880000000000000000,12,0.880000000000000000,115792089237316195423570985008687907853269984665640564039457.584007913129639935,0.000000000000000000,1000000.000000000000000000,0.000000000000000000,400000.000000000000000000,0.000000000000000000,0.000000000000000000,0.000000000000000000
0.890000000000000000,0,0.890000000000000000,115792089237316195423570985008687907853269984665640564039457.584007913129639935,0.000000000000000000,1000000.000000000000000000,0.000000000000000000,400000.000000000000000000,0.000000000000000000,0.000000000000000000,0.000000000000000000
0.890000000000000000,1,0.890000000000000000,115792089237316195423570985008687907853269984665640564039457.584007913129639935,0.000000000000000000,1000000.000000000000000000,0.000000000000000000,400000.000000000000000000,0.000000000000000000,0.000000000000000000,0.000000000000000000
0.890000000000000000,2,0.890000000000000000,115792089237316195423570985008687907853269984665640564039457.584007913129639935,0.000000000000000000,1000000.000000000000000000,0.000000000000000000,400000.000000000000000000,0.000000000000000000,0.000000000000000000,0.000000000000000000
0.890000000000000000,3,0.890000000000000000,115792089237316195423570985008687907853269984665640564039457.584007913129639935,0.000000000000000000,1000000.000000000000000000,0.000000000000000000,400000.000000000000000000,0.000000000000000000,0.000000000000000000,0.000000000000000000
0.890000000000000000,4,0.890000000000000000,115792089237316195423570985008687907853269984665640564039457.584007913129639935,0.000000000000000000,1000000.000000000000000000,0.000000000000000000,400000.000000000000000000,0.000000000000000000,0.000000000000000000,0.000000000000000000
0.890000000000000000,5,0.890000000000000000,115792089237316195423570985008687907853269984665640564039457.584007913129639935,0.000000000000000000,1000000.000000000000000000,0.000000000000000000,400000.000000000000000000,0.000000000000000000,0.000000000000000000,0.000000000000000000
0.890000000000000000,6,0.890000000000000000,115792089237316195423570985008687907853269984665640564039457.584007913129639935,0.000000000000000000,1000000.000000000000000000,0.000000000000000000,400000.000000000000000000,0.000000000000000000,0.000000000000000000,0.000000000000000000
0.890000000000000000,7,0.890000000000000000,115792089237316195423570985008687907853269984665640564039457.584007913129639935,0.000000000000000000,1000000.000000000000000000,0.000000000000000000,400000.000000000000000000,0.000000000000000000,0.000000000000000000,0.000000000000000000
0.890000000000000000,8,0.890000000000000000,115792089237316195423570985008687907853269984665640564039457.584007913129639935,0.000000000000000000,1000000.000000000000000000,0.000000000000000000,400000.000000000000000000,0.000000000000000000,0.000000000000000000,0.000000000000000000
0.890000000000000000,9,0.890000000000000000,115792089237316195423570985008687907853269984665640564039457.584007913129639935,0.000000000000000000,1000000.000000000000000000,0.000000000000000000,400000.000000000000000000,0.000000000000000000,0.000000000000000000,0.000000000000000000
0.890000000000000000,10,0.890000000000000000,115792089237316195423570985008687907853269984665640564039457.584007913129639935,0.000000000000000000,1000000.000000000000000000,0.000000000000000000,400000.000000000000000000,0.000000000000000000,0.000000000000000000,0.000000000000000000
0.890000000000000000,11,0.890000000000000000,115792089237316195423570985008687907853269984665640564039457.584007913129639935,0.000000000000000000,1000000.000000000000000000,0.000000000000000000,400000.000000000000000000,0.000000000000000000,0.000000000000000000,0.000000000000000000
0.890000000000000000,12,0.890000000000000000,115792089237316195423570985008687907853269984665640564039457.584007913129639935,0.000000000000000000,1000000.000000000000000000,0.000000000000000000,400000.000000000000000000,0.000000000000000000,0.000000000000000000,0.000000000000000000
0.900000000000000000,0,0.900000000000000000,115792089237316195423570985008687907853269984665640564039457.584007913129639935,0.000000000000000000,1000000.000000000000000000,0.000000000000000000,400000.000000000000000000,0.000000000000000000,0.000000000000000000,0.000000000000000000
0.900000000000000000,1,0.900000000000000000,115792089237316195423570985008687907853269984665640564039457.584007913129639935,0.000000000000000000,1000000.000000000000000000,0.000000000000000000,400000.000000000000000000,0.000000000000000000,0.000000000000000000,0.000000000000000000
0.900000000000000000,2,0.900000000000000000,115792089237316195423570985008687907853269984665640564039457.584007913129639935,0.000000000000000000,1000000.000000000000000000,0.000000000000000000,400000.000000000000000000,0.000000000000000000,0.000000000000000000,0.000000000000000000
0.900000000000000000,3,0.900000000000000000,115792089237316195423570985008687907853269984665640564039457.584007913129639935,0.000000000000000000,1000000.000000000000000000,0.000000000000000000,400000.000000000000000000,0.000000000000000000,0.000000000000000000,0.000000000000000000
0.900000000000000000,4,0.900000000000000000,115792089237316195423570985008687907853269984665640564039457.584007913129639935,0.000000000000000000,1000000.000000000000000000,0.000000000000000000,400000.000000000000000000,0.000000000000000000,0.000000000000000000,0.000000000000000000
0.900000000000000000,5,0.900000000000000000,115792089237316195423570985008687907853269984665640564039457.584007913129639935,0.000000000000000000,1000000.000000000000000000,0.000000000000000000,400000.000000000000000000,0.000000000000000000,0.000000000000000000,0.000000000000000000
0.900000000000000000,6,0.900000000000000000,115792089237316195423570985008687907853269984665640564039457.584007913129639935,0.000000000000000000,1000000.000000000000000000,0.000000000000000000,400000.000000000000000000,0.000000000000000000,0.000000000000000000,0.000000000000000000
0.900000000000000000,7,0.900000000000000000,115792089237316195423570985008687907853269984665640564039457.584007913129639935,0.000000000000000000,1000000.000000000000000000,0.000000000000000000,400000.000000000000000000,0.000000000000000000,0.000000000000000000,0.000000000000000000
0.900000000000000000,8,0.900000000000000000,115792089237316195423570985008687907853269984665640564039457.584007913129639935,0.000000000000000000,1000000.000000000000000000,0.000000000000000000,400000.000000000000000000,0.000000000000000000,0.000000000000000000,0.000000000000000000
0.900000000000000000,9,0.900000000000000000,115792089237316195423570985008687907853269984665640564039457.584007913129639935,0.000000000000000000,1000000.000000000000000000,0.000000000000000000,400000.000000000000000000,0.000000000000000000,0.000000000000000000,0.000000000000000000
0.900000000000000000,10,0.900000000000000000,115792089237316195423570985008687907853269984665640564039457.584007913129639935,0.000000000000000000,1000000.000000000000000000,0.000000000000000000,400000.000000000000000000,0.000000000000000000,0.000000000000000000,0.000000000000000000
0.900000000000000000,11,0.900000000000000000,115792089237316195423570985008687907853269984665640564039457.584007913129639935,0.000000000000000000,1000000.000000000000000000,0.000000000000000000,400000.000000000000000000,0.000000000000000000,0.000000000000000000,0.000000000000000000
0.900000000000000000,12,0.900000000000000000,115792089237316195423570985008687907853269984665640564039457.584007913129639935,0.000000000000000000,1000000.000000000000000000,0.000000000000000000,400000.000000000000000000,0.000000000000000000,0.000000000000000000,0.000000000000000000
0.910000000000000000,0,0.910000000000000000,115792089237316195423570985008687907853269984665640564039457.584007913129639935,0.000000000000000000,1000000.000000000000000000,0.000000000000000000,400000.000000000000000000,0.000000000000000000,0.000000000000000000,0.000000000000000000
0.910000000000000000,1,0.910000000000000000,115792089237316195423570985008687907853269984665640564039457.584007913129639935,0.000000000000000000,1000000.000000000000000000,0.000000000000000000,400000.000000000000000000,0.000000000000000000,0.000000000000000000,0.000000000000000000
0.910000000000000000,2,0.910000000000000000,115792089237316195423570985008687907853269984665640564039457.584007913129639935,0.000000000000000000,1000000.000000000000000000,0.000000000000000000,400000.000000000000000000,0.000000000000000000,0.000000000000000000,0.000000000000000000
0.910000000000000000,3,0.910000000000000000,115792089237316195423570985008687907853269984665640564039457.584007913129639935,0.000000000000000000,1000000.000000000000000000,0.000000000000000000,400000.000000000000000000,0.000000000000000000,0.000000000000000000,0.000000000000000000
0.910000000000000000,4,0.910000000000000000,115792089237316195423570985008687907853269984665640564039457.584007913129639935,0.000000000000000000,1000000.000000000000000000,0.000000000000000000,400000.000000000000000000,0.000000000000000000,0.000000000000000000,0.000000000000000000
0.910000000000000000,5,0.910000000000000000,115792089237316195423570985008687907853269984665640564039457.584007913129639935,0.000000000000000000,1000000.000000000000000000,0.000000000000000000,400000.000000000000000000,0.000000000000000000,0.000000000000000000,0.000000000000000000
0.910000000000000000,6,0.910000000000000000,115792089237316195423570985008687907853269984665640564039457.584007913129639935,0.000000000000000000,1000000.000000000000000000,0.000000000000000000,400000.000000000000000000,0.000000000000000000,0.000000000000000000,0.000000000000000000
0.910000000000000000,7,0.910000000000000000,115792089237316195423570985008687907853269984665640564039457.584007913129639935,0.000000000000000000,1000000.000000000000000000,0.000000000000000000,400000.000000000000000000,0.000000000000000000,0.000000000000000000,0.000000000000000000
0.910000000000000000,8,0.910000000000000000,115792089237316195423570985008687907853269984665640564039457.584007913129639935,0.000000000000000000,1000000.000000000000000000,0.000000000000000000,400000.000000000000000000,0.000000000000000000,0.000000000000000000,0.000000000000000000
0.910000000000000000,9,0.910000000000000000,115792089237316195423570985008687907853269984665640564039457.584007913129639935,0.000000000000000000,1000000.000000000000000000,0.000000000000000000,400000.000000000000000000,0.000000000000000000,0.000000000000000000,0.000000000000000000
0.910000000000000000,10,0.910000000000000000,115792089237316195423570985008687907853269984665640564039457.584007913129639935,0.000000000000000000,1000000.000000000000000000,0.000000000000000000,400000.000000000000000000,0.000000000000000000,0.000000000000000000,0.000000000000000000
0.910000000000000000,11,0.910000000000000000,115792089237316195423570985008687907853269984665640564039457.584007913129639935,0.000000000000000000,1000000.000000000000000000,0.000000000000000000,400000.000000000000000000,0.000000000000000000,0.000000000000000000,0.000000000000000000
0.910000000000000000,12,0.910000000000000000,115792089237316195423570985008687907853269984665640564039457.584007913129639935,0.000000000000000000,1000000.000000000000000000,0.000000000000000000,400000.000000000000000000,0.000000000000000000,0.000000000000000000,0.000000000000000000
0.920000000000000000,0,0.920000000000000000,115792089237316195423570985008687907853269984665640564039457.584007913129639935,0.000000000000000000,1000000.000000000000000000,0.000000000000000000,400000.000000000000000000,0.000000000000000000,0.000000000000000000,0.000000000000000000
0.920000000000000000,1,0.920000000000000000,115792089237316195423570985008687907853269984665640564039457.584007913129639935,0.000000000000000000,1000000.000000000000000000,0.000000000000000000,400000.000000000000000000,0.000000000000000000,0.000000000000000000,0.000000000000000000
0.920000000000000000,2,0.920000000000000000,115792089237316195423570985008687907853269984665640564039457.584007913129639935,0.000000000000000000,1000000.000000000000000000,0.000000000000000000,400000.000000000000000000,0.000000000000000000,0.000000000000000000,0.000000000000000000
0.920000000000000000,3,0.920000000000000000,115792089237316195423570985008687907853269984665640564039457.584007913129639935,0.000000000000000000,1000000.000000000000000000,0.000000000000000000,400000.000000000000000000,0.000000000000000000,0.000000000000000000,0.000000000000000000
0.920000000000000000,4,0.920000000000000000,115792089237316195423570985008687907853269984665640564039457.584007913129639935,0.000000000000000000,1000000.000000000000000000,0.000000000000000000,400000.000000000000000000,0.000000000000000000,0.000000000000000000,0.000000000000000000
0.920000000000000000,5,0.920000000000000000,115792089237316195423570985008687907853269984665640564039457.584007913129639935,0.000000000000000000,1000000.000000000000000000,0.000000000000000000,400000.000000000000000000,0.000000000000000000,0.000000000000000000,0.000000000000000000
0.920000000000000000,6,0.920000000000000000,115792089237316195423570985008687907853269984665640564039457.584007913129639935,0.000000000000000000,1000000.000000000000000000,0.000000000000000000,400000.000000000000000000,0.000000000000000000,0.000000000000000000,0.000000000000000000
0.920000000000000000,7,0.920000000000000000,115792089237316195423570985008687907853269984665640564039457.584007913129639935,0.000000000000000000,1000000.000000000000000000,0.000000000000000000,400000.000000000000000000,0.000000000000000000,0.000000000000000000,0.000000000000000000
0.920000000000000000,8,0.920000000000000000,115792089237316195423570985008687907853269984665640564039457.584007913129639935,0.000000000000000000,1000000.000000000000000000,0.000000000000000000,400000.000000000000000000,0.000000000000000000,0.000000000000000000,0.000000000000000000
0.920000000000000000,9,0.920000000000000000,115792089237316195423570985008687907853269984665640564039457.584007913129639935,0.000000000000000000,1000000.000000000000000000,0.000000000000000000,400000.000000000000000000,0.000000000000000000,0.000000000000000000,0.000000000000000000
0.920000000000000000,10,0.920000000000000000,115792089237316195423570985008687907853269984665640564039457.584007913129639935,0.000000000000000000,1000000.000000000000000000,0.000000000000000000,400000.000000000000000000,0.000000000000000000,0.000000000000000000,0.000000000000000000
0.920000000000000000,11,0.920000000000000000,115792089237316195423570985008687907853269984665640564039457.584007913129639935,0.000000000000000000,1000000.000000000000000000,0.000000000000000000,400000.000000000000000000,0.000000000000000000,0.000000000000000000,0.000000000000000000
0.920000000000000000,12,0.920000000000000000,115792089237316195423570985008687907853269984665640564039457.584007913129639935,0.000000000000000000,1000000.000000000000000000,0.000000000000000000,400000.000000000000000000,0.000000000000000000,0.000000000000000000,0.000000000000000000
0.930000000000000000,0,0.930000000000000000,115792089237316195423570985008687907853269984665640564039457.584007913129639935,0.000000000000000000,1000000.000000000000000000,0.000000000000000000,400000.000000000000000000,0.000000000000000000,0.000000000000000000,0.000000000000000000
0.930000000000000000,1,0.930000000000000000,115792089237316195423570985008687907853269984665640564039457.584007913129639935,0.000000000000000000,1000000.000000000000000000,0.000000000000000000,400000.000000000000000000,0.000000000000000000,0.000000000000000000,0.000000000000000000
0.930000000000000000,2,0.930000000000000000,115792089237316195423570985008687907853269984665640564039457.584007913129639935,0.000000000000000000,1000000.000000000000000000,0.000000000000000000,400000.000000000000000000,0.000000000000000000,0.000000000000000000,0.000000000000000000
0.930000000000000000,3,0.930000000000000000,115792089237316195423570985008687907853269984665640564039457.584007913129639935,0.000000000000000000,1000000.000000000000000000,0.000000000000000000,400000.000000000000000000,0.000000000000000000,0.000000000000000000,0.000000000000000000
0.930000000000000000,4,0.930000000000000000,115792089237316195423570985008687907853269984665640564039457.584007913129639935,0.000000000000000000,1000000.000000000000000000,0.000000000000000000,400000.000000000000000000,0.000000000000000000,0.000000000000000000,0.000000000000000000
0.930000000000000000,5,0.930000000000000000,115792089237316195423570985008687907853269984665640564039457.584007913129639935,0.000000000000000000,1000000.000000000000000000,0.000000000000000000,400000.000000000000000000,0.000000000000000000,0.000000000000000000,0.000000000000000000
0.930000000000000000,6,0.930000000000000000,115792089237316195423570985008687907853269984665640564039457.584007913129639935,0.000000000000000000,1000000.000000000000000000,0.000000000000000000,400000.000000000000000000,0.000000000000000000,0.000000000000000000,0.000000000000000000
0.930000000000000000,7,0.930000000000000000,115792089237316195423570985008687907853269984665640564039457.584007913129639935,0.000000000000000000,1000000.000000000000000000,0.000000000000000000,400000.000000000000000000,0.000000000000000000,0.000000000000000000,0.000000000000000000
0.930000000000000000,8,0.930000000000000000,115792089237316195423570985008687907853269984665640564039457.584007913129639935,0.000000000000000000,1000000.000000000000000000,0.000000000000000000,400000.000000000000000000,0.000000000000000000,0.000000000000000000,0.000000000000000000
0.930000000000000000,9,0.930000000000000000,115792089237316195423570985008687907853269984665640564039457.584007913129639935,0.000000000000000000,1000000.000000000000000000,0.000000000000000000,400000.000000000000000000,0.000000000000000000,0.000000000000000000,0.000000000000000000
0.930000000000000000,10,0.930000000000000000,115792089237316195423570985008687907853269984665640564039457.584007913129639935,0.000000000000000000,1000000.000000000000000000,0.000000000000000000,400000.000000000000000000,0.000000000000000000,0.000000000000000000,0.000000000000000000
0.930000000000000000,11,0.930000000000000000,115792089237316195423570985008687907853269984665640564039457.584007913129639935,0.000000000000000000,1000000.000000000000000000,0.000000000000000000,400000.000000000000000000,0.000000000000000000,0.000000000000000000,0.000000000000000000
0.930000000000000000,12,0.930000000000000000,115792089237316195423570985008687907853269984665640564039457.584007913129639935,0.000000000000000000,1000000.000000000000000000,0.000000000000000000,400000.000000000000000000,0.000000000000000000,0.000000000000000000,0.000000000000000000
0.940000000000000000,0,0.940000000000000000,115792089237316195423570985008687907853269984665640564039457.584007913129639935,0.000000000000000000,1000000.000000000000000000,0.000000000000000000,400000.000000000000000000,0.000000000000000000,0.000000000000000000,0.000000000000000000
0.940000000000000000,1,0.940000000000000000,115792089237316195423570985008687907853269984665640564039457.584007913129639935,0.000000000000000000,1000000.000000000000000000,0.000000000000000000,400000.000000000000000000,0.000000000000000000,0.000000000000000000,0.000000000000000000
0.940000000000000000,2,0.940000000000000000,115792089237316195423570985008687907853269984665640564039457.584007913129639935,0.000000000000000000,1000000.000000000000000000,0.000000000000000000,400000.000000000000000000,0.000000000000000000,0.000000000000000000,0.000000000000000000
0.940000000000000000,3,0.940000000000000000,115792089237316195423570985008687907853269984665640564039457.584007913129639935,0.000000000000000000,1000000.000000000000000000,0.000000000000000000,400000.000000000000000000,0.000000000000000000,0.000000000000000000,0.000000000000000000
0.940000000000000000,4,0.940000000000000000,115792089237316195423570985008687907853269984665640564039457.584007913129639935,0.000000000000000000,1000000.000000000000000000,0.000000000000000000,400000.000000000000000000,0.000000000000000000,0.000000000000000000,0.000000000000000000
0.940000000000000000,5,0.940000000000000000,115792089237316195423570985008687907853269984665640564039457.584007913129639935,0.000000000000000000,1000000.000000000000000000,0.000000000000000000,400000.000000000000000000,0.000000000000000000,0.000000000000000000,0.000000000000000000
0.940000000000000000,6,0.940000000000000000,115792089237316195423570985008687907853269984665640564039457.584007913129639935,0.000000000000000000,1000000.000000000000000000,0.000000000000000000,400000.000000000000000000,0.000000000000000000,0.000000000000000000,0.000000000000000000
0.940000000000000000,7,0.940000000000000000,115792089237316195423570985008687907853269984665640564039457.584007913129639935,0.000000000000000000,1000000.000000000000000000,0.000000000000000000,400000.000000000000000000,0.000000000000000000,0.000000000000000000,0.000000000000000000
0.940000000000000000,8,0.940000000000000000,115792089237316195423570985008687907853269984665640564039457.584007913129639935,0.000000000000000000,1000000.000000000000000000,0.000000000000000000,400000.000000000000000000,0.000000000000000000,0.000000000000000000,0.000000000000000000
0.940000000000000000,9,0.940000000000000000,115792089237316195423570985008687907853269984665640564039457.584007913129639935,0.000000000000000000,1000000.000000000000000000,0.000000000000000000,400000.000000000000000000,0.000000000000000000,0.000000000000000000,0.000000000000000000
0.940000000000000000,10,0.940000000000000000,115792089237316195423570985008687907853269984665640564039457.584007913129639935,0.000000000000000000,1000000.000000000000000000,0.000000000000000000,400000.000000000000000000,0.000000000000000000,0.000000000000000000,0.000000000000000000
0.940000000000000000,11,0.940000000000000000,115792089237316195423570985008687907853269984665640564039457.584007913129639935,0.000000000000000000,1000000.000000000000000000,0.000000000000000000,400000.000000000000000000,0.000000000000000000,0.000000000000000000,0.000000000000000000
0.940000000000000000,12,0.940000000000000000,115792089237316195423570985008687907853269984665640564039457.584007913129639935,0.000000000000000000,1000000.000000000000000000,0.000000000000000000,400000.000000000000000000,0.000000000000000000,0.000000000000000000,0.000000000000000000
0.950000000000000000,0,0.950000000000000000,115792089237316195423570985008687907853269984665640564039457.584007913129639935,0.000000000000000000,1000000.000000000000000000,0.000000000000000000,400000.000000000000000000,0.000000000000000000,0.000000000000000000,0.000000000000000000
0.950000000000000000,1,0.950000000000000000,115792089237316195423570985008687907853269984665640564039457.584007913129639935,0.000000000000000000,1000000.000000000000000000,0.000000000000000000,400000.000000000000000000,0.000000000000000000,0.000000000000000000,0.000000000000000000
0.950000000000000000,2,0.950000000000000000,115792089237316195423570985008687907853269984665640564039457.584007913129639935,0.000000000000000000,1000000.000000000000000000,0.000000000000000000,400000.000000000000000000,0.000000000000000000,0.000000000000000000,0.000000000000000000
0.950000000000000000,3,0.950000000000000000,115792089237316195423570985008687907853269984665640564039457.584007913129639935,0.000000000000000000,1000000.000000000000000000,0.000000000000000000,400000.000000000000000000,0.000000000000000000,0.000000000000000000,0.000000000000000000
0.950000000000000000,4,0.950000000000000000,115792089237316195423570985008687907853269984665640564039457.584007913129639935,0.000000000000000000,1000000.000000000000000000,0.000000000000000000,400000.000000000000000000,0.000000000000000000,0.000000000000000000,0.000000000000000000
0.950000000000000000,5,0.950000000000000000,115792089237316195423570985008687907853269984665640564039457.584007913129639935,0.000000000000000000,1000000.000000000000000000,0.000000000000000000,400000.000000000000000000,0.000000000000000000,0.000000000000000000,0.000000000000000000
0.950000000000000000,6,0.950000000000000000,115792089237316195423570985008687907853269984665640564039457.584007913129639935,0.000000000000000000,1000000.000000000000000000,0.000000000000000000,400000.000000000000000000,0.000000000000000000,0.000000000000000000,0.000000000000000000
0.950000000000000000,7,0.950000000000000000,115792089237316195423570985008687907853269984665640564039457.584007913129639935,0.000000000000000000,1000000.000000000000000000,0.000000000000000000,400000.000000000000000000,0.000000000000000000,0.000000000000000000,0.000000000000000000
0.950000000000000000,8,0.950000000000000000,115792089237316195423570985008687907853269984665640564039457.584007913129639935,0.000000000000000000,1000000.000000000000000000,0.000000000000000000,400000.000000000000000000,0.000000000000000000,0.000000000000000000,0.000000000000000000
0.950000000000000000,9,0.950000000000000000,115792089237316195423570985008687907853269984665640564039457.584007913129639935,0.000000000000000000,1000000.000000000000000000,0.000000000000000000,400000.000000000000000000,0.000000000000000000,0.000000000000000000,0.000000000000000000
0.950000000000000000,10,0.950000000000000000,115792089237316195423570985008687907853269984665640564039457.584007913129639935,0.000000000000000000,1000000.000000000000000000,0.000000000000000000,400000.000000000000000000,0.000000000000000000,0.000000000000000000,0.000000000000000000
0.950000000000000000,11,0.950000000000000000,115792089237316195423570985008687907853269984665640564039457.584007913129639935,0.000000000000000000,1000000.000000000000000000,0.000000000000000000,400000.000000000000000000,0.000000000000000000,0.000000000000000000,0.000000000000000000
0.950000000000000000,12,0.950000000000000000,115792089237316195423570985008687907853269984665640564039457.584007913129639935,0.000000000000000000,1000000.000000000000000000,0.000000000000000000,400000.000000000000000000,0.000000000000000000,0.000000000000000000,0.000000000000000000
0.960000000000000000,0,0.960000000000000000,115792089237316195423570985008687907853269984665640564039457.584007913129639935,0.000000000000000000,1000000.000000000000000000,0.000000000000000000,400000.000000000000000000,0.000000000000000000,0.000000000000000000,0.000000000000000000
0.960000000000000000,1,0.960000000000000000,115792089237316195423570985008687907853269984665640564039457.584007913129639935,0.000000000000000000,1000000.000000000000000000,0.000000000000000000,400000.000000000000000000,0.000000000000000000,0.000000000000000000,0.000000000000000000
0.960000000000000000,2,0.960000000000000000,115792089237316195423570985008687907853269984665640564039457.584007913129639935,0.000000000000000000,1000000.000000000000000000,0.000000000000000000,400000.000000000000000000,0.000000000000000000,0.000000000000000000,0.000000000000000000
0.960000000000000000,3,0.960000000000000000,115792089237316195423570985008687907853269984665640564039457.584007913129639935,0.000000000000000000,1000000.000000000000000000,0.000000000000000000,400000.000000000000000000,0.000000000000000000,0.000000000000000000,0.000000000000000000
0.960000000000000000,4,0.960000000000000000,115792089237316195423570985008687907853269984665640564039457.584007913129639935,0.000000000000000000,1000000.000000000000000000,0.000000000000000000,400000.000000000000000000,0.000000000000000000,0.000000000000000000,0.000000000000000000
0.960000000000000000,5,0.960000000000000000,115792089237316195423570985008687907853269984665640564039457.584007913129639935,0.000000000000000000,1000000.000000000000000000,0.000000000000000000,400000.000000000000000000,0.000000000000000000,0.000000000000000000,0.000000000000000000
0.960000000000000000,6,0.960000000000000000,115792089237316195423570985008687907853269984665640564039457.584007913129639935,0.000000000000000000,1000000.000000000000000000,0.000000000000000000,400000.000000000000000000,0.000000000000000000,0.000000000000000000,0.000000000000000000
0.960000000000000000,7,0.960000000000000000,115792089237316195423570985008687907853269984665640564039457.584007913129639935,0.000000000000000000,1000000.000000000000000000,0.000000000000000000,400000.000000000000000000,0.000000000000000000,0.000000000000000000,0.000000000000000000
0.960000000000000000,8,0.960000000000000000,115792089237316195423570985008687907853269984665640564039457.584007913129639935,0.000000000000000000,1000000.000000000000000000,0.000000000000000000,400000.000000000000000000,0.000000000000000000,0.000000000000000000,0.000000000000000000
0.960000000000000000,9,0.960000000000000000,115792089237316195423570985008687907853269984665640564039457.584007913129639935,0.000000000000000000,1000000.000000000000000000,0.000000000000000000,400000.000000000000000000,0.000000000000000000,0.000000000000000000,0.000000000000000000
0.960000000000000000,10,0.960000000000000000,115792089237316195423570985008687907853269984665640564039457.584007913129639935,0.000000000000000000,1000000.000000000000000000,0.000000000000000000,400000.000000000000000000,0.000000000000000000,0.000000000000000000,0.000000000000000000
0.960000000000000000,11,0.960000000000000000,115792089237316195423570985008687907853269984665640564039457.584007913129639935,0.000000000000000000,1000000.000000000000000000,0.000000000000000000,400000.000000000000000000,0.000000000000000000,0.000000000000000000,0.000000000000000000
0.960000000000000000,12,0.960000000000000000,115792089237316195423570985008687907853269984665640564039457.584007913129639935,0.000000000000000000,1000000.000000000000000000,0.000000000000000000,400000.000000000000000000,0.000000000000000000,0.000000000000000000,0.000000000000000000
0.970000000000000000,0,0.970000000000000000,115792089237316195423570985008687907853269984665640564039457.584007913129639935,0.000000000000000000,1000000.000000000000000000,0.000000000000000000,400000.000000000000000000,0.000000000000000000,0.000000000000000000,0.000000000000000000
0.970000000000000000,1,0.970000000000000000,115792089237316195423570985008687907853269984665640564039457.584007913129639935,0.000000000000000000,1000000.000000000000000000,0.000000000000000000,400000.000000000000000000,0.000000000000000000,0.000000000000000000,0.000000000000000000
0.970000000000000000,2,0.970000000000000000,115792089237316195423570985008687907853269984665640564039457.584007913129639935,0.000000000000000000,1000000.000000000000000000,0.000000000000000000,400000.000000000000000000,0.000000000000000000,0.000000000000000000,0.000000000000000000
0.970000000000000000,3,0.970000000000000000,115792089237316195423570985008687907853269984665640564039457.584007913129639935,0.000000000000000000,1000000.000000000000000000,0.000000000000000000,400000.000000000000000000,0.000000000000000000,0.000000000000000000,0.000000000000000000
0.970000000000000000,4,0.970000000000000000,115792089237316195423570985008687907853269984665640564039457.584007913129639935,0.000000000000000000,1000000.000000000000000000,0.000000000000000000,400000.000000000000000000,0.000000000000000000,0.000000000000000000,0.000000000000000000
0.970000000000000000,5,0.970000000000000000,115792089237316195423570985008687907853269984665640564039457.584007913129639935,0.000000000000000000,1000000.000000000000000000,0.000000000000000000,400000.000000000000000000,0.000000000000000000,0.000000000000000000,0.000000000000000000
0.970000000000000000,6,0.970000000000000000,115792089237316195423570985008687907853269984665640564039457.584007913129639935,0.000000000000000000,1000000.000000000000000000,0.000000000000000000,400000.000000000000000000,0.000000000000000000,0.000000000000000000,0.000000000000000000
0.970000000000000000,7,0.970000000000000000,115792089237316195423570985008687907853269984665640564039457.584007913129639935,0.000000000000000000,1000000.000000000000000000,0.000000000000000000,400000.000000000000000000,0.000000000000000000,0.000000000000000000,0.000000000000000000
0.970000000000000000,8,0.970000000000000000,115792089237316195423570985008687907853269984665640564039457.584007913129639935,0.000000000000000000,1000000.000000000000000000,0.000000000000000000,400000.000000000000000000,0.000000000000000000,0.000000000000000000,0.000000000000000000
0.970000000000000000,9,0.970000000000000000,115792089237316195423570985008687907853269984665640564039457.584007913129639935,0.000000000000000000,1000000.000000000000000000,0.000000000000000000,400000.000000000000000000,0.000000000000000000,0.000000000000000000,0.000000000000000000
0.970000000000000000,10,0.970000000000000000,115792089237316195423570985008687907853269984665640564039457.584007913129639935,0.000000000000000000,1000000.000000000000000000,0.000000000000000000,400000.000000000000000000,0.000000000000000000,0.000000000000000000,0.000000000000000000
0.970000000000000000,11,0.970000000000000000,115792089237316195423570985008687907853269984665640564039457.584007913129639935,0.000000000000000000,1000000.000000000000000000,0.000000000000000000,400000.000000000000000000,0.000000000000000000,0.000000000000000000,0.000000000000000000
0.970000000000000000,12,0.970000000000000000,115792089237316195423570985008687907853269984665640564039457.584007913129639935,0.000000000000000000,1000000.000000000000000000,0.000000000000000000,400000.000000000000000000,0.000000000000000000,0.000000000000000000,0.000000000000000000
0.980000000000000000,0,0.980000000000000000,115792089237316195423570985008687907853269984665640564039457.584007913129639935,0.000000000000000000,1000000.000000000000000000,0.000000000000000000,400000.000000000000000000,0.000000000000000000,0.000000000000000000,0.000000000000000000
0.980000000000000000,1,0.980000000000000000,115792089237316195423570985008687907853269984665640564039457.584007913129639935,0.000000000000000000,1000000.000000000000000000,0.000000000000000000,400000.000000000000000000,0.000000000000000000,0.000000000000000000,0.000000000000000000
0.980000000000000000,2,0.980000000000000000,115792089237316195423570985008687907853269984665640564039457.584007913129639935,0.000000000000000000,1000000.000000000000000000,0.000000000000000000,400000.000000000000000000,0.000000000000000000,0.000000000000000000,0.000000000000000000
0.980000000000000000,3,0.980000000000000000,115792089237316195423570985008687907853269984665640564039457.584007913129639935,0.000000000000000000,1000000.000000000000000000,0.000000000000000000,400000.000000000000000000,0.000000000000000000,0.000000000000000000,0.000000000000000000
0.980000000000000000,4,0.980000000000000000,115792089237316195423570985008687907853269984665640564039457.584007913129639935,0.000000000000000000,1000000.000000000000000000,0.000000000000000000,400000.000000000000000000,0.000000000000000000,0.000000000000000000,0.000000000000000000
0.980000000000000000,5,0.980000000000000000,115792089237316195423570985008687907853269984665640564039457.584007913129639935,0.000000000000000000,1000000.000000000000000000,0.000000000000000000,400000.000000000000000000,0.000000000000000000,0.000000000000000000,0.000000000000000000
0.980000000000000000,6,0.980000000000000000,115792089237316195423570985008687907853269984665640564039457.584007913129639935,0.000000000000000000,1000000.000000000000000000,0.000000000000000000,400000.000000000000000000,0.000000000000000000,0.000000000000000000,0.000000000000000000
0.980000000000000000,7,0.980000000000000000,115792089237316195423570985008687907853269984665640564039457.584007913129639935,0.000000000000000000,1000000.000000000000000000,0.000000000000000000,400000.000000000000000000,0.000000000000000000,0.000000000000000000,0.000000000000000000
0.980000000000000000,8,0.980000000000000000,115792089237316195423570985008687907853269984665640564039457.584007913129639935,0.000000000000000000,1000000.000000000000000000,0.000000000000000000,400000.000000000000000000,0.000000000000000000,0.000000000000000000,0.000000000000000000
0.980000000000000000,9,0.980000000000000000,115792089237316195423570985008687907853269984665640564039457.584007913129639935,0.000000000000000000,1000000.000000000000000000,0.000000000000000000,400000.000000000000000000,0.000000000000000000,0.000000000000000000,0.000000000000000000
0.980000000000000000,10,0.980000000000000000,115792089237316195423570985008687907853269984665640564039457.584007913129639935,0.000000000000000000,1000000.000000000000000000,0.000000000000000000,400000.000000000000000000,0.000000000000000000,0.000000000000000000,0.000000000000000000
0.980000000000000000,11,0.980000000000000000,115792089237316195423570985008687907853269984665640564039457.584007913129639935,0.000000000000000000,1000000.000000000000000000,0.000000000000000000,400000.000000000000000000,0.000000000000000000,0.000000000000000000,0.000000000000000000
0.980000000000000000,12,0.980000000000000000,115792089237316195423570985008687907853269984665640564039457.584007913129639935,0.000000000000000000,1000000.000000000000000000,0.000000000000000000,400000.000000000000000000,0.000000000000000000,0.000000000000000000,0.000000000000000000
0.990000000000000000,0,0.990000000000000000,115792089237316195423570985008687907853269984665640564039457.584007913129639935,0.000000000000000000,1000000.000000000000000000,0.000000000000000000,400000.000000000000000000,0.000000000000000000,0.000000000000000000,0.000000000000000000
0.990000000000000000,1,0.990000000000000000,115792089237316195423570985008687907853269984665640564039457.584007913129639935,0.000000000000000000,1000000.000000000000000000,0.000000000000000000,400000.000000000000000000,0.000000000000000000,0.000000000000000000,0.000000000000000000
0.990000000000000000,2,0.990000000000000000,115792089237316195423570985008687907853269984665640564039457.584007913129639935,0.000000000000000000,1000000.000000000000000000,0.000000000000000000,400000.000000000000000000,0.000000000000000000,0.000000000000000000,0.000000000000000000
0.990000000000000000,3,0.990000000000000000,115792089237316195423570985008687907853269984665640564039457.584007913129639935,0.000000000000000000,1000000.000000000000000000,0.000000000000000000,400000.000000000000000000,0.000000000000000000,0.000000000000000000,0.000000000000000000
0.990000000000000000,4,0.990000000000000000,115792089237316195423570985008687907853269984665640564039457.584007913129639935,0.000000000000000000,1000000.000000000000000000,0.000000000000000000,400000.000000000000000000,0.000000000000000000,0.000000000000000000,0.000000000000000000
0.990000000000000000,5,0.990000000000000000,115792089237316195423570985008687907853269984665640564039457.584007913129639935,0.000000000000000000,1000000.000000000000000000,0.000000000000000000,400000.000000000000000000,0.000000000000000000,0.000000000000000000,0.000000000000000000
0.990000000000000000,6,0.990000000000000000,115792089237316195423570985008687907853269984665640564039457.584007913129639935,0.000000000000000000,1000000.000000000000000000,0.000000000000000000,400000.000000000000000000,0.000000000000000000,0.000000000000000000,0.000000000000000000
0.990000000000000000,7,0.990000000000000000,115792089237316195423570985008687907853269984665640564039457.584007913129639935,0.000000000000000000,1000000.000000000000000000,0.000000000000000000,400000.000000000000000000,0.000000000000000000,0.000000000000000000,0.000000000000000000
0.990000000000000000,8,0.990000000000000000,115792089237316195423570985008687907853269984665640564039457.584007913129639935,0.000000000000000000,1000000.000000000000000000,0.000000000000000000,400000.000000000000000000,0.000000000000000000,0.000000000000000000,0.000000000000000000
0.990000000000000000,9,0.990000000000000000,115792089237316195423570985008687907853269984665640564039457.584007913129639935,0.000000000000000000,1000000.000000000000000000,0.000000000000000000,400000.000000000000000000,0.000000000000000000,0.000000000000000000,0.000000000000000000
0.990000000000000000,10,0.990000000000000000,115792089237316195423570985008687907853269984665640564039457.584007913129639935,0.000000000000000000,1000000.000000000000000000,0.000000000000000000,400000.000000000000000000,0.000000000000000000,0.000000000000000000,0.000000000000000000
0.990000000000000000,11,0.990000000000000000,115792089237316195423570985008687907853269984665640564039457.584007913129639935,0.000000000000000000,1000000.000000000000000000,0.000000000000000000,400000.000000000000000000,0.000000000000000000,0.000000000000000000,0.000000000000000000
0.990000000000000000,12,0.990000000000000000,115792089237316195423570985008687907853269984665640564039457.584007913129639935,0.000000000000000000,1000000.000000000000000000,0.000000000000000000,400000.000000000000000000,0.000000000000000000,0.000000000000000000,0.000000000000000000
1.000000000000000000,0,1.000000000000000000,115792089237316195423570985008687907853269984665640564039457.584007913129639935,0.000000000000000000,1000000.000000000000000000,0.000000000000000000,400000.000000000000000000,0.000000000000000000,0.000000000000000000,0.000000000000000000
1.000000000000000000,1,1.000000000000000000,115792089237316195423570985008687907853269984665640564039457.584007913129639935,0.000000000000000000,1000000.000000000000000000,0.000000000000000000,400000.000000000000000000,0.000000000000000000,0.000000000000000000,0.000000000000000000
1.000000000000000000,2,1.000000000000000000,115792089237316195423570985008687907853269984665640564039457.584007913129639935,0.000000000000000000,1000000.000000000000000000,0.000000000000000000,400000.000000000000000000,0.000000000000000000,0.000000000000000000,0.000000000000000000
1.000000000000000000,3,1.000000000000000000,115792089237316195423570985008687907853269984665640564039457.584007913129639935,0.000000000000000000,1000000.000000000000000000,0.000000000000000000,400000.000000000000000000,0.000000000000000000,0.000000000000000000,0.000000000000000000
1.000000000000000000,4,1.000000000000000000,115792089237316195423570985008687907853269984665640564039457.584007913129639935,0.000000000000000000,1000000.000000000000000000,0.000000000000000000,400000.000000000000000000,0.000000000000000000,0.000000000000000000,0.000000000000000000
1.000000000000000000,5,1.000000000000000000,115792089237316195423570985008687907853269984665640564039457.584007913129639935,0.000000000000000000,1000000.000000000000000000,0.000000000000000000,400000.000000000000000000,0.000000000000000000,0.000000000000000000,0.000000000000000000
1.000000000000000000,6,1.000000000000000000,115792089237316195423570985008687907853269984665640564039457.584007913129639935,0.000000000000000000,1000000.000000000000000000,0.000000000000000000,400000.000000000000000000,0.000000000000000000,0.000000000000000000,0.000000000000000000
1.000000000000000000,7,1.000000000000000000,115792089237316195423570985008687907853269984665640564039457.584007913129639935,0.000000000000000000,1000000.000000000000000000,0.000000000000000000,400000.000000000000000000,0.000000000000000000,0.000000000000000000,0.000000000000000000
1.000000000000000000,8,1.000000000000000000,115792089237316195423570985008687907853269984665640564039457.584007913129639935,0.000000000000000000,1000000.000000000000000000,0.000000000000000000,400000.000000000000000000,0.000000000000000000,0.000000000000000000,0.000000000000000000
1.000000000000000000,9,1.000000000000000000,115792089237316195423570985008687907853269984665640564039457.584007913129639935,0.000000000000000000,1000000.000000000000000000,0.000000000000000000,400000.000000000000000000,0.000000000000000000,0.000000000000000000,0.000000000000000000
1.000000000000000000,10,1.000000000000000000,115792089237316195423570985008687907853269984665640564039457.584007913129639935,0.000000000000000000,1000000.000000000000000000,0.000000000000000000,400000.000000000000000000,0.000000000000000000,0.000000000000000000,0.000000000000000000
1.000000000000000000,11,1.000000000000000000,115792089237316195423570985008687907853269984665640564039457.584007913129639935,0.000000000000000000,1000000.000000000000000000,0.000000000000000000,400000.000000000000000000,0.000000000000000000,0.000000000000000000,0.000000000000000000
1.000000000000000000,12,1.000000000000000000,115792089237316195423570985008687907853269984665640564039457.584007913129639935,0.000000000000000000,1000000.000000000000000000,0.000000000000000000,400000.000000000000000000,0.000000000000000000,0.000000000000000000,0.000000000000000000
1.010000000000000000,0,1.010000000000000000,101.000000000000000000,0.010000000000000000,1000000.000000000000000000,0.000000000000000000,400000.000000000000000000,0.000000000000000000,0.000000000000000000,0.000000000000000000
1.010000000000000000,1,1.010000000000000000,101.000000000000000000,0.010000000000000000,1000000.000000000000000000,0.000000000000000000,400000.000000000000000000,0.000000000000000000,0.000000000000000000,0.000000000000000000
1.010000000000000000,2,1.010000000000000000,101.000000000000000000,0.010000000000000000,1000000.000000000000000000,0.000000000000000000,400000.000000000000000000,0.000000000000000000,0.000000000000000000,0.000000000000000000
1.010000000000000000,3,1.010000000000000000,101.000000000000000000,0.010000000000000000,1000000.000000000000000000,0.000000000000000000,400000.000000000000000000,0.000000000000000000,0.000000000000000000,0.000000000000000000
1.010000000000000000,4,1.010000000000000000,101.000000000000000000,0.010000000000000000,1000000.000000000000000000,0.000000000000000000,400000.000000000000000000,0.000000000000000000,0.000000000000000000,0.000000000000000000
1.010000000000000000,5,1.010000000000000000,101.000000000000000000,0.010000000000000000,1000000.000000000000000000,0.000000000000000000,400000.000000000000000000,0.000000000000000000,0.000000000000000000,0.000000000000000000
1.010000000000000000,6,1.010000000000000000,101.000000000000000000,0.010000000000000000,1000000.000000000000000000,0.000000000000000000,400000.000000000000000000,0.000000000000000000,0.000000000000000000,0.000000000000000000
1.010000000000000000,7,1.010000000000000000,101.000000000000000000,0.010000000000000000,1000000.000000000000000000,0.000000000000000000,400000.000000000000000000,0.000000000000000000,0.000000000000000000,0.000000000000000000
1.010000000000000000,8,1.010000000000000000,101.000000000000000000,0.010000000000000000,1000000.000000000000000000,0.000000000000000000,400000.000000000000000000,0.000000000000000000,0.000000000000000000,0.000000000000000000
1.010000000000000000,9,1.010000000000000000,101.000000000000000000,0.010000000000000000,1000000.000000000000000000,0.000000000000000000,400000.000000000000000000,0.000000000000000000,0.000000000000000000,0.000000000000000000
1.010000000000000000,10,1.010000000000000000,101.000000000000000000,0.010000000000000000,1000000.000000000000000000,0.000000000000000000,400000.000000000000000000,0.000000000000000000,0.000000000000000000,0.000000000000000000
1.010000000000000000,11,1.010000000000000000,101.000000000000000000,0.010000000000000000,1000000.000000000000000000,0.000000000000000000,400000.000000000000000000,0.000000000000000000,0.000000000000000000,0.000000000000000000
1.010000000000000000,12,1.010000000000000000,101.000000000000000000,0.010000000000000000,1000000.000000000000000000,0.000000000000000000,400000.000000000000000000,0.000000000000000000,0.000000000000000000,0.000000000000000000
1.020000000000000000,0,1.020000000000000000,51.000000000000000000,0.020000000000000000,1000000.000000000000000000,0.000000000000000000,400000.000000000000000000,0.000000000000000000,0.000000000000000000,0.000000000000000000
1.020000000000000000,1,1.020000000000000000,51.000000000000000000,0.020000000000000000,1000000.000000000000000000,0.000000000000000000,400000.000000000000000000,0.000000000000000000,0.000000000000000000,0.000000000000000000
1.020000000000000000,2,1.020000000000000000,51.000000000000000000,0.020000000000000000,1000000.000000000000000000,0.000000000000000000,400000.000000000000000000,0.000000000000000000,0.000000000000000000,0.000000000000000000
1.020000000000000000,3,1.020000000000000000,51.000000000000000000,0.020000000000000000,1000000.000000000000000000,0.000000000000000000,400000.000000000000000000,0.000000000000000000,0.000000000000000000,0.000000000000000000
1.020000000000000000,4,1.020000000000000000,51.000000000000000000,0.020000000000000000,1000000.000000000000000000,0.000000000000000000,400000.000000000000000000,0.000000000000000000,0.000000000000000000,0.000000000000000000
1.020000000000000000,5,1.020000000000000000,51.000000000000000000,0.020000000000000000,1000000.000000000000000000,0.000000000000000000,400000.000000000000000000,0.000000000000000000,0.000000000000000000,0.000000000000000000
1.020000000000000000,6,1.020000000000000000,51.000000000000000000,0.020000000000000000,1000000.000000000000000000,0.000000000000000000,400000.000000000000000000,0.000000000000000000,0.000000000000000000,0.000000000000000000
1.020000000000000000,7,1.020000000000000000,51.000000000000000000,0.020000000000000000,1000000.000000000000000000,0.000000000000000000,400000.000000000000000000,0.000000000000000000,0.000000000000000000,0.000000000000000000
1.020000000000000000,8,1.020000000000000000,51.000000000000000000,0.020000000000000000,1000000.000000000000000000,0.000000000000000000,400000.000000000000000000,0.000000000000000000,0.000000000000000000,0.000000000000000000
1.020000000000000000,9,1.020000000000000000,51.000000000000000000,0.020000000000000000,1000000.000000000000000000,0.000000000000000000,400000.000000000000000000,0.000000000000000000,0.000000000000000000,0.000000000000000000
1.020000000000000000,10,1.020000000000000000,51.000000000000000000,0.020000000000000000,1000000.000000000000000000,0.000000000000000000,400000.000000000000000000,0.000000000000000000,0.000000000000000000,0.000000000000000000
1.020000000000000000,11,1.020000000000000000,51.000000000000000000,0.020000000000000000,1000000.000000000000000000,0.000000000000000000,400000.000000000000000000,0.000000000000000000,0.000000000000000000,0.000000000000000000
1.020000000000000000,12,1.020000000000000000,51.000000000000000000,0.020000000000000000,1000000.000000000000000000,0.000000000000000000,400000.000000000000000000,0.000000000000000000,0.000000000000000000,0.000000000000000000
1.030000000000000000,0,1.030000000000000000,34.333333333333333333,0.030000000000000000,1000000.000000000000000000,0.000000000000000000,400000.000000000000000000,0.000000000000000000,0.000000000000000000,0.000000000000000000
1.030000000000000000,1,1.030000000000000000,34.333333333333333333,0.030000000000000000,1000000.000000000000000000,0.000000000000000000,400000.000000000000000000,0.000000000000000000,0.000000000000000000,0.000000000000000000
1.030000000000000000,2,1.030000000000000000,34.333333333333333333,0.030000000000000000,1000000.000000000000000000,0.000000000000000000,400000.000000000000000000,0.000000000000000000,0.000000000000000000,0.000000000000000000
1.030000000000000000,3,1.030000000000000000,34.333333333333333333,0.030000000000000000,1000000.000000000000000000,0.000000000000000000,400000.000000000000000000,0.000000000000000000,0.000000000000000000,0.000000000000000000
1.030000000000000000,4,1.030000000000000000,34.333333333333333333,0.030000000000000000,1000000.000000000000000000,0.000000000000000000,400000.000000000000000000,0.000000000000000000,0.000000000000000000,0.000000000000000000
1.030000000000000000,5,1.030000000000000000,34.333333333333333333,0.030000000000000000,1000000.000000000000000000,0.000000000000000000,400000.000000000000000000,0.000000000000000000,0.000000000000000000,0.000000000000000000
1.030000000000000000,6,1.030000000000000000,34.333333333333333333,0.030000000000000000,1000000.000000000000000000,0.000000000000000000,400000.000000000000000000,0.000000000000000000,0.000000000000000000,0.000000000000000000
1.030000000000000000,7,1.030000000000000000,34.333333333333333333,0.030000000000000000,1000000.000000000000000000,0.000000000000000000,400000.000000000000000000,0.000000000000000000,0.000000000000000000,0.000000000000000000
1.030000000000000000,8,1.030000000000000000,34.333333333333333333,0.030000000000000000,1000000.000000000000000000,0.000000000000000000,400000.000000000000000000,0.000000000000000000,0.000000000000000000,0.000000000000000000
1.030000000000000000,9,1.030000000000000000,34.333333333333333333,0.030000000000000000,1000000.000000000000000000,0.000000000000000000,400000.000000000000000000,0.000000000000000000,0.000000000000000000,0.000000000000000000
1.030000000000000000,10,1.030000000000000000,34.333333333333333333,0.030000000000000000,1000000.000000000000000000,0.000000000000000000,400000.000000000000000000,0.000000000000000000,0.000000000000000000,0.000000000000000000
1.030000000000000000,11,1.030000000000000000,34.333333333333333333,0.030000000000000000,1000000.000000000000000000,0.000000000000000000,400000.000000000000000000,0.000000000000000000,0.000000000000000000,0.000000000000000000
1.030000000000000000,12,1.030000000000000000,34.333333333333333333,0.030000000000000000,1000000.000000000000000000,0.000000000000000000,400000.000000000000000000,0.000000000000000000,0.000000000000000000,0.000000000000000000
1.040000000000000000,0,1.040000000000000000,26.000000000000000000,0.040000000000000000,1000000.000000000000000000,0.000000000000000000,400000.000000000000000000,0.000000000000000000,0.000000000000000000,0.000000000000000000
1.040000000000000000,1,1.040000000000000000,26.000000000000000000,0.040000000000000000,1000000.000000000000000000,0.000000000000000000,400000.000000000000000000,0.000000000000000000,0.000000000000000000,0.000000000000000000
1.040000000000000000,2,1.040000000000000000,26.000000000000000000,0.040000000000000000,1000000.000000000000000000,0.000000000000000000,400000.000000000000000000,0.000000000000000000,0.000000000000000000,0.000000000000000000
1.040000000000000000,3,1.040000000000000000,26.000000000000000000,0.040000000000000000,1000000.000000000000000000,0.000000000000000000,400000.000000000000000000,0.000000000000000000,0.000000000000000000,0.000000000000000000
1.040000000000000000,4,1.040000000000000000,26.000000000000000000,0.040000000000000000,1000000.000000000000000000,0.000000000000000000,400000.000000000000000000,0.000000000000000000,0.000000000000000000,0.000000000000000000
1.040000000000000000,5,1.040000000000000000,26.000000000000000000,0.040000000000000000,1000000.000000000000000000,0.000000000000000000,400000.000000000000000000,0.000000000000000000,0.000000000000000000,0.000000000000000000
1.040000000000000000,6,1.040000000000000000,26.000000000000000000,0.040000000000000000,1000000.000000000000000000,0.000000000000000000,400000.000000000000000000,0.000000000000000000,0.000000000000000000,0.000000000000000000
1.040000000000000000,7,1.040000000000000000,26.000000000000000000,0.040000000000000000,1000000.000000000000000000,0.000000000000000000,400000.000000000000000000,0.000000000000000000,0.000000000000000000,0.000000000000000000
1.040000000000000000,8,1.040000000000000000,26.000000000000000000,0.040000000000000000,1000000.000000000000000000,0.000000000000000000,400000.000000000000000000,0.000000000000000000,0.000000000000000000,0.000000000000000000
1.040000000000000000,9,1.040000000000000000,26.000000000000000000,0.040000000000000000,1000000.000000000000000000,0.000000000000000000,400000.000000000000000000,0.000000000000000000,0.000000000000000000,0.000000000000000000
1.040000000000000000,10,1.040000000000000000,26.000000000000000000,0.040000000000000000,1000000.000000000000000000,0.000000000000000000,400000.000000000000000000,0.000000000000000000,0.000000000000000000,0.000000000000000000
1.040000000000000000,11,1.040000000000000000,26.000000000000000000,0.040000000000000000,1000000.000000000000000000,0.000000000000000000,400000.000000000000000000,0.000000000000000000,0.000000000000000000,0.000000000000000000
1.040000000000000000,12,1.040000000000000000,26.000000000000000000,0.040000000000000000,1000000.000000000000000000,0.000000000000000000,400000.000000000000000000,0.000000000000000000,0.000000000000000000,0.000000000000000000
1.050000000000000000,0,1.050000000000000000,21.000000000000000000,0.050000000000000000,1000000.000000000000000000,0.000000000000000000,400000.000000000000000000,0.000000000000000000,0.000000000000000000,0.000000000000000000
1.050000000000000000,1,1.050000000000000000,21.000000000000000000,0.050000000000000000,1000000.000000000000000000,0.000000000000000000,400000.000000000000000000,0.000000000000000000,0.000000000000000000,0.000000000000000000
1.050000000000000000,2,1.050000000000000000,21.000000000000000000,0.050000000000000000,1000000.000000000000000000,0.000000000000000000,400000.000000000000000000,0.000000000000000000,0.000000000000000000,0.000000000000000000
1.050000000000000000,3,1.050000000000000000,21.000000000000000000,0.050000000000000000,1000000.000000000000000000,0.000000000000000000,400000.000000000000000000,0.000000000000000000,0.000000000000000000,0.000000000000000000
1.050000000000000000,4,1.050000000000000000,21.000000000000000000,0.050000000000000000,1000000.000000000000000000,0.000000000000000000,400000.000000000000000000,0.000000000000000000,0.000000000000000000,0.000000000000000000
1.050000000000000000,5,1.050000000000000000,21.000000000000000000,0.050000000000000000,1000000.000000000000000000,0.000000000000000000,400000.000000000000000000,0.000000000000000000,0.000000000000000000,0.000000000000000000
1.050000000000000000,6,1.050000000000000000,21.000000000000000000,0.050000000000000000,1000000.000000000000000000,0.000000000000000000,400000.000000000000000000,0.000000000000000000,0.000000000000000000,0.000000000000000000
1.050000000000000000,7,1.050000000000000000,21.000000000000000000,0.050000000000000000,1000000.000000000000000000,0.000000000000000000,400000.000000000000000000,0.000000000000000000,0.000000000000000000,0.000000000000000000
1.050000000000000000,8,1.050000000000000000,21.000000000000000000,0.050000000000000000,1000000.000000000000000000,0.000000000000000000,400000.000000000000000000,0.000000000000000000,0.000000000000000000,0.000000000000000000
1.050000000000000000,9,1.050000000000000000,21.000000000000000000,0.050000000000000000,1000000.000000000000000000,0.000000000000000000,400000.000000000000000000,0.000000000000000000,0.000000000000000000,0.000000000000000000
1.050000000000000000,10,1.050000000000000000,21.000000000000000000,0.050000000000000000,1000000.000000000000000000,0.000000000000000000,400000.000000000000000000,0.000000000000000000,0.000000000000000000,0.000000000000000000
1.050000000000000000,11,1.050000000000000000,21.000000000000000000,0.050000000000000000,1000000.000000000000000000,0.000000000000000000,400000.000000000000000000,0.000000000000000000,0.000000000000000000,0.000000000000000000
1.050000000000000000,12,1.050000000000000000,21.000000000000000000,0.050000000000000000,1000000.000000000000000000,0.000000000000000000,400000.000000000000000000,0.000000000000000000,0.000000000000000000,0.000000000000000000
1.052500000000000000,0,1.052500000000000000,20.047619047619047619,0.052500000000000000,1000000.000000000000000000,0.000000000000000000,400000.000000000000000000,0.000000000000000000,0.000000000000000000,0.000000000000000000
1.052500000000000000,1,1.052500000000000000,20.047619047619047619,0.052500000000000000,1000000.000000000000000000,0.000000000000000000,400000.000000000000000000,0.000000000000000000,0.000000000000000000,0.000000000000000000
1.052500000000000000,2,1.052500000000000000,20.047619047619047619,0.052500000000000000,1000000.000000000000000000,0.000000000000000000,400000.000000000000000000,0.000000000000000000,0.000000000000000000,0.000000000000000000
1.052500000000000000,3,1.052500000000000000,20.047619047619047619,0.052500000000000000,1000000.000000000000000000,0.000000000000000000,400000.000000000000000000,0.000000000000000000,0.000000000000000000,0.000000000000000000
1.052500000000000000,4,1.052500000000000000,20.047619047619047619,0.052500000000000000,1000000.000000000000000000,0.000000000000000000,400000.000000000000000000,0.000000000000000000,0.000000000000000000,0.000000000000000000
1.052500000000000000,5,1.052500000000000000,20.047619047619047619,0.052500000000000000,1000000.000000000000000000,0.000000000000000000,400000.000000000000000000,0.000000000000000000,0.000000000000000000,0.000000000000000000
1.052500000000000000,6,1.052500000000000000,20.047619047619047619,0.052500000000000000,1000000.000000000000000000,0.000000000000000000,400000.000000000000000000,0.000000000000000000,0.000000000000000000,0.000000000000000000
1.052500000000000000,7,1.052500000000000000,20.047619047619047619,0.052500000000000000,1000000.000000000000000000,0.000000000000000000,400000.000000000000000000,0.000000000000000000,0.000000000000000000,0.000000000000000000
1.052500000000000000,8,1.052500000000000000,20.047619047619047619,0.052500000000000000,1000000.000000000000000000,0.000000000000000000,400000.000000000000000000,0.000000000000000000,0.000000000000000000,0.000000000000000000
1.052500000000000000,9,1.052500000000000000,20.047619047619047619,0.052500000000000000,1000000.000000000000000000,0.000000000000000000,400000.000000000000000000,0.000000000000000000,0.000000000000000000,0.000000000000000000
1.052500000000000000,10,1.052500000000000000,20.047619047619047619,0.052500000000000000,1000000.000000000000000000,0.000000000000000000,400000.000000000000000000,0.000000000000000000,0.000000000000000000,0.000000000000000000
1.052500000000000000,11,1.052500000000000000,20.047619047619047619,0.052500000000000000,1000000.000000000000000000,0.000000000000000000,400000.000000000000000000,0.000000000000000000,0.000000000000000000,0.000000000000000000
1.052500000000000000,12,1.052500000000000000,20.047619047619047619,0.052500000000000000,1000000.000000000000000000,0.000000000000000000,400000.000000000000000000,0.000000000000000000,0.000000000000000000,0.000000000000000000
1.052812500000000000,0,1.052812500000000000,19.934911242603550295,0.052812500000000000,1000000.000000000000000000,0.000000000000000000,400000.000000000000000000,0.000000000000000000,0.000000000000000000,0.000000000000000000
1.052812500000000000,1,1.300000000000000000,4.333333333333333333,0.052812500000000000,809855.769230769230769230,0.000000000000000000,209855.769230769230769230,3600364.132908511606736473,190144.230769230769230769,190144.230769230769230770
1.053125000000000000,0,1.053125000000000000,19.823529411764705882,0.053125000000000000,1000000.000000000000000000,0.000000000000000000,400000.000000000000000000,0.000000000000000000,0.000000000000000000,0.000000000000000000
1.053125000000000000,1,1.300000000000000000,4.333333333333333333,0.053125000000000000,810096.153846153846153846,0.000000000000000000,210096.153846153846153846,3574660.633484162895927604,189903.846153846153846153,189903.846153846153846154
1.053750000000000000,0,1.053750000000000000,19.604651162790697674,0.053750000000000000,1000000.000000000000000000,0.000000000000000000,400000.000000000000000000,0.000000000000000000,0.000000000000000000,0.000000000000000000
1.053750000000000000,1,1.300000000000000000,4.333333333333333333,0.053750000000000000,810576.923076923076923076,0.000000000000000000,210576.923076923076923076,3524150.268336314847942772,189423.076923076923076923,189423.076923076923076924
1.055000000000000000,0,1.055000000000000000,19.181818181818181818,0.055000000000000000,1000000.000000000000000000,0.000000000000000000,400000.000000000000000000,0.000000000000000000,0.000000000000000000,0.000000000000000000
1.055000000000000000,1,1.300000000000000000,4.333333333333333333,0.055000000000000000,811538.461538461538461538,0.000000000000000000,211538.461538461538461538,3426573.426573426573426581,188461.538461538461538461,188461.538461538461538462
1.060000000000000000,0,1.060000000000000000,17.666666666666666666,0.060000000000000000,1000000.000000000000000000,0.000000000000000000,400000.000000000000000000,0.000000000000000000,0.000000000000000000,0.000000000000000000
1.060000000000000000,1,1.300000000000000000,4.333333333333333333,0.060000000000000000,815384.615384615384615384,0.000000000000000000,215384.615384615384615384,3076923.076923076923076933,184615.384615384615384615,184615.384615384615384616
1.070000000000000000,0,1.070000000000000000,15.285714285714285714,0.070000000000000000,1000000.000000000000000000,0.000000000000000000,400000.000000000000000000,0.000000000000000000,0.000000000000000000,0.000000000000000000
1.070000000000000000,1,1.300000000000000000,4.333333333333333333,0.070000000000000000,823076.923076923076923076,0.000000000000000000,223076.923076923076923076,2527472.527472527472527485,176923.076923076923076923,176923.076923076923076924
1.080000000000000000,0,1.080000000000000000,13.500000000000000000,0.080000000000000000,1000000.000000000000000000,0.000000000000000000,400000.000000000000000000,0.000000000000000000,0.000000000000000000,0.000000000000000000
1.080000000000000000,1,1.300000000000000000,4.333333333333333333,0.080000000000000000,830769.230769230769230769,0.000000000000000000,230769.230769230769230769,2115384.615384615384615387,169230.769230769230769230,169230.769230769230769231
1.090000000000000000,0,1.090000000000000000,12.111111111111111111,0.090000000000000000,1000000.000000000000000000,0.000000000000000000,400000.000000000000000000,0.000000000000000000,0.000000000000000000,0.000000000000000000
1.090000000000000000,1,1.300000000000000000,4.333333333333333333,0.090000000000000000,838461.538461538461538461,0.000000000000000000,238461.538461538461538461,1794871.794871794871794877,161538.461538461538461538,161538.461538461538461539
1.100000000000000000,0,1.100000000000000000,11.000000000000000000,0.100000000000000000,1000000.000000000000000000,0.000000000000000000,400000.000000000000000000,0.000000000000000000,0.000000000000000000,0.000000000000000000
1.100000000000000000,1,1.300000000000000000,4.333333333333333333,0.100000000000000000,846153.846153846153846153,0.000000000000000000,246153.846153846153846153,1538461.538461538461538470,153846.153846153846153847,153846.153846153846153847
1.110000000000000000,0,1.110000000000000000,10.090909090909090909,0.110000000000000000,1000000.000000000000000000,0.000000000000000000,400000.000000000000000000,0.000000000000000000,0.000000000000000000,0.000000000000000000
1.110000000000000000,1,1.300000000000000000,4.333333333333333333,0.110000000000000000,853846.153846153846153846,0.000000000000000000,253846.153846153846153846,1328671.328671328671328672,146153.846153846153846153,146153.846153846153846154
1.120000000000000000,0,1.120000000000000000,9.333333333333333333,0.120000000000000000,1000000.000000000000000000,0.000000000000000000,400000.000000000000000000,0.000000000000000000,0.000000000000000000,0.000000000000000000
1.120000000000000000,1,1.300000000000000000,4.333333333333333333,0.120000000000000000,861538.461538461538461538,0.000000000000000000,261538.461538461538461538,1153846.153846153846153850,138461.538461538461538462,138461.538461538461538462
1.130000000000000000,0,1.130000000000000000,8.692307692307692307,0.130000000000000000,1000000.000000000000000000,0.000000000000000000,400000.000000000000000000,0.000000000000000000,0.000000000000000000,0.000000000000000000
1.130000000000000000,1,1.300000000000000000,4.333333333333333333,0.130000000000000000,869230.769230769230769230,0.000000000000000000,269230.769230769230769230,1005917.159763313609467461,130769.230769230769230769,130769.230769230769230770
1.140000000000000000,0,1.140000000000000000,8.142857142857142857,0.140000000000000000,1000000.000000000000000000,0.000000000000000000,400000.000000000000000000,0.000000000000000000,0.000000000000000000,0.000000000000000000
1.140000000000000000,1,1.300000000000000000,4.333333333333333333,0.140000000000000000,876923.076923076923076923,0.000000000000000000,276923.076923076923076923,879120.879120879120879121,123076.923076923076923076,123076.923076923076923077
1.150000000000000000,0,1.150000000000000000,7.666666666666666666,0.150000000000000000,1000000.000000000000000000,0.000000000000000000,400000.000000000000000000,0.000000000000000000,0.000000000000000000,0.000000000000000000
1.150000000000000000,1,1.300000000000000000,4.333333333333333333,0.150000000000000000,884615.384615384615384615,0.000000000000000000,284615.384615384615384615,769230.769230769230769233,115384.615384615384615384,115384.615384615384615385
1.160000000000000000,0,1.160000000000000000,7.250000000000000000,0.160000000000000000,1000000.000000000000000000,0.000000000000000000,400000.000000000000000000,0.000000000000000000,0.000000000000000000,0.000000000000000000
1.160000000000000000,1,1.300000000000000000,4.333333333333333333,0.160000000000000000,892307.692307692307692307,0.000000000000000000,292307.692307692307692307,673076.923076923076923081,107692.307692307692307692,107692.307692307692307693
1.170000000000000000,0,1.170000000000000000,6.882352941176470588,0.170000000000000000,1000000.000000000000000000,0.000000000000000000,400000.000000000000000000,0.000000000000000000,0.000000000000000000,0.000000000000000000
1.170000000000000000,1,1.300000000000000000,4.333333333333333333,0.170000000000000000,900000.000000000000000000,0.000000000000000000,300000.000000000000000000,588235.294117647058823529,99999.999999999999999999,100000.000000000000000000
1.180000000000000000,0,1.180000000000000000,6.555555555555555555,0.180000000000000000,1000000.000000000000000000,0.000000000000000000,400000.000000000000000000,0.000000000000000000,0.000000000000000000,0.000000000000000000
1.180000000000000000,1,1.300000000000000000,4.333333333333333333,0.180000000000000000,907692.307692307692307692,0.000000000000000000,307692.307692307692307692,512820.512820512820512822,92307.692307692307692307,92307.692307692307692308
1.190000000000000000,0,1.190000000000000000,6.263157894736842105,0.190000000000000000,1000000.000000000000000000,0.000000000000000000,400000.000000000000000000,0.000000000000000000,0.000000000000000000,0.000000000000000000
1.190000000000000000,1,1.300000000000000000,4.333333333333333333,0.190000000000000000,915384.615384615384615384,0.000000000000000000,315384.615384615384615384,445344.129554655870445347,84615.384615384615384615,84615.384615384615384616
1.200000000000000000,0,1.200000000000000000,6.000000000000000000,0.200000000000000000,1000000.000000000000000000,0.000000000000000000,400000.000000000000000000,0.000000000000000000,0.000000000000000000,0.000000000000000000
1.200000000000000000,1,1.300000000000000000,4.333333333333333333,0.200000000000000000,923076.923076923076923076,0.000000000000000000,323076.923076923076923076,384615.384615384615384620,76923.076923076923076924,76923.076923076923076924
1.210000000000000000,0,1.210000000000000000,5.761904761904761904,0.210000000000000000,1000000.000000000000000000,0.000000000000000000,400000.000000000000000000,0.000000000000000000,0.000000000000000000,0.000000000000000000
1.210000000000000000,1,1.300000000000000000,4.333333333333333333,0.210000000000000000,930769.230769230769230769,0.000000000000000000,330769.230769230769230769,329670.329670329670329671,69230.769230769230769230,69230.769230769230769231
1.220000000000000000,0,1.220000000000000000,5.545454545454545454,0.220000000000000000,1000000.000000000000000000,0.000000000000000000,400000.000000000000000000,0.000000000000000000,0.000000000000000000,0.000000000000000000
1.220000000000000000,1,1.300000000000000000,4.333333333333333333,0.220000000000000000,938461.538461538461538461,0.000000000000000000,338461.538461538461538461,279720.279720279720279722,61538.461538461538461538,61538.461538461538461539
1.230000000000000000,0,1.230000000000000000,5.347826086956521739,0.230000000000000000,1000000.000000000000000000,0.000000000000000000,400000.000000000000000000,0.000000000000000000,0.000000000000000000,0.000000000000000000
1.230000000000000000,1,1.300000000000000000,4.333333333333333333,0.230000000000000000,946153.846153846153846153,0.000000000000000000,346153.846153846153846153,234113.712374581939799334,53846.153846153846153846,53846.153846153846153847
1.240000000000000000,0,1.240000000000000000,5.166666666666666666,0.240000000000000000,1000000.000000000000000000,0.000000000000000000,400000.000000000000000000,0.000000000000000000,0.000000000000000000,0.000000000000000000
1.240000000000000000,1,1.300000000000000000,4.333333333333333333,0.240000000000000000,953846.153846153846153846,0.000000000000000000,353846.153846153846153846,192307.692307692307692308,46153.846153846153846153,46153.846153846153846154
1.250000000000000000,0,1.250000000000000000,5.000000000000000000,0.250000000000000000,1000000.000000000000000000,0.000000000000000000,400000.000000000000000000,0.000000000000000000,0.000000000000000000,0.000000000000000000
1.250000000000000000,1,1.300000000000000000,4.333333333333333333,0.250000000000000000,961538.461538461538461538,0.000000000000000000,361538.461538461538461538,153846.153846153846153848,38461.538461538461538462,38461.538461538461538462
1.260000000000000000,0,1.260000000000000000,4.846153846153846153,0.260000000000000000,1000000.000000000000000000,0.000000000000000000,400000.000000000000000000,0.000000000000000000,0.000000000000000000,0.000000000000000000
1.260000000000000000,1,1.300000000000000000,4.333333333333333333,0.260000000000000000,969230.769230769230769230,0.000000000000000000,369230.769230769230769230,118343.195266272189349115,30769.230769230769230769,30769.230769230769230770
1.270000000000000000,0,1.270000000000000000,4.703703703703703703,0.270000000000000000,1000000.000000000000000000,0.000000000000000000,400000.000000000000000000,0.000000000000000000,0.000000000000000000,0.000000000000000000
1.270000000000000000,1,1.300000000000000000,4.333333333333333333,0.270000000000000000,976923.076923076923076923,0.000000000000000000,376923.076923076923076923,85470.085470085470085470,23076.923076923076923076,23076.923076923076923077
1.280000000000000000,0,1.280000000000000000,4.571428571428571428,0.280000000000000000,1000000.000000000000000000,0.000000000000000000,400000.000000000000000000,0.000000000000000000,0.000000000000000000,0.000000000000000000
1.280000000000000000,1,1.300000000000000000,4.333333333333333333,0.280000000000000000,984615.384615384615384615,0.000000000000000000,384615.384615384615384615,54945.054945054945054946,15384.615384615384615384,15384.615384615384615385
1.290000000000000000,0,1.290000000000000000,4.448275862068965517,0.290000000000000000,1000000.000000000000000000,0.000000000000000000,400000.000000000000000000,0.000000000000000000,0.000000000000000000,0.000000000000000000
1.290000000000000000,1,1.300000000000000000,4.333333333333333333,0.290000000000000000,992307.692307692307692307,0.000000000000000000,392307.692307692307692307,26525.198938992042440320,7692.307692307692307692,7692.307692307692307693
1.295000000000000000,0,1.295000000000000000,4.389830508474576271,0.295000000000000000,1000000.000000000000000000,0.000000000000000000,400000.000000000000000000,0.000000000000000000,0.000000000000000000,0.000000000000000000
1.295000000000000000,1,1.300000000000000000,4.333333333333333333,0.295000000000000000,996153.846153846153846153,0.000000000000000000,396153.846153846153846153,13037.809647979139504566,3846.153846153846153846,3846.153846153846153847
1.297500000000000000,0,1.297500000000000000,4.361344537815126050,0.297500000000000000,1000000.000000000000000000,0.000000000000000000,400000.000000000000000000,0.000000000000000000,0.000000000000000000,0.000000000000000000
1.297500000000000000,1,1.300000000000000000,4.333333333333333333,0.297500000000000000,998076.923076923076923076,0.000000000000000000,398076.923076923076923076,6464.124111182934712349,1923.076923076923076923,1923.076923076923076924
1.298750000000000000,0,1.298750000000000000,4.347280334728033472,0.298750000000000000,1000000.000000000000000000,0.000000000000000000,400000.000000000000000000,0.000000000000000000,0.000000000000000000,0.000000000000000000
1.298750000000000000,1,1.300000000000000000,4.333333333333333333,0.298750000000000000,999038.461538461538461538,0.000000000000000000,399038.461538461538461538,3218.538783392339877697,961.538461538461538461,961.538461538461538462
1.299375000000000000,0,1.299375000000000000,4.340292275574112734,0.299375000000000000,1000000.000000000000000000,0.000000000000000000,400000.000000000000000000,0.000000000000000000,0.000000000000000000,0.000000000000000000
1.299375000000000000,1,1.300000000000000000,4.333333333333333333,0.299375000000000000,999519.230769230769230769,0.000000000000000000,399519.230769230769230769,1605.909747872169584070,480.769230769230769230,480.769230769230769231
1.299687500000000000,0,1.299687500000000000,4.336809176225234619,0.299687500000000000,1000000.000000000000000000,0.000000000000000000,400000.000000000000000000,0.000000000000000000,0.000000000000000000,0.000000000000000000
1.299687500000000000,1,1.300000000000000000,4.333333333333333333,0.299687500000000000,999759.615384615384615384,0.000000000000000000,399759.615384615384615384,802.117590438758321972,240.384615384615384615,240.384615384615384616
1.300000000000000000,0,1.300000000000000000,4.333333333333333333,0.300000000000000000,1000000.000000000000000000,0.000000000000000000,400000.000000000000000000,0.000000000000000000,0.000000000000000000,0.000000000000000000
1.310000000000000000,0,1.310000000000000000,4.225806451612903225,0.310000000000000000,1000000.000000000000000000,0.000000000000000000,400000.000000000000000000,0.000000000000000000,0.000000000000000000,0.000000000000000000
1.320000000000000000,0,1.320000000000000000,4.125000000000000000,0.320000000000000000,1000000.000000000000000000,0.000000000000000000,400000.000000000000000000,0.000000000000000000,0.000000000000000000,0.000000000000000000
1.330000000000000000,0,1.330000000000000000,4.030303030303030303,0.330000000000000000,1000000.000000000000000000,0.000000000000000000,400000.000000000000000000,0.000000000000000000,0.000000000000000000,0.000000000000000000
1.340000000000000000,0,1.340000000000000000,3.941176470588235294,0.340000000000000000,1000000.000000000000000000,0.000000000000000000,400000.000000000000000000,0.000000000000000000,0.000000000000000000,0.000000000000000000
1.350000000000000000,0,1.350000000000000000,3.857142857142857142,0.350000000000000000,1000000.000000000000000000,0.000000000000000000,400000.000000000000000000,0.000000000000000000,0.000000000000000000,0.000000000000000000
1.360000000000000000,0,1.360000000000000000,3.777777777777777777,0.360000000000000000,1000000.000000000000000000,0.000000000000000000,400000.000000000000000000,0.000000000000000000,0.000000000000000000,0.000000000000000000
1.370000000000000000,0,1.370000000000000000,3.702702702702702702,0.370000000000000000,1000000.000000000000000000,0.000000000000000000,400000.000000000000000000,0.000000000000000000,0.000000000000000000,0.000000000000000000
1.380000000000000000,0,1.380000000000000000,3.631578947368421052,0.380000000000000000,1000000.000000000000000000,0.000000000000000000,400000.000000000000000000,0.000000000000000000,0.000000000000000000,0.000000000000000000
1.390000000000000000,0,1.390000000000000000,3.564102564102564102,0.390000000000000000,1000000.000000000000000000,0.000000000000000000,400000.000000000000000000,0.000000000000000000,0.000000000000000000,0.000000000000000000
1.400000000000000000,0,1.400000000000000000,3.500000000000000000,0.400000000000000000,1000000.000000000000000000,0.000000000000000000,400000.000000000000000000,0.000000000000000000,0.000000000000000000,0.000000000000000000
1.410000000000000000,0,1.410000000000000000,3.439024390243902439,0.410000000000000000,1000000.000000000000000000,0.000000000000000000,400000.000000000000000000,0.000000000000000000,0.000000000000000000,0.000000000000000000
1.420000000000000000,0,1.420000000000000000,3.380952380952380952,0.420000000000000000,1000000.000000000000000000,0.000000000000000000,400000.000000000000000000,0.000000000000000000,0.000000000000000000,0.000000000000000000
1.430000000000000000,0,1.430000000000000000,3.325581395348837209,0.430000000000000000,1000000.000000000000000000,0.000000000000000000,400000.000000000000000000,0.000000000000000000,0.000000000000000000,0.000000000000000000
1.440000000000000000,0,1.440000000000000000,3.272727272727272727,0.440000000000000000,1000000.000000000000000000,0.000000000000000000,400000.000000000000000000,0.000000000000000000,0.000000000000000000,0.000000000000000000
1.450000000000000000,0,1.450000000000000000,3.222222222222222222,0.450000000000000000,1000000.000000000000000000,0.000000000000000000,400000.000000000000000000,0.000000000000000000,0.000000000000000000,0.000000000000000000
1.460000000000000000,0,1.460000000000000000,3.173913043478260869,0.460000000000000000,1000000.000000000000000000,0.000000000000000000,400000.000000000000000000,0.000000000000000000,0.000000000000000000,0.000000000000000000
1.470000000000000000,0,1.470000000000000000,3.127659574468085106,0.470000000000000000,1000000.000000000000000000,0.000000000000000000,400000.000000000000000000,0.000000000000000000,0.000000000000000000,0.000000000000000000
1.480000000000000000,0,1.480000000000000000,3.083333333333333333,0.480000000000000000,1000000.000000000000000000,0.000000000000000000,400000.000000000000000000,0.000000000000000000,0.000000000000000000,0.000000000000000000
1.490000000000000000,0,1.490000000000000000,3.040816326530612244,0.490000000000000000,1000000.000000000000000000,0.000000000000000000,400000.000000000000000000,0.000000000000000000,0.000000000000000000,0.000000000000000000
1.500000000000000000,0,1.500000000000000000,3.000000000000000000,0.500000000000000000,1000000.000000000000000000,0.000000000000000000,400000.000000000000000000,0.000000000000000000,0.000000000000000000,0.000000000000000000
1.510000000000000000,0,1.510000000000000000,2.960784313725490196,0.510000000000000000,1000000.000000000000000000,0.000000000000000000,400000.000000000000000000,0.000000000000000000,0.000000000000000000,0.000000000000000000
1.520000000000000000,0,1.520000000000000000,2.923076923076923076,0.520000000000000000,1000000.000000000000000000,0.000000000000000000,400000.000000000000000000,0.000000000000000000,0.000000000000000000,0.000000000000000000
1.530000000000000000,0,1.530000000000000000,2.886792452830188679,0.530000000000000000,1000000.000000000000000000,0.000000000000000000,400000.000000000000000000,0.000000000000000000,0.000000000000000000,0.000000000000000000
1.540000000000000000,0,1.540000000000000000,2.851851851851851851,0.540000000000000000,1000000.000000000000000000,0.000000000000000000,400000.000000000000000000,0.000000000000000000,0.000000000000000000,0.000000000000000000
1.550000000000000000,0,1.550000000000000000,2.818181818181818181,0.550000000000000000,1000000.000000000000000000,0.000000000000000000,400000.000000000000000000,0.000000000000000000,0.000000000000000000,0.000000000000000000
1.560000000000000000,0,1.560000000000000000,2.785714285714285714,0.560000000000000000,1000000.000000000000000000,0.000000000000000000,400000.000000000000000000,0.000000000000000000,0.000000000000000000,0.000000000000000000
1.570000000000000000,0,1.570000000000000000,2.754385964912280701,0.570000000000000000,1000000.000000000000000000,0.000000000000000000,400000.000000000000000000,0.000000000000000000,0.000000000000000000,0.000000000000000000
1.580000000000000000,0,1.580000000000000000,2.724137931034482758,0.580000000000000000,1000000.000000000000000000,0.000000000000000000,400000.000000000000000000,0.000000000000000000,0.000000000000000000,0.000000000000000000
1.590000000000000000,0,1.590000000000000000,2.694915254237288135,0.590000000000000000,1000000.000000000000000000,0.000000000000000000,400000.000000000000000000,0.000000000000000000,0.000000000000000000,0.000000000000000000
1.600000000000000000,0,1.600000000000000000,2.666666666666666666,0.600000000000000000,1000000.000000000000000000,0.000000000000000000,400000.000000000000000000,0.000000000000000000,0.000000000000000000,0.000000000000000000
