Time,claim1STEAM,claim1Collateral,distributableSTEAM,distributableCollateral,undistributedSTEAM,undistributedCollateral,queuedSTEAM,queuedCollateral,claim2STEAM,claim2Collateral
0.000000000000000000,0.000000000000000000,0.000000000000000000,0.000000000000000000,0.000000000000000000,0.000000000000000000,0.000000000000000000,0.000000000000000000,0.000000000000000000,0.000000000000000000,0.000000000000000000
0.013888888888888888,0.000000000000000000,0.000000000000000000,0.000000000000000000,0.000000000000000000,0.000000000000000000,0.000000000000000000,0.000000000000000000,0.000000000000000000,0.000000000000000000,0.000000000000000000
0.027777777777777777,0.000000000000000000,0.000000000000000000,0.000000000000000000,0.000000000000000000,0.000000000000000000,0.000000000000000000,0.000000000000000000,0.000000000000000000,0.000000000000000000,0.000000000000000000
0.041666666666666666,0.000000000000000000,0.000000000000000000,0.000000000000000000,0.000000000000000000,0.000000000000000000,0.000000000000000000,0.000000000000000000,0.000000000000000000,0.000000000000000000,0.000000000000000000
0.055555555555555555,0.000000000000000000,0.000000000000000000,0.000000000000000000,0.000000000000000000,0.000000000000000000,0.000000000000000000,0.000000000000000000,0.000000000000000000,0.000000000000000000,0.000000000000000000
0.069444444444444444,0.000000000000000000,0.000000000000000000,0.000000000000000000,0.000000000000000000,0.000000000000000000,0.000000000000000000,0.000000000000000000,0.000000000000000000,0.000000000000000000,0.000000000000000000
0.083333333333333333,0.000000000000000000,0.000000000000000000,0.000000000000000000,0.000000000000000000,0.000000000000000000,0.000000000000000000,0.000000000000000000,0.000000000000000000,0.000000000000000000,0.000000000000000000
0.097222222222222222,0.000000000000000000,0.000000000000000000,0.000000000000000000,0.000000000000000000,0.000000000000000000,0.000000000000000000,0.000000000000000000,0.000000000000000000,0.000000000000000000,0.000000000000000000
0.111111111111111111,0.000000000000000000,0.000000000000000000,0.000000000000000000,0.000000000000000000,0.000000000000000000,0.000000000000000000,0.000000000000000000,0.000000000000000000,0.000000000000000000,0.000000000000000000
0.125000000000000000,0.000000000000000000,0.000000000000000000,0.000000000000000000,0.000000000000000000,0.000000000000000000,0.000000000000000000,0.000000000000000000,0.000000000000000000,0.000000000000000000,0.000000000000000000
0.138888888888888888,0.000000000000000000,0.000000000000000000,0.000000000000000000,0.000000000000000000,0.000000000000000000,0.000000000000000000,0.000000000000000000,0.000000000000000000,0.000000000000000000,0.000000000000000000
0.152777777777777777,0.000000000000000000,0.000000000000000000,0.000000000000000000,0.000000000000000000,0.000000000000000000,0.000000000000000000,0.000000000000000000,0.000000000000000000,0.000000000000000000,0.000000000000000000
0.166666666666666666,0.000000000000000000,0.000000000000000000,0.000000000000000000,0.000000000000000000,0.000000000000000000,0.000000000000000000,0.000000000000000000,0.000000000000000000,0.000000000000000000,0.000000000000000000
0.180555555555555555,0.000000000000000000,0.000000000000000000,0.000000000000000000,0.000000000000000000,0.000000000000000000,0.000000000000000000,0.000000000000000000,0.000000000000000000,0.000000000000000000,0.000000000000000000
0.194444444444444444,0.000000000000000000,0.000000000000000000,0.000000000000000000,0.000000000000000000,0.000000000000000000,0.000000000000000000,0.000000000000000000,0.000000000000000000,0.000000000000000000,0.000000000000000000
0.208333333333333333,0.000000000000000000,0.000000000000000000,0.000000000000000000,0.000000000000000000,0.000000000000000000,0.000000000000000000,0.000000000000000000,0.000000000000000000,0.000000000000000000,0.000000000000000000
0.222222222222222222,0.000000000000000000,0.000000000000000000,0.000000000000000000,0.000000000000000000,0.000000000000000000,0.000000000000000000,0.000000000000000000,0.000000000000000000,0.000000000000000000,0.000000000000000000
0.236111111111111111,0.000000000000000000,0.000000000000000000,0.000000000000000000,0.000000000000000000,0.000000000000000000,0.000000000000000000,0.000000000000000000,0.000000000000000000,0.000000000000000000,0.000000000000000000
0.250000000000000000,0.000000000000000000,0.000000000000000000,0.000000000000000000,0.000000000000000000,0.000000000000000000,0.000000000000000000,0.000000000000000000,0.000000000000000000,0.000000000000000000,0.000000000000000000
0.263888888888888888,0.000000000000000000,0.000000000000000000,0.000000000000000000,0.000000000000000000,0.000000000000000000,0.000000000000000000,0.000000000000000000,0.000000000000000000,0.000000000000000000,0.000000000000000000
0.277777777777777777,0.000000000000000000,0.000000000000000000,0.000000000000000000,0.000000000000000000,0.000000000000000000,0.000000000000000000,0.000000000000000000,0.000000000000000000,0.000000000000000000,0.000000000000000000
0.291666666666666666,0.000000000000000000,0.000000000000000000,0.000000000000000000,0.000000000000000000,0.000000000000000000,0.000000000000000000,0.000000000000000000,0.000000000000000000,0.000000000000000000,0.000000000000000000
0.305555555555555555,0.000000000000000000,0.000000000000000000,0.000000000000000000,0.000000000000000000,0.000000000000000000,0.000000000000000000,0.000000000000000000,0.000000000000000000,0.000000000000000000,0.000000000000000000
0.319444444444444444,0.000000000000000000,0.000000000000000000,0.000000000000000000,0.000000000000000000,0.000000000000000000,0.000000000000000000,0.000000000000000000,0.000000000000000000,0.000000000000000000,0.000000000000000000
0.333333333333333333,0.000000000000000000,0.000000000000000000,0.000000000000000000,0.000000000000000000,0.000000000000000000,0.000000000000000000,0.000000000000000000,0.000000000000000000,0.000000000000000000,0.000000000000000000
0.347222222222222222,0.000000000000000000,0.000000000000000000,0.000000000000000000,0.000000000000000000,0.000000000000000000,0.000000000000000000,0.000000000000000000,0.000000000000000000,0.000000000000000000,0.000000000000000000
0.361111111111111111,0.000000000000000000,0.000000000000000000,0.000000000000000000,0.000000000000000000,0.000000000000000000,0.000000000000000000,0.000000000000000000,0.000000000000000000,0.000000000000000000,0.000000000000000000
0.375000000000000000,0.000000000000000000,0.000000000000000000,0.000000000000000000,0.000000000000000000,0.000000000000000000,0.000000000000000000,0.000000000000000000,0.000000000000000000,0.000000000000000000,0.000000000000000000
0.388888888888888888,0.000000000000000000,0.000000000000000000,0.000000000000000000,0.000000000000000000,0.000000000000000000,0.000000000000000000,0.000000000000000000,0.000000000000000000,0.000000000000000000,0.000000000000000000
0.402777777777777777,0.000000000000000000,0.000000000000000000,0.000000000000000000,0.000000000000000000,0.000000000000000000,0.000000000000000000,0.000000000000000000,0.000000000000000000,0.000000000000000000,0.000000000000000000
0.416666666666666666,0.000000000000000000,0.000000000000000000,0.000000000000000000,0.000000000000000000,0.000000000000000000,0.000000000000000000,0.000000000000000000,0.000000000000000000,0.000000000000000000,0.000000000000000000
0.430555555555555555,0.000000000000000000,0.000000000000000000,0.000000000000000000,0.000000000000000000,0.000000000000000000,0.000000000000000000,0.000000000000000000,0.000000000000000000,0.000000000000000000,0.000000000000000000
0.444444444444444444,0.000000000000000000,0.000000000000000000,0.000000000000000000,0.000000000000000000,0.000000000000000000,0.000000000000000000,0.000000000000000000,0.000000000000000000,0.000000000000000000,0.000000000000000000
0.458333333333333333,0.000000000000000000,0.000000000000000000,0.000000000000000000,0.000000000000000000,0.000000000000000000,0.000000000000000000,0.000000000000000000,0.000000000000000000,0.000000000000000000,0.000000000000000000
0.472222222222222222,0.000000000000000000,0.000000000000000000,0.000000000000000000,0.000000000000000000,0.000000000000000000,0.000000000000000000,0.000000000000000000,0.000000000000000000,0.000000000000000000,0.000000000000000000
0.486111111111111111,0.000000000000000000,0.000000000000000000,0.000000000000000000,0.000000000000000000,0.000000000000000000,0.000000000000000000,0.000000000000000000,0.000000000000000000,0.000000000000000000,0.000000000000000000
0.500000000000000000,0.000000000000000000,0.000000000000000000,0.000000000000000000,0.000000000000000000,0.000000000000000000,0.000000000000000000,0.000000000000000000,0.000000000000000000,0.000000000000000000,0.000000000000000000
0.513888888888888888,0.000000000000000000,0.000000000000000000,0.000000000000000000,0.000000000000000000,0.000000000000000000,0.000000000000000000,0.000000000000000000,0.000000000000000000,0.000000000000000000,0.000000000000000000
0.527777777777777777,0.000000000000000000,0.000000000000000000,0.000000000000000000,0.000000000000000000,0.000000000000000000,0.000000000000000000,0.000000000000000000,0.000000000000000000,0.000000000000000000,0.000000000000000000
0.541666666666666666,0.000000000000000000,0.000000000000000000,0.000000000000000000,0.000000000000000000,0.000000000000000000,0.000000000000000000,0.000000000000000000,0.000000000000000000,0.000000000000000000,0.000000000000000000
0.555555555555555555,0.000000000000000000,0.000000000000000000,0.000000000000000000,0.000000000000000000,0.000000000000000000,0.000000000000000000,0.000000000000000000,0.000000000000000000,0.000000000000000000,0.000000000000000000
0.569444444444444444,0.000000000000000000,0.000000000000000000,0.000000000000000000,0.000000000000000000,0.000000000000000000,0.000000000000000000,0.000000000000000000,0.000000000000000000,0.000000000000000000,0.000000000000000000
0.583333333333333333,0.000000000000000000,0.000000000000000000,0.000000000000000000,0.000000000000000000,0.000000000000000000,0.000000000000000000,0.000000000000000000,0.000000000000000000,0.000000000000000000,0.000000000000000000
0.597222222222222222,0.000000000000000000,0.000000000000000000,0.000000000000000000,0.000000000000000000,0.000000000000000000,0.000000000000000000,0.000000000000000000,0.000000000000000000,0.000000000000000000,0.000000000000000000
0.611111111111111111,0.000000000000000000,0.000000000000000000,0.000000000000000000,0.000000000000000000,0.000000000000000000,0.000000000000000000,0.000000000000000000,0.000000000000000000,0.000000000000000000,0.000000000000000000
0.625000000000000000,0.000000000000000000,0.000000000000000000,0.000000000000000000,0.000000000000000000,0.000000000000000000,0.000000000000000000,0.000000000000000000,0.000000000000000000,0.000000000000000000,0.000000000000000000
0.638888888888888888,0.000000000000000000,0.000000000000000000,0.000000000000000000,0.000000000000000000,0.000000000000000000,0.000000000000000000,0.000000000000000000,0.000000000000000000,0.000000000000000000,0.000000000000000000
0.652777777777777777,0.000000000000000000,0.000000000000000000,0.000000000000000000,0.000000000000000000,0.000000000000000000,0.000000000000000000,0.000000000000000000,0.000000000000000000,0.000000000000000000,0.000000000000000000
0.666666666666666666,0.000000000000000000,0.000000000000000000,0.000000000000000000,0.000000000000000000,0.000000000000000000,0.000000000000000000,0.000000000000000000,0.000000000000000000,0.000000000000000000,0.000000000000000000
0.680555555555555555,0.000000000000000000,0.000000000000000000,0.000000000000000000,0.000000000000000000,0.000000000000000000,0.000000000000000000,0.000000000000000000,0.000000000000000000,0.000000000000000000,0.000000000000000000
0.694444444444444444,0.000000000000000000,0.000000000000000000,0.000000000000000000,0.000000000000000000,0.000000000000000000,0.000000000000000000,0.000000000000000000,0.000000000000000000,0.000000000000000000,0.000000000000000000
0.708333333333333333,0.000000000000000000,0.000000000000000000,0.000000000000000000,0.000000000000000000,0.000000000000000000,0.000000000000000000,0.000000000000000000,0.000000000000000000,0.000000000000000000,0.000000000000000000
0.722222222222222222,0.000000000000000000,0.000000000000000000,0.000000000000000000,0.000000000000000000,0.000000000000000000,0.000000000000000000,0.000000000000000000,0.000000000000000000,0.000000000000000000,0.000000000000000000
0.736111111111111111,0.000000000000000000,0.000000000000000000,0.000000000000000000,0.000000000000000000,0.000000000000000000,0.000000000000000000,0.000000000000000000,0.000000000000000000,0.000000000000000000,0.000000000000000000
0.750000000000000000,0.000000000000000000,0.000000000000000000,0.000000000000000000,0.000000000000000000,0.000000000000000000,0.000000000000000000,0.000000000000000000,0.000000000000000000,0.000000000000000000,0.000000000000000000
0.763888888888888888,0.000000000000000000,0.000000000000000000,0.000000000000000000,0.000000000000000000,0.000000000000000000,0.000000000000000000,0.000000000000000000,0.000000000000000000,0.000000000000000000,0.000000000000000000
0.777777777777777777,0.000000000000000000,0.000000000000000000,0.000000000000000000,0.000000000000000000,0.000000000000000000,0.000000000000000000,0.000000000000000000,0.000000000000000000,0.000000000000000000,0.000000000000000000
0.791666666666666666,0.000000000000000000,0.000000000000000000,0.000000000000000000,0.000000000000000000,0.000000000000000000,0.000000000000000000,0.000000000000000000,0.000000000000000000,0.000000000000000000,0.000000000000000000
0.805555555555555555,0.000000000000000000,0.000000000000000000,0.000000000000000000,0.000000000000000000,0.000000000000000000,0.000000000000000000,0.000000000000000000,0.000000000000000000,0.000000000000000000,0.000000000000000000
0.819444444444444444,0.000000000000000000,0.000000000000000000,0.000000000000000000,0.000000000000000000,0.000000000000000000,0.000000000000000000,0.000000000000000000,0.000000000000000000,0.000000000000000000,0.000000000000000000
0.833333333333333333,0.000000000000000000,0.000000000000000000,0.000000000000000000,0.000000000000000000,0.000000000000000000,0.000000000000000000,0.000000000000000000,0.000000000000000000,0.000000000000000000,0.000000000000000000
0.847222222222222222,0.000000000000000000,0.000000000000000000,0.000000000000000000,0.000000000000000000,0.000000000000000000,0.000000000000000000,0.000000000000000000,0.000000000000000000,0.000000000000000000,0.000000000000000000
0.861111111111111111,0.000000000000000000,0.000000000000000000,0.000000000000000000,0.000000000000000000,0.000000000000000000,0.000000000000000000,0.000000000000000000,0.000000000000000000,0.000000000000000000,0.000000000000000000
0.875000000000000000,0.000000000000000000,0.000000000000000000,0.000000000000000000,0.000000000000000000,0.000000000000000000,0.000000000000000000,0.000000000000000000,0.000000000000000000,0.000000000000000000,0.000000000000000000
0.888888888888888888,0.000000000000000000,0.000000000000000000,0.000000000000000000,0.000000000000000000,0.000000000000000000,0.000000000000000000,0.000000000000000000,0.000000000000000000,0.000000000000000000,0.000000000000000000
0.902777777777777777,0.000000000000000000,0.000000000000000000,0.000000000000000000,0.000000000000000000,0.000000000000000000,0.000000000000000000,0.000000000000000000,0.000000000000000000,0.000000000000000000,0.000000000000000000
0.916666666666666666,0.000000000000000000,0.000000000000000000,0.000000000000000000,0.000000000000000000,0.000000000000000000,0.000000000000000000,0.000000000000000000,0.000000000000000000,0.000000000000000000,0.000000000000000000
0.930555555555555555,0.000000000000000000,0.000000000000000000,0.000000000000000000,0.000000000000000000,0.000000000000000000,0.000000000000000000,0.000000000000000000,0.000000000000000000,0.000000000000000000,0.000000000000000000
0.944444444444444444,0.000000000000000000,0.000000000000000000,0.000000000000000000,0.000000000000000000,0.000000000000000000,0.000000000000000000,0.000000000000000000,0.000000000000000000,0.000000000000000000,0.000000000000000000
0.958333333333333333,0.000000000000000000,0.000000000000000000,0.000000000000000000,0.000000000000000000,0.000000000000000000,0.000000000000000000,0.000000000000000000,0.000000000000000000,0.000000000000000000,0.000000000000000000
0.972222222222222222,0.000000000000000000,0.000000000000000000,0.000000000000000000,0.000000000000000000,0.000000000000000000,0.000000000000000000,0.000000000000000000,0.000000000000000000,0.000000000000000000,0.000000000000000000
0.986111111111111111,0.000000000000000000,0.000000000000000000,0.000000000000000000,0.000000000000000000,0.000000000000000000,0.000000000000000000,0.000000000000000000,0.000000000000000000,0.000000000000000000,0.000000000000000000
1.000000000000000000,0.000000000000000000,0.000000000000000000,0.000000000000000000,0.000000000000000000,0.999999999999907200,0.000000000000000000,0.000000000000092800,0.000000000000000000,0.000000000000000000,0.000000000000000000
1.013888888888888888,0.001984126984126800,0.000000000000000000,0.001984126984126800,0.000000000000000000,0.998015873015780400,0.000000000000000000,0.000000000000092800,0.000000000000000000,0.000000000000000000,0.000000000000000000
1.027777777777777777,0.003968253968253600,0.000000000000000000,0.003968253968253600,0.000000000000000000,0.996031746031653600,0.000000000000000000,0.000000000000092800,0.000000000000000000,0.000000000000000000,0.000000000000000000
1.041666666666666666,0.005952380952380400,0.000000000000000000,0.005952380952380400,0.000000000000000000,0.994047619047526800,0.000000000000000000,0.000000000000092800,0.000000000000000000,0.000000000000000000,0.000000000000000000
1.055555555555555555,0.007936507936507200,0.000000000000000000,0.007936507936507200,0.000000000000000000,0.992063492063400000,0.000000000000000000,0.000000000000092800,0.000000000000000000,0.000000000000000000,0.000000000000000000
1.069444444444444444,0.009920634920634000,0.000000000000000000,0.009920634920634000,0.000000000000000000,0.990079365079273200,0.000000000000000000,0.000000000000092800,0.000000000000000000,0.000000000000000000,0.000000000000000000
1.083333333333333333,0.011904761904760800,0.000000000000000000,0.011904761904760800,0.000000000000000000,0.988095238095146400,0.000000000000000000,0.000000000000092800,0.000000000000000000,0.000000000000000000,0.000000000000000000
1.097222222222222222,0.013888888888887600,0.000000000000000000,0.013888888888887600,0.000000000000000000,0.986111111111019600,0.000000000000000000,0.000000000000092800,0.000000000000000000,0.000000000000000000,0.000000000000000000
1.111111111111111111,0.015873015873014400,0.000000000000000000,0.015873015873014400,0.000000000000000000,0.984126984126892800,0.000000000000000000,0.000000000000092800,0.000000000000000000,0.000000000000000000,0.000000000000000000
1.125000000000000000,0.017857142857141200,0.000000000000000000,0.017857142857141200,0.000000000000000000,0.982142857142766000,0.000000000000000000,0.000000000000092800,0.000000000000000000,0.000000000000000000,0.000000000000000000
1.138888888888888888,0.019841269841268000,0.000000000000000000,0.019841269841268000,0.000000000000000000,0.980158730158639200,0.000000000000000000,0.000000000000092800,0.000000000000000000,0.000000000000000000,0.000000000000000000
1.152777777777777777,0.021825396825394800,0.000000000000000000,0.021825396825394800,0.000000000000000000,0.978174603174512400,0.000000000000000000,0.000000000000092800,0.000000000000000000,0.000000000000000000,0.000000000000000000
1.166666666666666666,0.023809523809521600,0.000000000000000000,0.023809523809521600,0.000000000000000000,0.976190476190385600,0.000000000000000000,0.000000000000092800,0.000000000000000000,0.000000000000000000,0.000000000000000000
1.180555555555555555,0.025793650793648400,0.000000000000000000,0.025793650793648400,0.000000000000000000,0.974206349206258800,0.000000000000000000,0.000000000000092800,0.000000000000000000,0.000000000000000000,0.000000000000000000
1.194444444444444444,0.027777777777775200,0.000000000000000000,0.027777777777775200,0.000000000000000000,0.972222222222132000,0.000000000000000000,0.000000000000092800,0.000000000000000000,0.000000000000000000,0.000000000000000000
1.208333333333333333,0.029761904761902000,0.000000000000000000,0.029761904761902000,0.000000000000000000,0.970238095238005200,0.000000000000000000,0.000000000000092800,0.000000000000000000,0.000000000000000000,0.000000000000000000
1.222222222222222222,0.031746031746028800,0.000000000000000000,0.031746031746028800,0.000000000000000000,0.968253968253878400,0.000000000000000000,0.000000000000092800,0.000000000000000000,0.000000000000000000,0.000000000000000000
1.236111111111111111,0.033730158730155600,0.000000000000000000,0.033730158730155600,0.000000000000000000,0.966269841269751600,0.000000000000000000,0.000000000000092800,0.000000000000000000,0.000000000000000000,0.000000000000000000
1.250000000000000000,0.035714285714282400,0.000000000000000000,0.035714285714282400,0.000000000000000000,0.964285714285624800,0.000000000000000000,0.000000000000092800,0.000000000000000000,0.000000000000000000,0.000000000000000000
1.263888888888888888,0.037698412698409200,0.000000000000000000,0.037698412698409200,0.000000000000000000,0.962301587301498000,0.000000000000000000,0.000000000000092800,0.000000000000000000,0.000000000000000000,0.000000000000000000
1.277777777777777777,0.039682539682536000,0.000000000000000000,0.039682539682536000,0.000000000000000000,0.960317460317371200,0.000000000000000000,0.000000000000092800,0.000000000000000000,0.000000000000000000,0.000000000000000000
1.291666666666666666,0.041666666666662800,0.000000000000000000,0.041666666666662800,0.000000000000000000,0.958333333333244400,0.000000000000000000,0.000000000000092800,0.000000000000000000,0.000000000000000000,0.000000000000000000
1.305555555555555555,0.043650793650789600,0.000000000000000000,0.043650793650789600,0.000000000000000000,0.956349206349117600,0.000000000000000000,0.000000000000092800,0.000000000000000000,0.000000000000000000,0.000000000000000000
1.319444444444444444,0.045634920634916400,0.000000000000000000,0.045634920634916400,0.000000000000000000,0.954365079364990800,0.000000000000000000,0.000000000000092800,0.000000000000000000,0.000000000000000000,0.000000000000000000
1.333333333333333333,0.047619047619043200,0.000000000000000000,0.047619047619043200,0.000000000000000000,0.952380952380864000,0.000000000000000000,0.000000000000092800,0.000000000000000000,0.000000000000000000,0.000000000000000000
1.347222222222222222,0.049603174603170000,0.000000000000000000,0.049603174603170000,0.000000000000000000,0.950396825396737200,0.000000000000000000,0.000000000000092800,0.000000000000000000,0.000000000000000000,0.000000000000000000
1.361111111111111111,0.051587301587296800,0.000000000000000000,0.051587301587296800,0.000000000000000000,0.948412698412610400,0.000000000000000000,0.000000000000092800,0.000000000000000000,0.000000000000000000,0.000000000000000000
1.375000000000000000,0.053571428571423600,0.000000000000000000,0.053571428571423600,0.000000000000000000,0.946428571428483600,0.000000000000000000,0.000000000000092800,0.000000000000000000,0.000000000000000000,0.000000000000000000
1.388888888888888888,0.055555555555550400,0.000000000000000000,0.055555555555550400,0.000000000000000000,0.944444444444356800,0.000000000000000000,0.000000000000092800,0.000000000000000000,0.000000000000000000,0.000000000000000000
1.402777777777777777,0.057539682539677200,0.000000000000000000,0.057539682539677200,0.000000000000000000,0.942460317460230000,0.000000000000000000,0.000000000000092800,0.000000000000000000,0.000000000000000000,0.000000000000000000
1.416666666666666666,0.059523809523804000,0.000000000000000000,0.059523809523804000,0.000000000000000000,0.940476190476103200,0.000000000000000000,0.000000000000092800,0.000000000000000000,0.000000000000000000,0.000000000000000000
1.430555555555555555,0.061507936507930800,0.000000000000000000,0.061507936507930800,0.000000000000000000,0.938492063491976400,0.000000000000000000,0.000000000000092800,0.000000000000000000,0.000000000000000000,0.000000000000000000
1.444444444444444444,0.063492063492057600,0.000000000000000000,0.063492063492057600,0.000000000000000000,0.936507936507849600,0.000000000000000000,0.000000000000092800,0.000000000000000000,0.000000000000000000,0.000000000000000000
1.458333333333333333,0.065476190476184400,0.000000000000000000,0.065476190476184400,0.000000000000000000,0.934523809523722800,0.000000000000000000,0.000000000000092800,0.000000000000000000,0.000000000000000000,0.000000000000000000
1.472222222222222222,0.067460317460311200,0.000000000000000000,0.067460317460311200,0.000000000000000000,0.932539682539596000,0.000000000000000000,0.000000000000092800,0.000000000000000000,0.000000000000000000,0.000000000000000000
1.486111111111111111,0.069444444444438000,0.000000000000000000,0.069444444444438000,0.000000000000000000,0.930555555555469200,0.000000000000000000,0.000000000000092800,0.000000000000000000,0.000000000000000000,0.000000000000000000
1.500000000000000000,0.071428571428564800,0.000000000000000000,0.071428571428564800,0.000000000000000000,0.928571428571342400,0.000000000000000000,0.000000000000092800,0.000000000000000000,0.000000000000000000,0.000000000000000000
1.513888888888888888,0.073412698412691600,0.000000000000000000,0.073412698412691600,0.000000000000000000,0.926587301587215600,0.000000000000000000,0.000000000000092800,0.000000000000000000,0.000000000000000000,0.000000000000000000
1.527777777777777777,0.075396825396818400,0.000000000000000000,0.075396825396818400,0.000000000000000000,0.924603174603088800,0.000000000000000000,0.000000000000092800,0.000000000000000000,0.000000000000000000,0.000000000000000000
1.541666666666666666,0.077380952380945200,0.000000000000000000,0.077380952380945200,0.000000000000000000,0.922619047618962000,0.000000000000000000,0.000000000000092800,0.000000000000000000,0.000000000000000000,0.000000000000000000
1.555555555555555555,0.079365079365072000,0.000000000000000000,0.079365079365072000,0.000000000000000000,0.920634920634835200,0.000000000000000000,0.000000000000092800,0.000000000000000000,0.000000000000000000,0.000000000000000000
1.569444444444444444,0.081349206349198800,0.000000000000000000,0.081349206349198800,0.000000000000000000,0.918650793650708400,0.000000000000000000,0.000000000000092800,0.000000000000000000,0.000000000000000000,0.000000000000000000
1.583333333333333333,0.083333333333325600,0.000000000000000000,0.083333333333325600,0.000000000000000000,0.916666666666581600,0.000000000000000000,0.000000000000092800,0.000000000000000000,0.000000000000000000,0.000000000000000000
1.597222222222222222,0.085317460317452400,0.000000000000000000,0.085317460317452400,0.000000000000000000,0.914682539682454800,0.000000000000000000,0.000000000000092800,0.000000000000000000,0.000000000000000000,0.000000000000000000
1.611111111111111111,0.087301587301579200,0.000000000000000000,0.087301587301579200,0.000000000000000000,0.912698412698328000,0.000000000000000000,0.000000000000092800,0.000000000000000000,0.000000000000000000,0.000000000000000000
1.625000000000000000,0.089285714285706000,0.000000000000000000,0.089285714285706000,0.000000000000000000,0.910714285714201200,0.000000000000000000,0.000000000000092800,0.000000000000000000,0.000000000000000000,0.000000000000000000
1.638888888888888888,0.091269841269832800,0.000000000000000000,0.091269841269832800,0.000000000000000000,0.908730158730074400,0.000000000000000000,0.000000000000092800,0.000000000000000000,0.000000000000000000,0.000000000000000000
1.652777777777777777,0.093253968253959600,0.000000000000000000,0.093253968253959600,0.000000000000000000,0.906746031745947600,0.000000000000000000,0.000000000000092800,0.000000000000000000,0.000000000000000000,0.000000000000000000
1.666666666666666666,0.095238095238086400,0.000000000000000000,0.095238095238086400,0.000000000000000000,0.904761904761820800,0.000000000000000000,0.000000000000092800,0.000000000000000000,0.000000000000000000,0.000000000000000000
1.680555555555555555,0.097222222222213200,0.000000000000000000,0.097222222222213200,0.000000000000000000,0.902777777777694000,0.000000000000000000,0.000000000000092800,0.000000000000000000,0.000000000000000000,0.000000000000000000
1.694444444444444444,0.099206349206340000,0.000000000000000000,0.099206349206340000,0.000000000000000000,0.900793650793567200,0.000000000000000000,0.000000000000092800,0.000000000000000000,0.000000000000000000,0.000000000000000000
1.708333333333333333,0.101190476190466800,0.000000000000000000,0.101190476190466800,0.000000000000000000,0.898809523809440400,0.000000000000000000,0.000000000000092800,0.000000000000000000,0.000000000000000000,0.000000000000000000
1.722222222222222222,0.103174603174593600,0.000000000000000000,0.103174603174593600,0.000000000000000000,0.896825396825313600,0.000000000000000000,0.000000000000092800,0.000000000000000000,0.000000000000000000,0.000000000000000000
1.736111111111111111,0.105158730158720400,0.000000000000000000,0.105158730158720400,0.000000000000000000,0.894841269841186800,0.000000000000000000,0.000000000000092800,0.000000000000000000,0.000000000000000000,0.000000000000000000
1.750000000000000000,0.107142857142847200,0.000000000000000000,0.107142857142847200,0.000000000000000000,0.892857142857060000,0.000000000000000000,0.000000000000092800,0.000000000000000000,0.000000000000000000,0.000000000000000000
1.763888888888888888,0.109126984126974000,0.000000000000000000,0.109126984126974000,0.000000000000000000,0.890873015872933200,0.000000000000000000,0.000000000000092800,0.000000000000000000,0.000000000000000000,0.000000000000000000
1.777777777777777777,0.111111111111100800,0.000000000000000000,0.111111111111100800,0.000000000000000000,0.888888888888806400,0.000000000000000000,0.000000000000092800,0.000000000000000000,0.000000000000000000,0.000000000000000000
1.791666666666666666,0.113095238095227600,0.000000000000000000,0.113095238095227600,0.000000000000000000,0.886904761904679600,0.000000000000000000,0.000000000000092800,0.000000000000000000,0.000000000000000000,0.000000000000000000
1.805555555555555555,0.115079365079354400,0.000000000000000000,0.115079365079354400,0.000000000000000000,0.884920634920552800,0.000000000000000000,0.000000000000092800,0.000000000000000000,0.000000000000000000,0.000000000000000000
1.819444444444444444,0.117063492063481200,0.000000000000000000,0.117063492063481200,0.000000000000000000,0.882936507936426000,0.000000000000000000,0.000000000000092800,0.000000000000000000,0.000000000000000000,0.000000000000000000
1.833333333333333333,0.119047619047608000,0.000000000000000000,0.119047619047608000,0.000000000000000000,0.880952380952299200,0.000000000000000000,0.000000000000092800,0.000000000000000000,0.000000000000000000,0.000000000000000000
1.847222222222222222,0.121031746031734800,0.000000000000000000,0.121031746031734800,0.000000000000000000,0.878968253968172400,0.000000000000000000,0.000000000000092800,0.000000000000000000,0.000000000000000000,0.000000000000000000
1.861111111111111111,0.123015873015861600,0.000000000000000000,0.123015873015861600,0.000000000000000000,0.876984126984045600,0.000000000000000000,0.000000000000092800,0.000000000000000000,0.000000000000000000,0.000000000000000000
1.875000000000000000,0.124999999999988400,0.000000000000000000,0.124999999999988400,0.000000000000000000,0.874999999999918800,0.000000000000000000,0.000000000000092800,0.000000000000000000,0.000000000000000000,0.000000000000000000
1.888888888888888888,0.126984126984115200,0.000000000000000000,0.126984126984115200,0.000000000000000000,0.873015873015792000,0.000000000000000000,0.000000000000092800,0.000000000000000000,0.000000000000000000,0.000000000000000000
1.902777777777777777,0.128968253968242000,0.000000000000000000,0.128968253968242000,0.000000000000000000,0.871031746031665200,0.000000000000000000,0.000000000000092800,0.000000000000000000,0.000000000000000000,0.000000000000000000
1.916666666666666666,0.130952380952368800,0.000000000000000000,0.130952380952368800,0.000000000000000000,0.869047619047538400,0.000000000000000000,0.000000000000092800,0.000000000000000000,0.000000000000000000,0.000000000000000000
1.930555555555555555,0.132936507936495600,0.000000000000000000,0.132936507936495600,0.000000000000000000,0.867063492063411600,0.000000000000000000,0.000000000000092800,0.000000000000000000,0.000000000000000000,0.000000000000000000
1.944444444444444444,0.134920634920622400,0.000000000000000000,0.134920634920622400,0.000000000000000000,0.865079365079284800,0.000000000000000000,0.000000000000092800,0.000000000000000000,0.000000000000000000,0.000000000000000000
1.958333333333333333,0.136904761904749200,0.000000000000000000,0.136904761904749200,0.000000000000000000,0.863095238095158000,0.000000000000000000,0.000000000000092800,0.000000000000000000,0.000000000000000000,0.000000000000000000
1.972222222222222222,0.138888888888876000,0.000000000000000000,0.138888888888876000,0.000000000000000000,0.861111111111031200,0.000000000000000000,0.000000000000092800,0.000000000000000000,0.000000000000000000,0.000000000000000000
1.986111111111111111,0.140873015873002800,0.000000000000000000,0.140873015873002800,0.000000000000000000,0.859126984126904400,0.000000000000000000,0.000000000000092800,0.000000000000000000,0.000000000000000000,0.000000000000000000
2.000000000000000000,0.142857142857129600,0.000000000000000000,0.142857142857129600,0.000000000000000000,0.857142857142777600,0.000000000000000000,0.000000000000092800,0.000000000000000000,0.000000000000000000,0.000000000000000000
2.013888888888888888,0.144841269841256400,0.000000000000000000,0.144841269841256400,0.000000000000000000,0.855158730158650800,0.000000000000000000,0.000000000000092800,0.000000000000000000,0.000000000000000000,0.000000000000000000
2.027777777777777777,0.146825396825383200,0.000000000000000000,0.146825396825383200,0.000000000000000000,0.853174603174524000,0.000000000000000000,0.000000000000092800,0.000000000000000000,0.000000000000000000,0.000000000000000000
2.041666666666666666,0.148809523809510000,0.000000000000000000,0.148809523809510000,0.000000000000000000,0.851190476190397200,0.000000000000000000,0.000000000000092800,0.000000000000000000,0.000000000000000000,0.000000000000000000
2.055555555555555555,0.150793650793636800,0.000000000000000000,0.150793650793636800,0.000000000000000000,0.849206349206270400,0.000000000000000000,0.000000000000092800,0.000000000000000000,0.000000000000000000,0.000000000000000000
2.069444444444444444,0.152777777777763600,0.000000000000000000,0.152777777777763600,0.000000000000000000,0.847222222222143600,0.000000000000000000,0.000000000000092800,0.000000000000000000,0.000000000000000000,0.000000000000000000
2.083333333333333333,0.154761904761890400,0.000000000000000000,0.154761904761890400,0.000000000000000000,0.845238095238016800,0.000000000000000000,0.000000000000092800,0.000000000000000000,0.000000000000000000,0.000000000000000000
2.097222222222222222,0.156746031746017200,0.000000000000000000,0.156746031746017200,0.000000000000000000,0.843253968253890000,0.000000000000000000,0.000000000000092800,0.000000000000000000,0.000000000000000000,0.000000000000000000
2.111111111111111111,0.158730158730144000,0.000000000000000000,0.158730158730144000,0.000000000000000000,0.841269841269763200,0.000000000000000000,0.000000000000092800,0.000000000000000000,0.000000000000000000,0.000000000000000000
2.125000000000000000,0.160714285714270800,0.000000000000000000,0.160714285714270800,0.000000000000000000,0.839285714285636400,0.000000000000000000,0.000000000000092800,0.000000000000000000,0.000000000000000000,0.000000000000000000
2.138888888888888888,0.162698412698397600,0.000000000000000000,0.162698412698397600,0.000000000000000000,0.837301587301509600,0.000000000000000000,0.000000000000092800,0.000000000000000000,0.000000000000000000,0.000000000000000000
2.152777777777777777,0.164682539682524400,0.000000000000000000,0.164682539682524400,0.000000000000000000,0.835317460317382800,0.000000000000000000,0.000000000000092800,0.000000000000000000,0.000000000000000000,0.000000000000000000
2.166666666666666666,0.166666666666651200,0.000000000000000000,0.166666666666651200,0.000000000000000000,0.833333333333256000,0.000000000000000000,0.000000000000092800,0.000000000000000000,0.000000000000000000,0.000000000000000000
2.180555555555555555,0.168650793650778000,0.000000000000000000,0.168650793650778000,0.000000000000000000,0.831349206349129200,0.000000000000000000,0.000000000000092800,0.000000000000000000,0.000000000000000000,0.000000000000000000
2.194444444444444444,0.170634920634904800,0.000000000000000000,0.170634920634904800,0.000000000000000000,0.829365079365002400,0.000000000000000000,0.000000000000092800,0.000000000000000000,0.000000000000000000,0.000000000000000000
2.208333333333333333,0.172619047619031600,0.000000000000000000,0.172619047619031600,0.000000000000000000,0.827380952380875600,0.000000000000000000,0.000000000000092800,0.000000000000000000,0.000000000000000000,0.000000000000000000
2.222222222222222222,0.174603174603158400,0.000000000000000000,0.174603174603158400,0.000000000000000000,0.825396825396748800,0.000000000000000000,0.000000000000092800,0.000000000000000000,0.000000000000000000,0.000000000000000000
2.236111111111111111,0.176587301587285200,0.000000000000000000,0.176587301587285200,0.000000000000000000,0.823412698412622000,0.000000000000000000,0.000000000000092800,0.000000000000000000,0.000000000000000000,0.000000000000000000
2.250000000000000000,0.178571428571412000,0.000000000000000000,0.178571428571412000,0.000000000000000000,0.821428571428495200,0.000000000000000000,0.000000000000092800,0.000000000000000000,0.000000000000000000,0.000000000000000000
2.263888888888888888,0.180555555555538800,0.000000000000000000,0.180555555555538800,0.000000000000000000,0.819444444444368400,0.000000000000000000,0.000000000000092800,0.000000000000000000,0.000000000000000000,0.000000000000000000
2.277777777777777777,0.182539682539665600,0.000000000000000000,0.182539682539665600,0.000000000000000000,0.817460317460241600,0.000000000000000000,0.000000000000092800,0.000000000000000000,0.000000000000000000,0.000000000000000000
2.291666666666666666,0.184523809523792400,0.000000000000000000,0.184523809523792400,0.000000000000000000,0.815476190476114800,0.000000000000000000,0.000000000000092800,0.000000000000000000,0.000000000000000000,0.000000000000000000
2.305555555555555555,0.186507936507919200,0.000000000000000000,0.186507936507919200,0.000000000000000000,0.813492063491988000,0.000000000000000000,0.000000000000092800,0.000000000000000000,0.000000000000000000,0.000000000000000000
2.319444444444444444,0.188492063492046000,0.000000000000000000,0.188492063492046000,0.000000000000000000,0.811507936507861200,0.000000000000000000,0.000000000000092800,0.000000000000000000,0.000000000000000000,0.000000000000000000
2.333333333333333333,0.190476190476172800,0.000000000000000000,0.190476190476172800,0.000000000000000000,0.809523809523734400,0.000000000000000000,0.000000000000092800,0.000000000000000000,0.000000000000000000,0.000000000000000000
2.347222222222222222,0.192460317460299600,0.000000000000000000,0.192460317460299600,0.000000000000000000,0.807539682539607600,0.000000000000000000,0.000000000000092800,0.000000000000000000,0.000000000000000000,0.000000000000000000
2.361111111111111111,0.194444444444426400,0.000000000000000000,0.194444444444426400,0.000000000000000000,0.805555555555480800,0.000000000000000000,0.000000000000092800,0.000000000000000000,0.000000000000000000,0.000000000000000000
2.375000000000000000,0.196428571428553200,0.000000000000000000,0.196428571428553200,0.000000000000000000,0.803571428571354000,0.000000000000000000,0.000000000000092800,0.000000000000000000,0.000000000000000000,0.000000000000000000
2.388888888888888888,0.198412698412680000,0.000000000000000000,0.198412698412680000,0.000000000000000000,0.801587301587227200,0.000000000000000000,0.000000000000092800,0.000000000000000000,0.000000000000000000,0.000000000000000000
2.402777777777777777,0.200396825396806800,0.000000000000000000,0.200396825396806800,0.000000000000000000,0.799603174603100400,0.000000000000000000,0.000000000000092800,0.000000000000000000,0.000000000000000000,0.000000000000000000
2.416666666666666666,0.202380952380933600,0.000000000000000000,0.202380952380933600,0.000000000000000000,0.797619047618973600,0.000000000000000000,0.000000000000092800,0.000000000000000000,0.000000000000000000,0.000000000000000000
2.430555555555555555,0.204365079365060400,0.000000000000000000,0.204365079365060400,0.000000000000000000,0.795634920634846800,0.000000000000000000,0.000000000000092800,0.000000000000000000,0.000000000000000000,0.000000000000000000
2.444444444444444444,0.206349206349187200,0.000000000000000000,0.206349206349187200,0.000000000000000000,0.793650793650720000,0.000000000000000000,0.000000000000092800,0.000000000000000000,0.000000000000000000,0.000000000000000000
2.458333333333333333,0.208333333333314000,0.000000000000000000,0.208333333333314000,0.000000000000000000,0.791666666666593200,0.000000000000000000,0.000000000000092800,0.000000000000000000,0.000000000000000000,0.000000000000000000
2.472222222222222222,0.210317460317440800,0.000000000000000000,0.210317460317440800,0.000000000000000000,0.789682539682466400,0.000000000000000000,0.000000000000092800,0.000000000000000000,0.000000000000000000,0.000000000000000000
2.486111111111111111,0.212301587301567600,0.000000000000000000,0.212301587301567600,0.000000000000000000,0.787698412698339600,0.000000000000000000,0.000000000000092800,0.000000000000000000,0.000000000000000000,0.000000000000000000
2.500000000000000000,0.214285714285694400,0.000000000000000000,0.214285714285694400,0.000000000000000000,0.785714285714212800,0.000000000000000000,0.000000000000092800,0.000000000000000000,0.000000000000000000,0.000000000000000000
2.513888888888888888,0.216269841269821200,0.000000000000000000,0.216269841269821200,0.000000000000000000,0.783730158730086000,0.000000000000000000,0.000000000000092800,0.000000000000000000,0.000000000000000000,0.000000000000000000
2.527777777777777777,0.218253968253948000,0.000000000000000000,0.218253968253948000,0.000000000000000000,0.781746031745959200,0.000000000000000000,0.000000000000092800,0.000000000000000000,0.000000000000000000,0.000000000000000000
2.541666666666666666,0.220238095238074800,0.000000000000000000,0.220238095238074800,0.000000000000000000,0.779761904761832400,0.000000000000000000,0.000000000000092800,0.000000000000000000,0.000000000000000000,0.000000000000000000
2.555555555555555555,0.222222222222201600,0.000000000000000000,0.222222222222201600,0.000000000000000000,0.777777777777705600,0.000000000000000000,0.000000000000092800,0.000000000000000000,0.000000000000000000,0.000000000000000000
2.569444444444444444,0.224206349206328400,0.000000000000000000,0.224206349206328400,0.000000000000000000,0.775793650793578800,0.000000000000000000,0.000000000000092800,0.000000000000000000,0.000000000000000000,0.000000000000000000
2.583333333333333333,0.226190476190455200,0.000000000000000000,0.226190476190455200,0.000000000000000000,0.773809523809452000,0.000000000000000000,0.000000000000092800,0.000000000000000000,0.000000000000000000,0.000000000000000000
2.597222222222222222,0.228174603174582000,0.000000000000000000,0.228174603174582000,0.000000000000000000,0.771825396825325200,0.000000000000000000,0.000000000000092800,0.000000000000000000,0.000000000000000000,0.000000000000000000
2.611111111111111111,0.230158730158708800,0.000000000000000000,0.230158730158708800,0.000000000000000000,0.769841269841198400,0.000000000000000000,0.000000000000092800,0.000000000000000000,0.000000000000000000,0.000000000000000000
2.625000000000000000,0.232142857142835600,0.000000000000000000,0.232142857142835600,0.000000000000000000,0.767857142857071600,0.000000000000000000,0.000000000000092800,0.000000000000000000,0.000000000000000000,0.000000000000000000
2.638888888888888888,0.234126984126962400,0.000000000000000000,0.234126984126962400,0.000000000000000000,0.765873015872944800,0.000000000000000000,0.000000000000092800,0.000000000000000000,0.000000000000000000,0.000000000000000000
2.652777777777777777,0.236111111111089200,0.000000000000000000,0.236111111111089200,0.000000000000000000,0.763888888888818000,0.000000000000000000,0.000000000000092800,0.000000000000000000,0.000000000000000000,0.000000000000000000
2.666666666666666666,0.238095238095216000,0.000000000000000000,0.238095238095216000,0.000000000000000000,0.761904761904691200,0.000000000000000000,0.000000000000092800,0.000000000000000000,0.000000000000000000,0.000000000000000000
2.680555555555555555,0.240079365079342800,0.000000000000000000,0.240079365079342800,0.000000000000000000,0.759920634920564400,0.000000000000000000,0.000000000000092800,0.000000000000000000,0.000000000000000000,0.000000000000000000
2.694444444444444444,0.242063492063469600,0.000000000000000000,0.242063492063469600,0.000000000000000000,0.757936507936437600,0.000000000000000000,0.000000000000092800,0.000000000000000000,0.000000000000000000,0.000000000000000000
2.708333333333333333,0.244047619047596400,0.000000000000000000,0.244047619047596400,0.000000000000000000,0.755952380952310800,0.000000000000000000,0.000000000000092800,0.000000000000000000,0.000000000000000000,0.000000000000000000
2.722222222222222222,0.246031746031723200,0.000000000000000000,0.246031746031723200,0.000000000000000000,0.753968253968184000,0.000000000000000000,0.000000000000092800,0.000000000000000000,0.000000000000000000,0.000000000000000000
2.736111111111111111,0.248015873015850000,0.000000000000000000,0.248015873015850000,0.000000000000000000,0.751984126984057200,0.000000000000000000,0.000000000000092800,0.000000000000000000,0.000000000000000000,0.000000000000000000
2.750000000000000000,0.249999999999976800,0.000000000000000000,0.249999999999976800,0.000000000000000000,0.749999999999930400,0.000000000000000000,0.000000000000092800,0.000000000000000000,0.000000000000000000,0.000000000000000000
2.763888888888888888,0.251984126984103600,0.000000000000000000,0.251984126984103600,0.000000000000000000,0.748015873015803600,0.000000000000000000,0.000000000000092800,0.000000000000000000,0.000000000000000000,0.000000000000000000
2.777777777777777777,0.253968253968230400,0.000000000000000000,0.253968253968230400,0.000000000000000000,0.746031746031676800,0.000000000000000000,0.000000000000092800,0.000000000000000000,0.000000000000000000,0.000000000000000000
2.791666666666666666,0.255952380952357200,0.000000000000000000,0.255952380952357200,0.000000000000000000,0.744047619047550000,0.000000000000000000,0.000000000000092800,0.000000000000000000,0.000000000000000000,0.000000000000000000
2.805555555555555555,0.257936507936484000,0.000000000000000000,0.257936507936484000,0.000000000000000000,0.742063492063423200,0.000000000000000000,0.000000000000092800,0.000000000000000000,0.000000000000000000,0.000000000000000000
2.819444444444444444,0.259920634920610800,0.000000000000000000,0.259920634920610800,0.000000000000000000,0.740079365079296400,0.000000000000000000,0.000000000000092800,0.000000000000000000,0.000000000000000000,0.000000000000000000
2.833333333333333333,0.261904761904737600,0.000000000000000000,0.261904761904737600,0.000000000000000000,0.738095238095169600,0.000000000000000000,0.000000000000092800,0.000000000000000000,0.000000000000000000,0.000000000000000000
2.847222222222222222,0.263888888888864400,0.000000000000000000,0.263888888888864400,0.000000000000000000,0.736111111111042800,0.000000000000000000,0.000000000000092800,0.000000000000000000,0.000000000000000000,0.000000000000000000
2.861111111111111111,0.265873015872991200,0.000000000000000000,0.265873015872991200,0.000000000000000000,0.734126984126916000,0.000000000000000000,0.000000000000092800,0.000000000000000000,0.000000000000000000,0.000000000000000000
2.875000000000000000,0.267857142857118000,0.000000000000000000,0.267857142857118000,0.000000000000000000,0.732142857142789200,0.000000000000000000,0.000000000000092800,0.000000000000000000,0.000000000000000000,0.000000000000000000
2.888888888888888888,0.269841269841244800,0.000000000000000000,0.269841269841244800,0.000000000000000000,0.730158730158662400,0.000000000000000000,0.000000000000092800,0.000000000000000000,0.000000000000000000,0.000000000000000000
2.902777777777777777,0.271825396825371600,0.000000000000000000,0.271825396825371600,0.000000000000000000,0.728174603174535600,0.000000000000000000,0.000000000000092800,0.000000000000000000,0.000000000000000000,0.000000000000000000
2.916666666666666666,0.273809523809498400,0.000000000000000000,0.273809523809498400,0.000000000000000000,0.726190476190408800,0.000000000000000000,0.000000000000092800,0.000000000000000000,0.000000000000000000,0.000000000000000000
2.930555555555555555,0.275793650793625200,0.000000000000000000,0.275793650793625200,0.000000000000000000,0.724206349206282000,0.000000000000000000,0.000000000000092800,0.000000000000000000,0.000000000000000000,0.000000000000000000
2.944444444444444444,0.277777777777752000,0.000000000000000000,0.277777777777752000,0.000000000000000000,0.722222222222155200,0.000000000000000000,0.000000000000092800,0.000000000000000000,0.000000000000000000,0.000000000000000000
2.958333333333333333,0.279761904761878800,0.000000000000000000,0.279761904761878800,0.000000000000000000,0.720238095238028400,0.000000000000000000,0.000000000000092800,0.000000000000000000,0.000000000000000000,0.000000000000000000
2.972222222222222222,0.281746031746005600,0.000000000000000000,0.281746031746005600,0.000000000000000000,0.718253968253901600,0.000000000000000000,0.000000000000092800,0.000000000000000000,0.000000000000000000,0.000000000000000000
2.986111111111111111,0.283730158730132400,0.000000000000000000,0.283730158730132400,0.000000000000000000,0.716269841269774800,0.000000000000000000,0.000000000000092800,0.000000000000000000,0.000000000000000000,0.000000000000000000
3.000000000000000000,0.285714285714259200,0.025000000000000000,0.000000000000000000,0.000000000000000000,0.714285714285648000,0.000000000000000000,0.000000000000092800,0.000000000000000000,0.000000000000000000,0.000000000000000000
3.013888888888888888,0.287698412698386000,0.025000000000000000,0.001984126984126800,0.000000000000000000,0.712301587301521200,0.000000000000000000,0.000000000000092800,0.000000000000000000,0.000000000000000000,0.000000000000000000
3.027777777777777777,0.289682539682512800,0.025000000000000000,0.003968253968253600,0.000000000000000000,0.710317460317394400,0.000000000000000000,0.000000000000092800,0.000000000000000000,0.000000000000000000,0.000000000000000000
3.041666666666666666,0.291666666666639600,0.025000000000000000,0.005952380952380400,0.000000000000000000,0.708333333333267600,0.000000000000000000,0.000000000000092800,0.000000000000000000,0.000000000000000000,0.000000000000000000
3.055555555555555555,0.293650793650766400,0.025000000000000000,0.007936507936507200,0.000000000000000000,0.706349206349140800,0.000000000000000000,0.000000000000092800,0.000000000000000000,0.000000000000000000,0.000000000000000000
3.069444444444444444,0.295634920634893200,0.025000000000000000,0.009920634920634000,0.000000000000000000,0.704365079365014000,0.000000000000000000,0.000000000000092800,0.000000000000000000,0.000000000000000000,0.000000000000000000
3.083333333333333333,0.297619047619020000,0.025000000000000000,0.011904761904760800,0.000000000000000000,0.702380952380887200,0.000000000000000000,0.000000000000092800,0.000000000000000000,0.000000000000000000,0.000000000000000000
3.097222222222222222,0.299603174603146800,0.025000000000000000,0.013888888888887600,0.000000000000000000,0.700396825396760400,0.000000000000000000,0.000000000000092800,0.000000000000000000,0.000000000000000000,0.000000000000000000
3.111111111111111111,0.301587301587273600,0.025000000000000000,0.015873015873014400,0.000000000000000000,0.698412698412633600,0.000000000000000000,0.000000000000092800,0.000000000000000000,0.000000000000000000,0.000000000000000000
3.125000000000000000,0.303571428571400400,0.025000000000000000,0.017857142857141200,0.000000000000000000,0.696428571428506800,0.000000000000000000,0.000000000000092800,0.000000000000000000,0.000000000000000000,0.000000000000000000
3.138888888888888888,0.305555555555527200,0.025000000000000000,0.019841269841268000,0.000000000000000000,0.694444444444380000,0.000000000000000000,0.000000000000092800,0.000000000000000000,0.000000000000000000,0.000000000000000000
3.152777777777777777,0.307539682539654000,0.025000000000000000,0.021825396825394800,0.000000000000000000,0.692460317460253200,0.000000000000000000,0.000000000000092800,0.000000000000000000,0.000000000000000000,0.000000000000000000
3.166666666666666666,0.309523809523780800,0.025000000000000000,0.023809523809521600,0.000000000000000000,0.690476190476126400,0.000000000000000000,0.000000000000092800,0.000000000000000000,0.000000000000000000,0.000000000000000000
3.180555555555555555,0.311507936507907600,0.025000000000000000,0.025793650793648400,0.000000000000000000,0.688492063491999600,0.000000000000000000,0.000000000000092800,0.000000000000000000,0.000000000000000000,0.000000000000000000
3.194444444444444444,0.313492063492034400,0.025000000000000000,0.027777777777775200,0.000000000000000000,0.686507936507872800,0.000000000000000000,0.000000000000092800,0.000000000000000000,0.000000000000000000,0.000000000000000000
3.208333333333333333,0.315476190476161200,0.025000000000000000,0.029761904761902000,0.000000000000000000,0.684523809523746000,0.000000000000000000,0.000000000000092800,0.000000000000000000,0.000000000000000000,0.000000000000000000
3.222222222222222222,0.317460317460288000,0.025000000000000000,0.031746031746028800,0.000000000000000000,0.682539682539619200,0.000000000000000000,0.000000000000092800,0.000000000000000000,0.000000000000000000,0.000000000000000000
3.236111111111111111,0.319444444444414800,0.025000000000000000,0.033730158730155600,0.000000000000000000,0.680555555555492400,0.000000000000000000,0.000000000000092800,0.000000000000000000,0.000000000000000000,0.000000000000000000
3.250000000000000000,0.321428571428541600,0.025000000000000000,0.035714285714282400,0.000000000000000000,0.678571428571365600,0.000000000000000000,0.000000000000092800,0.000000000000000000,0.000000000000000000,0.000000000000000000
3.263888888888888888,0.323412698412668400,0.025000000000000000,0.037698412698409200,0.000000000000000000,0.676587301587238800,0.000000000000000000,0.000000000000092800,0.000000000000000000,0.000000000000000000,0.000000000000000000
3.277777777777777777,0.325396825396795200,0.025000000000000000,0.039682539682536000,0.000000000000000000,0.674603174603112000,0.000000000000000000,0.000000000000092800,0.000000000000000000,0.000000000000000000,0.000000000000000000
3.291666666666666666,0.327380952380922000,0.025000000000000000,0.041666666666662800,0.000000000000000000,0.672619047618985200,0.000000000000000000,0.000000000000092800,0.000000000000000000,0.000000000000000000,0.000000000000000000
3.305555555555555555,0.329365079365048800,0.025000000000000000,0.043650793650789600,0.000000000000000000,0.670634920634858400,0.000000000000000000,0.000000000000092800,0.000000000000000000,0.000000000000000000,0.000000000000000000
3.319444444444444444,0.331349206349175600,0.025000000000000000,0.045634920634916400,0.000000000000000000,0.668650793650731600,0.000000000000000000,0.000000000000092800,0.000000000000000000,0.000000000000000000,0.000000000000000000
3.333333333333333333,0.333333333333302400,0.025000000000000000,0.047619047619043200,0.000000000000000000,0.666666666666604800,0.000000000000000000,0.000000000000092800,0.000000000000000000,0.000000000000000000,0.000000000000000000
3.347222222222222222,0.335317460317429200,0.025000000000000000,0.049603174603170000,0.000000000000000000,0.664682539682478000,0.000000000000000000,0.000000000000092800,0.000000000000000000,0.000000000000000000,0.000000000000000000
3.361111111111111111,0.337301587301556000,0.025000000000000000,0.051587301587296800,0.000000000000000000,0.662698412698351200,0.000000000000000000,0.000000000000092800,0.000000000000000000,0.000000000000000000,0.000000000000000000
3.375000000000000000,0.339285714285682800,0.025000000000000000,0.053571428571423600,0.000000000000000000,0.660714285714224400,0.000000000000000000,0.000000000000092800,0.000000000000000000,0.000000000000000000,0.000000000000000000
3.388888888888888888,0.341269841269809600,0.025000000000000000,0.055555555555550400,0.000000000000000000,0.658730158730097600,0.000000000000000000,0.000000000000092800,0.000000000000000000,0.000000000000000000,0.000000000000000000
3.402777777777777777,0.343253968253936400,0.025000000000000000,0.057539682539677200,0.000000000000000000,0.656746031745970800,0.000000000000000000,0.000000000000092800,0.000000000000000000,0.000000000000000000,0.000000000000000000
3.416666666666666666,0.345238095238063200,0.025000000000000000,0.059523809523804000,0.000000000000000000,0.654761904761844000,0.000000000000000000,0.000000000000092800,0.000000000000000000,0.000000000000000000,0.000000000000000000
3.430555555555555555,0.347222222222190000,0.025000000000000000,0.061507936507930800,0.000000000000000000,0.652777777777717200,0.000000000000000000,0.000000000000092800,0.000000000000000000,0.000000000000000000,0.000000000000000000
3.444444444444444444,0.349206349206316800,0.025000000000000000,0.063492063492057600,0.000000000000000000,0.650793650793590400,0.000000000000000000,0.000000000000092800,0.000000000000000000,0.000000000000000000,0.000000000000000000
3.458333333333333333,0.351190476190443600,0.025000000000000000,0.065476190476184400,0.000000000000000000,0.648809523809463600,0.000000000000000000,0.000000000000092800,0.000000000000000000,0.000000000000000000,0.000000000000000000
3.472222222222222222,0.353174603174570400,0.025000000000000000,0.067460317460311200,0.000000000000000000,0.646825396825336800,0.000000000000000000,0.000000000000092800,0.000000000000000000,0.000000000000000000,0.000000000000000000
3.486111111111111111,0.355158730158697200,0.025000000000000000,0.069444444444438000,0.000000000000000000,0.644841269841210000,0.000000000000000000,0.000000000000092800,0.000000000000000000,0.000000000000000000,0.000000000000000000
3.500000000000000000,0.357142857142824000,0.025000000000000000,0.071428571428564800,0.000000000000000000,0.642857142857083200,0.000000000000000000,0.000000000000092800,0.000000000000000000,0.000000000000000000,0.000000000000000000
3.513888888888888888,0.359126984126950800,0.025000000000000000,0.073412698412691600,0.000000000000000000,0.640873015872956400,0.000000000000000000,0.000000000000092800,0.000000000000000000,0.000000000000000000,0.000000000000000000
3.527777777777777777,0.361111111111077600,0.025000000000000000,0.075396825396818400,0.000000000000000000,0.638888888888829600,0.000000000000000000,0.000000000000092800,0.000000000000000000,0.000000000000000000,0.000000000000000000
3.541666666666666666,0.363095238095204400,0.025000000000000000,0.077380952380945200,0.000000000000000000,0.636904761904702800,0.000000000000000000,0.000000000000092800,0.000000000000000000,0.000000000000000000,0.000000000000000000
3.555555555555555555,0.365079365079331200,0.025000000000000000,0.079365079365072000,0.000000000000000000,0.634920634920576000,0.000000000000000000,0.000000000000092800,0.000000000000000000,0.000000000000000000,0.000000000000000000
3.569444444444444444,0.367063492063458000,0.025000000000000000,0.081349206349198800,0.000000000000000000,0.632936507936449200,0.000000000000000000,0.000000000000092800,0.000000000000000000,0.000000000000000000,0.000000000000000000
3.583333333333333333,0.369047619047584800,0.025000000000000000,0.083333333333325600,0.000000000000000000,0.630952380952322400,0.000000000000000000,0.000000000000092800,0.000000000000000000,0.000000000000000000,0.000000000000000000
3.597222222222222222,0.371031746031711600,0.025000000000000000,0.085317460317452400,0.000000000000000000,0.628968253968195600,0.000000000000000000,0.000000000000092800,0.000000000000000000,0.000000000000000000,0.000000000000000000
3.611111111111111111,0.373015873015838400,0.025000000000000000,0.087301587301579200,0.000000000000000000,0.626984126984068800,0.000000000000000000,0.000000000000092800,0.000000000000000000,0.000000000000000000,0.000000000000000000
3.625000000000000000,0.374999999999965200,0.025000000000000000,0.089285714285706000,0.000000000000000000,0.624999999999942000,0.000000000000000000,0.000000000000092800,0.000000000000000000,0.000000000000000000,0.000000000000000000
3.638888888888888888,0.376984126984092000,0.025000000000000000,0.091269841269832800,0.000000000000000000,0.623015873015815200,0.000000000000000000,0.000000000000092800,0.000000000000000000,0.000000000000000000,0.000000000000000000
3.652777777777777777,0.378968253968218800,0.025000000000000000,0.093253968253959600,0.000000000000000000,0.621031746031688400,0.000000000000000000,0.000000000000092800,0.000000000000000000,0.000000000000000000,0.000000000000000000
3.666666666666666666,0.380952380952345600,0.025000000000000000,0.095238095238086400,0.000000000000000000,0.619047619047561600,0.000000000000000000,0.000000000000092800,0.000000000000000000,0.000000000000000000,0.000000000000000000
3.680555555555555555,0.382936507936472400,0.025000000000000000,0.097222222222213200,0.000000000000000000,0.617063492063434800,0.000000000000000000,0.000000000000092800,0.000000000000000000,0.000000000000000000,0.000000000000000000
3.694444444444444444,0.384920634920599200,0.025000000000000000,0.099206349206340000,0.000000000000000000,0.615079365079308000,0.000000000000000000,0.000000000000092800,0.000000000000000000,0.000000000000000000,0.000000000000000000
3.708333333333333333,0.386904761904726000,0.025000000000000000,0.101190476190466800,0.000000000000000000,0.613095238095181200,0.000000000000000000,0.000000000000092800,0.000000000000000000,0.000000000000000000,0.000000000000000000
3.722222222222222222,0.388888888888852800,0.025000000000000000,0.103174603174593600,0.000000000000000000,0.611111111111054400,0.000000000000000000,0.000000000000092800,0.000000000000000000,0.000000000000000000,0.000000000000000000
3.736111111111111111,0.390873015872979600,0.025000000000000000,0.105158730158720400,0.000000000000000000,0.609126984126927600,0.000000000000000000,0.000000000000092800,0.000000000000000000,0.000000000000000000,0.000000000000000000
3.750000000000000000,0.392857142857106400,0.025000000000000000,0.107142857142847200,0.000000000000000000,0.607142857142800800,0.000000000000000000,0.000000000000092800,0.000000000000000000,0.000000000000000000,0.000000000000000000
3.763888888888888888,0.394841269841233200,0.025000000000000000,0.109126984126974000,0.000000000000000000,0.605158730158674000,0.000000000000000000,0.000000000000092800,0.000000000000000000,0.000000000000000000,0.000000000000000000
3.777777777777777777,0.396825396825360000,0.025000000000000000,0.111111111111100800,0.000000000000000000,0.603174603174547200,0.000000000000000000,0.000000000000092800,0.000000000000000000,0.000000000000000000,0.000000000000000000
3.791666666666666666,0.398809523809486800,0.025000000000000000,0.113095238095227600,0.000000000000000000,0.601190476190420400,0.000000000000000000,0.000000000000092800,0.000000000000000000,0.000000000000000000,0.000000000000000000
3.805555555555555555,0.400793650793613600,0.025000000000000000,0.115079365079354400,0.000000000000000000,0.599206349206293600,0.000000000000000000,0.000000000000092800,0.000000000000000000,0.000000000000000000,0.000000000000000000
3.819444444444444444,0.402777777777740400,0.025000000000000000,0.117063492063481200,0.000000000000000000,0.597222222222166800,0.000000000000000000,0.000000000000092800,0.000000000000000000,0.000000000000000000,0.000000000000000000
3.833333333333333333,0.404761904761867200,0.025000000000000000,0.119047619047608000,0.000000000000000000,0.595238095238040000,0.000000000000000000,0.000000000000092800,0.000000000000000000,0.000000000000000000,0.000000000000000000
3.847222222222222222,0.406746031745994000,0.025000000000000000,0.121031746031734800,0.000000000000000000,0.593253968253913200,0.000000000000000000,0.000000000000092800,0.000000000000000000,0.000000000000000000,0.000000000000000000
3.861111111111111111,0.408730158730120800,0.025000000000000000,0.123015873015861600,0.000000000000000000,0.591269841269786400,0.000000000000000000,0.000000000000092800,0.000000000000000000,0.000000000000000000,0.000000000000000000
3.875000000000000000,0.410714285714247600,0.025000000000000000,0.124999999999988400,0.000000000000000000,0.589285714285659600,0.000000000000000000,0.000000000000092800,0.000000000000000000,0.000000000000000000,0.000000000000000000
3.888888888888888888,0.412698412698374400,0.025000000000000000,0.126984126984115200,0.000000000000000000,0.587301587301532800,0.000000000000000000,0.000000000000092800,0.000000000000000000,0.000000000000000000,0.000000000000000000
3.902777777777777777,0.414682539682501200,0.025000000000000000,0.128968253968242000,0.000000000000000000,0.585317460317406000,0.000000000000000000,0.000000000000092800,0.000000000000000000,0.000000000000000000,0.000000000000000000
3.916666666666666666,0.416666666666628000,0.025000000000000000,0.130952380952368800,0.000000000000000000,0.583333333333279200,0.000000000000000000,0.000000000000092800,0.000000000000000000,0.000000000000000000,0.000000000000000000
3.930555555555555555,0.418650793650754800,0.025000000000000000,0.132936507936495600,0.000000000000000000,0.581349206349152400,0.000000000000000000,0.000000000000092800,0.000000000000000000,0.000000000000000000,0.000000000000000000
3.944444444444444444,0.420634920634881600,0.025000000000000000,0.134920634920622400,0.000000000000000000,0.579365079365025600,0.000000000000000000,0.000000000000092800,0.000000000000000000,0.000000000000000000,0.000000000000000000
3.958333333333333333,0.422619047619008400,0.025000000000000000,0.136904761904749200,0.000000000000000000,0.577380952380898800,0.000000000000000000,0.000000000000092800,0.000000000000000000,0.000000000000000000,0.000000000000000000
3.972222222222222222,0.424603174603135200,0.025000000000000000,0.138888888888876000,0.000000000000000000,0.575396825396772000,0.000000000000000000,0.000000000000092800,0.000000000000000000,0.000000000000000000,0.000000000000000000
3.986111111111111111,0.426587301587262000,0.025000000000000000,0.140873015873002800,0.000000000000000000,0.573412698412645200,0.000000000000000000,0.000000000000092800,0.000000000000000000,0.000000000000000000,0.000000000000000000
4.000000000000000000,0.428571428571388800,0.025000000000000000,0.142857142857129600,0.000000000000000000,0.571428571428518400,0.000000000000000000,0.000000000000092800,0.000000000000000000,0.000000000000000000,0.000000000000000000
4.013888888888888888,0.430555555555515600,0.025000000000000000,0.144841269841256400,0.000000000000000000,0.569444444444391600,0.000000000000000000,0.000000000000092800,0.000000000000000000,0.000000000000000000,0.000000000000000000
4.027777777777777777,0.432539682539642400,0.025000000000000000,0.146825396825383200,0.000000000000000000,0.567460317460264800,0.000000000000000000,0.000000000000092800,0.000000000000000000,0.000000000000000000,0.000000000000000000
4.041666666666666666,0.434523809523769200,0.025000000000000000,0.148809523809510000,0.000000000000000000,0.565476190476138000,0.000000000000000000,0.000000000000092800,0.000000000000000000,0.000000000000000000,0.000000000000000000
4.055555555555555555,0.436507936507896000,0.025000000000000000,0.150793650793636800,0.000000000000000000,0.563492063492011200,0.000000000000000000,0.000000000000092800,0.000000000000000000,0.000000000000000000,0.000000000000000000
4.069444444444444444,0.438492063492022800,0.025000000000000000,0.152777777777763600,0.000000000000000000,0.561507936507884400,0.000000000000000000,0.000000000000092800,0.000000000000000000,0.000000000000000000,0.000000000000000000
4.083333333333333333,0.440476190476149600,0.025000000000000000,0.154761904761890400,0.000000000000000000,0.559523809523757600,0.000000000000000000,0.000000000000092800,0.000000000000000000,0.000000000000000000,0.000000000000000000
4.097222222222222222,0.442460317460276400,0.025000000000000000,0.156746031746017200,0.000000000000000000,0.557539682539630800,0.000000000000000000,0.000000000000092800,0.000000000000000000,0.000000000000000000,0.000000000000000000
4.111111111111111111,0.444444444444403200,0.025000000000000000,0.158730158730144000,0.000000000000000000,0.555555555555504000,0.000000000000000000,0.000000000000092800,0.000000000000000000,0.000000000000000000,0.000000000000000000
4.125000000000000000,0.446428571428530000,0.025000000000000000,0.160714285714270800,0.000000000000000000,0.553571428571377200,0.000000000000000000,0.000000000000092800,0.000000000000000000,0.000000000000000000,0.000000000000000000
4.138888888888888888,0.448412698412656800,0.025000000000000000,0.162698412698397600,0.000000000000000000,0.551587301587250400,0.000000000000000000,0.000000000000092800,0.000000000000000000,0.000000000000000000,0.000000000000000000
4.152777777777777777,0.450396825396783600,0.025000000000000000,0.164682539682524400,0.000000000000000000,0.549603174603123600,0.000000000000000000,0.000000000000092800,0.000000000000000000,0.000000000000000000,0.000000000000000000
4.166666666666666666,0.452380952380910400,0.025000000000000000,0.166666666666651200,0.000000000000000000,0.547619047618996800,0.000000000000000000,0.000000000000092800,0.000000000000000000,0.000000000000000000,0.000000000000000000
4.180555555555555555,0.454365079365037200,0.025000000000000000,0.168650793650778000,0.000000000000000000,0.545634920634870000,0.000000000000000000,0.000000000000092800,0.000000000000000000,0.000000000000000000,0.000000000000000000
4.194444444444444444,0.456349206349164000,0.025000000000000000,0.170634920634904800,0.000000000000000000,0.543650793650743200,0.000000000000000000,0.000000000000092800,0.000000000000000000,0.000000000000000000,0.000000000000000000
4.208333333333333333,0.458333333333290800,0.025000000000000000,0.172619047619031600,0.000000000000000000,0.541666666666616400,0.000000000000000000,0.000000000000092800,0.000000000000000000,0.000000000000000000,0.000000000000000000
4.222222222222222222,0.460317460317417600,0.025000000000000000,0.174603174603158400,0.000000000000000000,0.539682539682489600,0.000000000000000000,0.000000000000092800,0.000000000000000000,0.000000000000000000,0.000000000000000000
4.236111111111111111,0.462301587301544400,0.025000000000000000,0.176587301587285200,0.000000000000000000,0.537698412698362800,0.000000000000000000,0.000000000000092800,0.000000000000000000,0.000000000000000000,0.000000000000000000
4.250000000000000000,0.464285714285671200,0.025000000000000000,0.178571428571412000,0.000000000000000000,0.535714285714236000,0.000000000000000000,0.000000000000092800,0.000000000000000000,0.000000000000000000,0.000000000000000000
4.263888888888888888,0.466269841269798000,0.025000000000000000,0.180555555555538800,0.000000000000000000,0.533730158730109200,0.000000000000000000,0.000000000000092800,0.000000000000000000,0.000000000000000000,0.000000000000000000
4.277777777777777777,0.468253968253924800,0.025000000000000000,0.182539682539665600,0.000000000000000000,0.531746031745982400,0.000000000000000000,0.000000000000092800,0.000000000000000000,0.000000000000000000,0.000000000000000000
4.291666666666666666,0.470238095238051600,0.025000000000000000,0.184523809523792400,0.000000000000000000,0.529761904761855600,0.000000000000000000,0.000000000000092800,0.000000000000000000,0.000000000000000000,0.000000000000000000
4.305555555555555555,0.472222222222178400,0.025000000000000000,0.186507936507919200,0.000000000000000000,0.527777777777728800,0.000000000000000000,0.000000000000092800,0.000000000000000000,0.000000000000000000,0.000000000000000000
4.319444444444444444,0.474206349206305200,0.025000000000000000,0.188492063492046000,0.000000000000000000,0.525793650793602000,0.000000000000000000,0.000000000000092800,0.000000000000000000,0.000000000000000000,0.000000000000000000
4.333333333333333333,0.476190476190432000,0.025000000000000000,0.190476190476172800,0.000000000000000000,0.523809523809475200,0.000000000000000000,0.000000000000092800,0.000000000000000000,0.000000000000000000,0.000000000000000000
4.347222222222222222,0.478174603174558800,0.025000000000000000,0.192460317460299600,0.000000000000000000,0.521825396825348400,0.000000000000000000,0.000000000000092800,0.000000000000000000,0.000000000000000000,0.000000000000000000
4.361111111111111111,0.480158730158685600,0.025000000000000000,0.194444444444426400,0.000000000000000000,0.519841269841221600,0.000000000000000000,0.000000000000092800,0.000000000000000000,0.000000000000000000,0.000000000000000000
4.375000000000000000,0.482142857142812400,0.025000000000000000,0.196428571428553200,0.000000000000000000,0.517857142857094800,0.000000000000000000,0.000000000000092800,0.000000000000000000,0.000000000000000000,0.000000000000000000
4.388888888888888888,0.484126984126939200,0.025000000000000000,0.198412698412680000,0.000000000000000000,0.515873015872968000,0.000000000000000000,0.000000000000092800,0.000000000000000000,0.000000000000000000,0.000000000000000000
4.402777777777777777,0.486111111111066000,0.025000000000000000,0.200396825396806800,0.000000000000000000,0.513888888888841200,0.000000000000000000,0.000000000000092800,0.000000000000000000,0.000000000000000000,0.000000000000000000
4.416666666666666666,0.488095238095192800,0.025000000000000000,0.202380952380933600,0.000000000000000000,0.511904761904714400,0.000000000000000000,0.000000000000092800,0.000000000000000000,0.000000000000000000,0.000000000000000000
4.430555555555555555,0.490079365079319600,0.025000000000000000,0.204365079365060400,0.000000000000000000,0.509920634920587600,0.000000000000000000,0.000000000000092800,0.000000000000000000,0.000000000000000000,0.000000000000000000
4.444444444444444444,0.492063492063446400,0.025000000000000000,0.206349206349187200,0.000000000000000000,0.507936507936460800,0.000000000000000000,0.000000000000092800,0.000000000000000000,0.000000000000000000,0.000000000000000000
4.458333333333333333,0.494047619047573200,0.025000000000000000,0.208333333333314000,0.000000000000000000,0.505952380952334000,0.000000000000000000,0.000000000000092800,0.000000000000000000,0.000000000000000000,0.000000000000000000
4.472222222222222222,0.496031746031700000,0.025000000000000000,0.210317460317440800,0.000000000000000000,0.503968253968207200,0.000000000000000000,0.000000000000092800,0.000000000000000000,0.000000000000000000,0.000000000000000000
4.486111111111111111,0.498015873015826800,0.025000000000000000,0.212301587301567600,0.000000000000000000,0.501984126984080400,0.000000000000000000,0.000000000000092800,0.000000000000000000,0.000000000000000000,0.000000000000000000
4.500000000000000000,0.499999999999953600,0.025000000000000000,0.214285714285694400,0.000000000000000000,0.499999999999953600,0.000000000000000000,0.000000000000092800,0.000000000000000000,0.000000000000000000,0.000000000000000000
4.513888888888888888,0.501984126984080400,0.025000000000000000,0.216269841269821200,0.000000000000000000,0.498015873015826800,0.000000000000000000,0.000000000000092800,0.000000000000000000,0.000000000000000000,0.000000000000000000
4.527777777777777777,0.503968253968207200,0.025000000000000000,0.218253968253948000,0.000000000000000000,0.496031746031700000,0.000000000000000000,0.000000000000092800,0.000000000000000000,0.000000000000000000,0.000000000000000000
4.541666666666666666,0.505952380952334000,0.025000000000000000,0.220238095238074800,0.000000000000000000,0.494047619047573200,0.000000000000000000,0.000000000000092800,0.000000000000000000,0.000000000000000000,0.000000000000000000
4.555555555555555555,0.507936507936460800,0.025000000000000000,0.222222222222201600,0.000000000000000000,0.492063492063446400,0.000000000000000000,0.000000000000092800,0.000000000000000000,0.000000000000000000,0.000000000000000000
4.569444444444444444,0.509920634920587600,0.025000000000000000,0.224206349206328400,0.000000000000000000,0.490079365079319600,0.000000000000000000,0.000000000000092800,0.000000000000000000,0.000000000000000000,0.000000000000000000
4.583333333333333333,0.511904761904714400,0.025000000000000000,0.226190476190455200,0.000000000000000000,0.488095238095192800,0.000000000000000000,0.000000000000092800,0.000000000000000000,0.000000000000000000,0.000000000000000000
4.597222222222222222,0.513888888888841200,0.025000000000000000,0.228174603174582000,0.000000000000000000,0.486111111111066000,0.000000000000000000,0.000000000000092800,0.000000000000000000,0.000000000000000000,0.000000000000000000
4.611111111111111111,0.515873015872968000,0.025000000000000000,0.230158730158708800,0.000000000000000000,0.484126984126939200,0.000000000000000000,0.000000000000092800,0.000000000000000000,0.000000000000000000,0.000000000000000000
4.625000000000000000,0.517857142857094800,0.025000000000000000,0.232142857142835600,0.000000000000000000,0.482142857142812400,0.000000000000000000,0.000000000000092800,0.000000000000000000,0.000000000000000000,0.000000000000000000
4.638888888888888888,0.519841269841221600,0.025000000000000000,0.234126984126962400,0.000000000000000000,0.480158730158685600,0.000000000000000000,0.000000000000092800,0.000000000000000000,0.000000000000000000,0.000000000000000000
4.652777777777777777,0.521825396825348400,0.025000000000000000,0.236111111111089200,0.000000000000000000,0.478174603174558800,0.000000000000000000,0.000000000000092800,0.000000000000000000,0.000000000000000000,0.000000000000000000
4.666666666666666666,0.523809523809475200,0.025000000000000000,0.238095238095216000,0.000000000000000000,0.476190476190432000,0.000000000000000000,0.000000000000092800,0.000000000000000000,0.000000000000000000,0.000000000000000000
4.680555555555555555,0.525793650793602000,0.025000000000000000,0.240079365079342800,0.000000000000000000,0.474206349206305200,0.000000000000000000,0.000000000000092800,0.000000000000000000,0.000000000000000000,0.000000000000000000
4.694444444444444444,0.527777777777728800,0.025000000000000000,0.242063492063469600,0.000000000000000000,0.472222222222178400,0.000000000000000000,0.000000000000092800,0.000000000000000000,0.000000000000000000,0.000000000000000000
4.708333333333333333,0.529761904761855600,0.025000000000000000,0.244047619047596400,0.000000000000000000,0.470238095238051600,0.000000000000000000,0.000000000000092800,0.000000000000000000,0.000000000000000000,0.000000000000000000
4.722222222222222222,0.531746031745982400,0.025000000000000000,0.246031746031723200,0.000000000000000000,0.468253968253924800,0.000000000000000000,0.000000000000092800,0.000000000000000000,0.000000000000000000,0.000000000000000000
4.736111111111111111,0.533730158730109200,0.025000000000000000,0.248015873015850000,0.000000000000000000,0.466269841269798000,0.000000000000000000,0.000000000000092800,0.000000000000000000,0.000000000000000000,0.000000000000000000
4.750000000000000000,0.535714285714236000,0.025000000000000000,0.249999999999976800,0.000000000000000000,0.464285714285671200,0.000000000000000000,0.000000000000092800,0.000000000000000000,0.000000000000000000,0.000000000000000000
4.763888888888888888,0.537698412698362800,0.025000000000000000,0.251984126984103600,0.000000000000000000,0.462301587301544400,0.000000000000000000,0.000000000000092800,0.000000000000000000,0.000000000000000000,0.000000000000000000
4.777777777777777777,0.539682539682489600,0.025000000000000000,0.253968253968230400,0.000000000000000000,0.460317460317417600,0.000000000000000000,0.000000000000092800,0.000000000000000000,0.000000000000000000,0.000000000000000000
4.791666666666666666,0.541666666666616400,0.025000000000000000,0.255952380952357200,0.000000000000000000,0.458333333333290800,0.000000000000000000,0.000000000000092800,0.000000000000000000,0.000000000000000000,0.000000000000000000
4.805555555555555555,0.543650793650743200,0.025000000000000000,0.257936507936484000,0.000000000000000000,0.456349206349164000,0.000000000000000000,0.000000000000092800,0.000000000000000000,0.000000000000000000,0.000000000000000000
4.819444444444444444,0.545634920634870000,0.025000000000000000,0.259920634920610800,0.000000000000000000,0.454365079365037200,0.000000000000000000,0.000000000000092800,0.000000000000000000,0.000000000000000000,0.000000000000000000
4.833333333333333333,0.547619047618996800,0.025000000000000000,0.261904761904737600,0.000000000000000000,0.452380952380910400,0.000000000000000000,0.000000000000092800,0.000000000000000000,0.000000000000000000,0.000000000000000000
4.847222222222222222,0.549603174603123600,0.025000000000000000,0.263888888888864400,0.000000000000000000,0.450396825396783600,0.000000000000000000,0.000000000000092800,0.000000000000000000,0.000000000000000000,0.000000000000000000
4.861111111111111111,0.551587301587250400,0.025000000000000000,0.265873015872991200,0.000000000000000000,0.448412698412656800,0.000000000000000000,0.000000000000092800,0.000000000000000000,0.000000000000000000,0.000000000000000000
4.875000000000000000,0.553571428571377200,0.025000000000000000,0.267857142857118000,0.000000000000000000,0.446428571428530000,0.000000000000000000,0.000000000000092800,0.000000000000000000,0.000000000000000000,0.000000000000000000
4.888888888888888888,0.555555555555504000,0.025000000000000000,0.269841269841244800,0.000000000000000000,0.444444444444403200,0.000000000000000000,0.000000000000092800,0.000000000000000000,0.000000000000000000,0.000000000000000000
4.902777777777777777,0.557539682539630800,0.025000000000000000,0.271825396825371600,0.000000000000000000,0.442460317460276400,0.000000000000000000,0.000000000000092800,0.000000000000000000,0.000000000000000000,0.000000000000000000
4.916666666666666666,0.559523809523757600,0.025000000000000000,0.273809523809498400,0.000000000000000000,0.440476190476149600,0.000000000000000000,0.000000000000092800,0.000000000000000000,0.000000000000000000,0.000000000000000000
4.930555555555555555,0.561507936507884400,0.025000000000000000,0.275793650793625200,0.000000000000000000,0.438492063492022800,0.000000000000000000,0.000000000000092800,0.000000000000000000,0.000000000000000000,0.000000000000000000
4.944444444444444444,0.563492063492011200,0.025000000000000000,0.277777777777752000,0.000000000000000000,0.436507936507896000,0.000000000000000000,0.000000000000092800,0.000000000000000000,0.000000000000000000,0.000000000000000000
4.958333333333333333,0.565476190476138000,0.025000000000000000,0.279761904761878800,0.000000000000000000,0.434523809523769200,0.000000000000000000,0.000000000000092800,0.000000000000000000,0.000000000000000000,0.000000000000000000
4.972222222222222222,0.567460317460264800,0.025000000000000000,0.281746031746005600,0.000000000000000000,0.432539682539642400,0.000000000000000000,0.000000000000092800,0.000000000000000000,0.000000000000000000,0.000000000000000000
4.986111111111111111,0.569444444444391600,0.025000000000000000,0.283730158730132400,0.000000000000000000,0.430555555555515600,0.000000000000000000,0.000000000000092800,0.000000000000000000,0.000000000000000000,0.000000000000000000
5.000000000000000000,0.571428571428518400,0.025000000000000000,0.000000000000000000,0.000000000000000000,0.428571428571388800,0.000000000000000000,0.000000000000092800,0.000000000000000000,0.000000000000000000,0.000000000000000000
5.013888888888888888,0.572278911564572742,0.025000000000000000,0.001984126984126800,0.000000000000000000,0.426587301587262000,0.000000000000000000,0.000000000000092800,0.000000000000000000,0.001133786848072457,0.000000000000000000
5.027777777777777777,0.573129251700627085,0.025000000000000000,0.003968253968253600,0.000000000000000000,0.424603174603135200,0.000000000000000000,0.000000000000092800,0.000000000000000000,0.002267573696144914,0.000000000000000000
5.041666666666666666,0.573979591836681428,0.025000000000000000,0.005952380952380400,0.000000000000000000,0.422619047619008400,0.000000000000000000,0.000000000000092800,0.000000000000000000,0.003401360544217371,0.000000000000000000
5.055555555555555555,0.574829931972735771,0.025000000000000000,0.007936507936507200,0.000000000000000000,0.420634920634881600,0.000000000000000000,0.000000000000092800,0.000000000000000000,0.004535147392289828,0.000000000000000000
5.069444444444444444,0.575680272108790114,0.025000000000000000,0.009920634920634000,0.000000000000000000,0.418650793650754800,0.000000000000000000,0.000000000000092800,0.000000000000000000,0.005668934240362285,0.000000000000000000
5.083333333333333333,0.576530612244844457,0.025000000000000000,0.011904761904760800,0.000000000000000000,0.416666666666628000,0.000000000000000000,0.000000000000092800,0.000000000000000000,0.006802721088434742,0.000000000000000000
5.097222222222222222,0.577380952380898800,0.025000000000000000,0.013888888888887600,0.000000000000000000,0.414682539682501200,0.000000000000000000,0.000000000000092800,0.000000000000000000,0.007936507936507199,0.000000000000000000
5.111111111111111111,0.578231292516953142,0.025000000000000000,0.015873015873014400,0.000000000000000000,0.412698412698374400,0.000000000000000000,0.000000000000092800,0.000000000000000000,0.009070294784579657,0.000000000000000000
5.125000000000000000,0.579081632653007485,0.025000000000000000,0.017857142857141200,0.000000000000000000,0.410714285714247600,0.000000000000000000,0.000000000000092800,0.000000000000000000,0.010204081632652114,0.000000000000000000
5.138888888888888888,0.579931972789061828,0.025000000000000000,0.019841269841268000,0.000000000000000000,0.408730158730120800,0.000000000000000000,0.000000000000092800,0.000000000000000000,0.011337868480724571,0.000000000000000000
5.152777777777777777,0.580782312925116171,0.025000000000000000,0.021825396825394800,0.000000000000000000,0.406746031745994000,0.000000000000000000,0.000000000000092800,0.000000000000000000,0.012471655328797028,0.000000000000000000
5.166666666666666666,0.581632653061170514,0.025000000000000000,0.023809523809521600,0.000000000000000000,0.404761904761867200,0.000000000000000000,0.000000000000092800,0.000000000000000000,0.013605442176869485,0.000000000000000000
5.180555555555555555,0.582482993197224857,0.025000000000000000,0.025793650793648400,0.000000000000000000,0.402777777777740400,0.000000000000000000,0.000000000000092800,0.000000000000000000,0.014739229024941942,0.000000000000000000
5.194444444444444444,0.583333333333279200,0.025000000000000000,0.027777777777775200,0.000000000000000000,0.400793650793613600,0.000000000000000000,0.000000000000092800,0.000000000000000000,0.015873015873014399,0.000000000000000000
5.208333333333333333,0.584183673469333542,0.025000000000000000,0.029761904761902000,0.000000000000000000,0.398809523809486800,0.000000000000000000,0.000000000000092800,0.000000000000000000,0.017006802721086857,0.000000000000000000
5.222222222222222222,0.585034013605387885,0.025000000000000000,0.031746031746028800,0.000000000000000000,0.396825396825360000,0.000000000000000000,0.000000000000092800,0.000000000000000000,0.018140589569159314,0.000000000000000000
5.236111111111111111,0.585884353741442228,0.025000000000000000,0.033730158730155600,0.000000000000000000,0.394841269841233200,0.000000000000000000,0.000000000000092800,0.000000000000000000,0.019274376417231771,0.000000000000000000
5.250000000000000000,0.586734693877496571,0.025000000000000000,0.035714285714282400,0.000000000000000000,0.392857142857106400,0.000000000000000000,0.000000000000092800,0.000000000000000000,0.020408163265304228,0.000000000000000000
5.263888888888888888,0.587585034013550914,0.025000000000000000,0.037698412698409200,0.000000000000000000,0.390873015872979600,0.000000000000000000,0.000000000000092800,0.000000000000000000,0.021541950113376685,0.000000000000000000
5.277777777777777777,0.588435374149605257,0.025000000000000000,0.039682539682536000,0.000000000000000000,0.388888888888852800,0.000000000000000000,0.000000000000092800,0.000000000000000000,0.022675736961449142,0.000000000000000000
5.291666666666666666,0.589285714285659600,0.025000000000000000,0.041666666666662800,0.000000000000000000,0.386904761904726000,0.000000000000000000,0.000000000000092800,0.000000000000000000,0.023809523809521599,0.000000000000000000
5.305555555555555555,0.590136054421713942,0.025000000000000000,0.043650793650789600,0.000000000000000000,0.384920634920599200,0.000000000000000000,0.000000000000092800,0.000000000000000000,0.024943310657594057,0.000000000000000000
5.319444444444444444,0.590986394557768285,0.025000000000000000,0.045634920634916400,0.000000000000000000,0.382936507936472400,0.000000000000000000,0.000000000000092800,0.000000000000000000,0.026077097505666514,0.000000000000000000
5.333333333333333333,0.591836734693822628,0.025000000000000000,0.047619047619043200,0.000000000000000000,0.380952380952345600,0.000000000000000000,0.000000000000092800,0.000000000000000000,0.027210884353738971,0.000000000000000000
5.347222222222222222,0.592687074829876971,0.025000000000000000,0.049603174603170000,0.000000000000000000,0.378968253968218800,0.000000000000000000,0.000000000000092800,0.000000000000000000,0.028344671201811428,0.000000000000000000
5.361111111111111111,0.593537414965931314,0.025000000000000000,0.051587301587296800,0.000000000000000000,0.376984126984092000,0.000000000000000000,0.000000000000092800,0.000000000000000000,0.029478458049883885,0.000000000000000000
5.375000000000000000,0.594387755101985657,0.025000000000000000,0.053571428571423600,0.000000000000000000,0.374999999999965200,0.000000000000000000,0.000000000000092800,0.000000000000000000,0.030612244897956342,0.000000000000000000
5.388888888888888888,0.595238095238040000,0.025000000000000000,0.055555555555550400,0.000000000000000000,0.373015873015838400,0.000000000000000000,0.000000000000092800,0.000000000000000000,0.031746031746028799,0.000000000000000000
5.402777777777777777,0.596088435374094342,0.025000000000000000,0.057539682539677200,0.000000000000000000,0.371031746031711600,0.000000000000000000,0.000000000000092800,0.000000000000000000,0.032879818594101257,0.000000000000000000
5.416666666666666666,0.596938775510148685,0.025000000000000000,0.059523809523804000,0.000000000000000000,0.369047619047584800,0.000000000000000000,0.000000000000092800,0.000000000000000000,0.034013605442173714,0.000000000000000000
5.430555555555555555,0.597789115646203028,0.025000000000000000,0.061507936507930800,0.000000000000000000,0.367063492063458000,0.000000000000000000,0.000000000000092800,0.000000000000000000,0.035147392290246171,0.000000000000000000
5.444444444444444444,0.598639455782257371,0.025000000000000000,0.063492063492057600,0.000000000000000000,0.365079365079331200,0.000000000000000000,0.000000000000092800,0.000000000000000000,0.036281179138318628,0.000000000000000000
5.458333333333333333,0.599489795918311714,0.025000000000000000,0.065476190476184400,0.000000000000000000,0.363095238095204400,0.000000000000000000,0.000000000000092800,0.000000000000000000,0.037414965986391085,0.000000000000000000
5.472222222222222222,0.600340136054366057,0.025000000000000000,0.067460317460311200,0.000000000000000000,0.361111111111077600,0.000000000000000000,0.000000000000092800,0.000000000000000000,0.038548752834463542,0.000000000000000000
5.486111111111111111,0.601190476190420400,0.025000000000000000,0.069444444444438000,0.000000000000000000,0.359126984126950800,0.000000000000000000,0.000000000000092800,0.000000000000000000,0.039682539682535999,0.000000000000000000
5.500000000000000000,0.602040816326474742,0.025000000000000000,0.071428571428564800,0.000000000000000000,0.357142857142824000,0.000000000000000000,0.000000000000092800,0.000000000000000000,0.040816326530608457,0.000000000000000000
5.513888888888888888,0.602891156462529085,0.025000000000000000,0.073412698412691600,0.000000000000000000,0.355158730158697200,0.000000000000000000,0.000000000000092800,0.000000000000000000,0.041950113378680914,0.000000000000000000
5.527777777777777777,0.603741496598583428,0.025000000000000000,0.075396825396818400,0.000000000000000000,0.353174603174570400,0.000000000000000000,0.000000000000092800,0.000000000000000000,0.043083900226753371,0.000000000000000000
5.541666666666666666,0.604591836734637771,0.025000000000000000,0.077380952380945200,0.000000000000000000,0.351190476190443600,0.000000000000000000,0.000000000000092800,0.000000000000000000,0.044217687074825828,0.000000000000000000
5.555555555555555555,0.605442176870692114,0.025000000000000000,0.079365079365072000,0.000000000000000000,0.349206349206316800,0.000000000000000000,0.000000000000092800,0.000000000000000000,0.045351473922898285,0.000000000000000000
5.569444444444444444,0.606292517006746457,0.025000000000000000,0.081349206349198800,0.000000000000000000,0.347222222222190000,0.000000000000000000,0.000000000000092800,0.000000000000000000,0.046485260770970742,0.000000000000000000
5.583333333333333333,0.607142857142800800,0.025000000000000000,0.083333333333325600,0.000000000000000000,0.345238095238063200,0.000000000000000000,0.000000000000092800,0.000000000000000000,0.047619047619043199,0.000000000000000000
5.597222222222222222,0.607993197278855142,0.025000000000000000,0.085317460317452400,0.000000000000000000,0.343253968253936400,0.000000000000000000,0.000000000000092800,0.000000000000000000,0.048752834467115657,0.000000000000000000
5.611111111111111111,0.608843537414909485,0.025000000000000000,0.087301587301579200,0.000000000000000000,0.341269841269809600,0.000000000000000000,0.000000000000092800,0.000000000000000000,0.049886621315188114,0.000000000000000000
5.625000000000000000,0.609693877550963828,0.025000000000000000,0.089285714285706000,0.000000000000000000,0.339285714285682800,0.000000000000000000,0.000000000000092800,0.000000000000000000,0.051020408163260571,0.000000000000000000
5.638888888888888888,0.610544217687018171,0.025000000000000000,0.091269841269832800,0.000000000000000000,0.337301587301556000,0.000000000000000000,0.000000000000092800,0.000000000000000000,0.052154195011333028,0.000000000000000000
5.652777777777777777,0.611394557823072514,0.025000000000000000,0.093253968253959600,0.000000000000000000,0.335317460317429200,0.000000000000000000,0.000000000000092800,0.000000000000000000,0.053287981859405485,0.000000000000000000
5.666666666666666666,0.612244897959126857,0.025000000000000000,0.095238095238086400,0.000000000000000000,0.333333333333302400,0.000000000000000000,0.000000000000092800,0.000000000000000000,0.054421768707477942,0.000000000000000000
5.680555555555555555,0.613095238095181200,0.025000000000000000,0.097222222222213200,0.000000000000000000,0.331349206349175600,0.000000000000000000,0.000000000000092800,0.000000000000000000,0.055555555555550399,0.000000000000000000
5.694444444444444444,0.613945578231235542,0.025000000000000000,0.099206349206340000,0.000000000000000000,0.329365079365048800,0.000000000000000000,0.000000000000092800,0.000000000000000000,0.056689342403622857,0.000000000000000000
5.708333333333333333,0.614795918367289885,0.025000000000000000,0.101190476190466800,0.000000000000000000,0.327380952380922000,0.000000000000000000,0.000000000000092800,0.000000000000000000,0.057823129251695314,0.000000000000000000
5.722222222222222222,0.615646258503344228,0.025000000000000000,0.103174603174593600,0.000000000000000000,0.325396825396795200,0.000000000000000000,0.000000000000092800,0.000000000000000000,0.058956916099767771,0.000000000000000000
5.736111111111111111,0.616496598639398571,0.025000000000000000,0.105158730158720400,0.000000000000000000,0.323412698412668400,0.000000000000000000,0.000000000000092800,0.000000000000000000,0.060090702947840228,0.000000000000000000
5.750000000000000000,0.617346938775452914,0.025000000000000000,0.107142857142847200,0.000000000000000000,0.321428571428541600,0.000000000000000000,0.000000000000092800,0.000000000000000000,0.061224489795912685,0.000000000000000000
5.763888888888888888,0.618197278911507257,0.025000000000000000,0.109126984126974000,0.000000000000000000,0.319444444444414800,0.000000000000000000,0.000000000000092800,0.000000000000000000,0.062358276643985142,0.000000000000000000
5.777777777777777777,0.619047619047561600,0.025000000000000000,0.111111111111100800,0.000000000000000000,0.317460317460288000,0.000000000000000000,0.000000000000092800,0.000000000000000000,0.063492063492057599,0.000000000000000000
5.791666666666666666,0.619897959183615942,0.025000000000000000,0.113095238095227600,0.000000000000000000,0.315476190476161200,0.000000000000000000,0.000000000000092800,0.000000000000000000,0.064625850340130057,0.000000000000000000
5.805555555555555555,0.620748299319670285,0.025000000000000000,0.115079365079354400,0.000000000000000000,0.313492063492034400,0.000000000000000000,0.000000000000092800,0.000000000000000000,0.065759637188202514,0.000000000000000000
5.819444444444444444,0.621598639455724628,0.025000000000000000,0.117063492063481200,0.000000000000000000,0.311507936507907600,0.000000000000000000,0.000000000000092800,0.000000000000000000,0.066893424036274971,0.000000000000000000
5.833333333333333333,0.622448979591778971,0.025000000000000000,0.119047619047608000,0.000000000000000000,0.309523809523780800,0.000000000000000000,0.000000000000092800,0.000000000000000000,0.068027210884347428,0.000000000000000000
5.847222222222222222,0.623299319727833314,0.025000000000000000,0.121031746031734800,0.000000000000000000,0.307539682539654000,0.000000000000000000,0.000000000000092800,0.000000000000000000,0.069160997732419885,0.000000000000000000
5.861111111111111111,0.624149659863887657,0.025000000000000000,0.123015873015861600,0.000000000000000000,0.305555555555527200,0.000000000000000000,0.000000000000092800,0.000000000000000000,0.070294784580492342,0.000000000000000000
5.875000000000000000,0.624999999999942000,0.025000000000000000,0.124999999999988400,0.000000000000000000,0.303571428571400400,0.000000000000000000,0.000000000000092800,0.000000000000000000,0.071428571428564799,0.000000000000000000
5.888888888888888888,0.625850340135996342,0.025000000000000000,0.126984126984115200,0.000000000000000000,0.301587301587273600,0.000000000000000000,0.000000000000092800,0.000000000000000000,0.072562358276637257,0.000000000000000000
5.902777777777777777,0.626700680272050685,0.025000000000000000,0.128968253968242000,0.000000000000000000,0.299603174603146800,0.000000000000000000,0.000000000000092800,0.000000000000000000,0.073696145124709714,0.000000000000000000
5.916666666666666666,0.627551020408105028,0.025000000000000000,0.130952380952368800,0.000000000000000000,0.297619047619020000,0.000000000000000000,0.000000000000092800,0.000000000000000000,0.074829931972782171,0.000000000000000000
5.930555555555555555,0.628401360544159371,0.025000000000000000,0.132936507936495600,0.000000000000000000,0.295634920634893200,0.000000000000000000,0.000000000000092800,0.000000000000000000,0.075963718820854628,0.000000000000000000
5.944444444444444444,0.629251700680213714,0.025000000000000000,0.134920634920622400,0.000000000000000000,0.293650793650766400,0.000000000000000000,0.000000000000092800,0.000000000000000000,0.077097505668927085,0.000000000000000000
5.958333333333333333,0.630102040816268057,0.025000000000000000,0.136904761904749200,0.000000000000000000,0.291666666666639600,0.000000000000000000,0.000000000000092800,0.000000000000000000,0.078231292516999542,0.000000000000000000
5.972222222222222222,0.630952380952322400,0.025000000000000000,0.138888888888876000,0.000000000000000000,0.289682539682512800,0.000000000000000000,0.000000000000092800,0.000000000000000000,0.079365079365071999,0.000000000000000000
5.986111111111111111,0.631802721088376742,0.025000000000000000,0.140873015873002800,0.000000000000000000,0.287698412698386000,0.000000000000000000,0.000000000000092800,0.000000000000000000,0.080498866213144457,0.000000000000000000
6.000000000000000000,0.632653061224431085,0.025000000000000000,0.142857142857129600,0.000000000000000000,0.285714285714259200,0.000000000000000000,0.000000000000092800,0.000000000000000000,0.081632653061216914,0.000000000000000000
6.013888888888888888,0.633503401360485428,0.025000000000000000,0.144841269841256400,0.000000000000000000,0.283730158730132400,0.000000000000000000,0.000000000000092800,0.000000000000000000,0.082766439909289371,0.000000000000000000
6.027777777777777777,0.634353741496539771,0.025000000000000000,0.146825396825383200,0.000000000000000000,0.281746031746005600,0.000000000000000000,0.000000000000092800,0.000000000000000000,0.083900226757361828,0.000000000000000000
6.041666666666666666,0.635204081632594114,0.025000000000000000,0.148809523809510000,0.000000000000000000,0.279761904761878800,0.000000000000000000,0.000000000000092800,0.000000000000000000,0.085034013605434285,0.000000000000000000
6.055555555555555555,0.636054421768648457,0.025000000000000000,0.150793650793636800,0.000000000000000000,0.277777777777752000,0.000000000000000000,0.000000000000092800,0.000000000000000000,0.086167800453506742,0.000000000000000000
6.069444444444444444,0.636904761904702800,0.025000000000000000,0.152777777777763600,0.000000000000000000,0.275793650793625200,0.000000000000000000,0.000000000000092800,0.000000000000000000,0.087301587301579199,0.000000000000000000
6.083333333333333333,0.637755102040757142,0.025000000000000000,0.154761904761890400,0.000000000000000000,0.273809523809498400,0.000000000000000000,0.000000000000092800,0.000000000000000000,0.088435374149651657,0.000000000000000000
6.097222222222222222,0.638605442176811485,0.025000000000000000,0.156746031746017200,0.000000000000000000,0.271825396825371600,0.000000000000000000,0.000000000000092800,0.000000000000000000,0.089569160997724114,0.000000000000000000
6.111111111111111111,0.639455782312865828,0.025000000000000000,0.158730158730144000,0.000000000000000000,0.269841269841244800,0.000000000000000000,0.000000000000092800,0.000000000000000000,0.090702947845796571,0.000000000000000000
6.125000000000000000,0.640306122448920171,0.025000000000000000,0.160714285714270800,0.000000000000000000,0.267857142857118000,0.000000000000000000,0.000000000000092800,0.000000000000000000,0.091836734693869028,0.000000000000000000
6.138888888888888888,0.641156462584974514,0.025000000000000000,0.162698412698397600,0.000000000000000000,0.265873015872991200,0.000000000000000000,0.000000000000092800,0.000000000000000000,0.092970521541941485,0.000000000000000000
6.152777777777777777,0.642006802721028857,0.025000000000000000,0.164682539682524400,0.000000000000000000,0.263888888888864400,0.000000000000000000,0.000000000000092800,0.000000000000000000,0.094104308390013942,0.000000000000000000
6.166666666666666666,0.642857142857083200,0.025000000000000000,0.166666666666651200,0.000000000000000000,0.261904761904737600,0.000000000000000000,0.000000000000092800,0.000000000000000000,0.095238095238086399,0.000000000000000000
6.180555555555555555,0.643707482993137542,0.025000000000000000,0.168650793650778000,0.000000000000000000,0.259920634920610800,0.000000000000000000,0.000000000000092800,0.000000000000000000,0.096371882086158857,0.000000000000000000
6.194444444444444444,0.644557823129191885,0.025000000000000000,0.170634920634904800,0.000000000000000000,0.257936507936484000,0.000000000000000000,0.000000000000092800,0.000000000000000000,0.097505668934231314,0.000000000000000000
6.208333333333333333,0.645408163265246228,0.025000000000000000,0.172619047619031600,0.000000000000000000,0.255952380952357200,0.000000000000000000,0.000000000000092800,0.000000000000000000,0.098639455782303771,0.000000000000000000
6.222222222222222222,0.646258503401300571,0.025000000000000000,0.174603174603158400,0.000000000000000000,0.253968253968230400,0.000000000000000000,0.000000000000092800,0.000000000000000000,0.099773242630376228,0.000000000000000000
6.236111111111111111,0.647108843537354914,0.025000000000000000,0.176587301587285200,0.000000000000000000,0.251984126984103600,0.000000000000000000,0.000000000000092800,0.000000000000000000,0.100907029478448685,0.000000000000000000
6.250000000000000000,0.647959183673409257,0.025000000000000000,0.178571428571412000,0.000000000000000000,0.249999999999976800,0.000000000000000000,0.000000000000092800,0.000000000000000000,0.102040816326521142,0.000000000000000000
6.263888888888888888,0.648809523809463600,0.025000000000000000,0.180555555555538800,0.000000000000000000,0.248015873015850000,0.000000000000000000,0.000000000000092800,0.000000000000000000,0.103174603174593599,0.000000000000000000
6.277777777777777777,0.649659863945517942,0.025000000000000000,0.182539682539665600,0.000000000000000000,0.246031746031723200,0.000000000000000000,0.000000000000092800,0.000000000000000000,0.104308390022666057,0.000000000000000000
6.291666666666666666,0.650510204081572285,0.025000000000000000,0.184523809523792400,0.000000000000000000,0.244047619047596400,0.000000000000000000,0.000000000000092800,0.000000000000000000,0.105442176870738514,0.000000000000000000
6.305555555555555555,0.651360544217626628,0.025000000000000000,0.186507936507919200,0.000000000000000000,0.242063492063469600,0.000000000000000000,0.000000000000092800,0.000000000000000000,0.106575963718810971,0.000000000000000000
6.319444444444444444,0.652210884353680971,0.025000000000000000,0.188492063492046000,0.000000000000000000,0.240079365079342800,0.000000000000000000,0.000000000000092800,0.000000000000000000,0.107709750566883428,0.000000000000000000
6.333333333333333333,0.653061224489735314,0.025000000000000000,0.190476190476172800,0.000000000000000000,0.238095238095216000,0.000000000000000000,0.000000000000092800,0.000000000000000000,0.108843537414955885,0.000000000000000000
6.347222222222222222,0.653911564625789657,0.025000000000000000,0.192460317460299600,0.000000000000000000,0.236111111111089200,0.000000000000000000,0.000000000000092800,0.000000000000000000,0.109977324263028342,0.000000000000000000
6.361111111111111111,0.654761904761844000,0.025000000000000000,0.194444444444426400,0.000000000000000000,0.234126984126962400,0.000000000000000000,0.000000000000092800,0.000000000000000000,0.111111111111100799,0.000000000000000000
6.375000000000000000,0.655612244897898342,0.025000000000000000,0.196428571428553200,0.000000000000000000,0.232142857142835600,0.000000000000000000,0.000000000000092800,0.000000000000000000,0.112244897959173257,0.000000000000000000
6.388888888888888888,0.656462585033952685,0.025000000000000000,0.198412698412680000,0.000000000000000000,0.230158730158708800,0.000000000000000000,0.000000000000092800,0.000000000000000000,0.113378684807245714,0.000000000000000000
6.402777777777777777,0.657312925170007028,0.025000000000000000,0.200396825396806800,0.000000000000000000,0.228174603174582000,0.000000000000000000,0.000000000000092800,0.000000000000000000,0.114512471655318171,0.000000000000000000
6.416666666666666666,0.658163265306061371,0.025000000000000000,0.202380952380933600,0.000000000000000000,0.226190476190455200,0.000000000000000000,0.000000000000092800,0.000000000000000000,0.115646258503390628,0.000000000000000000
6.430555555555555555,0.659013605442115714,0.025000000000000000,0.204365079365060400,0.000000000000000000,0.224206349206328400,0.000000000000000000,0.000000000000092800,0.000000000000000000,0.116780045351463085,0.000000000000000000
6.444444444444444444,0.659863945578170057,0.025000000000000000,0.206349206349187200,0.000000000000000000,0.222222222222201600,0.000000000000000000,0.000000000000092800,0.000000000000000000,0.117913832199535542,0.000000000000000000
6.458333333333333333,0.660714285714224400,0.025000000000000000,0.208333333333314000,0.000000000000000000,0.220238095238074800,0.000000000000000000,0.000000000000092800,0.000000000000000000,0.119047619047607999,0.000000000000000000
6.472222222222222222,0.661564625850278742,0.025000000000000000,0.210317460317440800,0.000000000000000000,0.218253968253948000,0.000000000000000000,0.000000000000092800,0.000000000000000000,0.120181405895680457,0.000000000000000000
6.486111111111111111,0.662414965986333085,0.025000000000000000,0.212301587301567600,0.000000000000000000,0.216269841269821200,0.000000000000000000,0.000000000000092800,0.000000000000000000,0.121315192743752914,0.000000000000000000
6.500000000000000000,0.663265306122387428,0.025000000000000000,0.214285714285694400,0.000000000000000000,0.214285714285694400,0.000000000000000000,0.000000000000092800,0.000000000000000000,0.122448979591825371,0.000000000000000000
6.513888888888888888,0.664115646258441771,0.025000000000000000,0.216269841269821200,0.000000000000000000,0.212301587301567600,0.000000000000000000,0.000000000000092800,0.000000000000000000,0.123582766439897828,0.000000000000000000
6.527777777777777777,0.664965986394496114,0.025000000000000000,0.218253968253948000,0.000000000000000000,0.210317460317440800,0.000000000000000000,0.000000000000092800,0.000000000000000000,0.124716553287970285,0.000000000000000000
6.541666666666666666,0.665816326530550457,0.025000000000000000,0.220238095238074800,0.000000000000000000,0.208333333333314000,0.000000000000000000,0.000000000000092800,0.000000000000000000,0.125850340136042742,0.000000000000000000
6.555555555555555555,0.666666666666604800,0.025000000000000000,0.222222222222201600,0.000000000000000000,0.206349206349187200,0.000000000000000000,0.000000000000092800,0.000000000000000000,0.126984126984115199,0.000000000000000000
6.569444444444444444,0.667517006802659142,0.025000000000000000,0.224206349206328400,0.000000000000000000,0.204365079365060400,0.000000000000000000,0.000000000000092800,0.000000000000000000,0.128117913832187657,0.000000000000000000
6.583333333333333333,0.668367346938713485,0.025000000000000000,0.226190476190455200,0.000000000000000000,0.202380952380933600,0.000000000000000000,0.000000000000092800,0.000000000000000000,0.129251700680260114,0.000000000000000000
6.597222222222222222,0.669217687074767828,0.025000000000000000,0.228174603174582000,0.000000000000000000,0.200396825396806800,0.000000000000000000,0.000000000000092800,0.000000000000000000,0.130385487528332571,0.000000000000000000
6.611111111111111111,0.670068027210822171,0.025000000000000000,0.230158730158708800,0.000000000000000000,0.198412698412680000,0.000000000000000000,0.000000000000092800,0.000000000000000000,0.131519274376405028,0.000000000000000000
6.625000000000000000,0.670918367346876514,0.025000000000000000,0.232142857142835600,0.000000000000000000,0.196428571428553200,0.000000000000000000,0.000000000000092800,0.000000000000000000,0.132653061224477485,0.000000000000000000
6.638888888888888888,0.671768707482930857,0.025000000000000000,0.234126984126962400,0.000000000000000000,0.194444444444426400,0.000000000000000000,0.000000000000092800,0.000000000000000000,0.133786848072549942,0.000000000000000000
6.652777777777777777,0.672619047618985200,0.025000000000000000,0.236111111111089200,0.000000000000000000,0.192460317460299600,0.000000000000000000,0.000000000000092800,0.000000000000000000,0.134920634920622399,0.000000000000000000
6.666666666666666666,0.673469387755039542,0.025000000000000000,0.238095238095216000,0.000000000000000000,0.190476190476172800,0.000000000000000000,0.000000000000092800,0.000000000000000000,0.136054421768694857,0.000000000000000000
6.680555555555555555,0.674319727891093885,0.025000000000000000,0.240079365079342800,0.000000000000000000,0.188492063492046000,0.000000000000000000,0.000000000000092800,0.000000000000000000,0.137188208616767314,0.000000000000000000
6.694444444444444444,0.675170068027148228,0.025000000000000000,0.242063492063469600,0.000000000000000000,0.186507936507919200,0.000000000000000000,0.000000000000092800,0.000000000000000000,0.138321995464839771,0.000000000000000000
6.708333333333333333,0.676020408163202571,0.025000000000000000,0.244047619047596400,0.000000000000000000,0.184523809523792400,0.000000000000000000,0.000000000000092800,0.000000000000000000,0.139455782312912228,0.000000000000000000
6.722222222222222222,0.676870748299256914,0.025000000000000000,0.246031746031723200,0.000000000000000000,0.182539682539665600,0.000000000000000000,0.000000000000092800,0.000000000000000000,0.140589569160984685,0.000000000000000000
6.736111111111111111,0.677721088435311257,0.025000000000000000,0.248015873015850000,0.000000000000000000,0.180555555555538800,0.000000000000000000,0.000000000000092800,0.000000000000000000,0.141723356009057142,0.000000000000000000
6.750000000000000000,0.678571428571365600,0.025000000000000000,0.249999999999976800,0.000000000000000000,0.178571428571412000,0.000000000000000000,0.000000000000092800,0.000000000000000000,0.142857142857129599,0.000000000000000000
6.763888888888888888,0.679421768707419942,0.025000000000000000,0.251984126984103600,0.000000000000000000,0.176587301587285200,0.000000000000000000,0.000000000000092800,0.000000000000000000,0.143990929705202057,0.000000000000000000
6.777777777777777777,0.680272108843474285,0.025000000000000000,0.253968253968230400,0.000000000000000000,0.174603174603158400,0.000000000000000000,0.000000000000092800,0.000000000000000000,0.145124716553274514,0.000000000000000000
6.791666666666666666,0.681122448979528628,0.025000000000000000,0.255952380952357200,0.000000000000000000,0.172619047619031600,0.000000000000000000,0.000000000000092800,0.000000000000000000,0.146258503401346971,0.000000000000000000
6.805555555555555555,0.681972789115582971,0.025000000000000000,0.257936507936484000,0.000000000000000000,0.170634920634904800,0.000000000000000000,0.000000000000092800,0.000000000000000000,0.147392290249419428,0.000000000000000000
6.819444444444444444,0.682823129251637314,0.025000000000000000,0.259920634920610800,0.000000000000000000,0.168650793650778000,0.000000000000000000,0.000000000000092800,0.000000000000000000,0.148526077097491885,0.000000000000000000
6.833333333333333333,0.683673469387691657,0.025000000000000000,0.261904761904737600,0.000000000000000000,0.166666666666651200,0.000000000000000000,0.000000000000092800,0.000000000000000000,0.149659863945564342,0.000000000000000000
6.847222222222222222,0.684523809523746000,0.025000000000000000,0.263888888888864400,0.000000000000000000,0.164682539682524400,0.000000000000000000,0.000000000000092800,0.000000000000000000,0.150793650793636799,0.000000000000000000
6.861111111111111111,0.685374149659800342,0.025000000000000000,0.265873015872991200,0.000000000000000000,0.162698412698397600,0.000000000000000000,0.000000000000092800,0.000000000000000000,0.151927437641709257,0.000000000000000000
6.875000000000000000,0.686224489795854685,0.025000000000000000,0.267857142857118000,0.000000000000000000,0.160714285714270800,0.000000000000000000,0.000000000000092800,0.000000000000000000,0.153061224489781714,0.000000000000000000
6.888888888888888888,0.687074829931909028,0.025000000000000000,0.269841269841244800,0.000000000000000000,0.158730158730144000,0.000000000000000000,0.000000000000092800,0.000000000000000000,0.154195011337854171,0.000000000000000000
6.902777777777777777,0.687925170067963371,0.025000000000000000,0.271825396825371600,0.000000000000000000,0.156746031746017200,0.000000000000000000,0.000000000000092800,0.000000000000000000,0.155328798185926628,0.000000000000000000
6.916666666666666666,0.688775510204017714,0.025000000000000000,0.273809523809498400,0.000000000000000000,0.154761904761890400,0.000000000000000000,0.000000000000092800,0.000000000000000000,0.156462585033999085,0.000000000000000000
6.930555555555555555,0.689625850340072057,0.025000000000000000,0.275793650793625200,0.000000000000000000,0.152777777777763600,0.000000000000000000,0.000000000000092800,0.000000000000000000,0.157596371882071542,0.000000000000000000
6.944444444444444444,0.690476190476126400,0.025000000000000000,0.277777777777752000,0.000000000000000000,0.150793650793636800,0.000000000000000000,0.000000000000092800,0.000000000000000000,0.158730158730143999,0.000000000000000000
6.958333333333333333,0.691326530612180742,0.025000000000000000,0.279761904761878800,0.000000000000000000,0.148809523809510000,0.000000000000000000,0.000000000000092800,0.000000000000000000,0.159863945578216457,0.000000000000000000
6.972222222222222222,0.692176870748235085,0.025000000000000000,0.281746031746005600,0.000000000000000000,0.146825396825383200,0.000000000000000000,0.000000000000092800,0.000000000000000000,0.160997732426288914,0.000000000000000000
6.986111111111111111,0.693027210884289428,0.025000000000000000,0.283730158730132400,0.000000000000000000,0.144841269841256400,0.000000000000000000,0.000000000000092800,0.000000000000000000,0.162131519274361371,0.000000000000000000
7.000000000000000000,0.693877551020343771,0.049999999999999999,0.000000000000000000,0.000000000000000000,0.142857142857129600,0.000000000000000000,0.000000000000092800,0.000000000000000000,0.163265306122433828,0.033333333333333333
7.013888888888888888,0.694727891156398114,0.049999999999999999,0.001984126984126800,0.000000000000000000,0.140873015873002800,0.000000000000000000,0.000000000000092800,0.000000000000000000,0.164399092970506285,0.033333333333333333
7.027777777777777777,0.695578231292452457,0.049999999999999999,0.003968253968253600,0.000000000000000000,0.138888888888876000,0.000000000000000000,0.000000000000092800,0.000000000000000000,0.165532879818578742,0.033333333333333333
7.041666666666666666,0.696428571428506800,0.049999999999999999,0.005952380952380400,0.000000000000000000,0.136904761904749200,0.000000000000000000,0.000000000000092800,0.000000000000000000,0.166666666666651199,0.033333333333333333
7.055555555555555555,0.697278911564561142,0.049999999999999999,0.007936507936507200,0.000000000000000000,0.134920634920622400,0.000000000000000000,0.000000000000092800,0.000000000000000000,0.167800453514723657,0.033333333333333333
7.069444444444444444,0.698129251700615485,0.049999999999999999,0.009920634920634000,0.000000000000000000,0.132936507936495600,0.000000000000000000,0.000000000000092800,0.000000000000000000,0.168934240362796114,0.033333333333333333
7.083333333333333333,0.698979591836669828,0.049999999999999999,0.011904761904760800,0.000000000000000000,0.130952380952368800,0.000000000000000000,0.000000000000092800,0.000000000000000000,0.170068027210868571,0.033333333333333333
7.097222222222222222,0.699829931972724171,0.049999999999999999,0.013888888888887600,0.000000000000000000,0.128968253968242000,0.000000000000000000,0.000000000000092800,0.000000000000000000,0.171201814058941028,0.033333333333333333
7.111111111111111111,0.700680272108778514,0.049999999999999999,0.015873015873014400,0.000000000000000000,0.126984126984115200,0.000000000000000000,0.000000000000092800,0.000000000000000000,0.172335600907013485,0.033333333333333333
7.125000000000000000,0.701530612244832857,0.049999999999999999,0.017857142857141200,0.000000000000000000,0.124999999999988400,0.000000000000000000,0.000000000000092800,0.000000000000000000,0.173469387755085942,0.033333333333333333
7.138888888888888888,0.702380952380887200,0.049999999999999999,0.019841269841268000,0.000000000000000000,0.123015873015861600,0.000000000000000000,0.000000000000092800,0.000000000000000000,0.174603174603158399,0.033333333333333333
7.152777777777777777,0.703231292516941542,0.049999999999999999,0.021825396825394800,0.000000000000000000,0.121031746031734800,0.000000000000000000,0.000000000000092800,0.000000000000000000,0.175736961451230857,0.033333333333333333
7.166666666666666666,0.704081632652995885,0.049999999999999999,0.023809523809521600,0.000000000000000000,0.119047619047608000,0.000000000000000000,0.000000000000092800,0.000000000000000000,0.176870748299303314,0.033333333333333333
7.180555555555555555,0.704931972789050228,0.049999999999999999,0.025793650793648400,0.000000000000000000,0.117063492063481200,0.000000000000000000,0.000000000000092800,0.000000000000000000,0.178004535147375771,0.033333333333333333
7.194444444444444444,0.705782312925104571,0.049999999999999999,0.027777777777775200,0.000000000000000000,0.115079365079354400,0.000000000000000000,0.000000000000092800,0.000000000000000000,0.179138321995448228,0.033333333333333333
7.208333333333333333,0.706632653061158914,0.049999999999999999,0.029761904761902000,0.000000000000000000,0.113095238095227600,0.000000000000000000,0.000000000000092800,0.000000000000000000,0.180272108843520685,0.033333333333333333
7.222222222222222222,0.707482993197213257,0.049999999999999999,0.031746031746028800,0.000000000000000000,0.111111111111100800,0.000000000000000000,0.000000000000092800,0.000000000000000000,0.181405895691593142,0.033333333333333333
7.236111111111111111,0.708333333333267600,0.049999999999999999,0.033730158730155600,0.000000000000000000,0.109126984126974000,0.000000000000000000,0.000000000000092800,0.000000000000000000,0.182539682539665599,0.033333333333333333
7.250000000000000000,0.709183673469321942,0.049999999999999999,0.035714285714282400,0.000000000000000000,0.107142857142847200,0.000000000000000000,0.000000000000092800,0.000000000000000000,0.183673469387738057,0.033333333333333333
7.263888888888888888,0.710034013605376285,0.049999999999999999,0.037698412698409200,0.000000000000000000,0.105158730158720400,0.000000000000000000,0.000000000000092800,0.000000000000000000,0.184807256235810514,0.033333333333333333
7.277777777777777777,0.710884353741430628,0.049999999999999999,0.039682539682536000,0.000000000000000000,0.103174603174593600,0.000000000000000000,0.000000000000092800,0.000000000000000000,0.185941043083882971,0.033333333333333333
7.291666666666666666,0.711734693877484971,0.049999999999999999,0.041666666666662800,0.000000000000000000,0.101190476190466800,0.000000000000000000,0.000000000000092800,0.000000000000000000,0.187074829931955428,0.033333333333333333
7.305555555555555555,0.712585034013539314,0.049999999999999999,0.043650793650789600,0.000000000000000000,0.099206349206340000,0.000000000000000000,0.000000000000092800,0.000000000000000000,0.188208616780027885,0.033333333333333333
7.319444444444444444,0.713435374149593657,0.049999999999999999,0.045634920634916400,0.000000000000000000,0.097222222222213200,0.000000000000000000,0.000000000000092800,0.000000000000000000,0.189342403628100342,0.033333333333333333
7.333333333333333333,0.714285714285648000,0.049999999999999999,0.047619047619043200,0.000000000000000000,0.095238095238086400,0.000000000000000000,0.000000000000092800,0.000000000000000000,0.190476190476172799,0.033333333333333333
7.347222222222222222,0.715136054421702342,0.049999999999999999,0.049603174603170000,0.000000000000000000,0.093253968253959600,0.000000000000000000,0.000000000000092800,0.000000000000000000,0.191609977324245257,0.033333333333333333
7.361111111111111111,0.715986394557756685,0.049999999999999999,0.051587301587296800,0.000000000000000000,0.091269841269832800,0.000000000000000000,0.000000000000092800,0.000000000000000000,0.192743764172317714,0.033333333333333333
7.375000000000000000,0.716836734693811028,0.049999999999999999,0.053571428571423600,0.000000000000000000,0.089285714285706000,0.000000000000000000,0.000000000000092800,0.000000000000000000,0.193877551020390171,0.033333333333333333
7.388888888888888888,0.717687074829865371,0.049999999999999999,0.055555555555550400,0.000000000000000000,0.087301587301579200,0.000000000000000000,0.000000000000092800,0.000000000000000000,0.195011337868462628,0.033333333333333333
7.402777777777777777,0.718537414965919714,0.049999999999999999,0.057539682539677200,0.000000000000000000,0.085317460317452400,0.000000000000000000,0.000000000000092800,0.000000000000000000,0.196145124716535085,0.033333333333333333
7.416666666666666666,0.719387755101974057,0.049999999999999999,0.059523809523804000,0.000000000000000000,0.083333333333325600,0.000000000000000000,0.000000000000092800,0.000000000000000000,0.197278911564607542,0.033333333333333333
7.430555555555555555,0.720238095238028400,0.049999999999999999,0.061507936507930800,0.000000000000000000,0.081349206349198800,0.000000000000000000,0.000000000000092800,0.000000000000000000,0.198412698412679999,0.033333333333333333
7.444444444444444444,0.721088435374082742,0.049999999999999999,0.063492063492057600,0.000000000000000000,0.079365079365072000,0.000000000000000000,0.000000000000092800,0.000000000000000000,0.199546485260752457,0.033333333333333333
7.458333333333333333,0.721938775510137085,0.049999999999999999,0.065476190476184400,0.000000000000000000,0.077380952380945200,0.000000000000000000,0.000000000000092800,0.000000000000000000,0.200680272108824914,0.033333333333333333
7.472222222222222222,0.722789115646191428,0.049999999999999999,0.067460317460311200,0.000000000000000000,0.075396825396818400,0.000000000000000000,0.000000000000092800,0.000000000000000000,0.201814058956897371,0.033333333333333333
7.486111111111111111,0.723639455782245771,0.049999999999999999,0.069444444444438000,0.000000000000000000,0.073412698412691600,0.000000000000000000,0.000000000000092800,0.000000000000000000,0.202947845804969828,0.033333333333333333
7.500000000000000000,0.724489795918300114,0.049999999999999999,0.071428571428564800,0.000000000000000000,0.071428571428564800,0.000000000000000000,0.000000000000092800,0.000000000000000000,0.204081632653042285,0.033333333333333333
7.513888888888888888,0.725340136054354457,0.049999999999999999,0.073412698412691600,0.000000000000000000,0.069444444444438000,0.000000000000000000,0.000000000000092800,0.000000000000000000,0.205215419501114742,0.033333333333333333
7.527777777777777777,0.726190476190408800,0.049999999999999999,0.075396825396818400,0.000000000000000000,0.067460317460311200,0.000000000000000000,0.000000000000092800,0.000000000000000000,0.206349206349187199,0.033333333333333333
7.541666666666666666,0.727040816326463142,0.049999999999999999,0.077380952380945200,0.000000000000000000,0.065476190476184400,0.000000000000000000,0.000000000000092800,0.000000000000000000,0.207482993197259657,0.033333333333333333
7.555555555555555555,0.727891156462517485,0.049999999999999999,0.079365079365072000,0.000000000000000000,0.063492063492057600,0.000000000000000000,0.000000000000092800,0.000000000000000000,0.208616780045332114,0.033333333333333333
7.569444444444444444,0.728741496598571828,0.049999999999999999,0.081349206349198800,0.000000000000000000,0.061507936507930800,0.000000000000000000,0.000000000000092800,0.000000000000000000,0.209750566893404571,0.033333333333333333
7.583333333333333333,0.729591836734626171,0.049999999999999999,0.083333333333325600,0.000000000000000000,0.059523809523804000,0.000000000000000000,0.000000000000092800,0.000000000000000000,0.210884353741477028,0.033333333333333333
7.597222222222222222,0.730442176870680514,0.049999999999999999,0.085317460317452400,0.000000000000000000,0.057539682539677200,0.000000000000000000,0.000000000000092800,0.000000000000000000,0.212018140589549485,0.033333333333333333
7.611111111111111111,0.731292517006734857,0.049999999999999999,0.087301587301579200,0.000000000000000000,0.055555555555550400,0.000000000000000000,0.000000000000092800,0.000000000000000000,0.213151927437621942,0.033333333333333333
7.625000000000000000,0.732142857142789200,0.049999999999999999,0.089285714285706000,0.000000000000000000,0.053571428571423600,0.000000000000000000,0.000000000000092800,0.000000000000000000,0.214285714285694399,0.033333333333333333
7.638888888888888888,0.732993197278843542,0.049999999999999999,0.091269841269832800,0.000000000000000000,0.051587301587296800,0.000000000000000000,0.000000000000092800,0.000000000000000000,0.215419501133766857,0.033333333333333333
7.652777777777777777,0.733843537414897885,0.049999999999999999,0.093253968253959600,0.000000000000000000,0.049603174603170000,0.000000000000000000,0.000000000000092800,0.000000000000000000,0.216553287981839314,0.033333333333333333
7.666666666666666666,0.734693877550952228,0.049999999999999999,0.095238095238086400,0.000000000000000000,0.047619047619043200,0.000000000000000000,0.000000000000092800,0.000000000000000000,0.217687074829911771,0.033333333333333333
7.680555555555555555,0.735544217687006571,0.049999999999999999,0.097222222222213200,0.000000000000000000,0.045634920634916400,0.000000000000000000,0.000000000000092800,0.000000000000000000,0.218820861677984228,0.033333333333333333
7.694444444444444444,0.736394557823060914,0.049999999999999999,0.099206349206340000,0.000000000000000000,0.043650793650789600,0.000000000000000000,0.000000000000092800,0.000000000000000000,0.219954648526056685,0.033333333333333333
7.708333333333333333,0.737244897959115257,0.049999999999999999,0.101190476190466800,0.000000000000000000,0.041666666666662800,0.000000000000000000,0.000000000000092800,0.000000000000000000,0.221088435374129142,0.033333333333333333
7.722222222222222222,0.738095238095169600,0.049999999999999999,0.103174603174593600,0.000000000000000000,0.039682539682536000,0.000000000000000000,0.000000000000092800,0.000000000000000000,0.222222222222201599,0.033333333333333333
7.736111111111111111,0.738945578231223942,0.049999999999999999,0.105158730158720400,0.000000000000000000,0.037698412698409200,0.000000000000000000,0.000000000000092800,0.000000000000000000,0.223356009070274057,0.033333333333333333
7.750000000000000000,0.739795918367278285,0.049999999999999999,0.107142857142847200,0.000000000000000000,0.035714285714282400,0.000000000000000000,0.000000000000092800,0.000000000000000000,0.224489795918346514,0.033333333333333333
7.763888888888888888,0.740646258503332628,0.049999999999999999,0.109126984126974000,0.000000000000000000,0.033730158730155600,0.000000000000000000,0.000000000000092800,0.000000000000000000,0.225623582766418971,0.033333333333333333
7.777777777777777777,0.741496598639386971,0.049999999999999999,0.111111111111100800,0.000000000000000000,0.031746031746028800,0.000000000000000000,0.000000000000092800,0.000000000000000000,0.226757369614491428,0.033333333333333333
7.791666666666666666,0.742346938775441314,0.049999999999999999,0.113095238095227600,0.000000000000000000,0.029761904761902000,0.000000000000000000,0.000000000000092800,0.000000000000000000,0.227891156462563885,0.033333333333333333
7.805555555555555555,0.743197278911495657,0.049999999999999999,0.115079365079354400,0.000000000000000000,0.027777777777775200,0.000000000000000000,0.000000000000092800,0.000000000000000000,0.229024943310636342,0.033333333333333333
7.819444444444444444,0.744047619047550000,0.049999999999999999,0.117063492063481200,0.000000000000000000,0.025793650793648400,0.000000000000000000,0.000000000000092800,0.000000000000000000,0.230158730158708799,0.033333333333333333
7.833333333333333333,0.744897959183604342,0.049999999999999999,0.119047619047608000,0.000000000000000000,0.023809523809521600,0.000000000000000000,0.000000000000092800,0.000000000000000000,0.231292517006781257,0.033333333333333333
7.847222222222222222,0.745748299319658685,0.049999999999999999,0.121031746031734800,0.000000000000000000,0.021825396825394800,0.000000000000000000,0.000000000000092800,0.000000000000000000,0.232426303854853714,0.033333333333333333
7.861111111111111111,0.746598639455713028,0.049999999999999999,0.123015873015861600,0.000000000000000000,0.019841269841268000,0.000000000000000000,0.000000000000092800,0.000000000000000000,0.233560090702926171,0.033333333333333333
7.875000000000000000,0.747448979591767371,0.049999999999999999,0.124999999999988400,0.000000000000000000,0.017857142857141200,0.000000000000000000,0.000000000000092800,0.000000000000000000,0.234693877550998628,0.033333333333333333
7.888888888888888888,0.748299319727821714,0.049999999999999999,0.126984126984115200,0.000000000000000000,0.015873015873014400,0.000000000000000000,0.000000000000092800,0.000000000000000000,0.235827664399071085,0.033333333333333333
7.902777777777777777,0.749149659863876057,0.049999999999999999,0.128968253968242000,0.000000000000000000,0.013888888888887600,0.000000000000000000,0.000000000000092800,0.000000000000000000,0.236961451247143542,0.033333333333333333
7.916666666666666666,0.749999999999930400,0.049999999999999999,0.130952380952368800,0.000000000000000000,0.011904761904760800,0.000000000000000000,0.000000000000092800,0.000000000000000000,0.238095238095215999,0.033333333333333333
7.930555555555555555,0.750850340135984742,0.049999999999999999,0.132936507936495600,0.000000000000000000,0.009920634920634000,0.000000000000000000,0.000000000000092800,0.000000000000000000,0.239229024943288457,0.033333333333333333
7.944444444444444444,0.751700680272039085,0.049999999999999999,0.134920634920622400,0.000000000000000000,0.007936507936507200,0.000000000000000000,0.000000000000092800,0.000000000000000000,0.240362811791360914,0.033333333333333333
7.958333333333333333,0.752551020408093428,0.049999999999999999,0.136904761904749200,0.000000000000000000,0.005952380952380400,0.000000000000000000,0.000000000000092800,0.000000000000000000,0.241496598639433371,0.033333333333333333
7.972222222222222222,0.753401360544147771,0.049999999999999999,0.138888888888876000,0.000000000000000000,0.003968253968253600,0.000000000000000000,0.000000000000092800,0.000000000000000000,0.242630385487505828,0.033333333333333333
7.986111111111111111,0.754251700680202114,0.049999999999999999,0.140873015873002800,0.000000000000000000,0.001984126984126800,0.000000000000000000,0.000000000000092800,0.000000000000000000,0.243764172335578285,0.033333333333333333
8.000000000000000000,0.755102040816256457,0.049999999999999999,0.142857142857129600,0.000000000000000000,0.000000000000000000,0.000000000000000000,0.000000000000092800,0.000000000000000000,0.244897959183650742,0.033333333333333333
8.013888888888888888,0.755102040816256457,0.049999999999999999,0.142857142857129600,0.000000000000000000,0.000000000000000000,0.000000000000000000,0.000000000000092800,0.000000000000000000,0.244897959183650742,0.033333333333333333
8.027777777777777777,0.755102040816256457,0.049999999999999999,0.142857142857129600,0.000000000000000000,0.000000000000000000,0.000000000000000000,0.000000000000092800,0.000000000000000000,0.244897959183650742,0.033333333333333333
8.041666666666666666,0.755102040816256457,0.049999999999999999,0.142857142857129600,0.000000000000000000,0.000000000000000000,0.000000000000000000,0.000000000000092800,0.000000000000000000,0.244897959183650742,0.033333333333333333
8.055555555555555555,0.755102040816256457,0.049999999999999999,0.142857142857129600,0.000000000000000000,0.000000000000000000,0.000000000000000000,0.000000000000092800,0.000000000000000000,0.244897959183650742,0.033333333333333333
8.069444444444444444,0.755102040816256457,0.049999999999999999,0.142857142857129600,0.000000000000000000,0.000000000000000000,0.000000000000000000,0.000000000000092800,0.000000000000000000,0.244897959183650742,0.033333333333333333
8.083333333333333333,0.755102040816256457,0.049999999999999999,0.142857142857129600,0.000000000000000000,0.000000000000000000,0.000000000000000000,0.000000000000092800,0.000000000000000000,0.244897959183650742,0.033333333333333333
8.097222222222222222,0.755102040816256457,0.049999999999999999,0.142857142857129600,0.000000000000000000,0.000000000000000000,0.000000000000000000,0.000000000000092800,0.000000000000000000,0.244897959183650742,0.033333333333333333
8.111111111111111111,0.755102040816256457,0.049999999999999999,0.142857142857129600,0.000000000000000000,0.000000000000000000,0.000000000000000000,0.000000000000092800,0.000000000000000000,0.244897959183650742,0.033333333333333333
8.125000000000000000,0.755102040816256457,0.049999999999999999,0.142857142857129600,0.000000000000000000,0.000000000000000000,0.000000000000000000,0.000000000000092800,0.000000000000000000,0.244897959183650742,0.033333333333333333
8.138888888888888888,0.755102040816256457,0.049999999999999999,0.142857142857129600,0.000000000000000000,0.000000000000000000,0.000000000000000000,0.000000000000092800,0.000000000000000000,0.244897959183650742,0.033333333333333333
8.152777777777777777,0.755102040816256457,0.049999999999999999,0.142857142857129600,0.000000000000000000,0.000000000000000000,0.000000000000000000,0.000000000000092800,0.000000000000000000,0.244897959183650742,0.033333333333333333
8.166666666666666666,0.755102040816256457,0.049999999999999999,0.142857142857129600,0.000000000000000000,0.000000000000000000,0.000000000000000000,0.000000000000092800,0.000000000000000000,0.244897959183650742,0.033333333333333333
8.180555555555555555,0.755102040816256457,0.049999999999999999,0.142857142857129600,0.000000000000000000,0.000000000000000000,0.000000000000000000,0.000000000000092800,0.000000000000000000,0.244897959183650742,0.033333333333333333
8.194444444444444444,0.755102040816256457,0.049999999999999999,0.142857142857129600,0.000000000000000000,0.000000000000000000,0.000000000000000000,0.000000000000092800,0.000000000000000000,0.244897959183650742,0.033333333333333333
8.208333333333333333,0.755102040816256457,0.049999999999999999,0.142857142857129600,0.000000000000000000,0.000000000000000000,0.000000000000000000,0.000000000000092800,0.000000000000000000,0.244897959183650742,0.033333333333333333
8.222222222222222222,0.755102040816256457,0.049999999999999999,0.142857142857129600,0.000000000000000000,0.000000000000000000,0.000000000000000000,0.000000000000092800,0.000000000000000000,0.244897959183650742,0.033333333333333333
8.236111111111111111,0.755102040816256457,0.049999999999999999,0.142857142857129600,0.000000000000000000,0.000000000000000000,0.000000000000000000,0.000000000000092800,0.000000000000000000,0.244897959183650742,0.033333333333333333
8.250000000000000000,0.755102040816256457,0.049999999999999999,0.142857142857129600,0.000000000000000000,0.000000000000000000,0.000000000000000000,0.000000000000092800,0.000000000000000000,0.244897959183650742,0.033333333333333333
8.263888888888888888,0.755102040816256457,0.049999999999999999,0.142857142857129600,0.000000000000000000,0.000000000000000000,0.000000000000000000,0.000000000000092800,0.000000000000000000,0.244897959183650742,0.033333333333333333
8.277777777777777777,0.755102040816256457,0.049999999999999999,0.142857142857129600,0.000000000000000000,0.000000000000000000,0.000000000000000000,0.000000000000092800,0.000000000000000000,0.244897959183650742,0.033333333333333333
8.291666666666666666,0.755102040816256457,0.049999999999999999,0.142857142857129600,0.000000000000000000,0.000000000000000000,0.000000000000000000,0.000000000000092800,0.000000000000000000,0.244897959183650742,0.033333333333333333
8.305555555555555555,0.755102040816256457,0.049999999999999999,0.142857142857129600,0.000000000000000000,0.000000000000000000,0.000000000000000000,0.000000000000092800,0.000000000000000000,0.244897959183650742,0.033333333333333333
8.319444444444444444,0.755102040816256457,0.049999999999999999,0.142857142857129600,0.000000000000000000,0.000000000000000000,0.000000000000000000,0.000000000000092800,0.000000000000000000,0.244897959183650742,0.033333333333333333
8.333333333333333333,0.755102040816256457,0.049999999999999999,0.142857142857129600,0.000000000000000000,0.000000000000000000,0.000000000000000000,0.000000000000092800,0.000000000000000000,0.244897959183650742,0.033333333333333333
8.347222222222222222,0.755102040816256457,0.049999999999999999,0.142857142857129600,0.000000000000000000,0.000000000000000000,0.000000000000000000,0.000000000000092800,0.000000000000000000,0.244897959183650742,0.033333333333333333
8.361111111111111111,0.755102040816256457,0.049999999999999999,0.142857142857129600,0.000000000000000000,0.000000000000000000,0.000000000000000000,0.000000000000092800,0.000000000000000000,0.244897959183650742,0.033333333333333333
8.375000000000000000,0.755102040816256457,0.049999999999999999,0.142857142857129600,0.000000000000000000,0.000000000000000000,0.000000000000000000,0.000000000000092800,0.000000000000000000,0.244897959183650742,0.033333333333333333
8.388888888888888888,0.755102040816256457,0.049999999999999999,0.142857142857129600,0.000000000000000000,0.000000000000000000,0.000000000000000000,0.000000000000092800,0.000000000000000000,0.244897959183650742,0.033333333333333333
8.402777777777777777,0.755102040816256457,0.049999999999999999,0.142857142857129600,0.000000000000000000,0.000000000000000000,0.000000000000000000,0.000000000000092800,0.000000000000000000,0.244897959183650742,0.033333333333333333
8.416666666666666666,0.755102040816256457,0.049999999999999999,0.142857142857129600,0.000000000000000000,0.000000000000000000,0.000000000000000000,0.000000000000092800,0.000000000000000000,0.244897959183650742,0.033333333333333333
8.430555555555555555,0.755102040816256457,0.049999999999999999,0.142857142857129600,0.000000000000000000,0.000000000000000000,0.000000000000000000,0.000000000000092800,0.000000000000000000,0.244897959183650742,0.033333333333333333
8.444444444444444444,0.755102040816256457,0.049999999999999999,0.142857142857129600,0.000000000000000000,0.000000000000000000,0.000000000000000000,0.000000000000092800,0.000000000000000000,0.244897959183650742,0.033333333333333333
8.458333333333333333,0.755102040816256457,0.049999999999999999,0.142857142857129600,0.000000000000000000,0.000000000000000000,0.000000000000000000,0.000000000000092800,0.000000000000000000,0.244897959183650742,0.033333333333333333
8.472222222222222222,0.755102040816256457,0.049999999999999999,0.142857142857129600,0.000000000000000000,0.000000000000000000,0.000000000000000000,0.000000000000092800,0.000000000000000000,0.244897959183650742,0.033333333333333333
8.486111111111111111,0.755102040816256457,0.049999999999999999,0.142857142857129600,0.000000000000000000,0.000000000000000000,0.000000000000000000,0.000000000000092800,0.000000000000000000,0.244897959183650742,0.033333333333333333
8.500000000000000000,0.755102040816256457,0.049999999999999999,0.142857142857129600,0.000000000000000000,0.000000000000000000,0.000000000000000000,0.000000000000092800,0.000000000000000000,0.244897959183650742,0.033333333333333333
8.513888888888888888,0.755102040816256457,0.049999999999999999,0.142857142857129600,0.000000000000000000,0.000000000000000000,0.000000000000000000,0.000000000000092800,0.000000000000000000,0.244897959183650742,0.033333333333333333
8.527777777777777777,0.755102040816256457,0.049999999999999999,0.142857142857129600,0.000000000000000000,0.000000000000000000,0.000000000000000000,0.000000000000092800,0.000000000000000000,0.244897959183650742,0.033333333333333333
8.541666666666666666,0.755102040816256457,0.049999999999999999,0.142857142857129600,0.000000000000000000,0.000000000000000000,0.000000000000000000,0.000000000000092800,0.000000000000000000,0.244897959183650742,0.033333333333333333
8.555555555555555555,0.755102040816256457,0.049999999999999999,0.142857142857129600,0.000000000000000000,0.000000000000000000,0.000000000000000000,0.000000000000092800,0.000000000000000000,0.244897959183650742,0.033333333333333333
8.569444444444444444,0.755102040816256457,0.049999999999999999,0.142857142857129600,0.000000000000000000,0.000000000000000000,0.000000000000000000,0.000000000000092800,0.000000000000000000,0.244897959183650742,0.033333333333333333
8.583333333333333333,0.755102040816256457,0.049999999999999999,0.142857142857129600,0.000000000000000000,0.000000000000000000,0.000000000000000000,0.000000000000092800,0.000000000000000000,0.244897959183650742,0.033333333333333333
8.597222222222222222,0.755102040816256457,0.049999999999999999,0.142857142857129600,0.000000000000000000,0.000000000000000000,0.000000000000000000,0.000000000000092800,0.000000000000000000,0.244897959183650742,0.033333333333333333
8.611111111111111111,0.755102040816256457,0.049999999999999999,0.142857142857129600,0.000000000000000000,0.000000000000000000,0.000000000000000000,0.000000000000092800,0.000000000000000000,0.244897959183650742,0.033333333333333333
8.625000000000000000,0.755102040816256457,0.049999999999999999,0.142857142857129600,0.000000000000000000,0.000000000000000000,0.000000000000000000,0.000000000000092800,0.000000000000000000,0.244897959183650742,0.033333333333333333
8.638888888888888888,0.755102040816256457,0.049999999999999999,0.142857142857129600,0.000000000000000000,0.000000000000000000,0.000000000000000000,0.000000000000092800,0.000000000000000000,0.244897959183650742,0.033333333333333333
8.652777777777777777,0.755102040816256457,0.049999999999999999,0.142857142857129600,0.000000000000000000,0.000000000000000000,0.000000000000000000,0.000000000000092800,0.000000000000000000,0.244897959183650742,0.033333333333333333
8.666666666666666666,0.755102040816256457,0.049999999999999999,0.142857142857129600,0.000000000000000000,0.000000000000000000,0.000000000000000000,0.000000000000092800,0.000000000000000000,0.244897959183650742,0.033333333333333333
8.680555555555555555,0.755102040816256457,0.049999999999999999,0.142857142857129600,0.000000000000000000,0.000000000000000000,0.000000000000000000,0.000000000000092800,0.000000000000000000,0.244897959183650742,0.033333333333333333
8.694444444444444444,0.755102040816256457,0.049999999999999999,0.142857142857129600,0.000000000000000000,0.000000000000000000,0.000000000000000000,0.000000000000092800,0.000000000000000000,0.244897959183650742,0.033333333333333333
8.708333333333333333,0.755102040816256457,0.049999999999999999,0.142857142857129600,0.000000000000000000,0.000000000000000000,0.000000000000000000,0.000000000000092800,0.000000000000000000,0.244897959183650742,0.033333333333333333
8.722222222222222222,0.755102040816256457,0.049999999999999999,0.142857142857129600,0.000000000000000000,0.000000000000000000,0.000000000000000000,0.000000000000092800,0.000000000000000000,0.244897959183650742,0.033333333333333333
8.736111111111111111,0.755102040816256457,0.049999999999999999,0.142857142857129600,0.000000000000000000,0.000000000000000000,0.000000000000000000,0.000000000000092800,0.000000000000000000,0.244897959183650742,0.033333333333333333
8.750000000000000000,0.755102040816256457,0.049999999999999999,0.142857142857129600,0.000000000000000000,0.000000000000000000,0.000000000000000000,0.000000000000092800,0.000000000000000000,0.244897959183650742,0.033333333333333333
8.763888888888888888,0.755102040816256457,0.049999999999999999,0.142857142857129600,0.000000000000000000,0.000000000000000000,0.000000000000000000,0.000000000000092800,0.000000000000000000,0.244897959183650742,0.033333333333333333
8.777777777777777777,0.755102040816256457,0.049999999999999999,0.142857142857129600,0.000000000000000000,0.000000000000000000,0.000000000000000000,0.000000000000092800,0.000000000000000000,0.244897959183650742,0.033333333333333333
8.791666666666666666,0.755102040816256457,0.049999999999999999,0.142857142857129600,0.000000000000000000,0.000000000000000000,0.000000000000000000,0.000000000000092800,0.000000000000000000,0.244897959183650742,0.033333333333333333
8.805555555555555555,0.755102040816256457,0.049999999999999999,0.142857142857129600,0.000000000000000000,0.000000000000000000,0.000000000000000000,0.000000000000092800,0.000000000000000000,0.244897959183650742,0.033333333333333333
8.819444444444444444,0.755102040816256457,0.049999999999999999,0.142857142857129600,0.000000000000000000,0.000000000000000000,0.000000000000000000,0.000000000000092800,0.000000000000000000,0.244897959183650742,0.033333333333333333
8.833333333333333333,0.755102040816256457,0.049999999999999999,0.142857142857129600,0.000000000000000000,0.000000000000000000,0.000000000000000000,0.000000000000092800,0.000000000000000000,0.244897959183650742,0.033333333333333333
8.847222222222222222,0.755102040816256457,0.049999999999999999,0.142857142857129600,0.000000000000000000,0.000000000000000000,0.000000000000000000,0.000000000000092800,0.000000000000000000,0.244897959183650742,0.033333333333333333
8.861111111111111111,0.755102040816256457,0.049999999999999999,0.142857142857129600,0.000000000000000000,0.000000000000000000,0.000000000000000000,0.000000000000092800,0.000000000000000000,0.244897959183650742,0.033333333333333333
8.875000000000000000,0.755102040816256457,0.049999999999999999,0.142857142857129600,0.000000000000000000,0.000000000000000000,0.000000000000000000,0.000000000000092800,0.000000000000000000,0.244897959183650742,0.033333333333333333
8.888888888888888888,0.755102040816256457,0.049999999999999999,0.142857142857129600,0.000000000000000000,0.000000000000000000,0.000000000000000000,0.000000000000092800,0.000000000000000000,0.244897959183650742,0.033333333333333333
8.902777777777777777,0.755102040816256457,0.049999999999999999,0.142857142857129600,0.000000000000000000,0.000000000000000000,0.000000000000000000,0.000000000000092800,0.000000000000000000,0.244897959183650742,0.033333333333333333
8.916666666666666666,0.755102040816256457,0.049999999999999999,0.142857142857129600,0.000000000000000000,0.000000000000000000,0.000000000000000000,0.000000000000092800,0.000000000000000000,0.244897959183650742,0.033333333333333333
8.930555555555555555,0.755102040816256457,0.049999999999999999,0.142857142857129600,0.000000000000000000,0.000000000000000000,0.000000000000000000,0.000000000000092800,0.000000000000000000,0.244897959183650742,0.033333333333333333
8.944444444444444444,0.755102040816256457,0.049999999999999999,0.142857142857129600,0.000000000000000000,0.000000000000000000,0.000000000000000000,0.000000000000092800,0.000000000000000000,0.244897959183650742,0.033333333333333333
8.958333333333333333,0.755102040816256457,0.049999999999999999,0.142857142857129600,0.000000000000000000,0.000000000000000000,0.000000000000000000,0.000000000000092800,0.000000000000000000,0.244897959183650742,0.033333333333333333
8.972222222222222222,0.755102040816256457,0.049999999999999999,0.142857142857129600,0.000000000000000000,0.000000000000000000,0.000000000000000000,0.000000000000092800,0.000000000000000000,0.244897959183650742,0.033333333333333333
8.986111111111111111,0.755102040816256457,0.049999999999999999,0.142857142857129600,0.000000000000000000,0.000000000000000000,0.000000000000000000,0.000000000000092800,0.000000000000000000,0.244897959183650742,0.033333333333333333
9.000000000000000000,0.755102040816256457,0.049999999999999999,0.142857142857129600,0.000000000000000000,0.000000000000000000,0.000000000000000000,0.000000000000092800,0.000000000000000000,0.244897959183650742,0.033333333333333333
9.013888888888888888,0.755102040816256457,0.049999999999999999,0.142857142857129600,0.000000000000000000,0.000000000000000000,0.000000000000000000,0.000000000000092800,0.000000000000000000,0.244897959183650742,0.033333333333333333
9.027777777777777777,0.755102040816256457,0.049999999999999999,0.142857142857129600,0.000000000000000000,0.000000000000000000,0.000000000000000000,0.000000000000092800,0.000000000000000000,0.244897959183650742,0.033333333333333333
9.041666666666666666,0.755102040816256457,0.049999999999999999,0.142857142857129600,0.000000000000000000,0.000000000000000000,0.000000000000000000,0.000000000000092800,0.000000000000000000,0.244897959183650742,0.033333333333333333
9.055555555555555555,0.755102040816256457,0.049999999999999999,0.142857142857129600,0.000000000000000000,0.000000000000000000,0.000000000000000000,0.000000000000092800,0.000000000000000000,0.244897959183650742,0.033333333333333333
9.069444444444444444,0.755102040816256457,0.049999999999999999,0.142857142857129600,0.000000000000000000,0.000000000000000000,0.000000000000000000,0.000000000000092800,0.000000000000000000,0.244897959183650742,0.033333333333333333
9.083333333333333333,0.755102040816256457,0.049999999999999999,0.142857142857129600,0.000000000000000000,0.000000000000000000,0.000000000000000000,0.000000000000092800,0.000000000000000000,0.244897959183650742,0.033333333333333333
9.097222222222222222,0.755102040816256457,0.049999999999999999,0.142857142857129600,0.000000000000000000,0.000000000000000000,0.000000000000000000,0.000000000000092800,0.000000000000000000,0.244897959183650742,0.033333333333333333
9.111111111111111111,0.755102040816256457,0.049999999999999999,0.142857142857129600,0.000000000000000000,0.000000000000000000,0.000000000000000000,0.000000000000092800,0.000000000000000000,0.244897959183650742,0.033333333333333333
9.125000000000000000,0.755102040816256457,0.049999999999999999,0.142857142857129600,0.000000000000000000,0.000000000000000000,0.000000000000000000,0.000000000000092800,0.000000000000000000,0.244897959183650742,0.033333333333333333
9.138888888888888888,0.755102040816256457,0.049999999999999999,0.142857142857129600,0.000000000000000000,0.000000000000000000,0.000000000000000000,0.000000000000092800,0.000000000000000000,0.244897959183650742,0.033333333333333333
9.152777777777777777,0.755102040816256457,0.049999999999999999,0.142857142857129600,0.000000000000000000,0.000000000000000000,0.000000000000000000,0.000000000000092800,0.000000000000000000,0.244897959183650742,0.033333333333333333
9.166666666666666666,0.755102040816256457,0.049999999999999999,0.142857142857129600,0.000000000000000000,0.000000000000000000,0.000000000000000000,0.000000000000092800,0.000000000000000000,0.244897959183650742,0.033333333333333333
9.180555555555555555,0.755102040816256457,0.049999999999999999,0.142857142857129600,0.000000000000000000,0.000000000000000000,0.000000000000000000,0.000000000000092800,0.000000000000000000,0.244897959183650742,0.033333333333333333
9.194444444444444444,0.755102040816256457,0.049999999999999999,0.142857142857129600,0.000000000000000000,0.000000000000000000,0.000000000000000000,0.000000000000092800,0.000000000000000000,0.244897959183650742,0.033333333333333333
9.208333333333333333,0.755102040816256457,0.049999999999999999,0.142857142857129600,0.000000000000000000,0.000000000000000000,0.000000000000000000,0.000000000000092800,0.000000000000000000,0.244897959183650742,0.033333333333333333
9.222222222222222222,0.755102040816256457,0.049999999999999999,0.142857142857129600,0.000000000000000000,0.000000000000000000,0.000000000000000000,0.000000000000092800,0.000000000000000000,0.244897959183650742,0.033333333333333333
9.236111111111111111,0.755102040816256457,0.049999999999999999,0.142857142857129600,0.000000000000000000,0.000000000000000000,0.000000000000000000,0.000000000000092800,0.000000000000000000,0.244897959183650742,0.033333333333333333
9.250000000000000000,0.755102040816256457,0.049999999999999999,0.142857142857129600,0.000000000000000000,0.000000000000000000,0.000000000000000000,0.000000000000092800,0.000000000000000000,0.244897959183650742,0.033333333333333333
9.263888888888888888,0.755102040816256457,0.049999999999999999,0.142857142857129600,0.000000000000000000,0.000000000000000000,0.000000000000000000,0.000000000000092800,0.000000000000000000,0.244897959183650742,0.033333333333333333
9.277777777777777777,0.755102040816256457,0.049999999999999999,0.142857142857129600,0.000000000000000000,0.000000000000000000,0.000000000000000000,0.000000000000092800,0.000000000000000000,0.244897959183650742,0.033333333333333333
9.291666666666666666,0.755102040816256457,0.049999999999999999,0.142857142857129600,0.000000000000000000,0.000000000000000000,0.000000000000000000,0.000000000000092800,0.000000000000000000,0.244897959183650742,0.033333333333333333
9.305555555555555555,0.755102040816256457,0.049999999999999999,0.142857142857129600,0.000000000000000000,0.000000000000000000,0.000000000000000000,0.000000000000092800,0.000000000000000000,0.244897959183650742,0.033333333333333333
9.319444444444444444,0.755102040816256457,0.049999999999999999,0.142857142857129600,0.000000000000000000,0.000000000000000000,0.000000000000000000,0.000000000000092800,0.000000000000000000,0.244897959183650742,0.033333333333333333
9.333333333333333333,0.755102040816256457,0.049999999999999999,0.142857142857129600,0.000000000000000000,0.000000000000000000,0.000000000000000000,0.000000000000092800,0.000000000000000000,0.244897959183650742,0.033333333333333333
9.347222222222222222,0.755102040816256457,0.049999999999999999,0.142857142857129600,0.000000000000000000,0.000000000000000000,0.000000000000000000,0.000000000000092800,0.000000000000000000,0.244897959183650742,0.033333333333333333
9.361111111111111111,0.755102040816256457,0.049999999999999999,0.142857142857129600,0.000000000000000000,0.000000000000000000,0.000000000000000000,0.000000000000092800,0.000000000000000000,0.244897959183650742,0.033333333333333333
9.375000000000000000,0.755102040816256457,0.049999999999999999,0.142857142857129600,0.000000000000000000,0.000000000000000000,0.000000000000000000,0.000000000000092800,0.000000000000000000,0.244897959183650742,0.033333333333333333
9.388888888888888888,0.755102040816256457,0.049999999999999999,0.142857142857129600,0.000000000000000000,0.000000000000000000,0.000000000000000000,0.000000000000092800,0.000000000000000000,0.244897959183650742,0.033333333333333333
9.402777777777777777,0.755102040816256457,0.049999999999999999,0.142857142857129600,0.000000000000000000,0.000000000000000000,0.000000000000000000,0.000000000000092800,0.000000000000000000,0.244897959183650742,0.033333333333333333
9.416666666666666666,0.755102040816256457,0.049999999999999999,0.142857142857129600,0.000000000000000000,0.000000000000000000,0.000000000000000000,0.000000000000092800,0.000000000000000000,0.244897959183650742,0.033333333333333333
9.430555555555555555,0.755102040816256457,0.049999999999999999,0.142857142857129600,0.000000000000000000,0.000000000000000000,0.000000000000000000,0.000000000000092800,0.000000000000000000,0.244897959183650742,0.033333333333333333
9.444444444444444444,0.755102040816256457,0.049999999999999999,0.142857142857129600,0.000000000000000000,0.000000000000000000,0.000000000000000000,0.000000000000092800,0.000000000000000000,0.244897959183650742,0.033333333333333333
9.458333333333333333,0.755102040816256457,0.049999999999999999,0.142857142857129600,0.000000000000000000,0.000000000000000000,0.000000000000000000,0.000000000000092800,0.000000000000000000,0.244897959183650742,0.033333333333333333
9.472222222222222222,0.755102040816256457,0.049999999999999999,0.142857142857129600,0.000000000000000000,0.000000000000000000,0.000000000000000000,0.000000000000092800,0.000000000000000000,0.244897959183650742,0.033333333333333333
9.486111111111111111,0.755102040816256457,0.049999999999999999,0.142857142857129600,0.000000000000000000,0.000000000000000000,0.000000000000000000,0.000000000000092800,0.000000000000000000,0.244897959183650742,0.033333333333333333
9.500000000000000000,0.755102040816256457,0.049999999999999999,0.142857142857129600,0.000000000000000000,0.000000000000000000,0.000000000000000000,0.000000000000092800,0.000000000000000000,0.244897959183650742,0.033333333333333333
9.513888888888888888,0.755102040816256457,0.049999999999999999,0.142857142857129600,0.000000000000000000,0.000000000000000000,0.000000000000000000,0.000000000000092800,0.000000000000000000,0.244897959183650742,0.033333333333333333
9.527777777777777777,0.755102040816256457,0.049999999999999999,0.142857142857129600,0.000000000000000000,0.000000000000000000,0.000000000000000000,0.000000000000092800,0.000000000000000000,0.244897959183650742,0.033333333333333333
9.541666666666666666,0.755102040816256457,0.049999999999999999,0.142857142857129600,0.000000000000000000,0.000000000000000000,0.000000000000000000,0.000000000000092800,0.000000000000000000,0.244897959183650742,0.033333333333333333
9.555555555555555555,0.755102040816256457,0.049999999999999999,0.142857142857129600,0.000000000000000000,0.000000000000000000,0.000000000000000000,0.000000000000092800,0.000000000000000000,0.244897959183650742,0.033333333333333333
9.569444444444444444,0.755102040816256457,0.049999999999999999,0.142857142857129600,0.000000000000000000,0.000000000000000000,0.000000000000000000,0.000000000000092800,0.000000000000000000,0.244897959183650742,0.033333333333333333
9.583333333333333333,0.755102040816256457,0.049999999999999999,0.142857142857129600,0.000000000000000000,0.000000000000000000,0.000000000000000000,0.000000000000092800,0.000000000000000000,0.244897959183650742,0.033333333333333333
9.597222222222222222,0.755102040816256457,0.049999999999999999,0.142857142857129600,0.000000000000000000,0.000000000000000000,0.000000000000000000,0.000000000000092800,0.000000000000000000,0.244897959183650742,0.033333333333333333
9.611111111111111111,0.755102040816256457,0.049999999999999999,0.142857142857129600,0.000000000000000000,0.000000000000000000,0.000000000000000000,0.000000000000092800,0.000000000000000000,0.244897959183650742,0.033333333333333333
9.625000000000000000,0.755102040816256457,0.049999999999999999,0.142857142857129600,0.000000000000000000,0.000000000000000000,0.000000000000000000,0.000000000000092800,0.000000000000000000,0.244897959183650742,0.033333333333333333
9.638888888888888888,0.755102040816256457,0.049999999999999999,0.142857142857129600,0.000000000000000000,0.000000000000000000,0.000000000000000000,0.000000000000092800,0.000000000000000000,0.244897959183650742,0.033333333333333333
9.652777777777777777,0.755102040816256457,0.049999999999999999,0.142857142857129600,0.000000000000000000,0.000000000000000000,0.000000000000000000,0.000000000000092800,0.000000000000000000,0.244897959183650742,0.033333333333333333
9.666666666666666666,0.755102040816256457,0.049999999999999999,0.142857142857129600,0.000000000000000000,0.000000000000000000,0.000000000000000000,0.000000000000092800,0.000000000000000000,0.244897959183650742,0.033333333333333333
9.680555555555555555,0.755102040816256457,0.049999999999999999,0.142857142857129600,0.000000000000000000,0.000000000000000000,0.000000000000000000,0.000000000000092800,0.000000000000000000,0.244897959183650742,0.033333333333333333
9.694444444444444444,0.755102040816256457,0.049999999999999999,0.142857142857129600,0.000000000000000000,0.000000000000000000,0.000000000000000000,0.000000000000092800,0.000000000000000000,0.244897959183650742,0.033333333333333333
9.708333333333333333,0.755102040816256457,0.049999999999999999,0.142857142857129600,0.000000000000000000,0.000000000000000000,0.000000000000000000,0.000000000000092800,0.000000000000000000,0.244897959183650742,0.033333333333333333
9.722222222222222222,0.755102040816256457,0.049999999999999999,0.142857142857129600,0.000000000000000000,0.000000000000000000,0.000000000000000000,0.000000000000092800,0.000000000000000000,0.244897959183650742,0.033333333333333333
9.736111111111111111,0.755102040816256457,0.049999999999999999,0.142857142857129600,0.000000000000000000,0.000000000000000000,0.000000000000000000,0.000000000000092800,0.000000000000000000,0.244897959183650742,0.033333333333333333
9.750000000000000000,0.755102040816256457,0.049999999999999999,0.142857142857129600,0.000000000000000000,0.000000000000000000,0.000000000000000000,0.000000000000092800,0.000000000000000000,0.244897959183650742,0.033333333333333333
9.763888888888888888,0.755102040816256457,0.049999999999999999,0.142857142857129600,0.000000000000000000,0.000000000000000000,0.000000000000000000,0.000000000000092800,0.000000000000000000,0.244897959183650742,0.033333333333333333
9.777777777777777777,0.755102040816256457,0.049999999999999999,0.142857142857129600,0.000000000000000000,0.000000000000000000,0.000000000000000000,0.000000000000092800,0.000000000000000000,0.244897959183650742,0.033333333333333333
9.791666666666666666,0.755102040816256457,0.049999999999999999,0.142857142857129600,0.000000000000000000,0.000000000000000000,0.000000000000000000,0.000000000000092800,0.000000000000000000,0.244897959183650742,0.033333333333333333
9.805555555555555555,0.755102040816256457,0.049999999999999999,0.142857142857129600,0.000000000000000000,0.000000000000000000,0.000000000000000000,0.000000000000092800,0.000000000000000000,0.244897959183650742,0.033333333333333333
9.819444444444444444,0.755102040816256457,0.049999999999999999,0.142857142857129600,0.000000000000000000,0.000000000000000000,0.000000000000000000,0.000000000000092800,0.000000000000000000,0.244897959183650742,0.033333333333333333
9.833333333333333333,0.755102040816256457,0.049999999999999999,0.142857142857129600,0.000000000000000000,0.000000000000000000,0.000000000000000000,0.000000000000092800,0.000000000000000000,0.244897959183650742,0.033333333333333333
9.847222222222222222,0.755102040816256457,0.049999999999999999,0.142857142857129600,0.000000000000000000,0.000000000000000000,0.000000000000000000,0.000000000000092800,0.000000000000000000,0.244897959183650742,0.033333333333333333
9.861111111111111111,0.755102040816256457,0.049999999999999999,0.142857142857129600,0.000000000000000000,0.000000000000000000,0.000000000000000000,0.000000000000092800,0.000000000000000000,0.244897959183650742,0.033333333333333333
9.875000000000000000,0.755102040816256457,0.049999999999999999,0.142857142857129600,0.000000000000000000,0.000000000000000000,0.000000000000000000,0.000000000000092800,0.000000000000000000,0.244897959183650742,0.033333333333333333
9.888888888888888888,0.755102040816256457,0.049999999999999999,0.142857142857129600,0.000000000000000000,0.000000000000000000,0.000000000000000000,0.000000000000092800,0.000000000000000000,0.244897959183650742,0.033333333333333333
9.902777777777777777,0.755102040816256457,0.049999999999999999,0.142857142857129600,0.000000000000000000,0.000000000000000000,0.000000000000000000,0.000000000000092800,0.000000000000000000,0.244897959183650742,0.033333333333333333
9.916666666666666666,0.755102040816256457,0.049999999999999999,0.142857142857129600,0.000000000000000000,0.000000000000000000,0.000000000000000000,0.000000000000092800,0.000000000000000000,0.244897959183650742,0.033333333333333333
9.930555555555555555,0.755102040816256457,0.049999999999999999,0.142857142857129600,0.000000000000000000,0.000000000000000000,0.000000000000000000,0.000000000000092800,0.000000000000000000,0.244897959183650742,0.033333333333333333
9.944444444444444444,0.755102040816256457,0.049999999999999999,0.142857142857129600,0.000000000000000000,0.000000000000000000,0.000000000000000000,0.000000000000092800,0.000000000000000000,0.244897959183650742,0.033333333333333333
9.958333333333333333,0.755102040816256457,0.049999999999999999,0.142857142857129600,0.000000000000000000,0.000000000000000000,0.000000000000000000,0.000000000000092800,0.000000000000000000,0.244897959183650742,0.033333333333333333
9.972222222222222222,0.755102040816256457,0.049999999999999999,0.142857142857129600,0.000000000000000000,0.000000000000000000,0.000000000000000000,0.000000000000092800,0.000000000000000000,0.244897959183650742,0.033333333333333333
9.986111111111111111,0.755102040816256457,0.049999999999999999,0.142857142857129600,0.000000000000000000,0.000000000000000000,0.000000000000000000,0.000000000000092800,0.000000000000000000,0.244897959183650742,0.033333333333333333
10.000000000000000000,0.755102040816256457,0.049999999999999999,0.142857142857129600,0.000000000000000000,0.000000000000000000,0.000000000000000000,0.000000000000092800,0.000000000000000000,0.244897959183650742,0.033333333333333333
10.013888888888888888,0.755102040816256457,0.049999999999999999,0.142857142857129600,0.000000000000000000,0.000000000000000000,0.000000000000000000,0.000000000000092800,0.000000000000000000,0.244897959183650742,0.033333333333333333
10.027777777777777777,0.755102040816256457,0.049999999999999999,0.142857142857129600,0.000000000000000000,0.000000000000000000,0.000000000000000000,0.000000000000092800,0.000000000000000000,0.244897959183650742,0.033333333333333333
10.041666666666666666,0.755102040816256457,0.049999999999999999,0.142857142857129600,0.000000000000000000,0.000000000000000000,0.000000000000000000,0.000000000000092800,0.000000000000000000,0.244897959183650742,0.033333333333333333
10.055555555555555555,0.755102040816256457,0.049999999999999999,0.142857142857129600,0.000000000000000000,0.000000000000000000,0.000000000000000000,0.000000000000092800,0.000000000000000000,0.244897959183650742,0.033333333333333333
10.069444444444444444,0.755102040816256457,0.049999999999999999,0.142857142857129600,0.000000000000000000,0.000000000000000000,0.000000000000000000,0.000000000000092800,0.000000000000000000,0.244897959183650742,0.033333333333333333
10.083333333333333333,0.755102040816256457,0.049999999999999999,0.142857142857129600,0.000000000000000000,0.000000000000000000,0.000000000000000000,0.000000000000092800,0.000000000000000000,0.244897959183650742,0.033333333333333333
10.097222222222222222,0.755102040816256457,0.049999999999999999,0.142857142857129600,0.000000000000000000,0.000000000000000000,0.000000000000000000,0.000000000000092800,0.000000000000000000,0.244897959183650742,0.033333333333333333
10.111111111111111111,0.755102040816256457,0.049999999999999999,0.142857142857129600,0.000000000000000000,0.000000000000000000,0.000000000000000000,0.000000000000092800,0.000000000000000000,0.244897959183650742,0.033333333333333333
10.125000000000000000,0.755102040816256457,0.049999999999999999,0.142857142857129600,0.000000000000000000,0.000000000000000000,0.000000000000000000,0.000000000000092800,0.000000000000000000,0.244897959183650742,0.033333333333333333
10.138888888888888888,0.755102040816256457,0.049999999999999999,0.142857142857129600,0.000000000000000000,0.000000000000000000,0.000000000000000000,0.000000000000092800,0.000000000000000000,0.244897959183650742,0.033333333333333333
10.152777777777777777,0.755102040816256457,0.049999999999999999,0.142857142857129600,0.000000000000000000,0.000000000000000000,0.000000000000000000,0.000000000000092800,0.000000000000000000,0.244897959183650742,0.033333333333333333
10.166666666666666666,0.755102040816256457,0.049999999999999999,0.142857142857129600,0.000000000000000000,0.000000000000000000,0.000000000000000000,0.000000000000092800,0.000000000000000000,0.244897959183650742,0.033333333333333333
10.180555555555555555,0.755102040816256457,0.049999999999999999,0.142857142857129600,0.000000000000000000,0.000000000000000000,0.000000000000000000,0.000000000000092800,0.000000000000000000,0.244897959183650742,0.033333333333333333
10.194444444444444444,0.755102040816256457,0.049999999999999999,0.142857142857129600,0.000000000000000000,0.000000000000000000,0.000000000000000000,0.000000000000092800,0.000000000000000000,0.244897959183650742,0.033333333333333333
10.208333333333333333,0.755102040816256457,0.049999999999999999,0.142857142857129600,0.000000000000000000,0.000000000000000000,0.000000000000000000,0.000000000000092800,0.000000000000000000,0.244897959183650742,0.033333333333333333
10.222222222222222222,0.755102040816256457,0.049999999999999999,0.142857142857129600,0.000000000000000000,0.000000000000000000,0.000000000000000000,0.000000000000092800,0.000000000000000000,0.244897959183650742,0.033333333333333333
10.236111111111111111,0.755102040816256457,0.049999999999999999,0.142857142857129600,0.000000000000000000,0.000000000000000000,0.000000000000000000,0.000000000000092800,0.000000000000000000,0.244897959183650742,0.033333333333333333
10.250000000000000000,0.755102040816256457,0.049999999999999999,0.142857142857129600,0.000000000000000000,0.000000000000000000,0.000000000000000000,0.000000000000092800,0.000000000000000000,0.244897959183650742,0.033333333333333333
10.263888888888888888,0.755102040816256457,0.049999999999999999,0.142857142857129600,0.000000000000000000,0.000000000000000000,0.000000000000000000,0.000000000000092800,0.000000000000000000,0.244897959183650742,0.033333333333333333
10.277777777777777777,0.755102040816256457,0.049999999999999999,0.142857142857129600,0.000000000000000000,0.000000000000000000,0.000000000000000000,0.000000000000092800,0.000000000000000000,0.244897959183650742,0.033333333333333333
10.291666666666666666,0.755102040816256457,0.049999999999999999,0.142857142857129600,0.000000000000000000,0.000000000000000000,0.000000000000000000,0.000000000000092800,0.000000000000000000,0.244897959183650742,0.033333333333333333
10.305555555555555555,0.755102040816256457,0.049999999999999999,0.142857142857129600,0.000000000000000000,0.000000000000000000,0.000000000000000000,0.000000000000092800,0.000000000000000000,0.244897959183650742,0.033333333333333333
10.319444444444444444,0.755102040816256457,0.049999999999999999,0.142857142857129600,0.000000000000000000,0.000000000000000000,0.000000000000000000,0.000000000000092800,0.000000000000000000,0.244897959183650742,0.033333333333333333
10.333333333333333333,0.755102040816256457,0.049999999999999999,0.142857142857129600,0.000000000000000000,0.000000000000000000,0.000000000000000000,0.000000000000092800,0.000000000000000000,0.244897959183650742,0.033333333333333333
10.347222222222222222,0.755102040816256457,0.049999999999999999,0.142857142857129600,0.000000000000000000,0.000000000000000000,0.000000000000000000,0.000000000000092800,0.000000000000000000,0.244897959183650742,0.033333333333333333
10.361111111111111111,0.755102040816256457,0.049999999999999999,0.142857142857129600,0.000000000000000000,0.000000000000000000,0.000000000000000000,0.000000000000092800,0.000000000000000000,0.244897959183650742,0.033333333333333333
10.375000000000000000,0.755102040816256457,0.049999999999999999,0.142857142857129600,0.000000000000000000,0.000000000000000000,0.000000000000000000,0.000000000000092800,0.000000000000000000,0.244897959183650742,0.033333333333333333
10.388888888888888888,0.755102040816256457,0.049999999999999999,0.142857142857129600,0.000000000000000000,0.000000000000000000,0.000000000000000000,0.000000000000092800,0.000000000000000000,0.244897959183650742,0.033333333333333333
10.402777777777777777,0.755102040816256457,0.049999999999999999,0.142857142857129600,0.000000000000000000,0.000000000000000000,0.000000000000000000,0.000000000000092800,0.000000000000000000,0.244897959183650742,0.033333333333333333
10.416666666666666666,0.755102040816256457,0.049999999999999999,0.142857142857129600,0.000000000000000000,0.000000000000000000,0.000000000000000000,0.000000000000092800,0.000000000000000000,0.244897959183650742,0.033333333333333333
10.430555555555555555,0.755102040816256457,0.049999999999999999,0.142857142857129600,0.000000000000000000,0.000000000000000000,0.000000000000000000,0.000000000000092800,0.000000000000000000,0.244897959183650742,0.033333333333333333
10.444444444444444444,0.755102040816256457,0.049999999999999999,0.142857142857129600,0.000000000000000000,0.000000000000000000,0.000000000000000000,0.000000000000092800,0.000000000000000000,0.244897959183650742,0.033333333333333333
10.458333333333333333,0.755102040816256457,0.049999999999999999,0.142857142857129600,0.000000000000000000,0.000000000000000000,0.000000000000000000,0.000000000000092800,0.000000000000000000,0.244897959183650742,0.033333333333333333
10.472222222222222222,0.755102040816256457,0.049999999999999999,0.142857142857129600,0.000000000000000000,0.000000000000000000,0.000000000000000000,0.000000000000092800,0.000000000000000000,0.244897959183650742,0.033333333333333333
10.486111111111111111,0.755102040816256457,0.049999999999999999,0.142857142857129600,0.000000000000000000,0.000000000000000000,0.000000000000000000,0.000000000000092800,0.000000000000000000,0.244897959183650742,0.033333333333333333
10.500000000000000000,0.755102040816256457,0.049999999999999999,0.142857142857129600,0.000000000000000000,0.000000000000000000,0.000000000000000000,0.000000000000092800,0.000000000000000000,0.244897959183650742,0.033333333333333333
10.513888888888888888,0.755102040816256457,0.049999999999999999,0.142857142857129600,0.000000000000000000,0.000000000000000000,0.000000000000000000,0.000000000000092800,0.000000000000000000,0.244897959183650742,0.033333333333333333
10.527777777777777777,0.755102040816256457,0.049999999999999999,0.142857142857129600,0.000000000000000000,0.000000000000000000,0.000000000000000000,0.000000000000092800,0.000000000000000000,0.244897959183650742,0.033333333333333333
10.541666666666666666,0.755102040816256457,0.049999999999999999,0.142857142857129600,0.000000000000000000,0.000000000000000000,0.000000000000000000,0.000000000000092800,0.000000000000000000,0.244897959183650742,0.033333333333333333
10.555555555555555555,0.755102040816256457,0.049999999999999999,0.142857142857129600,0.000000000000000000,0.000000000000000000,0.000000000000000000,0.000000000000092800,0.000000000000000000,0.244897959183650742,0.033333333333333333
10.569444444444444444,0.755102040816256457,0.049999999999999999,0.142857142857129600,0.000000000000000000,0.000000000000000000,0.000000000000000000,0.000000000000092800,0.000000000000000000,0.244897959183650742,0.033333333333333333
10.583333333333333333,0.755102040816256457,0.049999999999999999,0.142857142857129600,0.000000000000000000,0.000000000000000000,0.000000000000000000,0.000000000000092800,0.000000000000000000,0.244897959183650742,0.033333333333333333
10.597222222222222222,0.755102040816256457,0.049999999999999999,0.142857142857129600,0.000000000000000000,0.000000000000000000,0.000000000000000000,0.000000000000092800,0.000000000000000000,0.244897959183650742,0.033333333333333333
10.611111111111111111,0.755102040816256457,0.049999999999999999,0.142857142857129600,0.000000000000000000,0.000000000000000000,0.000000000000000000,0.000000000000092800,0.000000000000000000,0.244897959183650742,0.033333333333333333
10.625000000000000000,0.755102040816256457,0.049999999999999999,0.142857142857129600,0.000000000000000000,0.000000000000000000,0.000000000000000000,0.000000000000092800,0.000000000000000000,0.244897959183650742,0.033333333333333333
10.638888888888888888,0.755102040816256457,0.049999999999999999,0.142857142857129600,0.000000000000000000,0.000000000000000000,0.000000000000000000,0.000000000000092800,0.000000000000000000,0.244897959183650742,0.033333333333333333
10.652777777777777777,0.755102040816256457,0.049999999999999999,0.142857142857129600,0.000000000000000000,0.000000000000000000,0.000000000000000000,0.000000000000092800,0.000000000000000000,0.244897959183650742,0.033333333333333333
10.666666666666666666,0.755102040816256457,0.049999999999999999,0.142857142857129600,0.000000000000000000,0.000000000000000000,0.000000000000000000,0.000000000000092800,0.000000000000000000,0.244897959183650742,0.033333333333333333
10.680555555555555555,0.755102040816256457,0.049999999999999999,0.142857142857129600,0.000000000000000000,0.000000000000000000,0.000000000000000000,0.000000000000092800,0.000000000000000000,0.244897959183650742,0.033333333333333333
10.694444444444444444,0.755102040816256457,0.049999999999999999,0.142857142857129600,0.000000000000000000,0.000000000000000000,0.000000000000000000,0.000000000000092800,0.000000000000000000,0.244897959183650742,0.033333333333333333
10.708333333333333333,0.755102040816256457,0.049999999999999999,0.142857142857129600,0.000000000000000000,0.000000000000000000,0.000000000000000000,0.000000000000092800,0.000000000000000000,0.244897959183650742,0.033333333333333333
10.722222222222222222,0.755102040816256457,0.049999999999999999,0.142857142857129600,0.000000000000000000,0.000000000000000000,0.000000000000000000,0.000000000000092800,0.000000000000000000,0.244897959183650742,0.033333333333333333
10.736111111111111111,0.755102040816256457,0.049999999999999999,0.142857142857129600,0.000000000000000000,0.000000000000000000,0.000000000000000000,0.000000000000092800,0.000000000000000000,0.244897959183650742,0.033333333333333333
10.750000000000000000,0.755102040816256457,0.049999999999999999,0.142857142857129600,0.000000000000000000,0.000000000000000000,0.000000000000000000,0.000000000000092800,0.000000000000000000,0.244897959183650742,0.033333333333333333
10.763888888888888888,0.755102040816256457,0.049999999999999999,0.142857142857129600,0.000000000000000000,0.000000000000000000,0.000000000000000000,0.000000000000092800,0.000000000000000000,0.244897959183650742,0.033333333333333333
10.777777777777777777,0.755102040816256457,0.049999999999999999,0.142857142857129600,0.000000000000000000,0.000000000000000000,0.000000000000000000,0.000000000000092800,0.000000000000000000,0.244897959183650742,0.033333333333333333
10.791666666666666666,0.755102040816256457,0.049999999999999999,0.142857142857129600,0.000000000000000000,0.000000000000000000,0.000000000000000000,0.000000000000092800,0.000000000000000000,0.244897959183650742,0.033333333333333333
10.805555555555555555,0.755102040816256457,0.049999999999999999,0.142857142857129600,0.000000000000000000,0.000000000000000000,0.000000000000000000,0.000000000000092800,0.000000000000000000,0.244897959183650742,0.033333333333333333
10.819444444444444444,0.755102040816256457,0.049999999999999999,0.142857142857129600,0.000000000000000000,0.000000000000000000,0.000000000000000000,0.000000000000092800,0.000000000000000000,0.244897959183650742,0.033333333333333333
10.833333333333333333,0.755102040816256457,0.049999999999999999,0.142857142857129600,0.000000000000000000,0.000000000000000000,0.000000000000000000,0.000000000000092800,0.000000000000000000,0.244897959183650742,0.033333333333333333
10.847222222222222222,0.755102040816256457,0.049999999999999999,0.142857142857129600,0.000000000000000000,0.000000000000000000,0.000000000000000000,0.000000000000092800,0.000000000000000000,0.244897959183650742,0.033333333333333333
10.861111111111111111,0.755102040816256457,0.049999999999999999,0.142857142857129600,0.000000000000000000,0.000000000000000000,0.000000000000000000,0.000000000000092800,0.000000000000000000,0.244897959183650742,0.033333333333333333
10.875000000000000000,0.755102040816256457,0.049999999999999999,0.142857142857129600,0.000000000000000000,0.000000000000000000,0.000000000000000000,0.000000000000092800,0.000000000000000000,0.244897959183650742,0.033333333333333333
10.888888888888888888,0.755102040816256457,0.049999999999999999,0.142857142857129600,0.000000000000000000,0.000000000000000000,0.000000000000000000,0.000000000000092800,0.000000000000000000,0.244897959183650742,0.033333333333333333
10.902777777777777777,0.755102040816256457,0.049999999999999999,0.142857142857129600,0.000000000000000000,0.000000000000000000,0.000000000000000000,0.000000000000092800,0.000000000000000000,0.244897959183650742,0.033333333333333333
10.916666666666666666,0.755102040816256457,0.049999999999999999,0.142857142857129600,0.000000000000000000,0.000000000000000000,0.000000000000000000,0.000000000000092800,0.000000000000000000,0.244897959183650742,0.033333333333333333
10.930555555555555555,0.755102040816256457,0.049999999999999999,0.142857142857129600,0.000000000000000000,0.000000000000000000,0.000000000000000000,0.000000000000092800,0.000000000000000000,0.244897959183650742,0.033333333333333333
10.944444444444444444,0.755102040816256457,0.049999999999999999,0.142857142857129600,0.000000000000000000,0.000000000000000000,0.000000000000000000,0.000000000000092800,0.000000000000000000,0.244897959183650742,0.033333333333333333
10.958333333333333333,0.755102040816256457,0.049999999999999999,0.142857142857129600,0.000000000000000000,0.000000000000000000,0.000000000000000000,0.000000000000092800,0.000000000000000000,0.244897959183650742,0.033333333333333333
10.972222222222222222,0.755102040816256457,0.049999999999999999,0.142857142857129600,0.000000000000000000,0.000000000000000000,0.000000000000000000,0.000000000000092800,0.000000000000000000,0.244897959183650742,0.033333333333333333
10.986111111111111111,0.755102040816256457,0.049999999999999999,0.142857142857129600,0.000000000000000000,0.000000000000000000,0.000000000000000000,0.000000000000092800,0.000000000000000000,0.244897959183650742,0.033333333333333333
11.000000000000000000,0.755102040816256457,0.049999999999999999,0.142857142857129600,0.000000000000000000,0.000000000000000000,0.000000000000000000,0.000000000000092800,0.000000000000000000,0.244897959183650742,0.033333333333333333
11.013888888888888888,0.755102040816256457,0.049999999999999999,0.142857142857129600,0.000000000000000000,0.000000000000000000,0.000000000000000000,0.000000000000092800,0.000000000000000000,0.244897959183650742,0.033333333333333333
11.027777777777777777,0.755102040816256457,0.049999999999999999,0.142857142857129600,0.000000000000000000,0.000000000000000000,0.000000000000000000,0.000000000000092800,0.000000000000000000,0.244897959183650742,0.033333333333333333
11.041666666666666666,0.755102040816256457,0.049999999999999999,0.142857142857129600,0.000000000000000000,0.000000000000000000,0.000000000000000000,0.000000000000092800,0.000000000000000000,0.244897959183650742,0.033333333333333333
11.055555555555555555,0.755102040816256457,0.049999999999999999,0.142857142857129600,0.000000000000000000,0.000000000000000000,0.000000000000000000,0.000000000000092800,0.000000000000000000,0.244897959183650742,0.033333333333333333
11.069444444444444444,0.755102040816256457,0.049999999999999999,0.142857142857129600,0.000000000000000000,0.000000000000000000,0.000000000000000000,0.000000000000092800,0.000000000000000000,0.244897959183650742,0.033333333333333333
11.083333333333333333,0.755102040816256457,0.049999999999999999,0.142857142857129600,0.000000000000000000,0.000000000000000000,0.000000000000000000,0.000000000000092800,0.000000000000000000,0.244897959183650742,0.033333333333333333
11.097222222222222222,0.755102040816256457,0.049999999999999999,0.142857142857129600,0.000000000000000000,0.000000000000000000,0.000000000000000000,0.000000000000092800,0.000000000000000000,0.244897959183650742,0.033333333333333333
11.111111111111111111,0.755102040816256457,0.049999999999999999,0.142857142857129600,0.000000000000000000,0.000000000000000000,0.000000000000000000,0.000000000000092800,0.000000000000000000,0.244897959183650742,0.033333333333333333
11.125000000000000000,0.755102040816256457,0.049999999999999999,0.142857142857129600,0.000000000000000000,0.000000000000000000,0.000000000000000000,0.000000000000092800,0.000000000000000000,0.244897959183650742,0.033333333333333333
11.138888888888888888,0.755102040816256457,0.049999999999999999,0.142857142857129600,0.000000000000000000,0.000000000000000000,0.000000000000000000,0.000000000000092800,0.000000000000000000,0.244897959183650742,0.033333333333333333
11.152777777777777777,0.755102040816256457,0.049999999999999999,0.142857142857129600,0.000000000000000000,0.000000000000000000,0.000000000000000000,0.000000000000092800,0.000000000000000000,0.244897959183650742,0.033333333333333333
11.166666666666666666,0.755102040816256457,0.049999999999999999,0.142857142857129600,0.000000000000000000,0.000000000000000000,0.000000000000000000,0.000000000000092800,0.000000000000000000,0.244897959183650742,0.033333333333333333
11.180555555555555555,0.755102040816256457,0.049999999999999999,0.142857142857129600,0.000000000000000000,0.000000000000000000,0.000000000000000000,0.000000000000092800,0.000000000000000000,0.244897959183650742,0.033333333333333333
11.194444444444444444,0.755102040816256457,0.049999999999999999,0.142857142857129600,0.000000000000000000,0.000000000000000000,0.000000000000000000,0.000000000000092800,0.000000000000000000,0.244897959183650742,0.033333333333333333
11.208333333333333333,0.755102040816256457,0.049999999999999999,0.142857142857129600,0.000000000000000000,0.000000000000000000,0.000000000000000000,0.000000000000092800,0.000000000000000000,0.244897959183650742,0.033333333333333333
11.222222222222222222,0.755102040816256457,0.049999999999999999,0.142857142857129600,0.000000000000000000,0.000000000000000000,0.000000000000000000,0.000000000000092800,0.000000000000000000,0.244897959183650742,0.033333333333333333
11.236111111111111111,0.755102040816256457,0.049999999999999999,0.142857142857129600,0.000000000000000000,0.000000000000000000,0.000000000000000000,0.000000000000092800,0.000000000000000000,0.244897959183650742,0.033333333333333333
11.250000000000000000,0.755102040816256457,0.049999999999999999,0.142857142857129600,0.000000000000000000,0.000000000000000000,0.000000000000000000,0.000000000000092800,0.000000000000000000,0.244897959183650742,0.033333333333333333
11.263888888888888888,0.755102040816256457,0.049999999999999999,0.142857142857129600,0.000000000000000000,0.000000000000000000,0.000000000000000000,0.000000000000092800,0.000000000000000000,0.244897959183650742,0.033333333333333333
11.277777777777777777,0.755102040816256457,0.049999999999999999,0.142857142857129600,0.000000000000000000,0.000000000000000000,0.000000000000000000,0.000000000000092800,0.000000000000000000,0.244897959183650742,0.033333333333333333
11.291666666666666666,0.755102040816256457,0.049999999999999999,0.142857142857129600,0.000000000000000000,0.000000000000000000,0.000000000000000000,0.000000000000092800,0.000000000000000000,0.244897959183650742,0.033333333333333333
11.305555555555555555,0.755102040816256457,0.049999999999999999,0.142857142857129600,0.000000000000000000,0.000000000000000000,0.000000000000000000,0.000000000000092800,0.000000000000000000,0.244897959183650742,0.033333333333333333
11.319444444444444444,0.755102040816256457,0.049999999999999999,0.142857142857129600,0.000000000000000000,0.000000000000000000,0.000000000000000000,0.000000000000092800,0.000000000000000000,0.244897959183650742,0.033333333333333333
11.333333333333333333,0.755102040816256457,0.049999999999999999,0.142857142857129600,0.000000000000000000,0.000000000000000000,0.000000000000000000,0.000000000000092800,0.000000000000000000,0.244897959183650742,0.033333333333333333
11.347222222222222222,0.755102040816256457,0.049999999999999999,0.142857142857129600,0.000000000000000000,0.000000000000000000,0.000000000000000000,0.000000000000092800,0.000000000000000000,0.244897959183650742,0.033333333333333333
11.361111111111111111,0.755102040816256457,0.049999999999999999,0.142857142857129600,0.000000000000000000,0.000000000000000000,0.000000000000000000,0.000000000000092800,0.000000000000000000,0.244897959183650742,0.033333333333333333
11.375000000000000000,0.755102040816256457,0.049999999999999999,0.142857142857129600,0.000000000000000000,0.000000000000000000,0.000000000000000000,0.000000000000092800,0.000000000000000000,0.244897959183650742,0.033333333333333333
11.388888888888888888,0.755102040816256457,0.049999999999999999,0.142857142857129600,0.000000000000000000,0.000000000000000000,0.000000000000000000,0.000000000000092800,0.000000000000000000,0.244897959183650742,0.033333333333333333
11.402777777777777777,0.755102040816256457,0.049999999999999999,0.142857142857129600,0.000000000000000000,0.000000000000000000,0.000000000000000000,0.000000000000092800,0.000000000000000000,0.244897959183650742,0.033333333333333333
11.416666666666666666,0.755102040816256457,0.049999999999999999,0.142857142857129600,0.000000000000000000,0.000000000000000000,0.000000000000000000,0.000000000000092800,0.000000000000000000,0.244897959183650742,0.033333333333333333
11.430555555555555555,0.755102040816256457,0.049999999999999999,0.142857142857129600,0.000000000000000000,0.000000000000000000,0.000000000000000000,0.000000000000092800,0.000000000000000000,0.244897959183650742,0.033333333333333333
11.444444444444444444,0.755102040816256457,0.049999999999999999,0.142857142857129600,0.000000000000000000,0.000000000000000000,0.000000000000000000,0.000000000000092800,0.000000000000000000,0.244897959183650742,0.033333333333333333
11.458333333333333333,0.755102040816256457,0.049999999999999999,0.142857142857129600,0.000000000000000000,0.000000000000000000,0.000000000000000000,0.000000000000092800,0.000000000000000000,0.244897959183650742,0.033333333333333333
11.472222222222222222,0.755102040816256457,0.049999999999999999,0.142857142857129600,0.000000000000000000,0.000000000000000000,0.000000000000000000,0.000000000000092800,0.000000000000000000,0.244897959183650742,0.033333333333333333
11.486111111111111111,0.755102040816256457,0.049999999999999999,0.142857142857129600,0.000000000000000000,0.000000000000000000,0.000000000000000000,0.000000000000092800,0.000000000000000000,0.244897959183650742,0.033333333333333333
11.500000000000000000,0.755102040816256457,0.049999999999999999,0.142857142857129600,0.000000000000000000,0.000000000000000000,0.000000000000000000,0.000000000000092800,0.000000000000000000,0.244897959183650742,0.033333333333333333
11.513888888888888888,0.755102040816256457,0.049999999999999999,0.142857142857129600,0.000000000000000000,0.000000000000000000,0.000000000000000000,0.000000000000092800,0.000000000000000000,0.244897959183650742,0.033333333333333333
11.527777777777777777,0.755102040816256457,0.049999999999999999,0.142857142857129600,0.000000000000000000,0.000000000000000000,0.000000000000000000,0.000000000000092800,0.000000000000000000,0.244897959183650742,0.033333333333333333
11.541666666666666666,0.755102040816256457,0.049999999999999999,0.142857142857129600,0.000000000000000000,0.000000000000000000,0.000000000000000000,0.000000000000092800,0.000000000000000000,0.244897959183650742,0.033333333333333333
11.555555555555555555,0.755102040816256457,0.049999999999999999,0.142857142857129600,0.000000000000000000,0.000000000000000000,0.000000000000000000,0.000000000000092800,0.000000000000000000,0.244897959183650742,0.033333333333333333
11.569444444444444444,0.755102040816256457,0.049999999999999999,0.142857142857129600,0.000000000000000000,0.000000000000000000,0.000000000000000000,0.000000000000092800,0.000000000000000000,0.244897959183650742,0.033333333333333333
11.583333333333333333,0.755102040816256457,0.049999999999999999,0.142857142857129600,0.000000000000000000,0.000000000000000000,0.000000000000000000,0.000000000000092800,0.000000000000000000,0.244897959183650742,0.033333333333333333
11.597222222222222222,0.755102040816256457,0.049999999999999999,0.142857142857129600,0.000000000000000000,0.000000000000000000,0.000000000000000000,0.000000000000092800,0.000000000000000000,0.244897959183650742,0.033333333333333333
11.611111111111111111,0.755102040816256457,0.049999999999999999,0.142857142857129600,0.000000000000000000,0.000000000000000000,0.000000000000000000,0.000000000000092800,0.000000000000000000,0.244897959183650742,0.033333333333333333
11.625000000000000000,0.755102040816256457,0.049999999999999999,0.142857142857129600,0.000000000000000000,0.000000000000000000,0.000000000000000000,0.000000000000092800,0.000000000000000000,0.244897959183650742,0.033333333333333333
11.638888888888888888,0.755102040816256457,0.049999999999999999,0.142857142857129600,0.000000000000000000,0.000000000000000000,0.000000000000000000,0.000000000000092800,0.000000000000000000,0.244897959183650742,0.033333333333333333
11.652777777777777777,0.755102040816256457,0.049999999999999999,0.142857142857129600,0.000000000000000000,0.000000000000000000,0.000000000000000000,0.000000000000092800,0.000000000000000000,0.244897959183650742,0.033333333333333333
11.666666666666666666,0.755102040816256457,0.049999999999999999,0.142857142857129600,0.000000000000000000,0.000000000000000000,0.000000000000000000,0.000000000000092800,0.000000000000000000,0.244897959183650742,0.033333333333333333
11.680555555555555555,0.755102040816256457,0.049999999999999999,0.142857142857129600,0.000000000000000000,0.000000000000000000,0.000000000000000000,0.000000000000092800,0.000000000000000000,0.244897959183650742,0.033333333333333333
11.694444444444444444,0.755102040816256457,0.049999999999999999,0.142857142857129600,0.000000000000000000,0.000000000000000000,0.000000000000000000,0.000000000000092800,0.000000000000000000,0.244897959183650742,0.033333333333333333
11.708333333333333333,0.755102040816256457,0.049999999999999999,0.142857142857129600,0.000000000000000000,0.000000000000000000,0.000000000000000000,0.000000000000092800,0.000000000000000000,0.244897959183650742,0.033333333333333333
11.722222222222222222,0.755102040816256457,0.049999999999999999,0.142857142857129600,0.000000000000000000,0.000000000000000000,0.000000000000000000,0.000000000000092800,0.000000000000000000,0.244897959183650742,0.033333333333333333
11.736111111111111111,0.755102040816256457,0.049999999999999999,0.142857142857129600,0.000000000000000000,0.000000000000000000,0.000000000000000000,0.000000000000092800,0.000000000000000000,0.244897959183650742,0.033333333333333333
11.750000000000000000,0.755102040816256457,0.049999999999999999,0.142857142857129600,0.000000000000000000,0.000000000000000000,0.000000000000000000,0.000000000000092800,0.000000000000000000,0.244897959183650742,0.033333333333333333
11.763888888888888888,0.755102040816256457,0.049999999999999999,0.142857142857129600,0.000000000000000000,0.000000000000000000,0.000000000000000000,0.000000000000092800,0.000000000000000000,0.244897959183650742,0.033333333333333333
11.777777777777777777,0.755102040816256457,0.049999999999999999,0.142857142857129600,0.000000000000000000,0.000000000000000000,0.000000000000000000,0.000000000000092800,0.000000000000000000,0.244897959183650742,0.033333333333333333
11.791666666666666666,0.755102040816256457,0.049999999999999999,0.142857142857129600,0.000000000000000000,0.000000000000000000,0.000000000000000000,0.000000000000092800,0.000000000000000000,0.244897959183650742,0.033333333333333333
11.805555555555555555,0.755102040816256457,0.049999999999999999,0.142857142857129600,0.000000000000000000,0.000000000000000000,0.000000000000000000,0.000000000000092800,0.000000000000000000,0.244897959183650742,0.033333333333333333
11.819444444444444444,0.755102040816256457,0.049999999999999999,0.142857142857129600,0.000000000000000000,0.000000000000000000,0.000000000000000000,0.000000000000092800,0.000000000000000000,0.244897959183650742,0.033333333333333333
11.833333333333333333,0.755102040816256457,0.049999999999999999,0.142857142857129600,0.000000000000000000,0.000000000000000000,0.000000000000000000,0.000000000000092800,0.000000000000000000,0.244897959183650742,0.033333333333333333
11.847222222222222222,0.755102040816256457,0.049999999999999999,0.142857142857129600,0.000000000000000000,0.000000000000000000,0.000000000000000000,0.000000000000092800,0.000000000000000000,0.244897959183650742,0.033333333333333333
11.861111111111111111,0.755102040816256457,0.049999999999999999,0.142857142857129600,0.000000000000000000,0.000000000000000000,0.000000000000000000,0.000000000000092800,0.000000000000000000,0.244897959183650742,0.033333333333333333
11.875000000000000000,0.755102040816256457,0.049999999999999999,0.142857142857129600,0.000000000000000000,0.000000000000000000,0.000000000000000000,0.000000000000092800,0.000000000000000000,0.244897959183650742,0.033333333333333333
11.888888888888888888,0.755102040816256457,0.049999999999999999,0.142857142857129600,0.000000000000000000,0.000000000000000000,0.000000000000000000,0.000000000000092800,0.000000000000000000,0.244897959183650742,0.033333333333333333
11.902777777777777777,0.755102040816256457,0.049999999999999999,0.142857142857129600,0.000000000000000000,0.000000000000000000,0.000000000000000000,0.000000000000092800,0.000000000000000000,0.244897959183650742,0.033333333333333333
11.916666666666666666,0.755102040816256457,0.049999999999999999,0.142857142857129600,0.000000000000000000,0.000000000000000000,0.000000000000000000,0.000000000000092800,0.000000000000000000,0.244897959183650742,0.033333333333333333
11.930555555555555555,0.755102040816256457,0.049999999999999999,0.142857142857129600,0.000000000000000000,0.000000000000000000,0.000000000000000000,0.000000000000092800,0.000000000000000000,0.244897959183650742,0.033333333333333333
11.944444444444444444,0.755102040816256457,0.049999999999999999,0.142857142857129600,0.000000000000000000,0.000000000000000000,0.000000000000000000,0.000000000000092800,0.000000000000000000,0.244897959183650742,0.033333333333333333
11.958333333333333333,0.755102040816256457,0.049999999999999999,0.142857142857129600,0.000000000000000000,0.000000000000000000,0.000000000000000000,0.000000000000092800,0.000000000000000000,0.244897959183650742,0.033333333333333333
11.972222222222222222,0.755102040816256457,0.049999999999999999,0.142857142857129600,0.000000000000000000,0.000000000000000000,0.000000000000000000,0.000000000000092800,0.000000000000000000,0.244897959183650742,0.033333333333333333
11.986111111111111111,0.755102040816256457,0.049999999999999999,0.142857142857129600,0.000000000000000000,0.000000000000000000,0.000000000000000000,0.000000000000092800,0.000000000000000000,0.244897959183650742,0.033333333333333333
12.000000000000000000,0.755102040816256457,0.049999999999999999,0.142857142857129600,0.000000000000000000,0.000000000000000000,0.000000000000000000,0.000000000000092800,0.000000000000000000,0.244897959183650742,0.033333333333333333
12.013888888888888888,0.755102040816256457,0.049999999999999999,0.142857142857129600,0.000000000000000000,0.000000000000000000,0.000000000000000000,0.000000000000092800,0.000000000000000000,0.244897959183650742,0.033333333333333333
12.027777777777777777,0.755102040816256457,0.049999999999999999,0.142857142857129600,0.000000000000000000,0.000000000000000000,0.000000000000000000,0.000000000000092800,0.000000000000000000,0.244897959183650742,0.033333333333333333
12.041666666666666666,0.755102040816256457,0.049999999999999999,0.142857142857129600,0.000000000000000000,0.000000000000000000,0.000000000000000000,0.000000000000092800,0.000000000000000000,0.244897959183650742,0.033333333333333333
12.055555555555555555,0.755102040816256457,0.049999999999999999,0.142857142857129600,0.000000000000000000,0.000000000000000000,0.000000000000000000,0.000000000000092800,0.000000000000000000,0.244897959183650742,0.033333333333333333
12.069444444444444444,0.755102040816256457,0.049999999999999999,0.142857142857129600,0.000000000000000000,0.000000000000000000,0.000000000000000000,0.000000000000092800,0.000000000000000000,0.244897959183650742,0.033333333333333333
12.083333333333333333,0.755102040816256457,0.049999999999999999,0.142857142857129600,0.000000000000000000,0.000000000000000000,0.000000000000000000,0.000000000000092800,0.000000000000000000,0.244897959183650742,0.033333333333333333
12.097222222222222222,0.755102040816256457,0.049999999999999999,0.142857142857129600,0.000000000000000000,0.000000000000000000,0.000000000000000000,0.000000000000092800,0.000000000000000000,0.244897959183650742,0.033333333333333333
12.111111111111111111,0.755102040816256457,0.049999999999999999,0.142857142857129600,0.000000000000000000,0.000000000000000000,0.000000000000000000,0.000000000000092800,0.000000000000000000,0.244897959183650742,0.033333333333333333
12.125000000000000000,0.755102040816256457,0.049999999999999999,0.142857142857129600,0.000000000000000000,0.000000000000000000,0.000000000000000000,0.000000000000092800,0.000000000000000000,0.244897959183650742,0.033333333333333333
12.138888888888888888,0.755102040816256457,0.049999999999999999,0.142857142857129600,0.000000000000000000,0.000000000000000000,0.000000000000000000,0.000000000000092800,0.000000000000000000,0.244897959183650742,0.033333333333333333
12.152777777777777777,0.755102040816256457,0.049999999999999999,0.142857142857129600,0.000000000000000000,0.000000000000000000,0.000000000000000000,0.000000000000092800,0.000000000000000000,0.244897959183650742,0.033333333333333333
12.166666666666666666,0.755102040816256457,0.049999999999999999,0.142857142857129600,0.000000000000000000,0.000000000000000000,0.000000000000000000,0.000000000000092800,0.000000000000000000,0.244897959183650742,0.033333333333333333
12.180555555555555555,0.755102040816256457,0.049999999999999999,0.142857142857129600,0.000000000000000000,0.000000000000000000,0.000000000000000000,0.000000000000092800,0.000000000000000000,0.244897959183650742,0.033333333333333333
12.194444444444444444,0.755102040816256457,0.049999999999999999,0.142857142857129600,0.000000000000000000,0.000000000000000000,0.000000000000000000,0.000000000000092800,0.000000000000000000,0.244897959183650742,0.033333333333333333
12.208333333333333333,0.755102040816256457,0.049999999999999999,0.142857142857129600,0.000000000000000000,0.000000000000000000,0.000000000000000000,0.000000000000092800,0.000000000000000000,0.244897959183650742,0.033333333333333333
12.222222222222222222,0.755102040816256457,0.049999999999999999,0.142857142857129600,0.000000000000000000,0.000000000000000000,0.000000000000000000,0.000000000000092800,0.000000000000000000,0.244897959183650742,0.033333333333333333
12.236111111111111111,0.755102040816256457,0.049999999999999999,0.142857142857129600,0.000000000000000000,0.000000000000000000,0.000000000000000000,0.000000000000092800,0.000000000000000000,0.244897959183650742,0.033333333333333333
12.250000000000000000,0.755102040816256457,0.049999999999999999,0.142857142857129600,0.000000000000000000,0.000000000000000000,0.000000000000000000,0.000000000000092800,0.000000000000000000,0.244897959183650742,0.033333333333333333
12.263888888888888888,0.755102040816256457,0.049999999999999999,0.142857142857129600,0.000000000000000000,0.000000000000000000,0.000000000000000000,0.000000000000092800,0.000000000000000000,0.244897959183650742,0.033333333333333333
12.277777777777777777,0.755102040816256457,0.049999999999999999,0.142857142857129600,0.000000000000000000,0.000000000000000000,0.000000000000000000,0.000000000000092800,0.000000000000000000,0.244897959183650742,0.033333333333333333
12.291666666666666666,0.755102040816256457,0.049999999999999999,0.142857142857129600,0.000000000000000000,0.000000000000000000,0.000000000000000000,0.000000000000092800,0.000000000000000000,0.244897959183650742,0.033333333333333333
12.305555555555555555,0.755102040816256457,0.049999999999999999,0.142857142857129600,0.000000000000000000,0.000000000000000000,0.000000000000000000,0.000000000000092800,0.000000000000000000,0.244897959183650742,0.033333333333333333
12.319444444444444444,0.755102040816256457,0.049999999999999999,0.142857142857129600,0.000000000000000000,0.000000000000000000,0.000000000000000000,0.000000000000092800,0.000000000000000000,0.244897959183650742,0.033333333333333333
12.333333333333333333,0.755102040816256457,0.049999999999999999,0.142857142857129600,0.000000000000000000,0.000000000000000000,0.000000000000000000,0.000000000000092800,0.000000000000000000,0.244897959183650742,0.033333333333333333
12.347222222222222222,0.755102040816256457,0.049999999999999999,0.142857142857129600,0.000000000000000000,0.000000000000000000,0.000000000000000000,0.000000000000092800,0.000000000000000000,0.244897959183650742,0.033333333333333333
12.361111111111111111,0.755102040816256457,0.049999999999999999,0.142857142857129600,0.000000000000000000,0.000000000000000000,0.000000000000000000,0.000000000000092800,0.000000000000000000,0.244897959183650742,0.033333333333333333
12.375000000000000000,0.755102040816256457,0.049999999999999999,0.142857142857129600,0.000000000000000000,0.000000000000000000,0.000000000000000000,0.000000000000092800,0.000000000000000000,0.244897959183650742,0.033333333333333333
12.388888888888888888,0.755102040816256457,0.049999999999999999,0.142857142857129600,0.000000000000000000,0.000000000000000000,0.000000000000000000,0.000000000000092800,0.000000000000000000,0.244897959183650742,0.033333333333333333
12.402777777777777777,0.755102040816256457,0.049999999999999999,0.142857142857129600,0.000000000000000000,0.000000000000000000,0.000000000000000000,0.000000000000092800,0.000000000000000000,0.244897959183650742,0.033333333333333333
12.416666666666666666,0.755102040816256457,0.049999999999999999,0.142857142857129600,0.000000000000000000,0.000000000000000000,0.000000000000000000,0.000000000000092800,0.000000000000000000,0.244897959183650742,0.033333333333333333
12.430555555555555555,0.755102040816256457,0.049999999999999999,0.142857142857129600,0.000000000000000000,0.000000000000000000,0.000000000000000000,0.000000000000092800,0.000000000000000000,0.244897959183650742,0.033333333333333333
12.444444444444444444,0.755102040816256457,0.049999999999999999,0.142857142857129600,0.000000000000000000,0.000000000000000000,0.000000000000000000,0.000000000000092800,0.000000000000000000,0.244897959183650742,0.033333333333333333
12.458333333333333333,0.755102040816256457,0.049999999999999999,0.142857142857129600,0.000000000000000000,0.000000000000000000,0.000000000000000000,0.000000000000092800,0.000000000000000000,0.244897959183650742,0.033333333333333333
12.472222222222222222,0.755102040816256457,0.049999999999999999,0.142857142857129600,0.000000000000000000,0.000000000000000000,0.000000000000000000,0.000000000000092800,0.000000000000000000,0.244897959183650742,0.033333333333333333
12.486111111111111111,0.755102040816256457,0.049999999999999999,0.142857142857129600,0.000000000000000000,0.000000000000000000,0.000000000000000000,0.000000000000092800,0.000000000000000000,0.244897959183650742,0.033333333333333333
12.500000000000000000,0.755102040816256457,0.049999999999999999,0.142857142857129600,0.000000000000000000,0.000000000000000000,0.000000000000000000,0.000000000000092800,0.000000000000000000,0.244897959183650742,0.033333333333333333
12.513888888888888888,0.755102040816256457,0.049999999999999999,0.142857142857129600,0.000000000000000000,0.000000000000000000,0.000000000000000000,0.000000000000092800,0.000000000000000000,0.244897959183650742,0.033333333333333333
12.527777777777777777,0.755102040816256457,0.049999999999999999,0.142857142857129600,0.000000000000000000,0.000000000000000000,0.000000000000000000,0.000000000000092800,0.000000000000000000,0.244897959183650742,0.033333333333333333
12.541666666666666666,0.755102040816256457,0.049999999999999999,0.142857142857129600,0.000000000000000000,0.000000000000000000,0.000000000000000000,0.000000000000092800,0.000000000000000000,0.244897959183650742,0.033333333333333333
12.555555555555555555,0.755102040816256457,0.049999999999999999,0.142857142857129600,0.000000000000000000,0.000000000000000000,0.000000000000000000,0.000000000000092800,0.000000000000000000,0.244897959183650742,0.033333333333333333
12.569444444444444444,0.755102040816256457,0.049999999999999999,0.142857142857129600,0.000000000000000000,0.000000000000000000,0.000000000000000000,0.000000000000092800,0.000000000000000000,0.244897959183650742,0.033333333333333333
12.583333333333333333,0.755102040816256457,0.049999999999999999,0.142857142857129600,0.000000000000000000,0.000000000000000000,0.000000000000000000,0.000000000000092800,0.000000000000000000,0.244897959183650742,0.033333333333333333
12.597222222222222222,0.755102040816256457,0.049999999999999999,0.142857142857129600,0.000000000000000000,0.000000000000000000,0.000000000000000000,0.000000000000092800,0.000000000000000000,0.244897959183650742,0.033333333333333333
12.611111111111111111,0.755102040816256457,0.049999999999999999,0.142857142857129600,0.000000000000000000,0.000000000000000000,0.000000000000000000,0.000000000000092800,0.000000000000000000,0.244897959183650742,0.033333333333333333
12.625000000000000000,0.755102040816256457,0.049999999999999999,0.142857142857129600,0.000000000000000000,0.000000000000000000,0.000000000000000000,0.000000000000092800,0.000000000000000000,0.244897959183650742,0.033333333333333333
12.638888888888888888,0.755102040816256457,0.049999999999999999,0.142857142857129600,0.000000000000000000,0.000000000000000000,0.000000000000000000,0.000000000000092800,0.000000000000000000,0.244897959183650742,0.033333333333333333
12.652777777777777777,0.755102040816256457,0.049999999999999999,0.142857142857129600,0.000000000000000000,0.000000000000000000,0.000000000000000000,0.000000000000092800,0.000000000000000000,0.244897959183650742,0.033333333333333333
12.666666666666666666,0.755102040816256457,0.049999999999999999,0.142857142857129600,0.000000000000000000,0.000000000000000000,0.000000000000000000,0.000000000000092800,0.000000000000000000,0.244897959183650742,0.033333333333333333
12.680555555555555555,0.755102040816256457,0.049999999999999999,0.142857142857129600,0.000000000000000000,0.000000000000000000,0.000000000000000000,0.000000000000092800,0.000000000000000000,0.244897959183650742,0.033333333333333333
12.694444444444444444,0.755102040816256457,0.049999999999999999,0.142857142857129600,0.000000000000000000,0.000000000000000000,0.000000000000000000,0.000000000000092800,0.000000000000000000,0.244897959183650742,0.033333333333333333
12.708333333333333333,0.755102040816256457,0.049999999999999999,0.142857142857129600,0.000000000000000000,0.000000000000000000,0.000000000000000000,0.000000000000092800,0.000000000000000000,0.244897959183650742,0.033333333333333333
12.722222222222222222,0.755102040816256457,0.049999999999999999,0.142857142857129600,0.000000000000000000,0.000000000000000000,0.000000000000000000,0.000000000000092800,0.000000000000000000,0.244897959183650742,0.033333333333333333
12.736111111111111111,0.755102040816256457,0.049999999999999999,0.142857142857129600,0.000000000000000000,0.000000000000000000,0.000000000000000000,0.000000000000092800,0.000000000000000000,0.244897959183650742,0.033333333333333333
12.750000000000000000,0.755102040816256457,0.049999999999999999,0.142857142857129600,0.000000000000000000,0.000000000000000000,0.000000000000000000,0.000000000000092800,0.000000000000000000,0.244897959183650742,0.033333333333333333
12.763888888888888888,0.755102040816256457,0.049999999999999999,0.142857142857129600,0.000000000000000000,0.000000000000000000,0.000000000000000000,0.000000000000092800,0.000000000000000000,0.244897959183650742,0.033333333333333333
12.777777777777777777,0.755102040816256457,0.049999999999999999,0.142857142857129600,0.000000000000000000,0.000000000000000000,0.000000000000000000,0.000000000000092800,0.000000000000000000,0.244897959183650742,0.033333333333333333
12.791666666666666666,0.755102040816256457,0.049999999999999999,0.142857142857129600,0.000000000000000000,0.000000000000000000,0.000000000000000000,0.000000000000092800,0.000000000000000000,0.244897959183650742,0.033333333333333333
12.805555555555555555,0.755102040816256457,0.049999999999999999,0.142857142857129600,0.000000000000000000,0.000000000000000000,0.000000000000000000,0.000000000000092800,0.000000000000000000,0.244897959183650742,0.033333333333333333
12.819444444444444444,0.755102040816256457,0.049999999999999999,0.142857142857129600,0.000000000000000000,0.000000000000000000,0.000000000000000000,0.000000000000092800,0.000000000000000000,0.244897959183650742,0.033333333333333333
12.833333333333333333,0.755102040816256457,0.049999999999999999,0.142857142857129600,0.000000000000000000,0.000000000000000000,0.000000000000000000,0.000000000000092800,0.000000000000000000,0.244897959183650742,0.033333333333333333
12.847222222222222222,0.755102040816256457,0.049999999999999999,0.142857142857129600,0.000000000000000000,0.000000000000000000,0.000000000000000000,0.000000000000092800,0.000000000000000000,0.244897959183650742,0.033333333333333333
12.861111111111111111,0.755102040816256457,0.049999999999999999,0.142857142857129600,0.000000000000000000,0.000000000000000000,0.000000000000000000,0.000000000000092800,0.000000000000000000,0.244897959183650742,0.033333333333333333
12.875000000000000000,0.755102040816256457,0.049999999999999999,0.142857142857129600,0.000000000000000000,0.000000000000000000,0.000000000000000000,0.000000000000092800,0.000000000000000000,0.244897959183650742,0.033333333333333333
12.888888888888888888,0.755102040816256457,0.049999999999999999,0.142857142857129600,0.000000000000000000,0.000000000000000000,0.000000000000000000,0.000000000000092800,0.000000000000000000,0.244897959183650742,0.033333333333333333
12.902777777777777777,0.755102040816256457,0.049999999999999999,0.142857142857129600,0.000000000000000000,0.000000000000000000,0.000000000000000000,0.000000000000092800,0.000000000000000000,0.244897959183650742,0.033333333333333333
12.916666666666666666,0.755102040816256457,0.049999999999999999,0.142857142857129600,0.000000000000000000,0.000000000000000000,0.000000000000000000,0.000000000000092800,0.000000000000000000,0.244897959183650742,0.033333333333333333
12.930555555555555555,0.755102040816256457,0.049999999999999999,0.142857142857129600,0.000000000000000000,0.000000000000000000,0.000000000000000000,0.000000000000092800,0.000000000000000000,0.244897959183650742,0.033333333333333333
12.944444444444444444,0.755102040816256457,0.049999999999999999,0.142857142857129600,0.000000000000000000,0.000000000000000000,0.000000000000000000,0.000000000000092800,0.000000000000000000,0.244897959183650742,0.033333333333333333
12.958333333333333333,0.755102040816256457,0.049999999999999999,0.142857142857129600,0.000000000000000000,0.000000000000000000,0.000000000000000000,0.000000000000092800,0.000000000000000000,0.244897959183650742,0.033333333333333333
12.972222222222222222,0.755102040816256457,0.049999999999999999,0.142857142857129600,0.000000000000000000,0.000000000000000000,0.000000000000000000,0.000000000000092800,0.000000000000000000,0.244897959183650742,0.033333333333333333
12.986111111111111111,0.755102040816256457,0.049999999999999999,0.142857142857129600,0.000000000000000000,0.000000000000000000,0.000000000000000000,0.000000000000092800,0.000000000000000000,0.244897959183650742,0.033333333333333333
13.000000000000000000,0.755102040816256457,0.049999999999999999,0.142857142857129600,0.000000000000000000,0.000000000000000000,0.000000000000000000,0.000000000000092800,0.000000000000000000,0.244897959183650742,0.033333333333333333
13.013888888888888888,0.755102040816256457,0.049999999999999999,0.142857142857129600,0.000000000000000000,0.000000000000000000,0.000000000000000000,0.000000000000092800,0.000000000000000000,0.244897959183650742,0.033333333333333333
13.027777777777777777,0.755102040816256457,0.049999999999999999,0.142857142857129600,0.000000000000000000,0.000000000000000000,0.000000000000000000,0.000000000000092800,0.000000000000000000,0.244897959183650742,0.033333333333333333
13.041666666666666666,0.755102040816256457,0.049999999999999999,0.142857142857129600,0.000000000000000000,0.000000000000000000,0.000000000000000000,0.000000000000092800,0.000000000000000000,0.244897959183650742,0.033333333333333333
13.055555555555555555,0.755102040816256457,0.049999999999999999,0.142857142857129600,0.000000000000000000,0.000000000000000000,0.000000000000000000,0.000000000000092800,0.000000000000000000,0.244897959183650742,0.033333333333333333
13.069444444444444444,0.755102040816256457,0.049999999999999999,0.142857142857129600,0.000000000000000000,0.000000000000000000,0.000000000000000000,0.000000000000092800,0.000000000000000000,0.244897959183650742,0.033333333333333333
13.083333333333333333,0.755102040816256457,0.049999999999999999,0.142857142857129600,0.000000000000000000,0.000000000000000000,0.000000000000000000,0.000000000000092800,0.000000000000000000,0.244897959183650742,0.033333333333333333
13.097222222222222222,0.755102040816256457,0.049999999999999999,0.142857142857129600,0.000000000000000000,0.000000000000000000,0.000000000000000000,0.000000000000092800,0.000000000000000000,0.244897959183650742,0.033333333333333333
13.111111111111111111,0.755102040816256457,0.049999999999999999,0.142857142857129600,0.000000000000000000,0.000000000000000000,0.000000000000000000,0.000000000000092800,0.000000000000000000,0.244897959183650742,0.033333333333333333
13.125000000000000000,0.755102040816256457,0.049999999999999999,0.142857142857129600,0.000000000000000000,0.000000000000000000,0.000000000000000000,0.000000000000092800,0.000000000000000000,0.244897959183650742,0.033333333333333333
13.138888888888888888,0.755102040816256457,0.049999999999999999,0.142857142857129600,0.000000000000000000,0.000000000000000000,0.000000000000000000,0.000000000000092800,0.000000000000000000,0.244897959183650742,0.033333333333333333
13.152777777777777777,0.755102040816256457,0.049999999999999999,0.142857142857129600,0.000000000000000000,0.000000000000000000,0.000000000000000000,0.000000000000092800,0.000000000000000000,0.244897959183650742,0.033333333333333333
13.166666666666666666,0.755102040816256457,0.049999999999999999,0.142857142857129600,0.000000000000000000,0.000000000000000000,0.000000000000000000,0.000000000000092800,0.000000000000000000,0.244897959183650742,0.033333333333333333
13.180555555555555555,0.755102040816256457,0.049999999999999999,0.142857142857129600,0.000000000000000000,0.000000000000000000,0.000000000000000000,0.000000000000092800,0.000000000000000000,0.244897959183650742,0.033333333333333333
13.194444444444444444,0.755102040816256457,0.049999999999999999,0.142857142857129600,0.000000000000000000,0.000000000000000000,0.000000000000000000,0.000000000000092800,0.000000000000000000,0.244897959183650742,0.033333333333333333
13.208333333333333333,0.755102040816256457,0.049999999999999999,0.142857142857129600,0.000000000000000000,0.000000000000000000,0.000000000000000000,0.000000000000092800,0.000000000000000000,0.244897959183650742,0.033333333333333333
13.222222222222222222,0.755102040816256457,0.049999999999999999,0.142857142857129600,0.000000000000000000,0.000000000000000000,0.000000000000000000,0.000000000000092800,0.000000000000000000,0.244897959183650742,0.033333333333333333
13.236111111111111111,0.755102040816256457,0.049999999999999999,0.142857142857129600,0.000000000000000000,0.000000000000000000,0.000000000000000000,0.000000000000092800,0.000000000000000000,0.244897959183650742,0.033333333333333333
13.250000000000000000,0.755102040816256457,0.049999999999999999,0.142857142857129600,0.000000000000000000,0.000000000000000000,0.000000000000000000,0.000000000000092800,0.000000000000000000,0.244897959183650742,0.033333333333333333
13.263888888888888888,0.755102040816256457,0.049999999999999999,0.142857142857129600,0.000000000000000000,0.000000000000000000,0.000000000000000000,0.000000000000092800,0.000000000000000000,0.244897959183650742,0.033333333333333333
13.277777777777777777,0.755102040816256457,0.049999999999999999,0.142857142857129600,0.000000000000000000,0.000000000000000000,0.000000000000000000,0.000000000000092800,0.000000000000000000,0.244897959183650742,0.033333333333333333
13.291666666666666666,0.755102040816256457,0.049999999999999999,0.142857142857129600,0.000000000000000000,0.000000000000000000,0.000000000000000000,0.000000000000092800,0.000000000000000000,0.244897959183650742,0.033333333333333333
13.305555555555555555,0.755102040816256457,0.049999999999999999,0.142857142857129600,0.000000000000000000,0.000000000000000000,0.000000000000000000,0.000000000000092800,0.000000000000000000,0.244897959183650742,0.033333333333333333
13.319444444444444444,0.755102040816256457,0.049999999999999999,0.142857142857129600,0.000000000000000000,0.000000000000000000,0.000000000000000000,0.000000000000092800,0.000000000000000000,0.244897959183650742,0.033333333333333333
13.333333333333333333,0.755102040816256457,0.049999999999999999,0.142857142857129600,0.000000000000000000,0.000000000000000000,0.000000000000000000,0.000000000000092800,0.000000000000000000,0.244897959183650742,0.033333333333333333
13.347222222222222222,0.755102040816256457,0.049999999999999999,0.142857142857129600,0.000000000000000000,0.000000000000000000,0.000000000000000000,0.000000000000092800,0.000000000000000000,0.244897959183650742,0.033333333333333333
13.361111111111111111,0.755102040816256457,0.049999999999999999,0.142857142857129600,0.000000000000000000,0.000000000000000000,0.000000000000000000,0.000000000000092800,0.000000000000000000,0.244897959183650742,0.033333333333333333
13.375000000000000000,0.755102040816256457,0.049999999999999999,0.142857142857129600,0.000000000000000000,0.000000000000000000,0.000000000000000000,0.000000000000092800,0.000000000000000000,0.244897959183650742,0.033333333333333333
13.388888888888888888,0.755102040816256457,0.049999999999999999,0.142857142857129600,0.000000000000000000,0.000000000000000000,0.000000000000000000,0.000000000000092800,0.000000000000000000,0.244897959183650742,0.033333333333333333
13.402777777777777777,0.755102040816256457,0.049999999999999999,0.142857142857129600,0.000000000000000000,0.000000000000000000,0.000000000000000000,0.000000000000092800,0.000000000000000000,0.244897959183650742,0.033333333333333333
13.416666666666666666,0.755102040816256457,0.049999999999999999,0.142857142857129600,0.000000000000000000,0.000000000000000000,0.000000000000000000,0.000000000000092800,0.000000000000000000,0.244897959183650742,0.033333333333333333
13.430555555555555555,0.755102040816256457,0.049999999999999999,0.142857142857129600,0.000000000000000000,0.000000000000000000,0.000000000000000000,0.000000000000092800,0.000000000000000000,0.244897959183650742,0.033333333333333333
13.444444444444444444,0.755102040816256457,0.049999999999999999,0.142857142857129600,0.000000000000000000,0.000000000000000000,0.000000000000000000,0.000000000000092800,0.000000000000000000,0.244897959183650742,0.033333333333333333
13.458333333333333333,0.755102040816256457,0.049999999999999999,0.142857142857129600,0.000000000000000000,0.000000000000000000,0.000000000000000000,0.000000000000092800,0.000000000000000000,0.244897959183650742,0.033333333333333333
13.472222222222222222,0.755102040816256457,0.049999999999999999,0.142857142857129600,0.000000000000000000,0.000000000000000000,0.000000000000000000,0.000000000000092800,0.000000000000000000,0.244897959183650742,0.033333333333333333
13.486111111111111111,0.755102040816256457,0.049999999999999999,0.142857142857129600,0.000000000000000000,0.000000000000000000,0.000000000000000000,0.000000000000092800,0.000000000000000000,0.244897959183650742,0.033333333333333333
13.500000000000000000,0.755102040816256457,0.049999999999999999,0.142857142857129600,0.000000000000000000,0.000000000000000000,0.000000000000000000,0.000000000000092800,0.000000000000000000,0.244897959183650742,0.033333333333333333
13.513888888888888888,0.755102040816256457,0.049999999999999999,0.142857142857129600,0.000000000000000000,0.000000000000000000,0.000000000000000000,0.000000000000092800,0.000000000000000000,0.244897959183650742,0.033333333333333333
13.527777777777777777,0.755102040816256457,0.049999999999999999,0.142857142857129600,0.000000000000000000,0.000000000000000000,0.000000000000000000,0.000000000000092800,0.000000000000000000,0.244897959183650742,0.033333333333333333
13.541666666666666666,0.755102040816256457,0.049999999999999999,0.142857142857129600,0.000000000000000000,0.000000000000000000,0.000000000000000000,0.000000000000092800,0.000000000000000000,0.244897959183650742,0.033333333333333333
13.555555555555555555,0.755102040816256457,0.049999999999999999,0.142857142857129600,0.000000000000000000,0.000000000000000000,0.000000000000000000,0.000000000000092800,0.000000000000000000,0.244897959183650742,0.033333333333333333
13.569444444444444444,0.755102040816256457,0.049999999999999999,0.142857142857129600,0.000000000000000000,0.000000000000000000,0.000000000000000000,0.000000000000092800,0.000000000000000000,0.244897959183650742,0.033333333333333333
13.583333333333333333,0.755102040816256457,0.049999999999999999,0.142857142857129600,0.000000000000000000,0.000000000000000000,0.000000000000000000,0.000000000000092800,0.000000000000000000,0.244897959183650742,0.033333333333333333
13.597222222222222222,0.755102040816256457,0.049999999999999999,0.142857142857129600,0.000000000000000000,0.000000000000000000,0.000000000000000000,0.000000000000092800,0.000000000000000000,0.244897959183650742,0.033333333333333333
13.611111111111111111,0.755102040816256457,0.049999999999999999,0.142857142857129600,0.000000000000000000,0.000000000000000000,0.000000000000000000,0.000000000000092800,0.000000000000000000,0.244897959183650742,0.033333333333333333
13.625000000000000000,0.755102040816256457,0.049999999999999999,0.142857142857129600,0.000000000000000000,0.000000000000000000,0.000000000000000000,0.000000000000092800,0.000000000000000000,0.244897959183650742,0.033333333333333333
13.638888888888888888,0.755102040816256457,0.049999999999999999,0.142857142857129600,0.000000000000000000,0.000000000000000000,0.000000000000000000,0.000000000000092800,0.000000000000000000,0.244897959183650742,0.033333333333333333
13.652777777777777777,0.755102040816256457,0.049999999999999999,0.142857142857129600,0.000000000000000000,0.000000000000000000,0.000000000000000000,0.000000000000092800,0.000000000000000000,0.244897959183650742,0.033333333333333333
13.666666666666666666,0.755102040816256457,0.049999999999999999,0.142857142857129600,0.000000000000000000,0.000000000000000000,0.000000000000000000,0.000000000000092800,0.000000000000000000,0.244897959183650742,0.033333333333333333
13.680555555555555555,0.755102040816256457,0.049999999999999999,0.142857142857129600,0.000000000000000000,0.000000000000000000,0.000000000000000000,0.000000000000092800,0.000000000000000000,0.244897959183650742,0.033333333333333333
13.694444444444444444,0.755102040816256457,0.049999999999999999,0.142857142857129600,0.000000000000000000,0.000000000000000000,0.000000000000000000,0.000000000000092800,0.000000000000000000,0.244897959183650742,0.033333333333333333
13.708333333333333333,0.755102040816256457,0.049999999999999999,0.142857142857129600,0.000000000000000000,0.000000000000000000,0.000000000000000000,0.000000000000092800,0.000000000000000000,0.244897959183650742,0.033333333333333333
13.722222222222222222,0.755102040816256457,0.049999999999999999,0.142857142857129600,0.000000000000000000,0.000000000000000000,0.000000000000000000,0.000000000000092800,0.000000000000000000,0.244897959183650742,0.033333333333333333
13.736111111111111111,0.755102040816256457,0.049999999999999999,0.142857142857129600,0.000000000000000000,0.000000000000000000,0.000000000000000000,0.000000000000092800,0.000000000000000000,0.244897959183650742,0.033333333333333333
13.750000000000000000,0.755102040816256457,0.049999999999999999,0.142857142857129600,0.000000000000000000,0.000000000000000000,0.000000000000000000,0.000000000000092800,0.000000000000000000,0.244897959183650742,0.033333333333333333
13.763888888888888888,0.755102040816256457,0.049999999999999999,0.142857142857129600,0.000000000000000000,0.000000000000000000,0.000000000000000000,0.000000000000092800,0.000000000000000000,0.244897959183650742,0.033333333333333333
13.777777777777777777,0.755102040816256457,0.049999999999999999,0.142857142857129600,0.000000000000000000,0.000000000000000000,0.000000000000000000,0.000000000000092800,0.000000000000000000,0.244897959183650742,0.033333333333333333
13.791666666666666666,0.755102040816256457,0.049999999999999999,0.142857142857129600,0.000000000000000000,0.000000000000000000,0.000000000000000000,0.000000000000092800,0.000000000000000000,0.244897959183650742,0.033333333333333333
13.805555555555555555,0.755102040816256457,0.049999999999999999,0.142857142857129600,0.000000000000000000,0.000000000000000000,0.000000000000000000,0.000000000000092800,0.000000000000000000,0.244897959183650742,0.033333333333333333
13.819444444444444444,0.755102040816256457,0.049999999999999999,0.142857142857129600,0.000000000000000000,0.000000000000000000,0.000000000000000000,0.000000000000092800,0.000000000000000000,0.244897959183650742,0.033333333333333333
13.833333333333333333,0.755102040816256457,0.049999999999999999,0.142857142857129600,0.000000000000000000,0.000000000000000000,0.000000000000000000,0.000000000000092800,0.000000000000000000,0.244897959183650742,0.033333333333333333
13.847222222222222222,0.755102040816256457,0.049999999999999999,0.142857142857129600,0.000000000000000000,0.000000000000000000,0.000000000000000000,0.000000000000092800,0.000000000000000000,0.244897959183650742,0.033333333333333333
13.861111111111111111,0.755102040816256457,0.049999999999999999,0.142857142857129600,0.000000000000000000,0.000000000000000000,0.000000000000000000,0.000000000000092800,0.000000000000000000,0.244897959183650742,0.033333333333333333
13.875000000000000000,0.755102040816256457,0.049999999999999999,0.142857142857129600,0.000000000000000000,0.000000000000000000,0.000000000000000000,0.000000000000092800,0.000000000000000000,0.244897959183650742,0.033333333333333333
13.888888888888888888,0.755102040816256457,0.049999999999999999,0.142857142857129600,0.000000000000000000,0.000000000000000000,0.000000000000000000,0.000000000000092800,0.000000000000000000,0.244897959183650742,0.033333333333333333
13.902777777777777777,0.755102040816256457,0.049999999999999999,0.142857142857129600,0.000000000000000000,0.000000000000000000,0.000000000000000000,0.000000000000092800,0.000000000000000000,0.244897959183650742,0.033333333333333333
13.916666666666666666,0.755102040816256457,0.049999999999999999,0.142857142857129600,0.000000000000000000,0.000000000000000000,0.000000000000000000,0.000000000000092800,0.000000000000000000,0.244897959183650742,0.033333333333333333
13.930555555555555555,0.755102040816256457,0.049999999999999999,0.142857142857129600,0.000000000000000000,0.000000000000000000,0.000000000000000000,0.000000000000092800,0.000000000000000000,0.244897959183650742,0.033333333333333333
13.944444444444444444,0.755102040816256457,0.049999999999999999,0.142857142857129600,0.000000000000000000,0.000000000000000000,0.000000000000000000,0.000000000000092800,0.000000000000000000,0.244897959183650742,0.033333333333333333
13.958333333333333333,0.755102040816256457,0.049999999999999999,0.142857142857129600,0.000000000000000000,0.000000000000000000,0.000000000000000000,0.000000000000092800,0.000000000000000000,0.244897959183650742,0.033333333333333333
13.972222222222222222,0.755102040816256457,0.049999999999999999,0.142857142857129600,0.000000000000000000,0.000000000000000000,0.000000000000000000,0.000000000000092800,0.000000000000000000,0.244897959183650742,0.033333333333333333
13.986111111111111111,0.755102040816256457,0.049999999999999999,0.142857142857129600,0.000000000000000000,0.000000000000000000,0.000000000000000000,0.000000000000092800,0.000000000000000000,0.244897959183650742,0.033333333333333333
