Time,claimable,claim,distributable,undistributed,rate,queued
0.000000000000000000,0.000000000000000000,0.000000000000000000,0.000000000000000000,0.000000000000000000,0.000000000000000000,0.000000000000000000
0.013888888888888888,0.000000000000000000,0.000000000000000000,0.000000000000000000,0.000000000000000000,0.000000000000000000,0.000000000000000000
0.027777777777777777,0.000000000000000000,0.000000000000000000,0.000000000000000000,0.000000000000000000,0.000000000000000000,0.000000000000000000
0.041666666666666666,0.000000000000000000,0.000000000000000000,0.000000000000000000,0.000000000000000000,0.000000000000000000,0.000000000000000000
0.055555555555555555,0.000000000000000000,0.000000000000000000,0.000000000000000000,0.000000000000000000,0.000000000000000000,0.000000000000000000
0.069444444444444444,0.000000000000000000,0.000000000000000000,0.000000000000000000,0.000000000000000000,0.000000000000000000,0.000000000000000000
0.083333333333333333,0.000000000000000000,0.000000000000000000,0.000000000000000000,0.000000000000000000,0.000000000000000000,0.000000000000000000
0.097222222222222222,0.000000000000000000,0.000000000000000000,0.000000000000000000,0.000000000000000000,0.000000000000000000,0.000000000000000000
0.111111111111111111,0.000000000000000000,0.000000000000000000,0.000000000000000000,0.000000000000000000,0.000000000000000000,0.000000000000000000
0.125000000000000000,0.000000000000000000,0.000000000000000000,0.000000000000000000,0.000000000000000000,0.000000000000000000,0.000000000000000000
0.138888888888888888,0.000000000000000000,0.000000000000000000,0.000000000000000000,0.000000000000000000,0.000000000000000000,0.000000000000000000
0.152777777777777777,0.000000000000000000,0.000000000000000000,0.000000000000000000,0.000000000000000000,0.000000000000000000,0.000000000000000000
0.166666666666666666,0.000000000000000000,0.000000000000000000,0.000000000000000000,0.000000000000000000,0.000000000000000000,0.000000000000000000
0.180555555555555555,0.000000000000000000,0.000000000000000000,0.000000000000000000,0.000000000000000000,0.000000000000000000,0.000000000000000000
0.194444444444444444,0.000000000000000000,0.000000000000000000,0.000000000000000000,0.000000000000000000,0.000000000000000000,0.000000000000000000
0.208333333333333333,0.000000000000000000,0.000000000000000000,0.000000000000000000,0.000000000000000000,0.000000000000000000,0.000000000000000000
0.222222222222222222,0.000000000000000000,0.000000000000000000,0.000000000000000000,0.000000000000000000,0.000000000000000000,0.000000000000000000
0.236111111111111111,0.000000000000000000,0.000000000000000000,0.000000000000000000,0.000000000000000000,0.000000000000000000,0.000000000000000000
0.250000000000000000,0.000000000000000000,0.000000000000000000,0.000000000000000000,0.000000000000000000,0.000000000000000000,0.000000000000000000
0.263888888888888888,0.000000000000000000,0.000000000000000000,0.000000000000000000,0.000000000000000000,0.000000000000000000,0.000000000000000000
0.277777777777777777,0.000000000000000000,0.000000000000000000,0.000000000000000000,0.000000000000000000,0.000000000000000000,0.000000000000000000
0.291666666666666666,0.000000000000000000,0.000000000000000000,0.000000000000000000,0.000000000000000000,0.000000000000000000,0.000000000000000000
0.305555555555555555,0.000000000000000000,0.000000000000000000,0.000000000000000000,0.000000000000000000,0.000000000000000000,0.000000000000000000
0.319444444444444444,0.000000000000000000,0.000000000000000000,0.000000000000000000,0.000000000000000000,0.000000000000000000,0.000000000000000000
0.333333333333333333,0.000000000000000000,0.000000000000000000,0.000000000000000000,0.000000000000000000,0.000000000000000000,0.000000000000000000
0.347222222222222222,0.000000000000000000,0.000000000000000000,0.000000000000000000,0.000000000000000000,0.000000000000000000,0.000000000000000000
0.361111111111111111,0.000000000000000000,0.000000000000000000,0.000000000000000000,0.000000000000000000,0.000000000000000000,0.000000000000000000
0.375000000000000000,0.000000000000000000,0.000000000000000000,0.000000000000000000,0.000000000000000000,0.000000000000000000,0.000000000000000000
0.388888888888888888,0.000000000000000000,0.000000000000000000,0.000000000000000000,0.000000000000000000,0.000000000000000000,0.000000000000000000
0.402777777777777777,0.000000000000000000,0.000000000000000000,0.000000000000000000,0.000000000000000000,0.000000000000000000,0.000000000000000000
0.416666666666666666,0.000000000000000000,0.000000000000000000,0.000000000000000000,0.000000000000000000,0.000000000000000000,0.000000000000000000
0.430555555555555555,0.000000000000000000,0.000000000000000000,0.000000000000000000,0.000000000000000000,0.000000000000000000,0.000000000000000000
0.444444444444444444,0.000000000000000000,0.000000000000000000,0.000000000000000000,0.000000000000000000,0.000000000000000000,0.000000000000000000
0.458333333333333333,0.000000000000000000,0.000000000000000000,0.000000000000000000,0.000000000000000000,0.000000000000000000,0.000000000000000000
0.472222222222222222,0.000000000000000000,0.000000000000000000,0.000000000000000000,0.000000000000000000,0.000000000000000000,0.000000000000000000
0.486111111111111111,0.000000000000000000,0.000000000000000000,0.000000000000000000,0.000000000000000000,0.000000000000000000,0.000000000000000000
0.500000000000000000,0.000000000000000000,0.000000000000000000,0.000000000000000000,0.000000000000000000,0.000000000000000000,0.000000000000000000
0.513888888888888888,0.000000000000000000,0.000000000000000000,0.000000000000000000,0.000000000000000000,0.000000000000000000,0.000000000000000000
0.527777777777777777,0.000000000000000000,0.000000000000000000,0.000000000000000000,0.000000000000000000,0.000000000000000000,0.000000000000000000
0.541666666666666666,0.000000000000000000,0.000000000000000000,0.000000000000000000,0.000000000000000000,0.000000000000000000,0.000000000000000000
0.555555555555555555,0.000000000000000000,0.000000000000000000,0.000000000000000000,0.000000000000000000,0.000000000000000000,0.000000000000000000
0.569444444444444444,0.000000000000000000,0.000000000000000000,0.000000000000000000,0.000000000000000000,0.000000000000000000,0.000000000000000000
0.583333333333333333,0.000000000000000000,0.000000000000000000,0.000000000000000000,0.000000000000000000,0.000000000000000000,0.000000000000000000
0.597222222222222222,0.000000000000000000,0.000000000000000000,0.000000000000000000,0.000000000000000000,0.000000000000000000,0.000000000000000000
0.611111111111111111,0.000000000000000000,0.000000000000000000,0.000000000000000000,0.000000000000000000,0.000000000000000000,0.000000000000000000
0.625000000000000000,0.000000000000000000,0.000000000000000000,0.000000000000000000,0.000000000000000000,0.000000000000000000,0.000000000000000000
0.638888888888888888,0.000000000000000000,0.000000000000000000,0.000000000000000000,0.000000000000000000,0.000000000000000000,0.000000000000000000
0.652777777777777777,0.000000000000000000,0.000000000000000000,0.000000000000000000,0.000000000000000000,0.000000000000000000,0.000000000000000000
0.666666666666666666,0.000000000000000000,0.000000000000000000,0.000000000000000000,0.000000000000000000,0.000000000000000000,0.000000000000000000
0.680555555555555555,0.000000000000000000,0.000000000000000000,0.000000000000000000,0.000000000000000000,0.000000000000000000,0.000000000000000000
0.694444444444444444,0.000000000000000000,0.000000000000000000,0.000000000000000000,0.000000000000000000,0.000000000000000000,0.000000000000000000
0.708333333333333333,0.000000000000000000,0.000000000000000000,0.000000000000000000,0.000000000000000000,0.000000000000000000,0.000000000000000000
0.722222222222222222,0.000000000000000000,0.000000000000000000,0.000000000000000000,0.000000000000000000,0.000000000000000000,0.000000000000000000
0.736111111111111111,0.000000000000000000,0.000000000000000000,0.000000000000000000,0.000000000000000000,0.000000000000000000,0.000000000000000000
0.750000000000000000,0.000000000000000000,0.000000000000000000,0.000000000000000000,0.000000000000000000,0.000000000000000000,0.000000000000000000
0.763888888888888888,0.000000000000000000,0.000000000000000000,0.000000000000000000,0.000000000000000000,0.000000000000000000,0.000000000000000000
0.777777777777777777,0.000000000000000000,0.000000000000000000,0.000000000000000000,0.000000000000000000,0.000000000000000000,0.000000000000000000
0.791666666666666666,0.000000000000000000,0.000000000000000000,0.000000000000000000,0.000000000000000000,0.000000000000000000,0.000000000000000000
0.805555555555555555,0.000000000000000000,0.000000000000000000,0.000000000000000000,0.000000000000000000,0.000000000000000000,0.000000000000000000
0.819444444444444444,0.000000000000000000,0.000000000000000000,0.000000000000000000,0.000000000000000000,0.000000000000000000,0.000000000000000000
0.833333333333333333,0.000000000000000000,0.000000000000000000,0.000000000000000000,0.000000000000000000,0.000000000000000000,0.000000000000000000
0.847222222222222222,0.000000000000000000,0.000000000000000000,0.000000000000000000,0.000000000000000000,0.000000000000000000,0.000000000000000000
0.861111111111111111,0.000000000000000000,0.000000000000000000,0.000000000000000000,0.000000000000000000,0.000000000000000000,0.000000000000000000
0.875000000000000000,0.000000000000000000,0.000000000000000000,0.000000000000000000,0.000000000000000000,0.000000000000000000,0.000000000000000000
0.888888888888888888,0.000000000000000000,0.000000000000000000,0.000000000000000000,0.000000000000000000,0.000000000000000000,0.000000000000000000
0.902777777777777777,0.000000000000000000,0.000000000000000000,0.000000000000000000,0.000000000000000000,0.000000000000000000,0.000000000000000000
0.916666666666666666,0.000000000000000000,0.000000000000000000,0.000000000000000000,0.000000000000000000,0.000000000000000000,0.000000000000000000
0.930555555555555555,0.000000000000000000,0.000000000000000000,0.000000000000000000,0.000000000000000000,0.000000000000000000,0.000000000000000000
0.944444444444444444,0.000000000000000000,0.000000000000000000,0.000000000000000000,0.000000000000000000,0.000000000000000000,0.000000000000000000
0.958333333333333333,0.000000000000000000,0.000000000000000000,0.000000000000000000,0.000000000000000000,0.000000000000000000,0.000000000000000000
0.972222222222222222,0.000000000000000000,0.000000000000000000,0.000000000000000000,0.000000000000000000,0.000000000000000000,0.000000000000000000
0.986111111111111111,0.000000000000000000,0.000000000000000000,0.000000000000000000,0.000000000000000000,0.000000000000000000,0.000000000000000000
1.000000000000000000,0.000000000000000000,0.000000000000000000,0.000000000000000000,0.999999999999907200,0.000001653439153439,0.000000092800000000
1.013888888888888888,0.000000000000000000,0.001984126984126800,0.001984126984126800,0.998015873015780400,0.000001653439153439,0.000000092800000000
1.027777777777777777,0.000000000000000000,0.003968253968253600,0.003968253968253600,0.996031746031653600,0.000001653439153439,0.000000092800000000
1.041666666666666666,0.000000000000000000,0.005952380952380400,0.005952380952380400,0.994047619047526800,0.000001653439153439,0.000000092800000000
1.055555555555555555,0.000000000000000000,0.007936507936507200,0.007936507936507200,0.992063492063400000,0.000001653439153439,0.000000092800000000
1.069444444444444444,0.000000000000000000,0.009920634920634000,0.009920634920634000,0.990079365079273200,0.000001653439153439,0.000000092800000000
1.083333333333333333,0.000000000000000000,0.011904761904760800,0.011904761904760800,0.988095238095146400,0.000001653439153439,0.000000092800000000
1.097222222222222222,0.000000000000000000,0.013888888888887600,0.013888888888887600,0.986111111111019600,0.000001653439153439,0.000000092800000000
1.111111111111111111,0.000000000000000000,0.015873015873014400,0.015873015873014400,0.984126984126892800,0.000001653439153439,0.000000092800000000
1.125000000000000000,0.000000000000000000,0.017857142857141200,0.017857142857141200,0.982142857142766000,0.000001653439153439,0.000000092800000000
1.138888888888888888,0.000000000000000000,0.019841269841268000,0.019841269841268000,0.980158730158639200,0.000001653439153439,0.000000092800000000
1.152777777777777777,0.000000000000000000,0.021825396825394800,0.021825396825394800,0.978174603174512400,0.000001653439153439,0.000000092800000000
1.166666666666666666,0.000000000000000000,0.023809523809521600,0.023809523809521600,0.976190476190385600,0.000001653439153439,0.000000092800000000
1.180555555555555555,0.000000000000000000,0.025793650793648400,0.025793650793648400,0.974206349206258800,0.000001653439153439,0.000000092800000000
1.194444444444444444,0.000000000000000000,0.027777777777775200,0.027777777777775200,0.972222222222132000,0.000001653439153439,0.000000092800000000
1.208333333333333333,0.000000000000000000,0.029761904761902000,0.029761904761902000,0.970238095238005200,0.000001653439153439,0.000000092800000000
1.222222222222222222,0.000000000000000000,0.031746031746028800,0.031746031746028800,0.968253968253878400,0.000001653439153439,0.000000092800000000
1.236111111111111111,0.000000000000000000,0.033730158730155600,0.033730158730155600,0.966269841269751600,0.000001653439153439,0.000000092800000000
1.250000000000000000,0.000000000000000000,0.035714285714282400,0.035714285714282400,0.964285714285624800,0.000001653439153439,0.000000092800000000
1.263888888888888888,0.000000000000000000,0.037698412698409200,0.037698412698409200,0.962301587301498000,0.000001653439153439,0.000000092800000000
1.277777777777777777,0.000000000000000000,0.039682539682536000,0.039682539682536000,0.960317460317371200,0.000001653439153439,0.000000092800000000
1.291666666666666666,0.000000000000000000,0.041666666666662800,0.041666666666662800,0.958333333333244400,0.000001653439153439,0.000000092800000000
1.305555555555555555,0.000000000000000000,0.043650793650789600,0.043650793650789600,0.956349206349117600,0.000001653439153439,0.000000092800000000
1.319444444444444444,0.000000000000000000,0.045634920634916400,0.045634920634916400,0.954365079364990800,0.000001653439153439,0.000000092800000000
1.333333333333333333,0.000000000000000000,0.047619047619043200,0.047619047619043200,0.952380952380864000,0.000001653439153439,0.000000092800000000
1.347222222222222222,0.000000000000000000,0.049603174603170000,0.049603174603170000,0.950396825396737200,0.000001653439153439,0.000000092800000000
1.361111111111111111,0.000000000000000000,0.051587301587296800,0.051587301587296800,0.948412698412610400,0.000001653439153439,0.000000092800000000
1.375000000000000000,0.000000000000000000,0.053571428571423600,0.053571428571423600,0.946428571428483600,0.000001653439153439,0.000000092800000000
1.388888888888888888,0.000000000000000000,0.055555555555550400,0.055555555555550400,0.944444444444356800,0.000001653439153439,0.000000092800000000
1.402777777777777777,0.000000000000000000,0.057539682539677200,0.057539682539677200,0.942460317460230000,0.000001653439153439,0.000000092800000000
1.416666666666666666,0.000000000000000000,0.059523809523804000,0.059523809523804000,0.940476190476103200,0.000001653439153439,0.000000092800000000
1.430555555555555555,0.000000000000000000,0.061507936507930800,0.061507936507930800,0.938492063491976400,0.000001653439153439,0.000000092800000000
1.444444444444444444,0.000000000000000000,0.063492063492057600,0.063492063492057600,0.936507936507849600,0.000001653439153439,0.000000092800000000
1.458333333333333333,0.000000000000000000,0.065476190476184400,0.065476190476184400,0.934523809523722800,0.000001653439153439,0.000000092800000000
1.472222222222222222,0.000000000000000000,0.067460317460311200,0.067460317460311200,0.932539682539596000,0.000001653439153439,0.000000092800000000
1.486111111111111111,0.000000000000000000,0.069444444444438000,0.069444444444438000,0.930555555555469200,0.000001653439153439,0.000000092800000000
1.500000000000000000,0.000000000000000000,0.071428571428564800,0.071428571428564800,0.928571428571342400,0.000001653439153439,0.000000092800000000
1.513888888888888888,0.000000000000000000,0.073412698412691600,0.073412698412691600,0.926587301587215600,0.000001653439153439,0.000000092800000000
1.527777777777777777,0.000000000000000000,0.075396825396818400,0.075396825396818400,0.924603174603088800,0.000001653439153439,0.000000092800000000
1.541666666666666666,0.000000000000000000,0.077380952380945200,0.077380952380945200,0.922619047618962000,0.000001653439153439,0.000000092800000000
1.555555555555555555,0.000000000000000000,0.079365079365072000,0.079365079365072000,0.920634920634835200,0.000001653439153439,0.000000092800000000
1.569444444444444444,0.000000000000000000,0.081349206349198800,0.081349206349198800,0.918650793650708400,0.000001653439153439,0.000000092800000000
1.583333333333333333,0.000000000000000000,0.083333333333325600,0.083333333333325600,0.916666666666581600,0.000001653439153439,0.000000092800000000
1.597222222222222222,0.000000000000000000,0.085317460317452400,0.085317460317452400,0.914682539682454800,0.000001653439153439,0.000000092800000000
1.611111111111111111,0.000000000000000000,0.087301587301579200,0.087301587301579200,0.912698412698328000,0.000001653439153439,0.000000092800000000
1.625000000000000000,0.000000000000000000,0.089285714285706000,0.089285714285706000,0.910714285714201200,0.000001653439153439,0.000000092800000000
1.638888888888888888,0.000000000000000000,0.091269841269832800,0.091269841269832800,0.908730158730074400,0.000001653439153439,0.000000092800000000
1.652777777777777777,0.000000000000000000,0.093253968253959600,0.093253968253959600,0.906746031745947600,0.000001653439153439,0.000000092800000000
1.666666666666666666,0.000000000000000000,0.095238095238086400,0.095238095238086400,0.904761904761820800,0.000001653439153439,0.000000092800000000
1.680555555555555555,0.000000000000000000,0.097222222222213200,0.097222222222213200,0.902777777777694000,0.000001653439153439,0.000000092800000000
1.694444444444444444,0.000000000000000000,0.099206349206340000,0.099206349206340000,0.900793650793567200,0.000001653439153439,0.000000092800000000
1.708333333333333333,0.000000000000000000,0.101190476190466800,0.101190476190466800,0.898809523809440400,0.000001653439153439,0.000000092800000000
1.722222222222222222,0.000000000000000000,0.103174603174593600,0.103174603174593600,0.896825396825313600,0.000001653439153439,0.000000092800000000
1.736111111111111111,0.000000000000000000,0.105158730158720400,0.105158730158720400,0.894841269841186800,0.000001653439153439,0.000000092800000000
1.750000000000000000,0.000000000000000000,0.107142857142847200,0.107142857142847200,0.892857142857060000,0.000001653439153439,0.000000092800000000
1.763888888888888888,0.000000000000000000,0.109126984126974000,0.109126984126974000,0.890873015872933200,0.000001653439153439,0.000000092800000000
1.777777777777777777,0.000000000000000000,0.111111111111100800,0.111111111111100800,0.888888888888806400,0.000001653439153439,0.000000092800000000
1.791666666666666666,0.000000000000000000,0.113095238095227600,0.113095238095227600,0.886904761904679600,0.000001653439153439,0.000000092800000000
1.805555555555555555,0.000000000000000000,0.115079365079354400,0.115079365079354400,0.884920634920552800,0.000001653439153439,0.000000092800000000
1.819444444444444444,0.000000000000000000,0.117063492063481200,0.117063492063481200,0.882936507936426000,0.000001653439153439,0.000000092800000000
1.833333333333333333,0.000000000000000000,0.119047619047608000,0.119047619047608000,0.880952380952299200,0.000001653439153439,0.000000092800000000
1.847222222222222222,0.000000000000000000,0.121031746031734800,0.121031746031734800,0.878968253968172400,0.000001653439153439,0.000000092800000000
1.861111111111111111,0.000000000000000000,0.123015873015861600,0.123015873015861600,0.876984126984045600,0.000001653439153439,0.000000092800000000
1.875000000000000000,0.000000000000000000,0.124999999999988400,0.124999999999988400,0.874999999999918800,0.000001653439153439,0.000000092800000000
1.888888888888888888,0.000000000000000000,0.126984126984115200,0.126984126984115200,0.873015873015792000,0.000001653439153439,0.000000092800000000
1.902777777777777777,0.000000000000000000,0.128968253968242000,0.128968253968242000,0.871031746031665200,0.000001653439153439,0.000000092800000000
1.916666666666666666,0.000000000000000000,0.130952380952368800,0.130952380952368800,0.869047619047538400,0.000001653439153439,0.000000092800000000
1.930555555555555555,0.000000000000000000,0.132936507936495600,0.132936507936495600,0.867063492063411600,0.000001653439153439,0.000000092800000000
1.944444444444444444,0.000000000000000000,0.134920634920622400,0.134920634920622400,0.865079365079284800,0.000001653439153439,0.000000092800000000
1.958333333333333333,0.000000000000000000,0.136904761904749200,0.136904761904749200,0.863095238095158000,0.000001653439153439,0.000000092800000000
1.972222222222222222,0.000000000000000000,0.138888888888876000,0.138888888888876000,0.861111111111031200,0.000001653439153439,0.000000092800000000
1.986111111111111111,0.000000000000000000,0.140873015873002800,0.140873015873002800,0.859126984126904400,0.000001653439153439,0.000000092800000000
2.000000000000000000,0.000000000000000000,0.142857142857129600,0.142857142857129600,0.857142857142777600,0.000001653439153439,0.000000092800000000
2.013888888888888888,0.000000000000000000,0.144841269841256400,0.144841269841256400,0.855158730158650800,0.000001653439153439,0.000000092800000000
2.027777777777777777,0.000000000000000000,0.146825396825383200,0.146825396825383200,0.853174603174524000,0.000001653439153439,0.000000092800000000
2.041666666666666666,0.000000000000000000,0.148809523809510000,0.148809523809510000,0.851190476190397200,0.000001653439153439,0.000000092800000000
2.055555555555555555,0.000000000000000000,0.150793650793636800,0.150793650793636800,0.849206349206270400,0.000001653439153439,0.000000092800000000
2.069444444444444444,0.000000000000000000,0.152777777777763600,0.152777777777763600,0.847222222222143600,0.000001653439153439,0.000000092800000000
2.083333333333333333,0.000000000000000000,0.154761904761890400,0.154761904761890400,0.845238095238016800,0.000001653439153439,0.000000092800000000
2.097222222222222222,0.000000000000000000,0.156746031746017200,0.156746031746017200,0.843253968253890000,0.000001653439153439,0.000000092800000000
2.111111111111111111,0.000000000000000000,0.158730158730144000,0.158730158730144000,0.841269841269763200,0.000001653439153439,0.000000092800000000
2.125000000000000000,0.000000000000000000,0.160714285714270800,0.160714285714270800,0.839285714285636400,0.000001653439153439,0.000000092800000000
2.138888888888888888,0.000000000000000000,0.162698412698397600,0.162698412698397600,0.837301587301509600,0.000001653439153439,0.000000092800000000
2.152777777777777777,0.000000000000000000,0.164682539682524400,0.164682539682524400,0.835317460317382800,0.000001653439153439,0.000000092800000000
2.166666666666666666,0.000000000000000000,0.166666666666651200,0.166666666666651200,0.833333333333256000,0.000001653439153439,0.000000092800000000
2.180555555555555555,0.000000000000000000,0.168650793650778000,0.168650793650778000,0.831349206349129200,0.000001653439153439,0.000000092800000000
2.194444444444444444,0.000000000000000000,0.170634920634904800,0.170634920634904800,0.829365079365002400,0.000001653439153439,0.000000092800000000
2.208333333333333333,0.000000000000000000,0.172619047619031600,0.172619047619031600,0.827380952380875600,0.000001653439153439,0.000000092800000000
2.222222222222222222,0.000000000000000000,0.174603174603158400,0.174603174603158400,0.825396825396748800,0.000001653439153439,0.000000092800000000
2.236111111111111111,0.000000000000000000,0.176587301587285200,0.176587301587285200,0.823412698412622000,0.000001653439153439,0.000000092800000000
2.250000000000000000,0.000000000000000000,0.178571428571412000,0.178571428571412000,0.821428571428495200,0.000001653439153439,0.000000092800000000
2.263888888888888888,0.000000000000000000,0.180555555555538800,0.180555555555538800,0.819444444444368400,0.000001653439153439,0.000000092800000000
2.277777777777777777,0.000000000000000000,0.182539682539665600,0.182539682539665600,0.817460317460241600,0.000001653439153439,0.000000092800000000
2.291666666666666666,0.000000000000000000,0.184523809523792400,0.184523809523792400,0.815476190476114800,0.000001653439153439,0.000000092800000000
2.305555555555555555,0.000000000000000000,0.186507936507919200,0.186507936507919200,0.813492063491988000,0.000001653439153439,0.000000092800000000
2.319444444444444444,0.000000000000000000,0.188492063492046000,0.188492063492046000,0.811507936507861200,0.000001653439153439,0.000000092800000000
2.333333333333333333,0.000000000000000000,0.190476190476172800,0.190476190476172800,0.809523809523734400,0.000001653439153439,0.000000092800000000
2.347222222222222222,0.000000000000000000,0.192460317460299600,0.192460317460299600,0.807539682539607600,0.000001653439153439,0.000000092800000000
2.361111111111111111,0.000000000000000000,0.194444444444426400,0.194444444444426400,0.805555555555480800,0.000001653439153439,0.000000092800000000
2.375000000000000000,0.000000000000000000,0.196428571428553200,0.196428571428553200,0.803571428571354000,0.000001653439153439,0.000000092800000000
2.388888888888888888,0.000000000000000000,0.198412698412680000,0.198412698412680000,0.801587301587227200,0.000001653439153439,0.000000092800000000
2.402777777777777777,0.000000000000000000,0.200396825396806800,0.200396825396806800,0.799603174603100400,0.000001653439153439,0.000000092800000000
2.416666666666666666,0.000000000000000000,0.202380952380933600,0.202380952380933600,0.797619047618973600,0.000001653439153439,0.000000092800000000
2.430555555555555555,0.000000000000000000,0.204365079365060400,0.204365079365060400,0.795634920634846800,0.000001653439153439,0.000000092800000000
2.444444444444444444,0.000000000000000000,0.206349206349187200,0.206349206349187200,0.793650793650720000,0.000001653439153439,0.000000092800000000
2.458333333333333333,0.000000000000000000,0.208333333333314000,0.208333333333314000,0.791666666666593200,0.000001653439153439,0.000000092800000000
2.472222222222222222,0.000000000000000000,0.210317460317440800,0.210317460317440800,0.789682539682466400,0.000001653439153439,0.000000092800000000
2.486111111111111111,0.000000000000000000,0.212301587301567600,0.212301587301567600,0.787698412698339600,0.000001653439153439,0.000000092800000000
2.500000000000000000,0.000000000000000000,0.214285714285694400,0.214285714285694400,0.785714285714212800,0.000001653439153439,0.000000092800000000
2.513888888888888888,0.000000000000000000,0.216269841269821200,0.216269841269821200,0.783730158730086000,0.000001653439153439,0.000000092800000000
2.527777777777777777,0.000000000000000000,0.218253968253948000,0.218253968253948000,0.781746031745959200,0.000001653439153439,0.000000092800000000
2.541666666666666666,0.000000000000000000,0.220238095238074800,0.220238095238074800,0.779761904761832400,0.000001653439153439,0.000000092800000000
2.555555555555555555,0.000000000000000000,0.222222222222201600,0.222222222222201600,0.777777777777705600,0.000001653439153439,0.000000092800000000
2.569444444444444444,0.000000000000000000,0.224206349206328400,0.224206349206328400,0.775793650793578800,0.000001653439153439,0.000000092800000000
2.583333333333333333,0.000000000000000000,0.226190476190455200,0.226190476190455200,0.773809523809452000,0.000001653439153439,0.000000092800000000
2.597222222222222222,0.000000000000000000,0.228174603174582000,0.228174603174582000,0.771825396825325200,0.000001653439153439,0.000000092800000000
2.611111111111111111,0.000000000000000000,0.230158730158708800,0.230158730158708800,0.769841269841198400,0.000001653439153439,0.000000092800000000
2.625000000000000000,0.000000000000000000,0.232142857142835600,0.232142857142835600,0.767857142857071600,0.000001653439153439,0.000000092800000000
2.638888888888888888,0.000000000000000000,0.234126984126962400,0.234126984126962400,0.765873015872944800,0.000001653439153439,0.000000092800000000
2.652777777777777777,0.000000000000000000,0.236111111111089200,0.236111111111089200,0.763888888888818000,0.000001653439153439,0.000000092800000000
2.666666666666666666,0.000000000000000000,0.238095238095216000,0.238095238095216000,0.761904761904691200,0.000001653439153439,0.000000092800000000
2.680555555555555555,0.000000000000000000,0.240079365079342800,0.240079365079342800,0.759920634920564400,0.000001653439153439,0.000000092800000000
2.694444444444444444,0.000000000000000000,0.242063492063469600,0.242063492063469600,0.757936507936437600,0.000001653439153439,0.000000092800000000
2.708333333333333333,0.000000000000000000,0.244047619047596400,0.244047619047596400,0.755952380952310800,0.000001653439153439,0.000000092800000000
2.722222222222222222,0.000000000000000000,0.246031746031723200,0.246031746031723200,0.753968253968184000,0.000001653439153439,0.000000092800000000
2.736111111111111111,0.000000000000000000,0.248015873015850000,0.248015873015850000,0.751984126984057200,0.000001653439153439,0.000000092800000000
2.750000000000000000,0.000000000000000000,0.249999999999976800,0.249999999999976800,0.749999999999930400,0.000001653439153439,0.000000092800000000
2.763888888888888888,0.000000000000000000,0.251984126984103600,0.251984126984103600,0.748015873015803600,0.000001653439153439,0.000000092800000000
2.777777777777777777,0.000000000000000000,0.253968253968230400,0.253968253968230400,0.746031746031676800,0.000001653439153439,0.000000092800000000
2.791666666666666666,0.000000000000000000,0.255952380952357200,0.255952380952357200,0.744047619047550000,0.000001653439153439,0.000000092800000000
2.805555555555555555,0.000000000000000000,0.257936507936484000,0.257936507936484000,0.742063492063423200,0.000001653439153439,0.000000092800000000
2.819444444444444444,0.000000000000000000,0.259920634920610800,0.259920634920610800,0.740079365079296400,0.000001653439153439,0.000000092800000000
2.833333333333333333,0.000000000000000000,0.261904761904737600,0.261904761904737600,0.738095238095169600,0.000001653439153439,0.000000092800000000
2.847222222222222222,0.000000000000000000,0.263888888888864400,0.263888888888864400,0.736111111111042800,0.000001653439153439,0.000000092800000000
2.861111111111111111,0.000000000000000000,0.265873015872991200,0.265873015872991200,0.734126984126916000,0.000001653439153439,0.000000092800000000
2.875000000000000000,0.000000000000000000,0.267857142857118000,0.267857142857118000,0.732142857142789200,0.000001653439153439,0.000000092800000000
2.888888888888888888,0.000000000000000000,0.269841269841244800,0.269841269841244800,0.730158730158662400,0.000001653439153439,0.000000092800000000
2.902777777777777777,0.000000000000000000,0.271825396825371600,0.271825396825371600,0.728174603174535600,0.000001653439153439,0.000000092800000000
2.916666666666666666,0.000000000000000000,0.273809523809498400,0.273809523809498400,0.726190476190408800,0.000001653439153439,0.000000092800000000
2.930555555555555555,0.000000000000000000,0.275793650793625200,0.275793650793625200,0.724206349206282000,0.000001653439153439,0.000000092800000000
2.944444444444444444,0.000000000000000000,0.277777777777752000,0.277777777777752000,0.722222222222155200,0.000001653439153439,0.000000092800000000
2.958333333333333333,0.000000000000000000,0.279761904761878800,0.279761904761878800,0.720238095238028400,0.000001653439153439,0.000000092800000000
2.972222222222222222,0.000000000000000000,0.281746031746005600,0.281746031746005600,0.718253968253901600,0.000001653439153439,0.000000092800000000
2.986111111111111111,0.000000000000000000,0.283730158730132400,0.283730158730132400,0.716269841269774800,0.000001653439153439,0.000000092800000000
3.000000000000000000,0.000000000000000000,0.285714285714259200,0.285714285714259200,0.714285714285648000,0.000001653439153439,0.000000092800000000
3.013888888888888888,0.000000000000000000,0.287698412698386000,0.287698412698386000,0.712301587301521200,0.000001653439153439,0.000000092800000000
3.027777777777777777,0.000000000000000000,0.289682539682512800,0.289682539682512800,0.710317460317394400,0.000001653439153439,0.000000092800000000
3.041666666666666666,0.000000000000000000,0.291666666666639600,0.291666666666639600,0.708333333333267600,0.000001653439153439,0.000000092800000000
3.055555555555555555,0.000000000000000000,0.293650793650766400,0.293650793650766400,0.706349206349140800,0.000001653439153439,0.000000092800000000
3.069444444444444444,0.000000000000000000,0.295634920634893200,0.295634920634893200,0.704365079365014000,0.000001653439153439,0.000000092800000000
3.083333333333333333,0.000000000000000000,0.297619047619020000,0.297619047619020000,0.702380952380887200,0.000001653439153439,0.000000092800000000
3.097222222222222222,0.000000000000000000,0.299603174603146800,0.299603174603146800,0.700396825396760400,0.000001653439153439,0.000000092800000000
3.111111111111111111,0.000000000000000000,0.301587301587273600,0.301587301587273600,0.698412698412633600,0.000001653439153439,0.000000092800000000
3.125000000000000000,0.000000000000000000,0.303571428571400400,0.303571428571400400,0.696428571428506800,0.000001653439153439,0.000000092800000000
3.138888888888888888,0.000000000000000000,0.305555555555527200,0.305555555555527200,0.694444444444380000,0.000001653439153439,0.000000092800000000
3.152777777777777777,0.000000000000000000,0.307539682539654000,0.307539682539654000,0.692460317460253200,0.000001653439153439,0.000000092800000000
3.166666666666666666,0.000000000000000000,0.309523809523780800,0.309523809523780800,0.690476190476126400,0.000001653439153439,0.000000092800000000
3.180555555555555555,0.000000000000000000,0.311507936507907600,0.311507936507907600,0.688492063491999600,0.000001653439153439,0.000000092800000000
3.194444444444444444,0.000000000000000000,0.313492063492034400,0.313492063492034400,0.686507936507872800,0.000001653439153439,0.000000092800000000
3.208333333333333333,0.000000000000000000,0.315476190476161200,0.315476190476161200,0.684523809523746000,0.000001653439153439,0.000000092800000000
3.222222222222222222,0.000000000000000000,0.317460317460288000,0.317460317460288000,0.682539682539619200,0.000001653439153439,0.000000092800000000
3.236111111111111111,0.000000000000000000,0.319444444444414800,0.319444444444414800,0.680555555555492400,0.000001653439153439,0.000000092800000000
3.250000000000000000,0.000000000000000000,0.321428571428541600,0.321428571428541600,0.678571428571365600,0.000001653439153439,0.000000092800000000
3.263888888888888888,0.000000000000000000,0.323412698412668400,0.323412698412668400,0.676587301587238800,0.000001653439153439,0.000000092800000000
3.277777777777777777,0.000000000000000000,0.325396825396795200,0.325396825396795200,0.674603174603112000,0.000001653439153439,0.000000092800000000
3.291666666666666666,0.000000000000000000,0.327380952380922000,0.327380952380922000,0.672619047618985200,0.000001653439153439,0.000000092800000000
3.305555555555555555,0.000000000000000000,0.329365079365048800,0.329365079365048800,0.670634920634858400,0.000001653439153439,0.000000092800000000
3.319444444444444444,0.000000000000000000,0.331349206349175600,0.331349206349175600,0.668650793650731600,0.000001653439153439,0.000000092800000000
3.333333333333333333,0.000000000000000000,0.333333333333302400,0.333333333333302400,0.666666666666604800,0.000001653439153439,0.000000092800000000
3.347222222222222222,0.000000000000000000,0.335317460317429200,0.335317460317429200,0.664682539682478000,0.000001653439153439,0.000000092800000000
3.361111111111111111,0.000000000000000000,0.337301587301556000,0.337301587301556000,0.662698412698351200,0.000001653439153439,0.000000092800000000
3.375000000000000000,0.000000000000000000,0.339285714285682800,0.339285714285682800,0.660714285714224400,0.000001653439153439,0.000000092800000000
3.388888888888888888,0.000000000000000000,0.341269841269809600,0.341269841269809600,0.658730158730097600,0.000001653439153439,0.000000092800000000
3.402777777777777777,0.000000000000000000,0.343253968253936400,0.343253968253936400,0.656746031745970800,0.000001653439153439,0.000000092800000000
3.416666666666666666,0.000000000000000000,0.345238095238063200,0.345238095238063200,0.654761904761844000,0.000001653439153439,0.000000092800000000
3.430555555555555555,0.000000000000000000,0.347222222222190000,0.347222222222190000,0.652777777777717200,0.000001653439153439,0.000000092800000000
3.444444444444444444,0.000000000000000000,0.349206349206316800,0.349206349206316800,0.650793650793590400,0.000001653439153439,0.000000092800000000
3.458333333333333333,0.000000000000000000,0.351190476190443600,0.351190476190443600,0.648809523809463600,0.000001653439153439,0.000000092800000000
3.472222222222222222,0.000000000000000000,0.353174603174570400,0.353174603174570400,0.646825396825336800,0.000001653439153439,0.000000092800000000
3.486111111111111111,0.000000000000000000,0.355158730158697200,0.355158730158697200,0.644841269841210000,0.000001653439153439,0.000000092800000000
3.500000000000000000,0.000000000000000000,0.357142857142824000,0.357142857142824000,0.642857142857083200,0.000001653439153439,0.000000092800000000
3.513888888888888888,0.000000000000000000,0.359126984126950800,0.359126984126950800,0.640873015872956400,0.000001653439153439,0.000000092800000000
3.527777777777777777,0.000000000000000000,0.361111111111077600,0.361111111111077600,0.638888888888829600,0.000001653439153439,0.000000092800000000
3.541666666666666666,0.000000000000000000,0.363095238095204400,0.363095238095204400,0.636904761904702800,0.000001653439153439,0.000000092800000000
3.555555555555555555,0.000000000000000000,0.365079365079331200,0.365079365079331200,0.634920634920576000,0.000001653439153439,0.000000092800000000
3.569444444444444444,0.000000000000000000,0.367063492063458000,0.367063492063458000,0.632936507936449200,0.000001653439153439,0.000000092800000000
3.583333333333333333,0.000000000000000000,0.369047619047584800,0.369047619047584800,0.630952380952322400,0.000001653439153439,0.000000092800000000
3.597222222222222222,0.000000000000000000,0.371031746031711600,0.371031746031711600,0.628968253968195600,0.000001653439153439,0.000000092800000000
3.611111111111111111,0.000000000000000000,0.373015873015838400,0.373015873015838400,0.626984126984068800,0.000001653439153439,0.000000092800000000
3.625000000000000000,0.000000000000000000,0.374999999999965200,0.374999999999965200,0.624999999999942000,0.000001653439153439,0.000000092800000000
3.638888888888888888,0.000000000000000000,0.376984126984092000,0.376984126984092000,0.623015873015815200,0.000001653439153439,0.000000092800000000
3.652777777777777777,0.000000000000000000,0.378968253968218800,0.378968253968218800,0.621031746031688400,0.000001653439153439,0.000000092800000000
3.666666666666666666,0.000000000000000000,0.380952380952345600,0.380952380952345600,0.619047619047561600,0.000001653439153439,0.000000092800000000
3.680555555555555555,0.000000000000000000,0.382936507936472400,0.382936507936472400,0.617063492063434800,0.000001653439153439,0.000000092800000000
3.694444444444444444,0.000000000000000000,0.384920634920599200,0.384920634920599200,0.615079365079308000,0.000001653439153439,0.000000092800000000
3.708333333333333333,0.000000000000000000,0.386904761904726000,0.386904761904726000,0.613095238095181200,0.000001653439153439,0.000000092800000000
3.722222222222222222,0.000000000000000000,0.388888888888852800,0.388888888888852800,0.611111111111054400,0.000001653439153439,0.000000092800000000
3.736111111111111111,0.000000000000000000,0.390873015872979600,0.390873015872979600,0.609126984126927600,0.000001653439153439,0.000000092800000000
3.750000000000000000,0.000000000000000000,0.392857142857106400,0.392857142857106400,0.607142857142800800,0.000001653439153439,0.000000092800000000
3.763888888888888888,0.000000000000000000,0.394841269841233200,0.394841269841233200,0.605158730158674000,0.000001653439153439,0.000000092800000000
3.777777777777777777,0.000000000000000000,0.396825396825360000,0.396825396825360000,0.603174603174547200,0.000001653439153439,0.000000092800000000
3.791666666666666666,0.000000000000000000,0.398809523809486800,0.398809523809486800,0.601190476190420400,0.000001653439153439,0.000000092800000000
3.805555555555555555,0.000000000000000000,0.400793650793613600,0.400793650793613600,0.599206349206293600,0.000001653439153439,0.000000092800000000
3.819444444444444444,0.000000000000000000,0.402777777777740400,0.402777777777740400,0.597222222222166800,0.000001653439153439,0.000000092800000000
3.833333333333333333,0.000000000000000000,0.404761904761867200,0.404761904761867200,0.595238095238040000,0.000001653439153439,0.000000092800000000
3.847222222222222222,0.000000000000000000,0.406746031745994000,0.406746031745994000,0.593253968253913200,0.000001653439153439,0.000000092800000000
3.861111111111111111,0.000000000000000000,0.408730158730120800,0.408730158730120800,0.591269841269786400,0.000001653439153439,0.000000092800000000
3.875000000000000000,0.000000000000000000,0.410714285714247600,0.410714285714247600,0.589285714285659600,0.000001653439153439,0.000000092800000000
3.888888888888888888,0.000000000000000000,0.412698412698374400,0.412698412698374400,0.587301587301532800,0.000001653439153439,0.000000092800000000
3.902777777777777777,0.000000000000000000,0.414682539682501200,0.414682539682501200,0.585317460317406000,0.000001653439153439,0.000000092800000000
3.916666666666666666,0.000000000000000000,0.416666666666628000,0.416666666666628000,0.583333333333279200,0.000001653439153439,0.000000092800000000
3.930555555555555555,0.000000000000000000,0.418650793650754800,0.418650793650754800,0.581349206349152400,0.000001653439153439,0.000000092800000000
3.944444444444444444,0.000000000000000000,0.420634920634881600,0.420634920634881600,0.579365079365025600,0.000001653439153439,0.000000092800000000
3.958333333333333333,0.000000000000000000,0.422619047619008400,0.422619047619008400,0.577380952380898800,0.000001653439153439,0.000000092800000000
3.972222222222222222,0.000000000000000000,0.424603174603135200,0.424603174603135200,0.575396825396772000,0.000001653439153439,0.000000092800000000
3.986111111111111111,0.000000000000000000,0.426587301587262000,0.426587301587262000,0.573412698412645200,0.000001653439153439,0.000000092800000000
4.000000000000000000,0.428571428571388800,0.428571428571388800,0.000000000000000000,2.571428571428505600,0.000004251700680272,0.000000105600000000
4.013888888888888888,0.428571428571388800,0.433673469387715200,0.005102040816326400,2.566326530612179200,0.000004251700680272,0.000000105600000000
4.027777777777777777,0.428571428571388800,0.438775510204041600,0.010204081632652800,2.561224489795852800,0.000004251700680272,0.000000105600000000
4.041666666666666666,0.428571428571388800,0.443877551020368000,0.015306122448979200,2.556122448979526400,0.000004251700680272,0.000000105600000000
4.055555555555555555,0.428571428571388800,0.448979591836694400,0.020408163265305600,2.551020408163200000,0.000004251700680272,0.000000105600000000
4.069444444444444444,0.428571428571388800,0.454081632653020800,0.025510204081632000,2.545918367346873600,0.000004251700680272,0.000000105600000000
4.083333333333333333,0.428571428571388800,0.459183673469347200,0.030612244897958400,2.540816326530547200,0.000004251700680272,0.000000105600000000
4.097222222222222222,0.428571428571388800,0.464285714285673600,0.035714285714284800,2.535714285714220800,0.000004251700680272,0.000000105600000000
4.111111111111111111,0.428571428571388800,0.469387755102000000,0.040816326530611200,2.530612244897894400,0.000004251700680272,0.000000105600000000
4.125000000000000000,0.428571428571388800,0.474489795918326400,0.045918367346937600,2.525510204081568000,0.000004251700680272,0.000000105600000000
4.138888888888888888,0.428571428571388800,0.479591836734652800,0.051020408163264000,2.520408163265241600,0.000004251700680272,0.000000105600000000
4.152777777777777777,0.428571428571388800,0.484693877550979200,0.056122448979590400,2.515306122448915200,0.000004251700680272,0.000000105600000000
4.166666666666666666,0.428571428571388800,0.489795918367305600,0.061224489795916800,2.510204081632588800,0.000004251700680272,0.000000105600000000
4.180555555555555555,0.428571428571388800,0.494897959183632000,0.066326530612243200,2.505102040816262400,0.000004251700680272,0.000000105600000000
4.194444444444444444,0.428571428571388800,0.499999999999958400,0.071428571428569600,2.499999999999936000,0.000004251700680272,0.000000105600000000
4.208333333333333333,0.428571428571388800,0.505102040816284800,0.076530612244896000,2.494897959183609600,0.000004251700680272,0.000000105600000000
4.222222222222222222,0.428571428571388800,0.510204081632611200,0.081632653061222400,2.489795918367283200,0.000004251700680272,0.000000105600000000
4.236111111111111111,0.428571428571388800,0.515306122448937600,0.086734693877548800,2.484693877550956800,0.000004251700680272,0.000000105600000000
4.250000000000000000,0.428571428571388800,0.520408163265264000,0.091836734693875200,2.479591836734630400,0.000004251700680272,0.000000105600000000
4.263888888888888888,0.428571428571388800,0.525510204081590400,0.096938775510201600,2.474489795918304000,0.000004251700680272,0.000000105600000000
4.277777777777777777,0.428571428571388800,0.530612244897916800,0.102040816326528000,2.469387755101977600,0.000004251700680272,0.000000105600000000
4.291666666666666666,0.428571428571388800,0.535714285714243200,0.107142857142854400,2.464285714285651200,0.000004251700680272,0.000000105600000000
4.305555555555555555,0.428571428571388800,0.540816326530569600,0.112244897959180800,2.459183673469324800,0.000004251700680272,0.000000105600000000
4.319444444444444444,0.428571428571388800,0.545918367346896000,0.117346938775507200,2.454081632652998400,0.000004251700680272,0.000000105600000000
4.333333333333333333,0.428571428571388800,0.551020408163222400,0.122448979591833600,2.448979591836672000,0.000004251700680272,0.000000105600000000
4.347222222222222222,0.428571428571388800,0.556122448979548800,0.127551020408160000,2.443877551020345600,0.000004251700680272,0.000000105600000000
4.361111111111111111,0.428571428571388800,0.561224489795875200,0.132653061224486400,2.438775510204019200,0.000004251700680272,0.000000105600000000
4.375000000000000000,0.428571428571388800,0.566326530612201600,0.137755102040812800,2.433673469387692800,0.000004251700680272,0.000000105600000000
4.388888888888888888,0.428571428571388800,0.571428571428528000,0.142857142857139200,2.428571428571366400,0.000004251700680272,0.000000105600000000
4.402777777777777777,0.428571428571388800,0.576530612244854400,0.147959183673465600,2.423469387755040000,0.000004251700680272,0.000000105600000000
4.416666666666666666,0.428571428571388800,0.581632653061180800,0.153061224489792000,2.418367346938713600,0.000004251700680272,0.000000105600000000
4.430555555555555555,0.428571428571388800,0.586734693877507200,0.158163265306118400,2.413265306122387200,0.000004251700680272,0.000000105600000000
4.444444444444444444,0.428571428571388800,0.591836734693833600,0.163265306122444800,2.408163265306060800,0.000004251700680272,0.000000105600000000
4.458333333333333333,0.428571428571388800,0.596938775510160000,0.168367346938771200,2.403061224489734400,0.000004251700680272,0.000000105600000000
4.472222222222222222,0.428571428571388800,0.602040816326486400,0.173469387755097600,2.397959183673408000,0.000004251700680272,0.000000105600000000
4.486111111111111111,0.428571428571388800,0.607142857142812800,0.178571428571424000,2.392857142857081600,0.000004251700680272,0.000000105600000000
4.500000000000000000,0.428571428571388800,0.612244897959139200,0.183673469387750400,2.387755102040755200,0.000004251700680272,0.000000105600000000
4.513888888888888888,0.428571428571388800,0.617346938775465600,0.188775510204076800,2.382653061224428800,0.000004251700680272,0.000000105600000000
4.527777777777777777,0.428571428571388800,0.622448979591792000,0.193877551020403200,2.377551020408102400,0.000004251700680272,0.000000105600000000
4.541666666666666666,0.428571428571388800,0.627551020408118400,0.198979591836729600,2.372448979591776000,0.000004251700680272,0.000000105600000000
4.555555555555555555,0.428571428571388800,0.632653061224444800,0.204081632653056000,2.367346938775449600,0.000004251700680272,0.000000105600000000
4.569444444444444444,0.428571428571388800,0.637755102040771200,0.209183673469382400,2.362244897959123200,0.000004251700680272,0.000000105600000000
4.583333333333333333,0.428571428571388800,0.642857142857097600,0.214285714285708800,2.357142857142796800,0.000004251700680272,0.000000105600000000
4.597222222222222222,0.428571428571388800,0.647959183673424000,0.219387755102035200,2.352040816326470400,0.000004251700680272,0.000000105600000000
4.611111111111111111,0.428571428571388800,0.653061224489750400,0.224489795918361600,2.346938775510144000,0.000004251700680272,0.000000105600000000
4.625000000000000000,0.428571428571388800,0.658163265306076800,0.229591836734688000,2.341836734693817600,0.000004251700680272,0.000000105600000000
4.638888888888888888,0.428571428571388800,0.663265306122403200,0.234693877551014400,2.336734693877491200,0.000004251700680272,0.000000105600000000
4.652777777777777777,0.428571428571388800,0.668367346938729600,0.239795918367340800,2.331632653061164800,0.000004251700680272,0.000000105600000000
4.666666666666666666,0.428571428571388800,0.673469387755056000,0.244897959183667200,2.326530612244838400,0.000004251700680272,0.000000105600000000
4.680555555555555555,0.428571428571388800,0.678571428571382400,0.249999999999993600,2.321428571428512000,0.000004251700680272,0.000000105600000000
4.694444444444444444,0.428571428571388800,0.683673469387708800,0.255102040816320000,2.316326530612185600,0.000004251700680272,0.000000105600000000
4.708333333333333333,0.428571428571388800,0.688775510204035200,0.260204081632646400,2.311224489795859200,0.000004251700680272,0.000000105600000000
4.722222222222222222,0.428571428571388800,0.693877551020361600,0.265306122448972800,2.306122448979532800,0.000004251700680272,0.000000105600000000
4.736111111111111111,0.428571428571388800,0.698979591836688000,0.270408163265299200,2.301020408163206400,0.000004251700680272,0.000000105600000000
4.750000000000000000,0.428571428571388800,0.704081632653014400,0.275510204081625600,2.295918367346880000,0.000004251700680272,0.000000105600000000
4.763888888888888888,0.428571428571388800,0.709183673469340800,0.280612244897952000,2.290816326530553600,0.000004251700680272,0.000000105600000000
4.777777777777777777,0.428571428571388800,0.714285714285667200,0.285714285714278400,2.285714285714227200,0.000004251700680272,0.000000105600000000
4.791666666666666666,0.428571428571388800,0.719387755101993600,0.290816326530604800,2.280612244897900800,0.000004251700680272,0.000000105600000000
4.805555555555555555,0.428571428571388800,0.724489795918320000,0.295918367346931200,2.275510204081574400,0.000004251700680272,0.000000105600000000
4.819444444444444444,0.428571428571388800,0.729591836734646400,0.301020408163257600,2.270408163265248000,0.000004251700680272,0.000000105600000000
4.833333333333333333,0.428571428571388800,0.734693877550972800,0.306122448979584000,2.265306122448921600,0.000004251700680272,0.000000105600000000
4.847222222222222222,0.428571428571388800,0.739795918367299200,0.311224489795910400,2.260204081632595200,0.000004251700680272,0.000000105600000000
4.861111111111111111,0.428571428571388800,0.744897959183625600,0.316326530612236800,2.255102040816268800,0.000004251700680272,0.000000105600000000
4.875000000000000000,0.428571428571388800,0.749999999999952000,0.321428571428563200,2.249999999999942400,0.000004251700680272,0.000000105600000000
4.888888888888888888,0.428571428571388800,0.755102040816278400,0.326530612244889600,2.244897959183616000,0.000004251700680272,0.000000105600000000
4.902777777777777777,0.428571428571388800,0.760204081632604800,0.331632653061216000,2.239795918367289600,0.000004251700680272,0.000000105600000000
4.916666666666666666,0.428571428571388800,0.765306122448931200,0.336734693877542400,2.234693877550963200,0.000004251700680272,0.000000105600000000
4.930555555555555555,0.428571428571388800,0.770408163265257600,0.341836734693868800,2.229591836734636800,0.000004251700680272,0.000000105600000000
4.944444444444444444,0.428571428571388800,0.775510204081584000,0.346938775510195200,2.224489795918310400,0.000004251700680272,0.000000105600000000
4.958333333333333333,0.428571428571388800,0.780612244897910400,0.352040816326521600,2.219387755101984000,0.000004251700680272,0.000000105600000000
4.972222222222222222,0.428571428571388800,0.785714285714236800,0.357142857142848000,2.214285714285657600,0.000004251700680272,0.000000105600000000
4.986111111111111111,0.428571428571388800,0.790816326530563200,0.362244897959174400,2.209183673469331200,0.000004251700680272,0.000000105600000000
5.000000000000000000,0.428571428571388800,0.795918367346889600,0.367346938775500800,2.204081632653004800,0.000004251700680272,0.000000105600000000
5.013888888888888888,0.428571428571388800,0.801020408163216000,0.372448979591827200,2.198979591836678400,0.000004251700680272,0.000000105600000000
5.027777777777777777,0.428571428571388800,0.806122448979542400,0.377551020408153600,2.193877551020352000,0.000004251700680272,0.000000105600000000
5.041666666666666666,0.428571428571388800,0.811224489795868800,0.382653061224480000,2.188775510204025600,0.000004251700680272,0.000000105600000000
5.055555555555555555,0.428571428571388800,0.816326530612195200,0.387755102040806400,2.183673469387699200,0.000004251700680272,0.000000105600000000
5.069444444444444444,0.428571428571388800,0.821428571428521600,0.392857142857132800,2.178571428571372800,0.000004251700680272,0.000000105600000000
5.083333333333333333,0.428571428571388800,0.826530612244848000,0.397959183673459200,2.173469387755046400,0.000004251700680272,0.000000105600000000
5.097222222222222222,0.428571428571388800,0.831632653061174400,0.403061224489785600,2.168367346938720000,0.000004251700680272,0.000000105600000000
5.111111111111111111,0.428571428571388800,0.836734693877500800,0.408163265306112000,2.163265306122393600,0.000004251700680272,0.000000105600000000
5.125000000000000000,0.428571428571388800,0.841836734693827200,0.413265306122438400,2.158163265306067200,0.000004251700680272,0.000000105600000000
5.138888888888888888,0.428571428571388800,0.846938775510153600,0.418367346938764800,2.153061224489740800,0.000004251700680272,0.000000105600000000
5.152777777777777777,0.428571428571388800,0.852040816326480000,0.423469387755091200,2.147959183673414400,0.000004251700680272,0.000000105600000000
5.166666666666666666,0.428571428571388800,0.857142857142806400,0.428571428571417600,2.142857142857088000,0.000004251700680272,0.000000105600000000
5.180555555555555555,0.428571428571388800,0.862244897959132800,0.433673469387744000,2.137755102040761600,0.000004251700680272,0.000000105600000000
5.194444444444444444,0.428571428571388800,0.867346938775459200,0.438775510204070400,2.132653061224435200,0.000004251700680272,0.000000105600000000
5.208333333333333333,0.428571428571388800,0.872448979591785600,0.443877551020396800,2.127551020408108800,0.000004251700680272,0.000000105600000000
5.222222222222222222,0.428571428571388800,0.877551020408112000,0.448979591836723200,2.122448979591782400,0.000004251700680272,0.000000105600000000
5.236111111111111111,0.428571428571388800,0.882653061224438400,0.454081632653049600,2.117346938775456000,0.000004251700680272,0.000000105600000000
5.250000000000000000,0.428571428571388800,0.887755102040764800,0.459183673469376000,2.112244897959129600,0.000004251700680272,0.000000105600000000
5.263888888888888888,0.428571428571388800,0.892857142857091200,0.464285714285702400,2.107142857142803200,0.000004251700680272,0.000000105600000000
5.277777777777777777,0.428571428571388800,0.897959183673417600,0.469387755102028800,2.102040816326476800,0.000004251700680272,0.000000105600000000
5.291666666666666666,0.428571428571388800,0.903061224489744000,0.474489795918355200,2.096938775510150400,0.000004251700680272,0.000000105600000000
5.305555555555555555,0.428571428571388800,0.908163265306070400,0.479591836734681600,2.091836734693824000,0.000004251700680272,0.000000105600000000
5.319444444444444444,0.428571428571388800,0.913265306122396800,0.484693877551008000,2.086734693877497600,0.000004251700680272,0.000000105600000000
5.333333333333333333,0.428571428571388800,0.918367346938723200,0.489795918367334400,2.081632653061171200,0.000004251700680272,0.000000105600000000
5.347222222222222222,0.428571428571388800,0.923469387755049600,0.494897959183660800,2.076530612244844800,0.000004251700680272,0.000000105600000000
5.361111111111111111,0.428571428571388800,0.928571428571376000,0.499999999999987200,2.071428571428518400,0.000004251700680272,0.000000105600000000
5.375000000000000000,0.428571428571388800,0.933673469387702400,0.505102040816313600,2.066326530612192000,0.000004251700680272,0.000000105600000000
5.388888888888888888,0.428571428571388800,0.938775510204028800,0.510204081632640000,2.061224489795865600,0.000004251700680272,0.000000105600000000
5.402777777777777777,0.428571428571388800,0.943877551020355200,0.515306122448966400,2.056122448979539200,0.000004251700680272,0.000000105600000000
5.416666666666666666,0.428571428571388800,0.948979591836681600,0.520408163265292800,2.051020408163212800,0.000004251700680272,0.000000105600000000
5.430555555555555555,0.428571428571388800,0.954081632653008000,0.525510204081619200,2.045918367346886400,0.000004251700680272,0.000000105600000000
5.444444444444444444,0.428571428571388800,0.959183673469334400,0.530612244897945600,2.040816326530560000,0.000004251700680272,0.000000105600000000
5.458333333333333333,0.428571428571388800,0.964285714285660800,0.535714285714272000,2.035714285714233600,0.000004251700680272,0.000000105600000000
5.472222222222222222,0.428571428571388800,0.969387755101987200,0.540816326530598400,2.030612244897907200,0.000004251700680272,0.000000105600000000
5.486111111111111111,0.428571428571388800,0.974489795918313600,0.545918367346924800,2.025510204081580800,0.000004251700680272,0.000000105600000000
5.500000000000000000,0.428571428571388800,0.979591836734640000,0.551020408163251200,2.020408163265254400,0.000004251700680272,0.000000105600000000
5.513888888888888888,0.428571428571388800,0.984693877550966400,0.556122448979577600,2.015306122448928000,0.000004251700680272,0.000000105600000000
5.527777777777777777,0.428571428571388800,0.989795918367292800,0.561224489795904000,2.010204081632601600,0.000004251700680272,0.000000105600000000
5.541666666666666666,0.428571428571388800,0.994897959183619200,0.566326530612230400,2.005102040816275200,0.000004251700680272,0.000000105600000000
5.555555555555555555,0.428571428571388800,0.999999999999945600,0.571428571428556800,1.999999999999948800,0.000004251700680272,0.000000105600000000
5.569444444444444444,0.428571428571388800,1.005102040816272000,0.576530612244883200,1.994897959183622400,0.000004251700680272,0.000000105600000000
5.583333333333333333,0.428571428571388800,1.010204081632598400,0.581632653061209600,1.989795918367296000,0.000004251700680272,0.000000105600000000
5.597222222222222222,0.428571428571388800,1.015306122448924800,0.586734693877536000,1.984693877550969600,0.000004251700680272,0.000000105600000000
5.611111111111111111,0.428571428571388800,1.020408163265251200,0.591836734693862400,1.979591836734643200,0.000004251700680272,0.000000105600000000
5.625000000000000000,0.428571428571388800,1.025510204081577600,0.596938775510188800,1.974489795918316800,0.000004251700680272,0.000000105600000000
5.638888888888888888,0.428571428571388800,1.030612244897904000,0.602040816326515200,1.969387755101990400,0.000004251700680272,0.000000105600000000
5.652777777777777777,0.428571428571388800,1.035714285714230400,0.607142857142841600,1.964285714285664000,0.000004251700680272,0.000000105600000000
5.666666666666666666,0.428571428571388800,1.040816326530556800,0.612244897959168000,1.959183673469337600,0.000004251700680272,0.000000105600000000
5.680555555555555555,0.428571428571388800,1.045918367346883200,0.617346938775494400,1.954081632653011200,0.000004251700680272,0.000000105600000000
5.694444444444444444,0.428571428571388800,1.051020408163209600,0.622448979591820800,1.948979591836684800,0.000004251700680272,0.000000105600000000
5.708333333333333333,0.428571428571388800,1.056122448979536000,0.627551020408147200,1.943877551020358400,0.000004251700680272,0.000000105600000000
5.722222222222222222,0.428571428571388800,1.061224489795862400,0.632653061224473600,1.938775510204032000,0.000004251700680272,0.000000105600000000
5.736111111111111111,0.428571428571388800,1.066326530612188800,0.637755102040800000,1.933673469387705600,0.000004251700680272,0.000000105600000000
5.750000000000000000,0.428571428571388800,1.071428571428515200,0.642857142857126400,1.928571428571379200,0.000004251700680272,0.000000105600000000
5.763888888888888888,0.428571428571388800,1.076530612244841600,0.647959183673452800,1.923469387755052800,0.000004251700680272,0.000000105600000000
5.777777777777777777,0.428571428571388800,1.081632653061168000,0.653061224489779200,1.918367346938726400,0.000004251700680272,0.000000105600000000
5.791666666666666666,0.428571428571388800,1.086734693877494400,0.658163265306105600,1.913265306122400000,0.000004251700680272,0.000000105600000000
5.805555555555555555,0.428571428571388800,1.091836734693820800,0.663265306122432000,1.908163265306073600,0.000004251700680272,0.000000105600000000
5.819444444444444444,0.428571428571388800,1.096938775510147200,0.668367346938758400,1.903061224489747200,0.000004251700680272,0.000000105600000000
5.833333333333333333,0.428571428571388800,1.102040816326473600,0.673469387755084800,1.897959183673420800,0.000004251700680272,0.000000105600000000
5.847222222222222222,0.428571428571388800,1.107142857142800000,0.678571428571411200,1.892857142857094400,0.000004251700680272,0.000000105600000000
5.861111111111111111,0.428571428571388800,1.112244897959126400,0.683673469387737600,1.887755102040768000,0.000004251700680272,0.000000105600000000
5.875000000000000000,0.428571428571388800,1.117346938775452800,0.688775510204064000,1.882653061224441600,0.000004251700680272,0.000000105600000000
5.888888888888888888,0.428571428571388800,1.122448979591779200,0.693877551020390400,1.877551020408115200,0.000004251700680272,0.000000105600000000
5.902777777777777777,0.428571428571388800,1.127551020408105600,0.698979591836716800,1.872448979591788800,0.000004251700680272,0.000000105600000000
5.916666666666666666,0.428571428571388800,1.132653061224432000,0.704081632653043200,1.867346938775462400,0.000004251700680272,0.000000105600000000
5.930555555555555555,0.428571428571388800,1.137755102040758400,0.709183673469369600,1.862244897959136000,0.000004251700680272,0.000000105600000000
5.944444444444444444,0.428571428571388800,1.142857142857084800,0.714285714285696000,1.857142857142809600,0.000004251700680272,0.000000105600000000
5.958333333333333333,0.428571428571388800,1.147959183673411200,0.719387755102022400,1.852040816326483200,0.000004251700680272,0.000000105600000000
5.972222222222222222,0.428571428571388800,1.153061224489737600,0.724489795918348800,1.846938775510156800,0.000004251700680272,0.000000105600000000
5.986111111111111111,0.428571428571388800,1.158163265306064000,0.729591836734675200,1.841836734693830400,0.000004251700680272,0.000000105600000000
6.000000000000000000,0.428571428571388800,1.163265306122390400,0.734693877551001600,1.836734693877504000,0.000004251700680272,0.000000105600000000
6.013888888888888888,0.428571428571388800,1.168367346938716800,0.739795918367328000,1.831632653061177600,0.000004251700680272,0.000000105600000000
6.027777777777777777,0.428571428571388800,1.173469387755043200,0.744897959183654400,1.826530612244851200,0.000004251700680272,0.000000105600000000
6.041666666666666666,0.428571428571388800,1.178571428571369600,0.749999999999980800,1.821428571428524800,0.000004251700680272,0.000000105600000000
6.055555555555555555,0.428571428571388800,1.183673469387696000,0.755102040816307200,1.816326530612198400,0.000004251700680272,0.000000105600000000
6.069444444444444444,0.428571428571388800,1.188775510204022400,0.760204081632633600,1.811224489795872000,0.000004251700680272,0.000000105600000000
6.083333333333333333,0.428571428571388800,1.193877551020348800,0.765306122448960000,1.806122448979545600,0.000004251700680272,0.000000105600000000
6.097222222222222222,0.428571428571388800,1.198979591836675200,0.770408163265286400,1.801020408163219200,0.000004251700680272,0.000000105600000000
6.111111111111111111,0.428571428571388800,1.204081632653001600,0.775510204081612800,1.795918367346892800,0.000004251700680272,0.000000105600000000
6.125000000000000000,0.428571428571388800,1.209183673469328000,0.780612244897939200,1.790816326530566400,0.000004251700680272,0.000000105600000000
6.138888888888888888,0.428571428571388800,1.214285714285654400,0.785714285714265600,1.785714285714240000,0.000004251700680272,0.000000105600000000
6.152777777777777777,0.428571428571388800,1.219387755101980800,0.790816326530592000,1.780612244897913600,0.000004251700680272,0.000000105600000000
6.166666666666666666,0.428571428571388800,1.224489795918307200,0.795918367346918400,1.775510204081587200,0.000004251700680272,0.000000105600000000
6.180555555555555555,0.428571428571388800,1.229591836734633600,0.801020408163244800,1.770408163265260800,0.000004251700680272,0.000000105600000000
6.194444444444444444,0.428571428571388800,1.234693877550960000,0.806122448979571200,1.765306122448934400,0.000004251700680272,0.000000105600000000
6.208333333333333333,0.428571428571388800,1.239795918367286400,0.811224489795897600,1.760204081632608000,0.000004251700680272,0.000000105600000000
6.222222222222222222,0.428571428571388800,1.244897959183612800,0.816326530612224000,1.755102040816281600,0.000004251700680272,0.000000105600000000
6.236111111111111111,0.428571428571388800,1.249999999999939200,0.821428571428550400,1.749999999999955200,0.000004251700680272,0.000000105600000000
6.250000000000000000,0.428571428571388800,1.255102040816265600,0.826530612244876800,1.744897959183628800,0.000004251700680272,0.000000105600000000
6.263888888888888888,0.428571428571388800,1.260204081632592000,0.831632653061203200,1.739795918367302400,0.000004251700680272,0.000000105600000000
6.277777777777777777,0.428571428571388800,1.265306122448918400,0.836734693877529600,1.734693877550976000,0.000004251700680272,0.000000105600000000
6.291666666666666666,0.428571428571388800,1.270408163265244800,0.841836734693856000,1.729591836734649600,0.000004251700680272,0.000000105600000000
6.305555555555555555,0.428571428571388800,1.275510204081571200,0.846938775510182400,1.724489795918323200,0.000004251700680272,0.000000105600000000
6.319444444444444444,0.428571428571388800,1.280612244897897600,0.852040816326508800,1.719387755101996800,0.000004251700680272,0.000000105600000000
6.333333333333333333,0.428571428571388800,1.285714285714224000,0.857142857142835200,1.714285714285670400,0.000004251700680272,0.000000105600000000
6.347222222222222222,0.428571428571388800,1.290816326530550400,0.862244897959161600,1.709183673469344000,0.000004251700680272,0.000000105600000000
6.361111111111111111,0.428571428571388800,1.295918367346876800,0.867346938775488000,1.704081632653017600,0.000004251700680272,0.000000105600000000
6.375000000000000000,0.428571428571388800,1.301020408163203200,0.872448979591814400,1.698979591836691200,0.000004251700680272,0.000000105600000000
6.388888888888888888,0.428571428571388800,1.306122448979529600,0.877551020408140800,1.693877551020364800,0.000004251700680272,0.000000105600000000
6.402777777777777777,0.428571428571388800,1.311224489795856000,0.882653061224467200,1.688775510204038400,0.000004251700680272,0.000000105600000000
6.416666666666666666,0.428571428571388800,1.316326530612182400,0.887755102040793600,1.683673469387712000,0.000004251700680272,0.000000105600000000
6.430555555555555555,0.428571428571388800,1.321428571428508800,0.892857142857120000,1.678571428571385600,0.000004251700680272,0.000000105600000000
6.444444444444444444,0.428571428571388800,1.326530612244835200,0.897959183673446400,1.673469387755059200,0.000004251700680272,0.000000105600000000
6.458333333333333333,0.428571428571388800,1.331632653061161600,0.903061224489772800,1.668367346938732800,0.000004251700680272,0.000000105600000000
6.472222222222222222,0.428571428571388800,1.336734693877488000,0.908163265306099200,1.663265306122406400,0.000004251700680272,0.000000105600000000
6.486111111111111111,0.428571428571388800,1.341836734693814400,0.913265306122425600,1.658163265306080000,0.000004251700680272,0.000000105600000000
6.500000000000000000,0.428571428571388800,1.346938775510140800,0.918367346938752000,1.653061224489753600,0.000004251700680272,0.000000105600000000
6.513888888888888888,0.428571428571388800,1.352040816326467200,0.923469387755078400,1.647959183673427200,0.000004251700680272,0.000000105600000000
6.527777777777777777,0.428571428571388800,1.357142857142793600,0.928571428571404800,1.642857142857100800,0.000004251700680272,0.000000105600000000
6.541666666666666666,0.428571428571388800,1.362244897959120000,0.933673469387731200,1.637755102040774400,0.000004251700680272,0.000000105600000000
6.555555555555555555,0.428571428571388800,1.367346938775446400,0.938775510204057600,1.632653061224448000,0.000004251700680272,0.000000105600000000
6.569444444444444444,0.428571428571388800,1.372448979591772800,0.943877551020384000,1.627551020408121600,0.000004251700680272,0.000000105600000000
6.583333333333333333,0.428571428571388800,1.377551020408099200,0.948979591836710400,1.622448979591795200,0.000004251700680272,0.000000105600000000
6.597222222222222222,0.428571428571388800,1.382653061224425600,0.954081632653036800,1.617346938775468800,0.000004251700680272,0.000000105600000000
6.611111111111111111,0.428571428571388800,1.387755102040752000,0.959183673469363200,1.612244897959142400,0.000004251700680272,0.000000105600000000
6.625000000000000000,0.428571428571388800,1.392857142857078400,0.964285714285689600,1.607142857142816000,0.000004251700680272,0.000000105600000000
6.638888888888888888,0.428571428571388800,1.397959183673404800,0.969387755102016000,1.602040816326489600,0.000004251700680272,0.000000105600000000
6.652777777777777777,0.428571428571388800,1.403061224489731200,0.974489795918342400,1.596938775510163200,0.000004251700680272,0.000000105600000000
6.666666666666666666,0.428571428571388800,1.408163265306057600,0.979591836734668800,1.591836734693836800,0.000004251700680272,0.000000105600000000
6.680555555555555555,0.428571428571388800,1.413265306122384000,0.984693877550995200,1.586734693877510400,0.000004251700680272,0.000000105600000000
6.694444444444444444,0.428571428571388800,1.418367346938710400,0.989795918367321600,1.581632653061184000,0.000004251700680272,0.000000105600000000
6.708333333333333333,0.428571428571388800,1.423469387755036800,0.994897959183648000,1.576530612244857600,0.000004251700680272,0.000000105600000000
6.722222222222222222,0.428571428571388800,1.428571428571363200,0.999999999999974400,1.571428571428531200,0.000004251700680272,0.000000105600000000
6.736111111111111111,0.428571428571388800,1.433673469387689600,1.005102040816300800,1.566326530612204800,0.000004251700680272,0.000000105600000000
6.750000000000000000,0.428571428571388800,1.438775510204016000,1.010204081632627200,1.561224489795878400,0.000004251700680272,0.000000105600000000
6.763888888888888888,0.428571428571388800,1.443877551020342400,1.015306122448953600,1.556122448979552000,0.000004251700680272,0.000000105600000000
6.777777777777777777,0.428571428571388800,1.448979591836668800,1.020408163265280000,1.551020408163225600,0.000004251700680272,0.000000105600000000
6.791666666666666666,0.428571428571388800,1.454081632652995200,1.025510204081606400,1.545918367346899200,0.000004251700680272,0.000000105600000000
6.805555555555555555,0.428571428571388800,1.459183673469321600,1.030612244897932800,1.540816326530572800,0.000004251700680272,0.000000105600000000
6.819444444444444444,0.428571428571388800,1.464285714285648000,1.035714285714259200,1.535714285714246400,0.000004251700680272,0.000000105600000000
6.833333333333333333,0.428571428571388800,1.469387755101974400,1.040816326530585600,1.530612244897920000,0.000004251700680272,0.000000105600000000
6.847222222222222222,0.428571428571388800,1.474489795918300800,1.045918367346912000,1.525510204081593600,0.000004251700680272,0.000000105600000000
6.861111111111111111,0.428571428571388800,1.479591836734627200,1.051020408163238400,1.520408163265267200,0.000004251700680272,0.000000105600000000
6.875000000000000000,0.428571428571388800,1.484693877550953600,1.056122448979564800,1.515306122448940800,0.000004251700680272,0.000000105600000000
6.888888888888888888,0.428571428571388800,1.489795918367280000,1.061224489795891200,1.510204081632614400,0.000004251700680272,0.000000105600000000
6.902777777777777777,0.428571428571388800,1.494897959183606400,1.066326530612217600,1.505102040816288000,0.000004251700680272,0.000000105600000000
6.916666666666666666,0.428571428571388800,1.499999999999932800,1.071428571428544000,1.499999999999961600,0.000004251700680272,0.000000105600000000
6.930555555555555555,0.428571428571388800,1.505102040816259200,1.076530612244870400,1.494897959183635200,0.000004251700680272,0.000000105600000000
6.944444444444444444,0.428571428571388800,1.510204081632585600,1.081632653061196800,1.489795918367308800,0.000004251700680272,0.000000105600000000
6.958333333333333333,0.428571428571388800,1.515306122448912000,1.086734693877523200,1.484693877550982400,0.000004251700680272,0.000000105600000000
6.972222222222222222,0.428571428571388800,1.520408163265238400,1.091836734693849600,1.479591836734656000,0.000004251700680272,0.000000105600000000
6.986111111111111111,0.428571428571388800,1.525510204081564800,1.096938775510176000,1.474489795918329600,0.000004251700680272,0.000000105600000000
7.000000000000000000,0.428571428571388800,1.530612244897891200,1.102040816326502400,1.469387755102003200,0.000004251700680272,0.000000105600000000
7.013888888888888888,0.428571428571388800,1.535714285714217600,1.107142857142828800,1.464285714285676800,0.000004251700680272,0.000000105600000000
7.027777777777777777,0.428571428571388800,1.540816326530544000,1.112244897959155200,1.459183673469350400,0.000004251700680272,0.000000105600000000
7.041666666666666666,0.428571428571388800,1.545918367346870400,1.117346938775481600,1.454081632653024000,0.000004251700680272,0.000000105600000000
7.055555555555555555,0.428571428571388800,1.551020408163196800,1.122448979591808000,1.448979591836697600,0.000004251700680272,0.000000105600000000
7.069444444444444444,0.428571428571388800,1.556122448979523200,1.127551020408134400,1.443877551020371200,0.000004251700680272,0.000000105600000000
7.083333333333333333,0.428571428571388800,1.561224489795849600,1.132653061224460800,1.438775510204044800,0.000004251700680272,0.000000105600000000
7.097222222222222222,0.428571428571388800,1.566326530612176000,1.137755102040787200,1.433673469387718400,0.000004251700680272,0.000000105600000000
7.111111111111111111,0.428571428571388800,1.571428571428502400,1.142857142857113600,1.428571428571392000,0.000004251700680272,0.000000105600000000
7.125000000000000000,0.428571428571388800,1.576530612244828800,1.147959183673440000,1.423469387755065600,0.000004251700680272,0.000000105600000000
7.138888888888888888,0.428571428571388800,1.581632653061155200,1.153061224489766400,1.418367346938739200,0.000004251700680272,0.000000105600000000
7.152777777777777777,0.428571428571388800,1.586734693877481600,1.158163265306092800,1.413265306122412800,0.000004251700680272,0.000000105600000000
7.166666666666666666,0.428571428571388800,1.591836734693808000,1.163265306122419200,1.408163265306086400,0.000004251700680272,0.000000105600000000
7.180555555555555555,0.428571428571388800,1.596938775510134400,1.168367346938745600,1.403061224489760000,0.000004251700680272,0.000000105600000000
7.194444444444444444,0.428571428571388800,1.602040816326460800,1.173469387755072000,1.397959183673433600,0.000004251700680272,0.000000105600000000
7.208333333333333333,0.428571428571388800,1.607142857142787200,1.178571428571398400,1.392857142857107200,0.000004251700680272,0.000000105600000000
7.222222222222222222,0.428571428571388800,1.612244897959113600,1.183673469387724800,1.387755102040780800,0.000004251700680272,0.000000105600000000
7.236111111111111111,0.428571428571388800,1.617346938775440000,1.188775510204051200,1.382653061224454400,0.000004251700680272,0.000000105600000000
7.250000000000000000,0.428571428571388800,1.622448979591766400,1.193877551020377600,1.377551020408128000,0.000004251700680272,0.000000105600000000
7.263888888888888888,0.428571428571388800,1.627551020408092800,1.198979591836704000,1.372448979591801600,0.000004251700680272,0.000000105600000000
7.277777777777777777,0.428571428571388800,1.632653061224419200,1.204081632653030400,1.367346938775475200,0.000004251700680272,0.000000105600000000
7.291666666666666666,0.428571428571388800,1.637755102040745600,1.209183673469356800,1.362244897959148800,0.000004251700680272,0.000000105600000000
7.305555555555555555,0.428571428571388800,1.642857142857072000,1.214285714285683200,1.357142857142822400,0.000004251700680272,0.000000105600000000
7.319444444444444444,0.428571428571388800,1.647959183673398400,1.219387755102009600,1.352040816326496000,0.000004251700680272,0.000000105600000000
7.333333333333333333,0.428571428571388800,1.653061224489724800,1.224489795918336000,1.346938775510169600,0.000004251700680272,0.000000105600000000
7.347222222222222222,0.428571428571388800,1.658163265306051200,1.229591836734662400,1.341836734693843200,0.000004251700680272,0.000000105600000000
7.361111111111111111,0.428571428571388800,1.663265306122377600,1.234693877550988800,1.336734693877516800,0.000004251700680272,0.000000105600000000
7.375000000000000000,0.428571428571388800,1.668367346938704000,1.239795918367315200,1.331632653061190400,0.000004251700680272,0.000000105600000000
7.388888888888888888,0.428571428571388800,1.673469387755030400,1.244897959183641600,1.326530612244864000,0.000004251700680272,0.000000105600000000
7.402777777777777777,0.428571428571388800,1.678571428571356800,1.249999999999968000,1.321428571428537600,0.000004251700680272,0.000000105600000000
7.416666666666666666,0.428571428571388800,1.683673469387683200,1.255102040816294400,1.316326530612211200,0.000004251700680272,0.000000105600000000
7.430555555555555555,0.428571428571388800,1.688775510204009600,1.260204081632620800,1.311224489795884800,0.000004251700680272,0.000000105600000000
7.444444444444444444,0.428571428571388800,1.693877551020336000,1.265306122448947200,1.306122448979558400,0.000004251700680272,0.000000105600000000
7.458333333333333333,0.428571428571388800,1.698979591836662400,1.270408163265273600,1.301020408163232000,0.000004251700680272,0.000000105600000000
7.472222222222222222,0.428571428571388800,1.704081632652988800,1.275510204081600000,1.295918367346905600,0.000004251700680272,0.000000105600000000
7.486111111111111111,0.428571428571388800,1.709183673469315200,1.280612244897926400,1.290816326530579200,0.000004251700680272,0.000000105600000000
7.500000000000000000,0.428571428571388800,1.714285714285641600,1.285714285714252800,1.285714285714252800,0.000004251700680272,0.000000105600000000
7.513888888888888888,0.428571428571388800,1.719387755101968000,1.290816326530579200,1.280612244897926400,0.000004251700680272,0.000000105600000000
7.527777777777777777,0.428571428571388800,1.724489795918294400,1.295918367346905600,1.275510204081600000,0.000004251700680272,0.000000105600000000
7.541666666666666666,0.428571428571388800,1.729591836734620800,1.301020408163232000,1.270408163265273600,0.000004251700680272,0.000000105600000000
7.555555555555555555,0.428571428571388800,1.734693877550947200,1.306122448979558400,1.265306122448947200,0.000004251700680272,0.000000105600000000
7.569444444444444444,0.428571428571388800,1.739795918367273600,1.311224489795884800,1.260204081632620800,0.000004251700680272,0.000000105600000000
7.583333333333333333,0.428571428571388800,1.744897959183600000,1.316326530612211200,1.255102040816294400,0.000004251700680272,0.000000105600000000
7.597222222222222222,0.428571428571388800,1.749999999999926400,1.321428571428537600,1.249999999999968000,0.000004251700680272,0.000000105600000000
7.611111111111111111,0.428571428571388800,1.755102040816252800,1.326530612244864000,1.244897959183641600,0.000004251700680272,0.000000105600000000
7.625000000000000000,0.428571428571388800,1.760204081632579200,1.331632653061190400,1.239795918367315200,0.000004251700680272,0.000000105600000000
7.638888888888888888,0.428571428571388800,1.765306122448905600,1.336734693877516800,1.234693877550988800,0.000004251700680272,0.000000105600000000
7.652777777777777777,0.428571428571388800,1.770408163265232000,1.341836734693843200,1.229591836734662400,0.000004251700680272,0.000000105600000000
7.666666666666666666,0.428571428571388800,1.775510204081558400,1.346938775510169600,1.224489795918336000,0.000004251700680272,0.000000105600000000
7.680555555555555555,0.428571428571388800,1.780612244897884800,1.352040816326496000,1.219387755102009600,0.000004251700680272,0.000000105600000000
7.694444444444444444,0.428571428571388800,1.785714285714211200,1.357142857142822400,1.214285714285683200,0.000004251700680272,0.000000105600000000
7.708333333333333333,0.428571428571388800,1.790816326530537600,1.362244897959148800,1.209183673469356800,0.000004251700680272,0.000000105600000000
7.722222222222222222,0.428571428571388800,1.795918367346864000,1.367346938775475200,1.204081632653030400,0.000004251700680272,0.000000105600000000
7.736111111111111111,0.428571428571388800,1.801020408163190400,1.372448979591801600,1.198979591836704000,0.000004251700680272,0.000000105600000000
7.750000000000000000,0.428571428571388800,1.806122448979516800,1.377551020408128000,1.193877551020377600,0.000004251700680272,0.000000105600000000
7.763888888888888888,0.428571428571388800,1.811224489795843200,1.382653061224454400,1.188775510204051200,0.000004251700680272,0.000000105600000000
7.777777777777777777,0.428571428571388800,1.816326530612169600,1.387755102040780800,1.183673469387724800,0.000004251700680272,0.000000105600000000
7.791666666666666666,0.428571428571388800,1.821428571428496000,1.392857142857107200,1.178571428571398400,0.000004251700680272,0.000000105600000000
7.805555555555555555,0.428571428571388800,1.826530612244822400,1.397959183673433600,1.173469387755072000,0.000004251700680272,0.000000105600000000
7.819444444444444444,0.428571428571388800,1.831632653061148800,1.403061224489760000,1.168367346938745600,0.000004251700680272,0.000000105600000000
7.833333333333333333,0.428571428571388800,1.836734693877475200,1.408163265306086400,1.163265306122419200,0.000004251700680272,0.000000105600000000
7.847222222222222222,0.428571428571388800,1.841836734693801600,1.413265306122412800,1.158163265306092800,0.000004251700680272,0.000000105600000000
7.861111111111111111,0.428571428571388800,1.846938775510128000,1.418367346938739200,1.153061224489766400,0.000004251700680272,0.000000105600000000
7.875000000000000000,0.428571428571388800,1.852040816326454400,1.423469387755065600,1.147959183673440000,0.000004251700680272,0.000000105600000000
7.888888888888888888,0.428571428571388800,1.857142857142780800,1.428571428571392000,1.142857142857113600,0.000004251700680272,0.000000105600000000
7.902777777777777777,0.428571428571388800,1.862244897959107200,1.433673469387718400,1.137755102040787200,0.000004251700680272,0.000000105600000000
7.916666666666666666,0.428571428571388800,1.867346938775433600,1.438775510204044800,1.132653061224460800,0.000004251700680272,0.000000105600000000
7.930555555555555555,0.428571428571388800,1.872448979591760000,1.443877551020371200,1.127551020408134400,0.000004251700680272,0.000000105600000000
7.944444444444444444,0.428571428571388800,1.877551020408086400,1.448979591836697600,1.122448979591808000,0.000004251700680272,0.000000105600000000
7.958333333333333333,0.428571428571388800,1.882653061224412800,1.454081632653024000,1.117346938775481600,0.000004251700680272,0.000000105600000000
7.972222222222222222,0.428571428571388800,1.887755102040739200,1.459183673469350400,1.112244897959155200,0.000004251700680272,0.000000105600000000
7.986111111111111111,0.428571428571388800,1.892857142857065600,1.464285714285676800,1.107142857142828800,0.000004251700680272,0.000000105600000000
8.000000000000000000,0.428571428571388800,1.897959183673392000,1.469387755102003200,1.102040816326502400,0.000004251700680272,0.000000105600000000
8.013888888888888888,0.428571428571388800,1.903061224489718400,1.474489795918329600,1.096938775510176000,0.000004251700680272,0.000000105600000000
8.027777777777777777,0.428571428571388800,1.908163265306044800,1.479591836734656000,1.091836734693849600,0.000004251700680272,0.000000105600000000
8.041666666666666666,0.428571428571388800,1.913265306122371200,1.484693877550982400,1.086734693877523200,0.000004251700680272,0.000000105600000000
8.055555555555555555,0.428571428571388800,1.918367346938697600,1.489795918367308800,1.081632653061196800,0.000004251700680272,0.000000105600000000
8.069444444444444444,0.428571428571388800,1.923469387755024000,1.494897959183635200,1.076530612244870400,0.000004251700680272,0.000000105600000000
8.083333333333333333,0.428571428571388800,1.928571428571350400,1.499999999999961600,1.071428571428544000,0.000004251700680272,0.000000105600000000
8.097222222222222222,0.428571428571388800,1.933673469387676800,1.505102040816288000,1.066326530612217600,0.000004251700680272,0.000000105600000000
8.111111111111111111,0.428571428571388800,1.938775510204003200,1.510204081632614400,1.061224489795891200,0.000004251700680272,0.000000105600000000
8.125000000000000000,0.428571428571388800,1.943877551020329600,1.515306122448940800,1.056122448979564800,0.000004251700680272,0.000000105600000000
8.138888888888888888,0.428571428571388800,1.948979591836656000,1.520408163265267200,1.051020408163238400,0.000004251700680272,0.000000105600000000
8.152777777777777777,0.428571428571388800,1.954081632652982400,1.525510204081593600,1.045918367346912000,0.000004251700680272,0.000000105600000000
8.166666666666666666,0.428571428571388800,1.959183673469308800,1.530612244897920000,1.040816326530585600,0.000004251700680272,0.000000105600000000
8.180555555555555555,0.428571428571388800,1.964285714285635200,1.535714285714246400,1.035714285714259200,0.000004251700680272,0.000000105600000000
8.194444444444444444,0.428571428571388800,1.969387755101961600,1.540816326530572800,1.030612244897932800,0.000004251700680272,0.000000105600000000
8.208333333333333333,0.428571428571388800,1.974489795918288000,1.545918367346899200,1.025510204081606400,0.000004251700680272,0.000000105600000000
8.222222222222222222,0.428571428571388800,1.979591836734614400,1.551020408163225600,1.020408163265280000,0.000004251700680272,0.000000105600000000
8.236111111111111111,0.428571428571388800,1.984693877550940800,1.556122448979552000,1.015306122448953600,0.000004251700680272,0.000000105600000000
8.250000000000000000,0.428571428571388800,1.989795918367267200,1.561224489795878400,1.010204081632627200,0.000004251700680272,0.000000105600000000
8.263888888888888888,0.428571428571388800,1.994897959183593600,1.566326530612204800,1.005102040816300800,0.000004251700680272,0.000000105600000000
8.277777777777777777,0.428571428571388800,1.999999999999920000,1.571428571428531200,0.999999999999974400,0.000004251700680272,0.000000105600000000
8.291666666666666666,0.428571428571388800,2.005102040816246400,1.576530612244857600,0.994897959183648000,0.000004251700680272,0.000000105600000000
8.305555555555555555,0.428571428571388800,2.010204081632572800,1.581632653061184000,0.989795918367321600,0.000004251700680272,0.000000105600000000
8.319444444444444444,0.428571428571388800,2.015306122448899200,1.586734693877510400,0.984693877550995200,0.000004251700680272,0.000000105600000000
8.333333333333333333,0.428571428571388800,2.020408163265225600,1.591836734693836800,0.979591836734668800,0.000004251700680272,0.000000105600000000
8.347222222222222222,0.428571428571388800,2.025510204081552000,1.596938775510163200,0.974489795918342400,0.000004251700680272,0.000000105600000000
8.361111111111111111,0.428571428571388800,2.030612244897878400,1.602040816326489600,0.969387755102016000,0.000004251700680272,0.000000105600000000
8.375000000000000000,0.428571428571388800,2.035714285714204800,1.607142857142816000,0.964285714285689600,0.000004251700680272,0.000000105600000000
8.388888888888888888,0.428571428571388800,2.040816326530531200,1.612244897959142400,0.959183673469363200,0.000004251700680272,0.000000105600000000
8.402777777777777777,0.428571428571388800,2.045918367346857600,1.617346938775468800,0.954081632653036800,0.000004251700680272,0.000000105600000000
8.416666666666666666,0.428571428571388800,2.051020408163184000,1.622448979591795200,0.948979591836710400,0.000004251700680272,0.000000105600000000
8.430555555555555555,0.428571428571388800,2.056122448979510400,1.627551020408121600,0.943877551020384000,0.000004251700680272,0.000000105600000000
8.444444444444444444,0.428571428571388800,2.061224489795836800,1.632653061224448000,0.938775510204057600,0.000004251700680272,0.000000105600000000
8.458333333333333333,0.428571428571388800,2.066326530612163200,1.637755102040774400,0.933673469387731200,0.000004251700680272,0.000000105600000000
8.472222222222222222,0.428571428571388800,2.071428571428489600,1.642857142857100800,0.928571428571404800,0.000004251700680272,0.000000105600000000
8.486111111111111111,0.428571428571388800,2.076530612244816000,1.647959183673427200,0.923469387755078400,0.000004251700680272,0.000000105600000000
8.500000000000000000,0.428571428571388800,2.081632653061142400,1.653061224489753600,0.918367346938752000,0.000004251700680272,0.000000105600000000
8.513888888888888888,0.428571428571388800,2.086734693877468800,1.658163265306080000,0.913265306122425600,0.000004251700680272,0.000000105600000000
8.527777777777777777,0.428571428571388800,2.091836734693795200,1.663265306122406400,0.908163265306099200,0.000004251700680272,0.000000105600000000
8.541666666666666666,0.428571428571388800,2.096938775510121600,1.668367346938732800,0.903061224489772800,0.000004251700680272,0.000000105600000000
8.555555555555555555,0.428571428571388800,2.102040816326448000,1.673469387755059200,0.897959183673446400,0.000004251700680272,0.000000105600000000
8.569444444444444444,0.428571428571388800,2.107142857142774400,1.678571428571385600,0.892857142857120000,0.000004251700680272,0.000000105600000000
8.583333333333333333,0.428571428571388800,2.112244897959100800,1.683673469387712000,0.887755102040793600,0.000004251700680272,0.000000105600000000
8.597222222222222222,0.428571428571388800,2.117346938775427200,1.688775510204038400,0.882653061224467200,0.000004251700680272,0.000000105600000000
8.611111111111111111,0.428571428571388800,2.122448979591753600,1.693877551020364800,0.877551020408140800,0.000004251700680272,0.000000105600000000
8.625000000000000000,0.428571428571388800,2.127551020408080000,1.698979591836691200,0.872448979591814400,0.000004251700680272,0.000000105600000000
8.638888888888888888,0.428571428571388800,2.132653061224406400,1.704081632653017600,0.867346938775488000,0.000004251700680272,0.000000105600000000
8.652777777777777777,0.428571428571388800,2.137755102040732800,1.709183673469344000,0.862244897959161600,0.000004251700680272,0.000000105600000000
8.666666666666666666,0.428571428571388800,2.142857142857059200,1.714285714285670400,0.857142857142835200,0.000004251700680272,0.000000105600000000
8.680555555555555555,0.428571428571388800,2.147959183673385600,1.719387755101996800,0.852040816326508800,0.000004251700680272,0.000000105600000000
8.694444444444444444,0.428571428571388800,2.153061224489712000,1.724489795918323200,0.846938775510182400,0.000004251700680272,0.000000105600000000
8.708333333333333333,0.428571428571388800,2.158163265306038400,1.729591836734649600,0.841836734693856000,0.000004251700680272,0.000000105600000000
8.722222222222222222,0.428571428571388800,2.163265306122364800,1.734693877550976000,0.836734693877529600,0.000004251700680272,0.000000105600000000
8.736111111111111111,0.428571428571388800,2.168367346938691200,1.739795918367302400,0.831632653061203200,0.000004251700680272,0.000000105600000000
8.750000000000000000,0.428571428571388800,2.173469387755017600,1.744897959183628800,0.826530612244876800,0.000004251700680272,0.000000105600000000
8.763888888888888888,0.428571428571388800,2.178571428571344000,1.749999999999955200,0.821428571428550400,0.000004251700680272,0.000000105600000000
8.777777777777777777,0.428571428571388800,2.183673469387670400,1.755102040816281600,0.816326530612224000,0.000004251700680272,0.000000105600000000
8.791666666666666666,0.428571428571388800,2.188775510203996800,1.760204081632608000,0.811224489795897600,0.000004251700680272,0.000000105600000000
8.805555555555555555,0.428571428571388800,2.193877551020323200,1.765306122448934400,0.806122448979571200,0.000004251700680272,0.000000105600000000
8.819444444444444444,0.428571428571388800,2.198979591836649600,1.770408163265260800,0.801020408163244800,0.000004251700680272,0.000000105600000000
8.833333333333333333,0.428571428571388800,2.204081632652976000,1.775510204081587200,0.795918367346918400,0.000004251700680272,0.000000105600000000
8.847222222222222222,0.428571428571388800,2.209183673469302400,1.780612244897913600,0.790816326530592000,0.000004251700680272,0.000000105600000000
8.861111111111111111,0.428571428571388800,2.214285714285628800,1.785714285714240000,0.785714285714265600,0.000004251700680272,0.000000105600000000
8.875000000000000000,0.428571428571388800,2.219387755101955200,1.790816326530566400,0.780612244897939200,0.000004251700680272,0.000000105600000000
8.888888888888888888,0.428571428571388800,2.224489795918281600,1.795918367346892800,0.775510204081612800,0.000004251700680272,0.000000105600000000
8.902777777777777777,0.428571428571388800,2.229591836734608000,1.801020408163219200,0.770408163265286400,0.000004251700680272,0.000000105600000000
8.916666666666666666,0.428571428571388800,2.234693877550934400,1.806122448979545600,0.765306122448960000,0.000004251700680272,0.000000105600000000
8.930555555555555555,0.428571428571388800,2.239795918367260800,1.811224489795872000,0.760204081632633600,0.000004251700680272,0.000000105600000000
8.944444444444444444,0.428571428571388800,2.244897959183587200,1.816326530612198400,0.755102040816307200,0.000004251700680272,0.000000105600000000
8.958333333333333333,0.428571428571388800,2.249999999999913600,1.821428571428524800,0.749999999999980800,0.000004251700680272,0.000000105600000000
8.972222222222222222,0.428571428571388800,2.255102040816240000,1.826530612244851200,0.744897959183654400,0.000004251700680272,0.000000105600000000
8.986111111111111111,0.428571428571388800,2.260204081632566400,1.831632653061177600,0.739795918367328000,0.000004251700680272,0.000000105600000000
9.000000000000000000,0.428571428571388800,2.265306122448892800,1.836734693877504000,0.734693877551001600,0.000004251700680272,0.000000105600000000
9.013888888888888888,0.428571428571388800,2.270408163265219200,1.841836734693830400,0.729591836734675200,0.000004251700680272,0.000000105600000000
9.027777777777777777,0.428571428571388800,2.275510204081545600,1.846938775510156800,0.724489795918348800,0.000004251700680272,0.000000105600000000
9.041666666666666666,0.428571428571388800,2.280612244897872000,1.852040816326483200,0.719387755102022400,0.000004251700680272,0.000000105600000000
9.055555555555555555,0.428571428571388800,2.285714285714198400,1.857142857142809600,0.714285714285696000,0.000004251700680272,0.000000105600000000
9.069444444444444444,0.428571428571388800,2.290816326530524800,1.862244897959136000,0.709183673469369600,0.000004251700680272,0.000000105600000000
9.083333333333333333,0.428571428571388800,2.295918367346851200,1.867346938775462400,0.704081632653043200,0.000004251700680272,0.000000105600000000
9.097222222222222222,0.428571428571388800,2.301020408163177600,1.872448979591788800,0.698979591836716800,0.000004251700680272,0.000000105600000000
9.111111111111111111,0.428571428571388800,2.306122448979504000,1.877551020408115200,0.693877551020390400,0.000004251700680272,0.000000105600000000
9.125000000000000000,0.428571428571388800,2.311224489795830400,1.882653061224441600,0.688775510204064000,0.000004251700680272,0.000000105600000000
9.138888888888888888,0.428571428571388800,2.316326530612156800,1.887755102040768000,0.683673469387737600,0.000004251700680272,0.000000105600000000
9.152777777777777777,0.428571428571388800,2.321428571428483200,1.892857142857094400,0.678571428571411200,0.000004251700680272,0.000000105600000000
9.166666666666666666,0.428571428571388800,2.326530612244809600,1.897959183673420800,0.673469387755084800,0.000004251700680272,0.000000105600000000
9.180555555555555555,0.428571428571388800,2.331632653061136000,1.903061224489747200,0.668367346938758400,0.000004251700680272,0.000000105600000000
9.194444444444444444,0.428571428571388800,2.336734693877462400,1.908163265306073600,0.663265306122432000,0.000004251700680272,0.000000105600000000
9.208333333333333333,0.428571428571388800,2.341836734693788800,1.913265306122400000,0.658163265306105600,0.000004251700680272,0.000000105600000000
9.222222222222222222,0.428571428571388800,2.346938775510115200,1.918367346938726400,0.653061224489779200,0.000004251700680272,0.000000105600000000
9.236111111111111111,0.428571428571388800,2.352040816326441600,1.923469387755052800,0.647959183673452800,0.000004251700680272,0.000000105600000000
9.250000000000000000,0.428571428571388800,2.357142857142768000,1.928571428571379200,0.642857142857126400,0.000004251700680272,0.000000105600000000
9.263888888888888888,0.428571428571388800,2.362244897959094400,1.933673469387705600,0.637755102040800000,0.000004251700680272,0.000000105600000000
9.277777777777777777,0.428571428571388800,2.367346938775420800,1.938775510204032000,0.632653061224473600,0.000004251700680272,0.000000105600000000
9.291666666666666666,0.428571428571388800,2.372448979591747200,1.943877551020358400,0.627551020408147200,0.000004251700680272,0.000000105600000000
9.305555555555555555,0.428571428571388800,2.377551020408073600,1.948979591836684800,0.622448979591820800,0.000004251700680272,0.000000105600000000
9.319444444444444444,0.428571428571388800,2.382653061224400000,1.954081632653011200,0.617346938775494400,0.000004251700680272,0.000000105600000000
9.333333333333333333,0.428571428571388800,2.387755102040726400,1.959183673469337600,0.612244897959168000,0.000004251700680272,0.000000105600000000
9.347222222222222222,0.428571428571388800,2.392857142857052800,1.964285714285664000,0.607142857142841600,0.000004251700680272,0.000000105600000000
9.361111111111111111,0.428571428571388800,2.397959183673379200,1.969387755101990400,0.602040816326515200,0.000004251700680272,0.000000105600000000
9.375000000000000000,0.428571428571388800,2.403061224489705600,1.974489795918316800,0.596938775510188800,0.000004251700680272,0.000000105600000000
9.388888888888888888,0.428571428571388800,2.408163265306032000,1.979591836734643200,0.591836734693862400,0.000004251700680272,0.000000105600000000
9.402777777777777777,0.428571428571388800,2.413265306122358400,1.984693877550969600,0.586734693877536000,0.000004251700680272,0.000000105600000000
9.416666666666666666,0.428571428571388800,2.418367346938684800,1.989795918367296000,0.581632653061209600,0.000004251700680272,0.000000105600000000
9.430555555555555555,0.428571428571388800,2.423469387755011200,1.994897959183622400,0.576530612244883200,0.000004251700680272,0.000000105600000000
9.444444444444444444,0.428571428571388800,2.428571428571337600,1.999999999999948800,0.571428571428556800,0.000004251700680272,0.000000105600000000
9.458333333333333333,0.428571428571388800,2.433673469387664000,2.005102040816275200,0.566326530612230400,0.000004251700680272,0.000000105600000000
9.472222222222222222,0.428571428571388800,2.438775510203990400,2.010204081632601600,0.561224489795904000,0.000004251700680272,0.000000105600000000
9.486111111111111111,0.428571428571388800,2.443877551020316800,2.015306122448928000,0.556122448979577600,0.000004251700680272,0.000000105600000000
9.500000000000000000,0.428571428571388800,2.448979591836643200,2.020408163265254400,0.551020408163251200,0.000004251700680272,0.000000105600000000
9.513888888888888888,0.428571428571388800,2.454081632652969600,2.025510204081580800,0.545918367346924800,0.000004251700680272,0.000000105600000000
9.527777777777777777,0.428571428571388800,2.459183673469296000,2.030612244897907200,0.540816326530598400,0.000004251700680272,0.000000105600000000
9.541666666666666666,0.428571428571388800,2.464285714285622400,2.035714285714233600,0.535714285714272000,0.000004251700680272,0.000000105600000000
9.555555555555555555,0.428571428571388800,2.469387755101948800,2.040816326530560000,0.530612244897945600,0.000004251700680272,0.000000105600000000
9.569444444444444444,0.428571428571388800,2.474489795918275200,2.045918367346886400,0.525510204081619200,0.000004251700680272,0.000000105600000000
9.583333333333333333,0.428571428571388800,2.479591836734601600,2.051020408163212800,0.520408163265292800,0.000004251700680272,0.000000105600000000
9.597222222222222222,0.428571428571388800,2.484693877550928000,2.056122448979539200,0.515306122448966400,0.000004251700680272,0.000000105600000000
9.611111111111111111,0.428571428571388800,2.489795918367254400,2.061224489795865600,0.510204081632640000,0.000004251700680272,0.000000105600000000
9.625000000000000000,0.428571428571388800,2.494897959183580800,2.066326530612192000,0.505102040816313600,0.000004251700680272,0.000000105600000000
9.638888888888888888,0.428571428571388800,2.499999999999907200,2.071428571428518400,0.499999999999987200,0.000004251700680272,0.000000105600000000
9.652777777777777777,0.428571428571388800,2.505102040816233600,2.076530612244844800,0.494897959183660800,0.000004251700680272,0.000000105600000000
9.666666666666666666,0.428571428571388800,2.510204081632560000,2.081632653061171200,0.489795918367334400,0.000004251700680272,0.000000105600000000
9.680555555555555555,0.428571428571388800,2.515306122448886400,2.086734693877497600,0.484693877551008000,0.000004251700680272,0.000000105600000000
9.694444444444444444,0.428571428571388800,2.520408163265212800,2.091836734693824000,0.479591836734681600,0.000004251700680272,0.000000105600000000
9.708333333333333333,0.428571428571388800,2.525510204081539200,2.096938775510150400,0.474489795918355200,0.000004251700680272,0.000000105600000000
9.722222222222222222,0.428571428571388800,2.530612244897865600,2.102040816326476800,0.469387755102028800,0.000004251700680272,0.000000105600000000
9.736111111111111111,0.428571428571388800,2.535714285714192000,2.107142857142803200,0.464285714285702400,0.000004251700680272,0.000000105600000000
9.750000000000000000,0.428571428571388800,2.540816326530518400,2.112244897959129600,0.459183673469376000,0.000004251700680272,0.000000105600000000
9.763888888888888888,0.428571428571388800,2.545918367346844800,2.117346938775456000,0.454081632653049600,0.000004251700680272,0.000000105600000000
9.777777777777777777,0.428571428571388800,2.551020408163171200,2.122448979591782400,0.448979591836723200,0.000004251700680272,0.000000105600000000
9.791666666666666666,0.428571428571388800,2.556122448979497600,2.127551020408108800,0.443877551020396800,0.000004251700680272,0.000000105600000000
9.805555555555555555,0.428571428571388800,2.561224489795824000,2.132653061224435200,0.438775510204070400,0.000004251700680272,0.000000105600000000
9.819444444444444444,0.428571428571388800,2.566326530612150400,2.137755102040761600,0.433673469387744000,0.000004251700680272,0.000000105600000000
9.833333333333333333,0.428571428571388800,2.571428571428476800,2.142857142857088000,0.428571428571417600,0.000004251700680272,0.000000105600000000
9.847222222222222222,0.428571428571388800,2.576530612244803200,2.147959183673414400,0.423469387755091200,0.000004251700680272,0.000000105600000000
9.861111111111111111,0.428571428571388800,2.581632653061129600,2.153061224489740800,0.418367346938764800,0.000004251700680272,0.000000105600000000
9.875000000000000000,0.428571428571388800,2.586734693877456000,2.158163265306067200,0.413265306122438400,0.000004251700680272,0.000000105600000000
9.888888888888888888,0.428571428571388800,2.591836734693782400,2.163265306122393600,0.408163265306112000,0.000004251700680272,0.000000105600000000
9.902777777777777777,0.428571428571388800,2.596938775510108800,2.168367346938720000,0.403061224489785600,0.000004251700680272,0.000000105600000000
9.916666666666666666,0.428571428571388800,2.602040816326435200,2.173469387755046400,0.397959183673459200,0.000004251700680272,0.000000105600000000
9.930555555555555555,0.428571428571388800,2.607142857142761600,2.178571428571372800,0.392857142857132800,0.000004251700680272,0.000000105600000000
9.944444444444444444,0.428571428571388800,2.612244897959088000,2.183673469387699200,0.387755102040806400,0.000004251700680272,0.000000105600000000
9.958333333333333333,0.428571428571388800,2.617346938775414400,2.188775510204025600,0.382653061224480000,0.000004251700680272,0.000000105600000000
9.972222222222222222,0.428571428571388800,2.622448979591740800,2.193877551020352000,0.377551020408153600,0.000004251700680272,0.000000105600000000
9.986111111111111111,0.428571428571388800,2.627551020408067200,2.198979591836678400,0.372448979591827200,0.000004251700680272,0.000000105600000000
10.000000000000000000,0.428571428571388800,2.632653061224393600,2.204081632653004800,0.367346938775500800,0.000004251700680272,0.000000105600000000
10.013888888888888888,0.428571428571388800,2.637755102040720000,2.209183673469331200,0.362244897959174400,0.000004251700680272,0.000000105600000000
10.027777777777777777,0.428571428571388800,2.642857142857046400,2.214285714285657600,0.357142857142848000,0.000004251700680272,0.000000105600000000
10.041666666666666666,0.428571428571388800,2.647959183673372800,2.219387755101984000,0.352040816326521600,0.000004251700680272,0.000000105600000000
10.055555555555555555,0.428571428571388800,2.653061224489699200,2.224489795918310400,0.346938775510195200,0.000004251700680272,0.000000105600000000
10.069444444444444444,0.428571428571388800,2.658163265306025600,2.229591836734636800,0.341836734693868800,0.000004251700680272,0.000000105600000000
10.083333333333333333,0.428571428571388800,2.663265306122352000,2.234693877550963200,0.336734693877542400,0.000004251700680272,0.000000105600000000
10.097222222222222222,0.428571428571388800,2.668367346938678400,2.239795918367289600,0.331632653061216000,0.000004251700680272,0.000000105600000000
10.111111111111111111,0.428571428571388800,2.673469387755004800,2.244897959183616000,0.326530612244889600,0.000004251700680272,0.000000105600000000
10.125000000000000000,0.428571428571388800,2.678571428571331200,2.249999999999942400,0.321428571428563200,0.000004251700680272,0.000000105600000000
10.138888888888888888,0.428571428571388800,2.683673469387657600,2.255102040816268800,0.316326530612236800,0.000004251700680272,0.000000105600000000
10.152777777777777777,0.428571428571388800,2.688775510203984000,2.260204081632595200,0.311224489795910400,0.000004251700680272,0.000000105600000000
10.166666666666666666,0.428571428571388800,2.693877551020310400,2.265306122448921600,0.306122448979584000,0.000004251700680272,0.000000105600000000
10.180555555555555555,0.428571428571388800,2.698979591836636800,2.270408163265248000,0.301020408163257600,0.000004251700680272,0.000000105600000000
10.194444444444444444,0.428571428571388800,2.704081632652963200,2.275510204081574400,0.295918367346931200,0.000004251700680272,0.000000105600000000
10.208333333333333333,0.428571428571388800,2.709183673469289600,2.280612244897900800,0.290816326530604800,0.000004251700680272,0.000000105600000000
10.222222222222222222,0.428571428571388800,2.714285714285616000,2.285714285714227200,0.285714285714278400,0.000004251700680272,0.000000105600000000
10.236111111111111111,0.428571428571388800,2.719387755101942400,2.290816326530553600,0.280612244897952000,0.000004251700680272,0.000000105600000000
10.250000000000000000,0.428571428571388800,2.724489795918268800,2.295918367346880000,0.275510204081625600,0.000004251700680272,0.000000105600000000
10.263888888888888888,0.428571428571388800,2.729591836734595200,2.301020408163206400,0.270408163265299200,0.000004251700680272,0.000000105600000000
10.277777777777777777,0.428571428571388800,2.734693877550921600,2.306122448979532800,0.265306122448972800,0.000004251700680272,0.000000105600000000
10.291666666666666666,0.428571428571388800,2.739795918367248000,2.311224489795859200,0.260204081632646400,0.000004251700680272,0.000000105600000000
10.305555555555555555,0.428571428571388800,2.744897959183574400,2.316326530612185600,0.255102040816320000,0.000004251700680272,0.000000105600000000
10.319444444444444444,0.428571428571388800,2.749999999999900800,2.321428571428512000,0.249999999999993600,0.000004251700680272,0.000000105600000000
10.333333333333333333,0.428571428571388800,2.755102040816227200,2.326530612244838400,0.244897959183667200,0.000004251700680272,0.000000105600000000
10.347222222222222222,0.428571428571388800,2.760204081632553600,2.331632653061164800,0.239795918367340800,0.000004251700680272,0.000000105600000000
10.361111111111111111,0.428571428571388800,2.765306122448880000,2.336734693877491200,0.234693877551014400,0.000004251700680272,0.000000105600000000
10.375000000000000000,0.428571428571388800,2.770408163265206400,2.341836734693817600,0.229591836734688000,0.000004251700680272,0.000000105600000000
10.388888888888888888,0.428571428571388800,2.775510204081532800,2.346938775510144000,0.224489795918361600,0.000004251700680272,0.000000105600000000
10.402777777777777777,0.428571428571388800,2.780612244897859200,2.352040816326470400,0.219387755102035200,0.000004251700680272,0.000000105600000000
10.416666666666666666,0.428571428571388800,2.785714285714185600,2.357142857142796800,0.214285714285708800,0.000004251700680272,0.000000105600000000
10.430555555555555555,0.428571428571388800,2.790816326530512000,2.362244897959123200,0.209183673469382400,0.000004251700680272,0.000000105600000000
10.444444444444444444,0.428571428571388800,2.795918367346838400,2.367346938775449600,0.204081632653056000,0.000004251700680272,0.000000105600000000
10.458333333333333333,0.428571428571388800,2.801020408163164800,2.372448979591776000,0.198979591836729600,0.000004251700680272,0.000000105600000000
10.472222222222222222,0.428571428571388800,2.806122448979491200,2.377551020408102400,0.193877551020403200,0.000004251700680272,0.000000105600000000
10.486111111111111111,0.428571428571388800,2.811224489795817600,2.382653061224428800,0.188775510204076800,0.000004251700680272,0.000000105600000000
10.500000000000000000,0.428571428571388800,2.816326530612144000,2.387755102040755200,0.183673469387750400,0.000004251700680272,0.000000105600000000
10.513888888888888888,0.428571428571388800,2.821428571428470400,2.392857142857081600,0.178571428571424000,0.000004251700680272,0.000000105600000000
10.527777777777777777,0.428571428571388800,2.826530612244796800,2.397959183673408000,0.173469387755097600,0.000004251700680272,0.000000105600000000
10.541666666666666666,0.428571428571388800,2.831632653061123200,2.403061224489734400,0.168367346938771200,0.000004251700680272,0.000000105600000000
10.555555555555555555,0.428571428571388800,2.836734693877449600,2.408163265306060800,0.163265306122444800,0.000004251700680272,0.000000105600000000
10.569444444444444444,0.428571428571388800,2.841836734693776000,2.413265306122387200,0.158163265306118400,0.000004251700680272,0.000000105600000000
10.583333333333333333,0.428571428571388800,2.846938775510102400,2.418367346938713600,0.153061224489792000,0.000004251700680272,0.000000105600000000
10.597222222222222222,0.428571428571388800,2.852040816326428800,2.423469387755040000,0.147959183673465600,0.000004251700680272,0.000000105600000000
10.611111111111111111,0.428571428571388800,2.857142857142755200,2.428571428571366400,0.142857142857139200,0.000004251700680272,0.000000105600000000
10.625000000000000000,0.428571428571388800,2.862244897959081600,2.433673469387692800,0.137755102040812800,0.000004251700680272,0.000000105600000000
10.638888888888888888,0.428571428571388800,2.867346938775408000,2.438775510204019200,0.132653061224486400,0.000004251700680272,0.000000105600000000
10.652777777777777777,0.428571428571388800,2.872448979591734400,2.443877551020345600,0.127551020408160000,0.000004251700680272,0.000000105600000000
10.666666666666666666,0.428571428571388800,2.877551020408060800,2.448979591836672000,0.122448979591833600,0.000004251700680272,0.000000105600000000
10.680555555555555555,0.428571428571388800,2.882653061224387200,2.454081632652998400,0.117346938775507200,0.000004251700680272,0.000000105600000000
10.694444444444444444,0.428571428571388800,2.887755102040713600,2.459183673469324800,0.112244897959180800,0.000004251700680272,0.000000105600000000
10.708333333333333333,0.428571428571388800,2.892857142857040000,2.464285714285651200,0.107142857142854400,0.000004251700680272,0.000000105600000000
10.722222222222222222,0.428571428571388800,2.897959183673366400,2.469387755101977600,0.102040816326528000,0.000004251700680272,0.000000105600000000
10.736111111111111111,0.428571428571388800,2.903061224489692800,2.474489795918304000,0.096938775510201600,0.000004251700680272,0.000000105600000000
10.750000000000000000,0.428571428571388800,2.908163265306019200,2.479591836734630400,0.091836734693875200,0.000004251700680272,0.000000105600000000
10.763888888888888888,0.428571428571388800,2.913265306122345600,2.484693877550956800,0.086734693877548800,0.000004251700680272,0.000000105600000000
10.777777777777777777,0.428571428571388800,2.918367346938672000,2.489795918367283200,0.081632653061222400,0.000004251700680272,0.000000105600000000
10.791666666666666666,0.428571428571388800,2.923469387754998400,2.494897959183609600,0.076530612244896000,0.000004251700680272,0.000000105600000000
10.805555555555555555,0.428571428571388800,2.928571428571324800,2.499999999999936000,0.071428571428569600,0.000004251700680272,0.000000105600000000
10.819444444444444444,0.428571428571388800,2.933673469387651200,2.505102040816262400,0.066326530612243200,0.000004251700680272,0.000000105600000000
10.833333333333333333,0.428571428571388800,2.938775510203977600,2.510204081632588800,0.061224489795916800,0.000004251700680272,0.000000105600000000
10.847222222222222222,0.428571428571388800,2.943877551020304000,2.515306122448915200,0.056122448979590400,0.000004251700680272,0.000000105600000000
10.861111111111111111,0.428571428571388800,2.948979591836630400,2.520408163265241600,0.051020408163264000,0.000004251700680272,0.000000105600000000
10.875000000000000000,0.428571428571388800,2.954081632652956800,2.525510204081568000,0.045918367346937600,0.000004251700680272,0.000000105600000000
10.888888888888888888,0.428571428571388800,2.959183673469283200,2.530612244897894400,0.040816326530611200,0.000004251700680272,0.000000105600000000
10.902777777777777777,0.428571428571388800,2.964285714285609600,2.535714285714220800,0.035714285714284800,0.000004251700680272,0.000000105600000000
10.916666666666666666,0.428571428571388800,2.969387755101936000,2.540816326530547200,0.030612244897958400,0.000004251700680272,0.000000105600000000
10.930555555555555555,0.428571428571388800,2.974489795918262400,2.545918367346873600,0.025510204081632000,0.000004251700680272,0.000000105600000000
10.944444444444444444,0.428571428571388800,2.979591836734588800,2.551020408163200000,0.020408163265305600,0.000004251700680272,0.000000105600000000
10.958333333333333333,0.428571428571388800,2.984693877550915200,2.556122448979526400,0.015306122448979200,0.000004251700680272,0.000000105600000000
10.972222222222222222,0.428571428571388800,2.989795918367241600,2.561224489795852800,0.010204081632652800,0.000004251700680272,0.000000105600000000
10.986111111111111111,0.428571428571388800,2.994897959183568000,2.566326530612179200,0.005102040816326400,0.000004251700680272,0.000000105600000000
11.000000000000000000,0.428571428571388800,2.999999999999894400,2.571428571428505600,0.000000000000000000,0.000004251700680272,0.000000105600000000
11.013888888888888888,0.428571428571388800,2.999999999999894400,2.571428571428505600,0.000000000000000000,0.000004251700680272,0.000000105600000000
11.027777777777777777,0.428571428571388800,2.999999999999894400,2.571428571428505600,0.000000000000000000,0.000004251700680272,0.000000105600000000
11.041666666666666666,0.428571428571388800,2.999999999999894400,2.571428571428505600,0.000000000000000000,0.000004251700680272,0.000000105600000000
11.055555555555555555,0.428571428571388800,2.999999999999894400,2.571428571428505600,0.000000000000000000,0.000004251700680272,0.000000105600000000
11.069444444444444444,0.428571428571388800,2.999999999999894400,2.571428571428505600,0.000000000000000000,0.000004251700680272,0.000000105600000000
11.083333333333333333,0.428571428571388800,2.999999999999894400,2.571428571428505600,0.000000000000000000,0.000004251700680272,0.000000105600000000
11.097222222222222222,0.428571428571388800,2.999999999999894400,2.571428571428505600,0.000000000000000000,0.000004251700680272,0.000000105600000000
11.111111111111111111,0.428571428571388800,2.999999999999894400,2.571428571428505600,0.000000000000000000,0.000004251700680272,0.000000105600000000
11.125000000000000000,0.428571428571388800,2.999999999999894400,2.571428571428505600,0.000000000000000000,0.000004251700680272,0.000000105600000000
11.138888888888888888,0.428571428571388800,2.999999999999894400,2.571428571428505600,0.000000000000000000,0.000004251700680272,0.000000105600000000
11.152777777777777777,0.428571428571388800,2.999999999999894400,2.571428571428505600,0.000000000000000000,0.000004251700680272,0.000000105600000000
11.166666666666666666,0.428571428571388800,2.999999999999894400,2.571428571428505600,0.000000000000000000,0.000004251700680272,0.000000105600000000
11.180555555555555555,0.428571428571388800,2.999999999999894400,2.571428571428505600,0.000000000000000000,0.000004251700680272,0.000000105600000000
11.194444444444444444,0.428571428571388800,2.999999999999894400,2.571428571428505600,0.000000000000000000,0.000004251700680272,0.000000105600000000
11.208333333333333333,0.428571428571388800,2.999999999999894400,2.571428571428505600,0.000000000000000000,0.000004251700680272,0.000000105600000000
11.222222222222222222,0.428571428571388800,2.999999999999894400,2.571428571428505600,0.000000000000000000,0.000004251700680272,0.000000105600000000
11.236111111111111111,0.428571428571388800,2.999999999999894400,2.571428571428505600,0.000000000000000000,0.000004251700680272,0.000000105600000000
11.250000000000000000,0.428571428571388800,2.999999999999894400,2.571428571428505600,0.000000000000000000,0.000004251700680272,0.000000105600000000
11.263888888888888888,0.428571428571388800,2.999999999999894400,2.571428571428505600,0.000000000000000000,0.000004251700680272,0.000000105600000000
11.277777777777777777,0.428571428571388800,2.999999999999894400,2.571428571428505600,0.000000000000000000,0.000004251700680272,0.000000105600000000
11.291666666666666666,0.428571428571388800,2.999999999999894400,2.571428571428505600,0.000000000000000000,0.000004251700680272,0.000000105600000000
11.305555555555555555,0.428571428571388800,2.999999999999894400,2.571428571428505600,0.000000000000000000,0.000004251700680272,0.000000105600000000
11.319444444444444444,0.428571428571388800,2.999999999999894400,2.571428571428505600,0.000000000000000000,0.000004251700680272,0.000000105600000000
11.333333333333333333,0.428571428571388800,2.999999999999894400,2.571428571428505600,0.000000000000000000,0.000004251700680272,0.000000105600000000
11.347222222222222222,0.428571428571388800,2.999999999999894400,2.571428571428505600,0.000000000000000000,0.000004251700680272,0.000000105600000000
11.361111111111111111,0.428571428571388800,2.999999999999894400,2.571428571428505600,0.000000000000000000,0.000004251700680272,0.000000105600000000
11.375000000000000000,0.428571428571388800,2.999999999999894400,2.571428571428505600,0.000000000000000000,0.000004251700680272,0.000000105600000000
11.388888888888888888,0.428571428571388800,2.999999999999894400,2.571428571428505600,0.000000000000000000,0.000004251700680272,0.000000105600000000
11.402777777777777777,0.428571428571388800,2.999999999999894400,2.571428571428505600,0.000000000000000000,0.000004251700680272,0.000000105600000000
11.416666666666666666,0.428571428571388800,2.999999999999894400,2.571428571428505600,0.000000000000000000,0.000004251700680272,0.000000105600000000
11.430555555555555555,0.428571428571388800,2.999999999999894400,2.571428571428505600,0.000000000000000000,0.000004251700680272,0.000000105600000000
11.444444444444444444,0.428571428571388800,2.999999999999894400,2.571428571428505600,0.000000000000000000,0.000004251700680272,0.000000105600000000
11.458333333333333333,0.428571428571388800,2.999999999999894400,2.571428571428505600,0.000000000000000000,0.000004251700680272,0.000000105600000000
11.472222222222222222,0.428571428571388800,2.999999999999894400,2.571428571428505600,0.000000000000000000,0.000004251700680272,0.000000105600000000
11.486111111111111111,0.428571428571388800,2.999999999999894400,2.571428571428505600,0.000000000000000000,0.000004251700680272,0.000000105600000000
11.500000000000000000,0.428571428571388800,2.999999999999894400,2.571428571428505600,0.000000000000000000,0.000004251700680272,0.000000105600000000
11.513888888888888888,0.428571428571388800,2.999999999999894400,2.571428571428505600,0.000000000000000000,0.000004251700680272,0.000000105600000000
11.527777777777777777,0.428571428571388800,2.999999999999894400,2.571428571428505600,0.000000000000000000,0.000004251700680272,0.000000105600000000
11.541666666666666666,0.428571428571388800,2.999999999999894400,2.571428571428505600,0.000000000000000000,0.000004251700680272,0.000000105600000000
11.555555555555555555,0.428571428571388800,2.999999999999894400,2.571428571428505600,0.000000000000000000,0.000004251700680272,0.000000105600000000
11.569444444444444444,0.428571428571388800,2.999999999999894400,2.571428571428505600,0.000000000000000000,0.000004251700680272,0.000000105600000000
11.583333333333333333,0.428571428571388800,2.999999999999894400,2.571428571428505600,0.000000000000000000,0.000004251700680272,0.000000105600000000
11.597222222222222222,0.428571428571388800,2.999999999999894400,2.571428571428505600,0.000000000000000000,0.000004251700680272,0.000000105600000000
11.611111111111111111,0.428571428571388800,2.999999999999894400,2.571428571428505600,0.000000000000000000,0.000004251700680272,0.000000105600000000
11.625000000000000000,0.428571428571388800,2.999999999999894400,2.571428571428505600,0.000000000000000000,0.000004251700680272,0.000000105600000000
11.638888888888888888,0.428571428571388800,2.999999999999894400,2.571428571428505600,0.000000000000000000,0.000004251700680272,0.000000105600000000
11.652777777777777777,0.428571428571388800,2.999999999999894400,2.571428571428505600,0.000000000000000000,0.000004251700680272,0.000000105600000000
11.666666666666666666,0.428571428571388800,2.999999999999894400,2.571428571428505600,0.000000000000000000,0.000004251700680272,0.000000105600000000
11.680555555555555555,0.428571428571388800,2.999999999999894400,2.571428571428505600,0.000000000000000000,0.000004251700680272,0.000000105600000000
11.694444444444444444,0.428571428571388800,2.999999999999894400,2.571428571428505600,0.000000000000000000,0.000004251700680272,0.000000105600000000
11.708333333333333333,0.428571428571388800,2.999999999999894400,2.571428571428505600,0.000000000000000000,0.000004251700680272,0.000000105600000000
11.722222222222222222,0.428571428571388800,2.999999999999894400,2.571428571428505600,0.000000000000000000,0.000004251700680272,0.000000105600000000
11.736111111111111111,0.428571428571388800,2.999999999999894400,2.571428571428505600,0.000000000000000000,0.000004251700680272,0.000000105600000000
11.750000000000000000,0.428571428571388800,2.999999999999894400,2.571428571428505600,0.000000000000000000,0.000004251700680272,0.000000105600000000
11.763888888888888888,0.428571428571388800,2.999999999999894400,2.571428571428505600,0.000000000000000000,0.000004251700680272,0.000000105600000000
11.777777777777777777,0.428571428571388800,2.999999999999894400,2.571428571428505600,0.000000000000000000,0.000004251700680272,0.000000105600000000
11.791666666666666666,0.428571428571388800,2.999999999999894400,2.571428571428505600,0.000000000000000000,0.000004251700680272,0.000000105600000000
11.805555555555555555,0.428571428571388800,2.999999999999894400,2.571428571428505600,0.000000000000000000,0.000004251700680272,0.000000105600000000
11.819444444444444444,0.428571428571388800,2.999999999999894400,2.571428571428505600,0.000000000000000000,0.000004251700680272,0.000000105600000000
11.833333333333333333,0.428571428571388800,2.999999999999894400,2.571428571428505600,0.000000000000000000,0.000004251700680272,0.000000105600000000
11.847222222222222222,0.428571428571388800,2.999999999999894400,2.571428571428505600,0.000000000000000000,0.000004251700680272,0.000000105600000000
11.861111111111111111,0.428571428571388800,2.999999999999894400,2.571428571428505600,0.000000000000000000,0.000004251700680272,0.000000105600000000
11.875000000000000000,0.428571428571388800,2.999999999999894400,2.571428571428505600,0.000000000000000000,0.000004251700680272,0.000000105600000000
11.888888888888888888,0.428571428571388800,2.999999999999894400,2.571428571428505600,0.000000000000000000,0.000004251700680272,0.000000105600000000
11.902777777777777777,0.428571428571388800,2.999999999999894400,2.571428571428505600,0.000000000000000000,0.000004251700680272,0.000000105600000000
11.916666666666666666,0.428571428571388800,2.999999999999894400,2.571428571428505600,0.000000000000000000,0.000004251700680272,0.000000105600000000
11.930555555555555555,0.428571428571388800,2.999999999999894400,2.571428571428505600,0.000000000000000000,0.000004251700680272,0.000000105600000000
11.944444444444444444,0.428571428571388800,2.999999999999894400,2.571428571428505600,0.000000000000000000,0.000004251700680272,0.000000105600000000
11.958333333333333333,0.428571428571388800,2.999999999999894400,2.571428571428505600,0.000000000000000000,0.000004251700680272,0.000000105600000000
11.972222222222222222,0.428571428571388800,2.999999999999894400,2.571428571428505600,0.000000000000000000,0.000004251700680272,0.000000105600000000
11.986111111111111111,0.428571428571388800,2.999999999999894400,2.571428571428505600,0.000000000000000000,0.000004251700680272,0.000000105600000000
12.000000000000000000,0.428571428571388800,2.999999999999894400,2.571428571428505600,0.000000000000000000,0.000004251700680272,0.000000105600000000
12.013888888888888888,0.428571428571388800,2.999999999999894400,2.571428571428505600,0.000000000000000000,0.000004251700680272,0.000000105600000000
12.027777777777777777,0.428571428571388800,2.999999999999894400,2.571428571428505600,0.000000000000000000,0.000004251700680272,0.000000105600000000
12.041666666666666666,0.428571428571388800,2.999999999999894400,2.571428571428505600,0.000000000000000000,0.000004251700680272,0.000000105600000000
12.055555555555555555,0.428571428571388800,2.999999999999894400,2.571428571428505600,0.000000000000000000,0.000004251700680272,0.000000105600000000
12.069444444444444444,0.428571428571388800,2.999999999999894400,2.571428571428505600,0.000000000000000000,0.000004251700680272,0.000000105600000000
12.083333333333333333,0.428571428571388800,2.999999999999894400,2.571428571428505600,0.000000000000000000,0.000004251700680272,0.000000105600000000
12.097222222222222222,0.428571428571388800,2.999999999999894400,2.571428571428505600,0.000000000000000000,0.000004251700680272,0.000000105600000000
12.111111111111111111,0.428571428571388800,2.999999999999894400,2.571428571428505600,0.000000000000000000,0.000004251700680272,0.000000105600000000
12.125000000000000000,0.428571428571388800,2.999999999999894400,2.571428571428505600,0.000000000000000000,0.000004251700680272,0.000000105600000000
12.138888888888888888,0.428571428571388800,2.999999999999894400,2.571428571428505600,0.000000000000000000,0.000004251700680272,0.000000105600000000
12.152777777777777777,0.428571428571388800,2.999999999999894400,2.571428571428505600,0.000000000000000000,0.000004251700680272,0.000000105600000000
12.166666666666666666,0.428571428571388800,2.999999999999894400,2.571428571428505600,0.000000000000000000,0.000004251700680272,0.000000105600000000
12.180555555555555555,0.428571428571388800,2.999999999999894400,2.571428571428505600,0.000000000000000000,0.000004251700680272,0.000000105600000000
12.194444444444444444,0.428571428571388800,2.999999999999894400,2.571428571428505600,0.000000000000000000,0.000004251700680272,0.000000105600000000
12.208333333333333333,0.428571428571388800,2.999999999999894400,2.571428571428505600,0.000000000000000000,0.000004251700680272,0.000000105600000000
12.222222222222222222,0.428571428571388800,2.999999999999894400,2.571428571428505600,0.000000000000000000,0.000004251700680272,0.000000105600000000
12.236111111111111111,0.428571428571388800,2.999999999999894400,2.571428571428505600,0.000000000000000000,0.000004251700680272,0.000000105600000000
12.250000000000000000,0.428571428571388800,2.999999999999894400,2.571428571428505600,0.000000000000000000,0.000004251700680272,0.000000105600000000
12.263888888888888888,0.428571428571388800,2.999999999999894400,2.571428571428505600,0.000000000000000000,0.000004251700680272,0.000000105600000000
12.277777777777777777,0.428571428571388800,2.999999999999894400,2.571428571428505600,0.000000000000000000,0.000004251700680272,0.000000105600000000
12.291666666666666666,0.428571428571388800,2.999999999999894400,2.571428571428505600,0.000000000000000000,0.000004251700680272,0.000000105600000000
12.305555555555555555,0.428571428571388800,2.999999999999894400,2.571428571428505600,0.000000000000000000,0.000004251700680272,0.000000105600000000
12.319444444444444444,0.428571428571388800,2.999999999999894400,2.571428571428505600,0.000000000000000000,0.000004251700680272,0.000000105600000000
12.333333333333333333,0.428571428571388800,2.999999999999894400,2.571428571428505600,0.000000000000000000,0.000004251700680272,0.000000105600000000
12.347222222222222222,0.428571428571388800,2.999999999999894400,2.571428571428505600,0.000000000000000000,0.000004251700680272,0.000000105600000000
12.361111111111111111,0.428571428571388800,2.999999999999894400,2.571428571428505600,0.000000000000000000,0.000004251700680272,0.000000105600000000
12.375000000000000000,0.428571428571388800,2.999999999999894400,2.571428571428505600,0.000000000000000000,0.000004251700680272,0.000000105600000000
12.388888888888888888,0.428571428571388800,2.999999999999894400,2.571428571428505600,0.000000000000000000,0.000004251700680272,0.000000105600000000
12.402777777777777777,0.428571428571388800,2.999999999999894400,2.571428571428505600,0.000000000000000000,0.000004251700680272,0.000000105600000000
12.416666666666666666,0.428571428571388800,2.999999999999894400,2.571428571428505600,0.000000000000000000,0.000004251700680272,0.000000105600000000
12.430555555555555555,0.428571428571388800,2.999999999999894400,2.571428571428505600,0.000000000000000000,0.000004251700680272,0.000000105600000000
12.444444444444444444,0.428571428571388800,2.999999999999894400,2.571428571428505600,0.000000000000000000,0.000004251700680272,0.000000105600000000
12.458333333333333333,0.428571428571388800,2.999999999999894400,2.571428571428505600,0.000000000000000000,0.000004251700680272,0.000000105600000000
12.472222222222222222,0.428571428571388800,2.999999999999894400,2.571428571428505600,0.000000000000000000,0.000004251700680272,0.000000105600000000
12.486111111111111111,0.428571428571388800,2.999999999999894400,2.571428571428505600,0.000000000000000000,0.000004251700680272,0.000000105600000000
12.500000000000000000,0.428571428571388800,2.999999999999894400,2.571428571428505600,0.000000000000000000,0.000004251700680272,0.000000105600000000
12.513888888888888888,0.428571428571388800,2.999999999999894400,2.571428571428505600,0.000000000000000000,0.000004251700680272,0.000000105600000000
12.527777777777777777,0.428571428571388800,2.999999999999894400,2.571428571428505600,0.000000000000000000,0.000004251700680272,0.000000105600000000
12.541666666666666666,0.428571428571388800,2.999999999999894400,2.571428571428505600,0.000000000000000000,0.000004251700680272,0.000000105600000000
12.555555555555555555,0.428571428571388800,2.999999999999894400,2.571428571428505600,0.000000000000000000,0.000004251700680272,0.000000105600000000
12.569444444444444444,0.428571428571388800,2.999999999999894400,2.571428571428505600,0.000000000000000000,0.000004251700680272,0.000000105600000000
12.583333333333333333,0.428571428571388800,2.999999999999894400,2.571428571428505600,0.000000000000000000,0.000004251700680272,0.000000105600000000
12.597222222222222222,0.428571428571388800,2.999999999999894400,2.571428571428505600,0.000000000000000000,0.000004251700680272,0.000000105600000000
12.611111111111111111,0.428571428571388800,2.999999999999894400,2.571428571428505600,0.000000000000000000,0.000004251700680272,0.000000105600000000
12.625000000000000000,0.428571428571388800,2.999999999999894400,2.571428571428505600,0.000000000000000000,0.000004251700680272,0.000000105600000000
12.638888888888888888,0.428571428571388800,2.999999999999894400,2.571428571428505600,0.000000000000000000,0.000004251700680272,0.000000105600000000
12.652777777777777777,0.428571428571388800,2.999999999999894400,2.571428571428505600,0.000000000000000000,0.000004251700680272,0.000000105600000000
12.666666666666666666,0.428571428571388800,2.999999999999894400,2.571428571428505600,0.000000000000000000,0.000004251700680272,0.000000105600000000
12.680555555555555555,0.428571428571388800,2.999999999999894400,2.571428571428505600,0.000000000000000000,0.000004251700680272,0.000000105600000000
12.694444444444444444,0.428571428571388800,2.999999999999894400,2.571428571428505600,0.000000000000000000,0.000004251700680272,0.000000105600000000
12.708333333333333333,0.428571428571388800,2.999999999999894400,2.571428571428505600,0.000000000000000000,0.000004251700680272,0.000000105600000000
12.722222222222222222,0.428571428571388800,2.999999999999894400,2.571428571428505600,0.000000000000000000,0.000004251700680272,0.000000105600000000
12.736111111111111111,0.428571428571388800,2.999999999999894400,2.571428571428505600,0.000000000000000000,0.000004251700680272,0.000000105600000000
12.750000000000000000,0.428571428571388800,2.999999999999894400,2.571428571428505600,0.000000000000000000,0.000004251700680272,0.000000105600000000
12.763888888888888888,0.428571428571388800,2.999999999999894400,2.571428571428505600,0.000000000000000000,0.000004251700680272,0.000000105600000000
12.777777777777777777,0.428571428571388800,2.999999999999894400,2.571428571428505600,0.000000000000000000,0.000004251700680272,0.000000105600000000
12.791666666666666666,0.428571428571388800,2.999999999999894400,2.571428571428505600,0.000000000000000000,0.000004251700680272,0.000000105600000000
12.805555555555555555,0.428571428571388800,2.999999999999894400,2.571428571428505600,0.000000000000000000,0.000004251700680272,0.000000105600000000
12.819444444444444444,0.428571428571388800,2.999999999999894400,2.571428571428505600,0.000000000000000000,0.000004251700680272,0.000000105600000000
12.833333333333333333,0.428571428571388800,2.999999999999894400,2.571428571428505600,0.000000000000000000,0.000004251700680272,0.000000105600000000
12.847222222222222222,0.428571428571388800,2.999999999999894400,2.571428571428505600,0.000000000000000000,0.000004251700680272,0.000000105600000000
12.861111111111111111,0.428571428571388800,2.999999999999894400,2.571428571428505600,0.000000000000000000,0.000004251700680272,0.000000105600000000
12.875000000000000000,0.428571428571388800,2.999999999999894400,2.571428571428505600,0.000000000000000000,0.000004251700680272,0.000000105600000000
12.888888888888888888,0.428571428571388800,2.999999999999894400,2.571428571428505600,0.000000000000000000,0.000004251700680272,0.000000105600000000
12.902777777777777777,0.428571428571388800,2.999999999999894400,2.571428571428505600,0.000000000000000000,0.000004251700680272,0.000000105600000000
12.916666666666666666,0.428571428571388800,2.999999999999894400,2.571428571428505600,0.000000000000000000,0.000004251700680272,0.000000105600000000
12.930555555555555555,0.428571428571388800,2.999999999999894400,2.571428571428505600,0.000000000000000000,0.000004251700680272,0.000000105600000000
12.944444444444444444,0.428571428571388800,2.999999999999894400,2.571428571428505600,0.000000000000000000,0.000004251700680272,0.000000105600000000
12.958333333333333333,0.428571428571388800,2.999999999999894400,2.571428571428505600,0.000000000000000000,0.000004251700680272,0.000000105600000000
12.972222222222222222,0.428571428571388800,2.999999999999894400,2.571428571428505600,0.000000000000000000,0.000004251700680272,0.000000105600000000
12.986111111111111111,0.428571428571388800,2.999999999999894400,2.571428571428505600,0.000000000000000000,0.000004251700680272,0.000000105600000000
13.000000000000000000,0.428571428571388800,2.999999999999894400,2.571428571428505600,0.000000000000000000,0.000004251700680272,0.000000105600000000
13.013888888888888888,0.428571428571388800,2.999999999999894400,2.571428571428505600,0.000000000000000000,0.000004251700680272,0.000000105600000000
13.027777777777777777,0.428571428571388800,2.999999999999894400,2.571428571428505600,0.000000000000000000,0.000004251700680272,0.000000105600000000
13.041666666666666666,0.428571428571388800,2.999999999999894400,2.571428571428505600,0.000000000000000000,0.000004251700680272,0.000000105600000000
13.055555555555555555,0.428571428571388800,2.999999999999894400,2.571428571428505600,0.000000000000000000,0.000004251700680272,0.000000105600000000
13.069444444444444444,0.428571428571388800,2.999999999999894400,2.571428571428505600,0.000000000000000000,0.000004251700680272,0.000000105600000000
13.083333333333333333,0.428571428571388800,2.999999999999894400,2.571428571428505600,0.000000000000000000,0.000004251700680272,0.000000105600000000
13.097222222222222222,0.428571428571388800,2.999999999999894400,2.571428571428505600,0.000000000000000000,0.000004251700680272,0.000000105600000000
13.111111111111111111,0.428571428571388800,2.999999999999894400,2.571428571428505600,0.000000000000000000,0.000004251700680272,0.000000105600000000
13.125000000000000000,0.428571428571388800,2.999999999999894400,2.571428571428505600,0.000000000000000000,0.000004251700680272,0.000000105600000000
13.138888888888888888,0.428571428571388800,2.999999999999894400,2.571428571428505600,0.000000000000000000,0.000004251700680272,0.000000105600000000
13.152777777777777777,0.428571428571388800,2.999999999999894400,2.571428571428505600,0.000000000000000000,0.000004251700680272,0.000000105600000000
13.166666666666666666,0.428571428571388800,2.999999999999894400,2.571428571428505600,0.000000000000000000,0.000004251700680272,0.000000105600000000
13.180555555555555555,0.428571428571388800,2.999999999999894400,2.571428571428505600,0.000000000000000000,0.000004251700680272,0.000000105600000000
13.194444444444444444,0.428571428571388800,2.999999999999894400,2.571428571428505600,0.000000000000000000,0.000004251700680272,0.000000105600000000
13.208333333333333333,0.428571428571388800,2.999999999999894400,2.571428571428505600,0.000000000000000000,0.000004251700680272,0.000000105600000000
13.222222222222222222,0.428571428571388800,2.999999999999894400,2.571428571428505600,0.000000000000000000,0.000004251700680272,0.000000105600000000
13.236111111111111111,0.428571428571388800,2.999999999999894400,2.571428571428505600,0.000000000000000000,0.000004251700680272,0.000000105600000000
13.250000000000000000,0.428571428571388800,2.999999999999894400,2.571428571428505600,0.000000000000000000,0.000004251700680272,0.000000105600000000
13.263888888888888888,0.428571428571388800,2.999999999999894400,2.571428571428505600,0.000000000000000000,0.000004251700680272,0.000000105600000000
13.277777777777777777,0.428571428571388800,2.999999999999894400,2.571428571428505600,0.000000000000000000,0.000004251700680272,0.000000105600000000
13.291666666666666666,0.428571428571388800,2.999999999999894400,2.571428571428505600,0.000000000000000000,0.000004251700680272,0.000000105600000000
13.305555555555555555,0.428571428571388800,2.999999999999894400,2.571428571428505600,0.000000000000000000,0.000004251700680272,0.000000105600000000
13.319444444444444444,0.428571428571388800,2.999999999999894400,2.571428571428505600,0.000000000000000000,0.000004251700680272,0.000000105600000000
13.333333333333333333,0.428571428571388800,2.999999999999894400,2.571428571428505600,0.000000000000000000,0.000004251700680272,0.000000105600000000
13.347222222222222222,0.428571428571388800,2.999999999999894400,2.571428571428505600,0.000000000000000000,0.000004251700680272,0.000000105600000000
13.361111111111111111,0.428571428571388800,2.999999999999894400,2.571428571428505600,0.000000000000000000,0.000004251700680272,0.000000105600000000
13.375000000000000000,0.428571428571388800,2.999999999999894400,2.571428571428505600,0.000000000000000000,0.000004251700680272,0.000000105600000000
13.388888888888888888,0.428571428571388800,2.999999999999894400,2.571428571428505600,0.000000000000000000,0.000004251700680272,0.000000105600000000
13.402777777777777777,0.428571428571388800,2.999999999999894400,2.571428571428505600,0.000000000000000000,0.000004251700680272,0.000000105600000000
13.416666666666666666,0.428571428571388800,2.999999999999894400,2.571428571428505600,0.000000000000000000,0.000004251700680272,0.000000105600000000
13.430555555555555555,0.428571428571388800,2.999999999999894400,2.571428571428505600,0.000000000000000000,0.000004251700680272,0.000000105600000000
13.444444444444444444,0.428571428571388800,2.999999999999894400,2.571428571428505600,0.000000000000000000,0.000004251700680272,0.000000105600000000
13.458333333333333333,0.428571428571388800,2.999999999999894400,2.571428571428505600,0.000000000000000000,0.000004251700680272,0.000000105600000000
13.472222222222222222,0.428571428571388800,2.999999999999894400,2.571428571428505600,0.000000000000000000,0.000004251700680272,0.000000105600000000
13.486111111111111111,0.428571428571388800,2.999999999999894400,2.571428571428505600,0.000000000000000000,0.000004251700680272,0.000000105600000000
13.500000000000000000,0.428571428571388800,2.999999999999894400,2.571428571428505600,0.000000000000000000,0.000004251700680272,0.000000105600000000
13.513888888888888888,0.428571428571388800,2.999999999999894400,2.571428571428505600,0.000000000000000000,0.000004251700680272,0.000000105600000000
13.527777777777777777,0.428571428571388800,2.999999999999894400,2.571428571428505600,0.000000000000000000,0.000004251700680272,0.000000105600000000
13.541666666666666666,0.428571428571388800,2.999999999999894400,2.571428571428505600,0.000000000000000000,0.000004251700680272,0.000000105600000000
13.555555555555555555,0.428571428571388800,2.999999999999894400,2.571428571428505600,0.000000000000000000,0.000004251700680272,0.000000105600000000
13.569444444444444444,0.428571428571388800,2.999999999999894400,2.571428571428505600,0.000000000000000000,0.000004251700680272,0.000000105600000000
13.583333333333333333,0.428571428571388800,2.999999999999894400,2.571428571428505600,0.000000000000000000,0.000004251700680272,0.000000105600000000
13.597222222222222222,0.428571428571388800,2.999999999999894400,2.571428571428505600,0.000000000000000000,0.000004251700680272,0.000000105600000000
13.611111111111111111,0.428571428571388800,2.999999999999894400,2.571428571428505600,0.000000000000000000,0.000004251700680272,0.000000105600000000
13.625000000000000000,0.428571428571388800,2.999999999999894400,2.571428571428505600,0.000000000000000000,0.000004251700680272,0.000000105600000000
13.638888888888888888,0.428571428571388800,2.999999999999894400,2.571428571428505600,0.000000000000000000,0.000004251700680272,0.000000105600000000
13.652777777777777777,0.428571428571388800,2.999999999999894400,2.571428571428505600,0.000000000000000000,0.000004251700680272,0.000000105600000000
13.666666666666666666,0.428571428571388800,2.999999999999894400,2.571428571428505600,0.000000000000000000,0.000004251700680272,0.000000105600000000
13.680555555555555555,0.428571428571388800,2.999999999999894400,2.571428571428505600,0.000000000000000000,0.000004251700680272,0.000000105600000000
13.694444444444444444,0.428571428571388800,2.999999999999894400,2.571428571428505600,0.000000000000000000,0.000004251700680272,0.000000105600000000
13.708333333333333333,0.428571428571388800,2.999999999999894400,2.571428571428505600,0.000000000000000000,0.000004251700680272,0.000000105600000000
13.722222222222222222,0.428571428571388800,2.999999999999894400,2.571428571428505600,0.000000000000000000,0.000004251700680272,0.000000105600000000
13.736111111111111111,0.428571428571388800,2.999999999999894400,2.571428571428505600,0.000000000000000000,0.000004251700680272,0.000000105600000000
13.750000000000000000,0.428571428571388800,2.999999999999894400,2.571428571428505600,0.000000000000000000,0.000004251700680272,0.000000105600000000
13.763888888888888888,0.428571428571388800,2.999999999999894400,2.571428571428505600,0.000000000000000000,0.000004251700680272,0.000000105600000000
13.777777777777777777,0.428571428571388800,2.999999999999894400,2.571428571428505600,0.000000000000000000,0.000004251700680272,0.000000105600000000
13.791666666666666666,0.428571428571388800,2.999999999999894400,2.571428571428505600,0.000000000000000000,0.000004251700680272,0.000000105600000000
13.805555555555555555,0.428571428571388800,2.999999999999894400,2.571428571428505600,0.000000000000000000,0.000004251700680272,0.000000105600000000
13.819444444444444444,0.428571428571388800,2.999999999999894400,2.571428571428505600,0.000000000000000000,0.000004251700680272,0.000000105600000000
13.833333333333333333,0.428571428571388800,2.999999999999894400,2.571428571428505600,0.000000000000000000,0.000004251700680272,0.000000105600000000
13.847222222222222222,0.428571428571388800,2.999999999999894400,2.571428571428505600,0.000000000000000000,0.000004251700680272,0.000000105600000000
13.861111111111111111,0.428571428571388800,2.999999999999894400,2.571428571428505600,0.000000000000000000,0.000004251700680272,0.000000105600000000
13.875000000000000000,0.428571428571388800,2.999999999999894400,2.571428571428505600,0.000000000000000000,0.000004251700680272,0.000000105600000000
13.888888888888888888,0.428571428571388800,2.999999999999894400,2.571428571428505600,0.000000000000000000,0.000004251700680272,0.000000105600000000
13.902777777777777777,0.428571428571388800,2.999999999999894400,2.571428571428505600,0.000000000000000000,0.000004251700680272,0.000000105600000000
13.916666666666666666,0.428571428571388800,2.999999999999894400,2.571428571428505600,0.000000000000000000,0.000004251700680272,0.000000105600000000
13.930555555555555555,0.428571428571388800,2.999999999999894400,2.571428571428505600,0.000000000000000000,0.000004251700680272,0.000000105600000000
13.944444444444444444,0.428571428571388800,2.999999999999894400,2.571428571428505600,0.000000000000000000,0.000004251700680272,0.000000105600000000
13.958333333333333333,0.428571428571388800,2.999999999999894400,2.571428571428505600,0.000000000000000000,0.000004251700680272,0.000000105600000000
13.972222222222222222,0.428571428571388800,2.999999999999894400,2.571428571428505600,0.000000000000000000,0.000004251700680272,0.000000105600000000
13.986111111111111111,0.428571428571388800,2.999999999999894400,2.571428571428505600,0.000000000000000000,0.000004251700680272,0.000000105600000000
