collateral ratio,anchor price, current,anchor price, proposed,sail price, current,sail price, proposed,leverage ratio, current,leverage ratio, proposed,sail per anchor token, current,sail per anchor token, proposed
0.900000000000000000,0.900000000000000000,0.891000000000000000,0.000000000000000000,0.009000000000000000,20.000000000000000000,100.000000000000000000,NaN,99.000000000000000000
0.962500000000000000,0.962500000000000000,0.952875000000000000,0.000000000000000000,0.009625000000000000,20.000000000000000000,100.000000000000000000,NaN,99.000000000000000000
0.993750000000000000,0.993750000000000000,0.983812500000000000,0.000000000000000000,0.009937500000000000,20.000000000000000000,100.000000000000000000,NaN,99.000000000000000000
0.997656250000000000,0.997656250000000000,0.987679687500000000,0.000000000000000000,0.009976562500000000,20.000000000000000000,100.000000000000000000,NaN,99.000000000000000000
0.999609375000000000,0.999609375000000000,0.989613281250000000,0.000000000000000000,0.009996093750000000,20.000000000000000000,100.000000000000000000,NaN,99.000000000000000000
0.999853515625000000,0.999853515625000000,0.989854980468750000,0.000000000000000000,0.009998535156250000,20.000000000000000000,100.000000000000000000,NaN,99.000000000000000000
0.999975585937500000,0.999975585937500000,0.989975830078125000,0.000000000000000000,0.009999755859375000,20.000000000000000000,100.000000000000000000,NaN,99.000000000000000000
1.000036621093750000,1.000000000000000000,0.990036254882812500,0.000036621093750000,0.010000366210937500,20.000000000000000000,100.000000000000000000,27306.666666666666666666,99.000000000000000000
1.000097656250000000,1.000000000000000000,0.990096679687500000,0.000097656250000000,0.010000976562500000,20.000000000000000000,100.000000000000000000,10240.000000000000000000,99.000000000000000000
1.000158691406250000,1.000000000000000000,0.990157104492187500,0.000158691406250000,0.010001586914062500,20.000000000000000000,100.000000000000000000,6301.538461538461538461,99.000000000000000000
1.000219726562500000,1.000000000000000000,0.990217529296875000,0.000219726562500000,0.010002197265625000,20.000000000000000000,100.000000000000000000,4551.111111111111111111,99.000000000000000000
1.000280761718750000,1.000000000000000000,0.990277954101562500,0.000280761718750000,0.010002807617187500,20.000000000000000000,100.000000000000000000,3561.739130434782608695,99.000000000000000000
1.000341796875000000,1.000000000000000000,0.990338378906250000,0.000341796875000000,0.010003417968750000,20.000000000000000000,100.000000000000000000,2925.714285714285714285,99.000000000000000000
1.000402832031250000,1.000000000000000000,0.990398803710937500,0.000402832031250000,0.010004028320312500,20.000000000000000000,100.000000000000000000,2482.424242424242424242,99.000000000000000000
1.000463867187500000,1.000000000000000000,0.990459228515625000,0.000463867187500000,0.010004638671875000,20.000000000000000000,100.000000000000000000,2155.789473684210526315,99.000000000000000000
1.000524902343750000,1.000000000000000000,0.990519653320312500,0.000524902343750000,0.010005249023437500,20.000000000000000000,100.000000000000000000,1905.116279069767441860,99.000000000000000000
1.000585937500000000,1.000000000000000000,0.990580078125000000,0.000585937500000000,0.010005859375000000,20.000000000000000000,100.000000000000000000,1706.666666666666666666,99.000000000000000000
1.000708007812500000,1.000000000000000000,0.990700927734375000,0.000708007812500000,0.010007080078125000,20.000000000000000000,100.000000000000000000,1412.413793103448275862,99.000000000000000000
1.000830078125000000,1.000000000000000000,0.990821777343750000,0.000830078125000000,0.010008300781250000,20.000000000000000000,100.000000000000000000,1204.705882352941176470,99.000000000000000000
1.000952148437500000,1.000000000000000000,0.990942626953125000,0.000952148437500000,0.010009521484375000,20.000000000000000000,100.000000000000000000,1050.256410256410256410,99.000000000000000000
1.001074218750000000,1.000000000000000000,0.991063476562500000,0.001074218750000000,0.010010742187500000,20.000000000000000000,100.000000000000000000,930.909090909090909090,99.000000000000000000
1.001196289062500000,1.000000000000000000,0.991184326171875000,0.001196289062500000,0.010011962890625000,20.000000000000000000,100.000000000000000000,835.918367346938775510,99.000000000000000000
1.001318359375000000,1.000000000000000000,0.991305175781250000,0.001318359375000000,0.010013183593750000,20.000000000000000000,100.000000000000000000,758.518518518518518518,99.000000000000000000
1.001562500000000000,1.000000000000000000,0.991546875000000000,0.001562500000000000,0.010015625000000000,20.000000000000000000,100.000000000000000000,640.000000000000000000,99.000000000000000000
1.001806640625000000,1.000000000000000000,0.991788574218750000,0.001806640625000000,0.010018066406250000,20.000000000000000000,100.000000000000000000,553.513513513513513513,99.000000000000000000
1.002050781250000000,1.000000000000000000,0.992030273437500000,0.002050781250000000,0.010020507812500000,20.000000000000000000,100.000000000000000000,487.619047619047619047,99.000000000000000000
1.002294921875000000,1.000000000000000000,0.992271972656250000,0.002294921875000000,0.010022949218750000,20.000000000000000000,100.000000000000000000,435.744680851063829787,99.000000000000000000
1.002539062500000000,1.000000000000000000,0.992513671875000000,0.002539062500000000,0.010025390625000000,20.000000000000000000,100.000000000000000000,393.846153846153846153,99.000000000000000000
1.003027343750000000,1.000000000000000000,0.992997070312500000,0.003027343750000000,0.010030273437500000,20.000000000000000000,100.000000000000000000,330.322580645161290322,99.000000000000000000
1.003515625000000000,1.000000000000000000,0.993480468750000000,0.003515625000000000,0.010035156250000000,20.000000000000000000,100.000000000000000000,284.444444444444444444,99.000000000000000000
1.004003906250000000,1.000000000000000000,0.993963867187500000,0.004003906250000000,0.010040039062500000,20.000000000000000000,100.000000000000000000,249.756097560975609756,99.000000000000000000
1.004492187500000000,1.000000000000000000,0.994447265625000000,0.004492187500000000,0.010044921875000000,20.000000000000000000,100.000000000000000000,222.608695652173913043,99.000000000000000000
1.005468750000000000,1.000000000000000000,0.995414062500000000,0.005468750000000000,0.010054687500000000,20.000000000000000000,100.000000000000000000,182.857142857142857142,99.000000000000000000
1.006445312500000000,1.000000000000000000,0.996371793508529664,0.006445312500000000,0.010073518991470336,20.000000000000000000,99.910002984279749280,155.151515151515151515,98.910002984279749280
1.007421875000000000,1.000000000000000000,0.997234145164489747,0.007421875000000000,0.010187729835510253,20.000000000000000000,98.885805892549291466,134.736842105263157894,97.885805892549291466
1.008398437500000000,1.000000000000000000,0.997979659795761109,0.008398437500000000,0.010418777704238891,20.000000000000000000,96.786635258542084344,119.069767441860465116,95.786635258542084344
1.009375000000000000,1.000000000000000000,0.998608337402343750,0.009375000000000000,0.010766662597656250,20.000000000000000000,93.750035430638148309,106.666666666666666666,92.750035430638148309
1.011328125000000000,1.000000000000000000,0.999515181541442872,0.011328125000000000,0.011812943458557128,20.000000000000000000,85.611865370218826342,88.275862068965517241,84.611865370218826342
1.013281250000000000,1.000000000000000000,0.999954677581787110,0.013281250000000000,0.013326572418212890,20.000000000000000000,76.034648535372029347,75.294117647058823529,75.034648535372029347
1.015234375000000000,1.000000000000000000,1.000000000000000000,0.015234375000000000,0.015234375000000000,20.000000000000000000,66.641025641025641025,65.641025641025641025,65.641025641025641025
1.017187500000000000,1.000000000000000000,1.000000000000000000,0.017187500000000000,0.017187500000000000,20.000000000000000000,59.181818181818181818,58.181818181818181818,58.181818181818181818
1.019140625000000000,1.000000000000000000,1.000000000000000000,0.019140625000000000,0.019140625000000000,20.000000000000000000,53.244897959183673469,52.244897959183673469,52.244897959183673469
1.021093750000000000,1.000000000000000000,1.000000000000000000,0.021093750000000000,0.021093750000000000,20.000000000000000000,48.407407407407407407,47.407407407407407407,47.407407407407407407
1.025000000000000000,1.000000000000000000,1.000000000000000000,0.025000000000000000,0.025000000000000000,20.000000000000000000,41.000000000000000000,40.000000000000000000,40.000000000000000000
1.028906250000000000,1.000000000000000000,1.000000000000000000,0.028906250000000000,0.028906250000000000,20.000000000000000000,35.594594594594594594,34.594594594594594594,34.594594594594594594
1.032812500000000000,1.000000000000000000,1.000000000000000000,0.032812500000000000,0.032812500000000000,20.000000000000000000,31.476190476190476190,30.476190476190476190,30.476190476190476190
1.036718750000000000,1.000000000000000000,1.000000000000000000,0.036718750000000000,0.036718750000000000,20.000000000000000000,28.234042553191489361,27.234042553191489361,27.234042553191489361
1.040625000000000000,1.000000000000000000,1.000000000000000000,0.040625000000000000,0.040625000000000000,20.000000000000000000,25.615384615384615384,24.615384615384615384,24.615384615384615384
1.048437500000000000,1.000000000000000000,1.000000000000000000,0.048437500000000000,0.048437500000000000,20.000000000000000000,21.645161290322580645,20.645161290322580645,20.645161290322580645
1.052343750000000000,1.000000000000000000,1.000000000000000000,0.052343750000000000,0.052343750000000000,20.000000000000000000,20.104477611940298507,19.104477611940298507,19.104477611940298507
1.056250000000000000,1.000000000000000000,1.000000000000000000,0.056250000000000000,0.056250000000000000,18.777777777777777777,18.777777777777777777,17.777777777777777777,17.777777777777777777
1.064062500000000000,1.000000000000000000,1.000000000000000000,0.064062500000000000,0.064062500000000000,16.609756097560975609,16.609756097560975609,15.609756097560975609,15.609756097560975609
1.071875000000000000,1.000000000000000000,1.000000000000000000,0.071875000000000000,0.071875000000000000,14.913043478260869565,14.913043478260869565,13.913043478260869565,13.913043478260869565
1.087500000000000000,1.000000000000000000,1.000000000000000000,0.087500000000000000,0.087500000000000000,12.428571428571428571,12.428571428571428571,11.428571428571428571,11.428571428571428571
1.103125000000000000,1.000000000000000000,1.000000000000000000,0.103125000000000000,0.103125000000000000,10.696969696969696969,10.696969696969696969,9.696969696969696969,9.696969696969696969
1.118750000000000000,1.000000000000000000,1.000000000000000000,0.118750000000000000,0.118750000000000000,9.421052631578947368,9.421052631578947368,8.421052631578947368,8.421052631578947368
1.134375000000000000,1.000000000000000000,1.000000000000000000,0.134375000000000000,0.134375000000000000,8.441860465116279069,8.441860465116279069,7.441860465116279069,7.441860465116279069
1.150000000000000000,1.000000000000000000,1.000000000000000000,0.150000000000000000,0.150000000000000000,7.666666666666666666,7.666666666666666666,6.666666666666666666,6.666666666666666666
1.181250000000000000,1.000000000000000000,1.000000000000000000,0.181250000000000000,0.181250000000000000,6.517241379310344827,6.517241379310344827,5.517241379310344827,5.517241379310344827
1.212500000000000000,1.000000000000000000,1.000000000000000000,0.212500000000000000,0.212500000000000000,5.705882352941176470,5.705882352941176470,4.705882352941176470,4.705882352941176470
1.243750000000000000,1.000000000000000000,1.000000000000000000,0.243750000000000000,0.243750000000000000,5.102564102564102564,5.102564102564102564,4.102564102564102564,4.102564102564102564
1.275000000000000000,1.000000000000000000,1.000000000000000000,0.275000000000000000,0.275000000000000000,4.636363636363636363,4.636363636363636363,3.636363636363636363,3.636363636363636363
1.306250000000000000,1.000000000000000000,1.000000000000000000,0.306250000000000000,0.306250000000000000,4.265306122448979591,4.265306122448979591,3.265306122448979591,3.265306122448979591
1.337500000000000000,1.000000000000000000,1.000000000000000000,0.337500000000000000,0.337500000000000000,3.962962962962962962,3.962962962962962962,2.962962962962962962,2.962962962962962962
1.400000000000000000,1.000000000000000000,1.000000000000000000,0.400000000000000000,0.400000000000000000,3.500000000000000000,3.500000000000000000,2.500000000000000000,2.500000000000000000
1.462500000000000000,1.000000000000000000,1.000000000000000000,0.462500000000000000,0.462500000000000000,3.162162162162162162,3.162162162162162162,2.162162162162162162,2.162162162162162162
1.525000000000000000,1.000000000000000000,1.000000000000000000,0.525000000000000000,0.525000000000000000,2.904761904761904761,2.904761904761904761,1.904761904761904761,1.904761904761904761
1.587500000000000000,1.000000000000000000,1.000000000000000000,0.587500000000000000,0.587500000000000000,2.702127659574468085,2.702127659574468085,1.702127659574468085,1.702127659574468085
1.650000000000000000,1.000000000000000000,1.000000000000000000,0.650000000000000000,0.650000000000000000,2.538461538461538461,2.538461538461538461,1.538461538461538461,1.538461538461538461
1.775000000000000000,1.000000000000000000,1.000000000000000000,0.775000000000000000,0.775000000000000000,2.290322580645161290,2.290322580645161290,1.290322580645161290,1.290322580645161290
1.900000000000000000,1.000000000000000000,1.000000000000000000,0.900000000000000000,0.900000000000000000,2.111111111111111111,2.111111111111111111,1.111111111111111111,1.111111111111111111
2.025000000000000000,1.000000000000000000,1.000000000000000000,1.025000000000000000,1.025000000000000000,1.975609756097560975,1.975609756097560975,0.975609756097560975,0.975609756097560975
2.150000000000000000,1.000000000000000000,1.000000000000000000,1.150000000000000000,1.150000000000000000,1.869565217391304347,1.869565217391304347,0.869565217391304347,0.869565217391304347
2.400000000000000000,1.000000000000000000,1.000000000000000000,1.400000000000000000,1.400000000000000000,1.714285714285714285,1.714285714285714285,0.714285714285714285,0.714285714285714285
2.650000000000000000,1.000000000000000000,1.000000000000000000,1.650000000000000000,1.650000000000000000,1.606060606060606060,1.606060606060606060,0.606060606060606060,0.606060606060606060
2.900000000000000000,1.000000000000000000,1.000000000000000000,1.900000000000000000,1.900000000000000000,1.526315789473684210,1.526315789473684210,0.526315789473684210,0.526315789473684210
3.150000000000000000,1.000000000000000000,1.000000000000000000,2.150000000000000000,2.150000000000000000,1.465116279069767441,1.465116279069767441,0.465116279069767441,0.465116279069767441
3.400000000000000000,1.000000000000000000,1.000000000000000000,2.400000000000000000,2.400000000000000000,1.416666666666666666,1.416666666666666666,0.416666666666666666,0.416666666666666666
3.900000000000000000,1.000000000000000000,1.000000000000000000,2.900000000000000000,2.900000000000000000,1.344827586206896551,1.344827586206896551,0.344827586206896551,0.344827586206896551
4.400000000000000000,1.000000000000000000,1.000000000000000000,3.400000000000000000,3.400000000000000000,1.294117647058823529,1.294117647058823529,0.294117647058823529,0.294117647058823529
4.900000000000000000,1.000000000000000000,1.000000000000000000,3.900000000000000000,3.900000000000000000,1.256410256410256410,1.256410256410256410,0.256410256410256410,0.256410256410256410
5.400000000000000000,1.000000000000000000,1.000000000000000000,4.400000000000000000,4.400000000000000000,1.227272727272727272,1.227272727272727272,0.227272727272727272,0.227272727272727272
5.900000000000000000,1.000000000000000000,1.000000000000000000,4.900000000000000000,4.900000000000000000,1.204081632653061224,1.204081632653061224,0.204081632653061224,0.204081632653061224
6.900000000000000000,1.000000000000000000,1.000000000000000000,5.900000000000000000,5.900000000000000000,1.169491525423728813,1.169491525423728813,0.169491525423728813,0.169491525423728813
7.900000000000000000,1.000000000000000000,1.000000000000000000,6.900000000000000000,6.900000000000000000,1.144927536231884057,1.144927536231884057,0.144927536231884057,0.144927536231884057
8.900000000000000000,1.000000000000000000,1.000000000000000000,7.900000000000000000,7.900000000000000000,1.126582278481012658,1.126582278481012658,0.126582278481012658,0.126582278481012658
9.900000000000000000,1.000000000000000000,1.000000000000000000,8.900000000000000000,8.900000000000000000,1.112359550561797752,1.112359550561797752,0.112359550561797752,0.112359550561797752
10.900000000000000000,1.000000000000000000,1.000000000000000000,9.900000000000000000,9.900000000000000000,1.101010101010101010,1.101010101010101010,0.101010101010101010,0.101010101010101010
11.900000000000000000,1.000000000000000000,1.000000000000000000,10.900000000000000000,10.900000000000000000,1.091743119266055045,1.091743119266055045,0.091743119266055045,0.091743119266055045
12.900000000000000000,1.000000000000000000,1.000000000000000000,11.900000000000000000,11.900000000000000000,1.084033613445378151,1.084033613445378151,0.084033613445378151,0.084033613445378151
13.900000000000000000,1.000000000000000000,1.000000000000000000,12.900000000000000000,12.900000000000000000,1.077519379844961240,1.077519379844961240,0.077519379844961240,0.077519379844961240
14.900000000000000000,1.000000000000000000,1.000000000000000000,13.900000000000000000,13.900000000000000000,1.071942446043165467,1.071942446043165467,0.071942446043165467,0.071942446043165467
15.900000000000000000,1.000000000000000000,1.000000000000000000,14.900000000000000000,14.900000000000000000,1.067114093959731543,1.067114093959731543,0.067114093959731543,0.067114093959731543
16.900000000000000000,1.000000000000000000,1.000000000000000000,15.900000000000000000,15.900000000000000000,1.062893081761006289,1.062893081761006289,0.062893081761006289,0.062893081761006289
17.900000000000000000,1.000000000000000000,1.000000000000000000,16.900000000000000000,16.900000000000000000,1.059171597633136094,1.059171597633136094,0.059171597633136094,0.059171597633136094
18.900000000000000000,1.000000000000000000,1.000000000000000000,17.900000000000000000,17.900000000000000000,1.055865921787709497,1.055865921787709497,0.055865921787709497,0.055865921787709497
19.900000000000000000,1.000000000000000000,1.000000000000000000,18.900000000000000000,18.900000000000000000,1.052910052910052910,1.052910052910052910,0.052910052910052910,0.052910052910052910
20.900000000000000000,1.000000000000000000,1.000000000000000000,19.900000000000000000,19.900000000000000000,1.050251256281407035,1.050251256281407035,0.050251256281407035,0.050251256281407035
21.900000000000000000,1.000000000000000000,1.000000000000000000,20.900000000000000000,20.900000000000000000,1.047846889952153110,1.047846889952153110,0.047846889952153110,0.047846889952153110
22.900000000000000000,1.000000000000000000,1.000000000000000000,21.900000000000000000,21.900000000000000000,1.045662100456621004,1.045662100456621004,0.045662100456621004,0.045662100456621004
23.900000000000000000,1.000000000000000000,1.000000000000000000,22.900000000000000000,22.900000000000000000,1.043668122270742358,1.043668122270742358,0.043668122270742358,0.043668122270742358
24.900000000000000000,1.000000000000000000,1.000000000000000000,23.900000000000000000,23.900000000000000000,1.041841004184100418,1.041841004184100418,0.041841004184100418,0.041841004184100418
25.900000000000000000,1.000000000000000000,1.000000000000000000,24.900000000000000000,24.900000000000000000,1.040160642570281124,1.040160642570281124,0.040160642570281124,0.040160642570281124
26.900000000000000000,1.000000000000000000,1.000000000000000000,25.900000000000000000,25.900000000000000000,1.038610038610038610,1.038610038610038610,0.038610038610038610,0.038610038610038610
27.900000000000000000,1.000000000000000000,1.000000000000000000,26.900000000000000000,26.900000000000000000,1.037174721189591078,1.037174721189591078,0.037174721189591078,0.037174721189591078
28.900000000000000000,1.000000000000000000,1.000000000000000000,27.900000000000000000,27.900000000000000000,1.035842293906810035,1.035842293906810035,0.035842293906810035,0.035842293906810035
29.900000000000000000,1.000000000000000000,1.000000000000000000,28.900000000000000000,28.900000000000000000,1.034602076124567474,1.034602076124567474,0.034602076124567474,0.034602076124567474
30.900000000000000000,1.000000000000000000,1.000000000000000000,29.900000000000000000,29.900000000000000000,1.033444816053511705,1.033444816053511705,0.033444816053511705,0.033444816053511705
31.900000000000000000,1.000000000000000000,1.000000000000000000,30.900000000000000000,30.900000000000000000,1.032362459546925566,1.032362459546925566,0.032362459546925566,0.032362459546925566
32.900000000000000000,1.000000000000000000,1.000000000000000000,31.900000000000000000,31.900000000000000000,1.031347962382445141,1.031347962382445141,0.031347962382445141,0.031347962382445141
33.900000000000000000,1.000000000000000000,1.000000000000000000,32.900000000000000000,32.900000000000000000,1.030395136778115501,1.030395136778115501,0.030395136778115501,0.030395136778115501
34.900000000000000000,1.000000000000000000,1.000000000000000000,33.900000000000000000,33.900000000000000000,1.029498525073746312,1.029498525073746312,0.029498525073746312,0.029498525073746312
35.900000000000000000,1.000000000000000000,1.000000000000000000,34.900000000000000000,34.900000000000000000,1.028653295128939828,1.028653295128939828,0.028653295128939828,0.028653295128939828
36.900000000000000000,1.000000000000000000,1.000000000000000000,35.900000000000000000,35.900000000000000000,1.027855153203342618,1.027855153203342618,0.027855153203342618,0.027855153203342618
37.900000000000000000,1.000000000000000000,1.000000000000000000,36.900000000000000000,36.900000000000000000,1.027100271002710027,1.027100271002710027,0.027100271002710027,0.027100271002710027
38.900000000000000000,1.000000000000000000,1.000000000000000000,37.900000000000000000,37.900000000000000000,1.026385224274406332,1.026385224274406332,0.026385224274406332,0.026385224274406332
39.900000000000000000,1.000000000000000000,1.000000000000000000,38.900000000000000000,38.900000000000000000,1.025706940874035989,1.025706940874035989,0.025706940874035989,0.025706940874035989
40.900000000000000000,1.000000000000000000,1.000000000000000000,39.900000000000000000,39.900000000000000000,1.025062656641604010,1.025062656641604010,0.025062656641604010,0.025062656641604010
41.900000000000000000,1.000000000000000000,1.000000000000000000,40.900000000000000000,40.900000000000000000,1.024449877750611246,1.024449877750611246,0.024449877750611246,0.024449877750611246
42.900000000000000000,1.000000000000000000,1.000000000000000000,41.900000000000000000,41.900000000000000000,1.023866348448687350,1.023866348448687350,0.023866348448687350,0.023866348448687350
43.900000000000000000,1.000000000000000000,1.000000000000000000,42.900000000000000000,42.900000000000000000,1.023310023310023310,1.023310023310023310,0.023310023310023310,0.023310023310023310
44.900000000000000000,1.000000000000000000,1.000000000000000000,43.900000000000000000,43.900000000000000000,1.022779043280182232,1.022779043280182232,0.022779043280182232,0.022779043280182232
45.900000000000000000,1.000000000000000000,1.000000000000000000,44.900000000000000000,44.900000000000000000,1.022271714922048997,1.022271714922048997,0.022271714922048997,0.022271714922048997
46.900000000000000000,1.000000000000000000,1.000000000000000000,45.900000000000000000,45.900000000000000000,1.021786492374727668,1.021786492374727668,0.021786492374727668,0.021786492374727668
47.900000000000000000,1.000000000000000000,1.000000000000000000,46.900000000000000000,46.900000000000000000,1.021321961620469083,1.021321961620469083,0.021321961620469083,0.021321961620469083
48.900000000000000000,1.000000000000000000,1.000000000000000000,47.900000000000000000,47.900000000000000000,1.020876826722338204,1.020876826722338204,0.020876826722338204,0.020876826722338204
49.900000000000000000,1.000000000000000000,1.000000000000000000,48.900000000000000000,48.900000000000000000,1.020449897750511247,1.020449897750511247,0.020449897750511247,0.020449897750511247
50.900000000000000000,1.000000000000000000,1.000000000000000000,49.900000000000000000,49.900000000000000000,1.020040080160320641,1.020040080160320641,0.020040080160320641,0.020040080160320641
51.900000000000000000,1.000000000000000000,1.000000000000000000,50.900000000000000000,50.900000000000000000,1.019646365422396856,1.019646365422396856,0.019646365422396856,0.019646365422396856
52.900000000000000000,1.000000000000000000,1.000000000000000000,51.900000000000000000,51.900000000000000000,1.019267822736030828,1.019267822736030828,0.019267822736030828,0.019267822736030828
53.900000000000000000,1.000000000000000000,1.000000000000000000,52.900000000000000000,52.900000000000000000,1.018903591682419659,1.018903591682419659,0.018903591682419659,0.018903591682419659
54.900000000000000000,1.000000000000000000,1.000000000000000000,53.900000000000000000,53.900000000000000000,1.018552875695732838,1.018552875695732838,0.018552875695732838,0.018552875695732838
55.900000000000000000,1.000000000000000000,1.000000000000000000,54.900000000000000000,54.900000000000000000,1.018214936247723132,1.018214936247723132,0.018214936247723132,0.018214936247723132
56.900000000000000000,1.000000000000000000,1.000000000000000000,55.900000000000000000,55.900000000000000000,1.017889087656529516,1.017889087656529516,0.017889087656529516,0.017889087656529516
57.900000000000000000,1.000000000000000000,1.000000000000000000,56.900000000000000000,56.900000000000000000,1.017574692442882249,1.017574692442882249,0.017574692442882249,0.017574692442882249
58.900000000000000000,1.000000000000000000,1.000000000000000000,57.900000000000000000,57.900000000000000000,1.017271157167530224,1.017271157167530224,0.017271157167530224,0.017271157167530224
59.900000000000000000,1.000000000000000000,1.000000000000000000,58.900000000000000000,58.900000000000000000,1.016977928692699490,1.016977928692699490,0.016977928692699490,0.016977928692699490
60.900000000000000000,1.000000000000000000,1.000000000000000000,59.900000000000000000,59.900000000000000000,1.016694490818030050,1.016694490818030050,0.016694490818030050,0.016694490818030050
61.900000000000000000,1.000000000000000000,1.000000000000000000,60.900000000000000000,60.900000000000000000,1.016420361247947454,1.016420361247947454,0.016420361247947454,0.016420361247947454
62.900000000000000000,1.000000000000000000,1.000000000000000000,61.900000000000000000,61.900000000000000000,1.016155088852988691,1.016155088852988691,0.016155088852988691,0.016155088852988691
63.900000000000000000,1.000000000000000000,1.000000000000000000,62.900000000000000000,62.900000000000000000,1.015898251192368839,1.015898251192368839,0.015898251192368839,0.015898251192368839
64.900000000000000000,1.000000000000000000,1.000000000000000000,63.900000000000000000,63.900000000000000000,1.015649452269170579,1.015649452269170579,0.015649452269170579,0.015649452269170579
65.900000000000000000,1.000000000000000000,1.000000000000000000,64.900000000000000000,64.900000000000000000,1.015408320493066255,1.015408320493066255,0.015408320493066255,0.015408320493066255
66.900000000000000000,1.000000000000000000,1.000000000000000000,65.900000000000000000,65.900000000000000000,1.015174506828528072,1.015174506828528072,0.015174506828528072,0.015174506828528072
67.900000000000000000,1.000000000000000000,1.000000000000000000,66.900000000000000000,66.900000000000000000,1.014947683109118086,1.014947683109118086,0.014947683109118086,0.014947683109118086
68.900000000000000000,1.000000000000000000,1.000000000000000000,67.900000000000000000,67.900000000000000000,1.014727540500736377,1.014727540500736377,0.014727540500736377,0.014727540500736377
69.900000000000000000,1.000000000000000000,1.000000000000000000,68.900000000000000000,68.900000000000000000,1.014513788098693759,1.014513788098693759,0.014513788098693759,0.014513788098693759
70.900000000000000000,1.000000000000000000,1.000000000000000000,69.900000000000000000,69.900000000000000000,1.014306151645207439,1.014306151645207439,0.014306151645207439,0.014306151645207439
71.900000000000000000,1.000000000000000000,1.000000000000000000,70.900000000000000000,70.900000000000000000,1.014104372355430183,1.014104372355430183,0.014104372355430183,0.014104372355430183
72.900000000000000000,1.000000000000000000,1.000000000000000000,71.900000000000000000,71.900000000000000000,1.013908205841446453,1.013908205841446453,0.013908205841446453,0.013908205841446453
73.900000000000000000,1.000000000000000000,1.000000000000000000,72.900000000000000000,72.900000000000000000,1.013717421124828532,1.013717421124828532,0.013717421124828532,0.013717421124828532
74.900000000000000000,1.000000000000000000,1.000000000000000000,73.900000000000000000,73.900000000000000000,1.013531799729364005,1.013531799729364005,0.013531799729364005,0.013531799729364005
75.900000000000000000,1.000000000000000000,1.000000000000000000,74.900000000000000000,74.900000000000000000,1.013351134846461949,1.013351134846461949,0.013351134846461949,0.013351134846461949
76.900000000000000000,1.000000000000000000,1.000000000000000000,75.900000000000000000,75.900000000000000000,1.013175230566534914,1.013175230566534914,0.013175230566534914,0.013175230566534914
77.900000000000000000,1.000000000000000000,1.000000000000000000,76.900000000000000000,76.900000000000000000,1.013003901170351105,1.013003901170351105,0.013003901170351105,0.013003901170351105
78.900000000000000000,1.000000000000000000,1.000000000000000000,77.900000000000000000,77.900000000000000000,1.012836970474967907,1.012836970474967907,0.012836970474967907,0.012836970474967907
79.900000000000000000,1.000000000000000000,1.000000000000000000,78.900000000000000000,78.900000000000000000,1.012674271229404309,1.012674271229404309,0.012674271229404309,0.012674271229404309
80.900000000000000000,1.000000000000000000,1.000000000000000000,79.900000000000000000,79.900000000000000000,1.012515644555694618,1.012515644555694618,0.012515644555694618,0.012515644555694618
81.900000000000000000,1.000000000000000000,1.000000000000000000,80.900000000000000000,80.900000000000000000,1.012360939431396786,1.012360939431396786,0.012360939431396786,0.012360939431396786
82.900000000000000000,1.000000000000000000,1.000000000000000000,81.900000000000000000,81.900000000000000000,1.012210012210012210,1.012210012210012210,0.012210012210012210,0.012210012210012210
83.900000000000000000,1.000000000000000000,1.000000000000000000,82.900000000000000000,82.900000000000000000,1.012062726176115802,1.012062726176115802,0.012062726176115802,0.012062726176115802
84.900000000000000000,1.000000000000000000,1.000000000000000000,83.900000000000000000,83.900000000000000000,1.011918951132300357,1.011918951132300357,0.011918951132300357,0.011918951132300357
85.900000000000000000,1.000000000000000000,1.000000000000000000,84.900000000000000000,84.900000000000000000,1.011778563015312131,1.011778563015312131,0.011778563015312131,0.011778563015312131
86.900000000000000000,1.000000000000000000,1.000000000000000000,85.900000000000000000,85.900000000000000000,1.011641443538998835,1.011641443538998835,0.011641443538998835,0.011641443538998835
87.900000000000000000,1.000000000000000000,1.000000000000000000,86.900000000000000000,86.900000000000000000,1.011507479861910241,1.011507479861910241,0.011507479861910241,0.011507479861910241
88.900000000000000000,1.000000000000000000,1.000000000000000000,87.900000000000000000,87.900000000000000000,1.011376564277588168,1.011376564277588168,0.011376564277588168,0.011376564277588168
89.900000000000000000,1.000000000000000000,1.000000000000000000,88.900000000000000000,88.900000000000000000,1.011248593925759280,1.011248593925759280,0.011248593925759280,0.011248593925759280
90.900000000000000000,1.000000000000000000,1.000000000000000000,89.900000000000000000,89.900000000000000000,1.011123470522803114,1.011123470522803114,0.011123470522803114,0.011123470522803114
91.900000000000000000,1.000000000000000000,1.000000000000000000,90.900000000000000000,90.900000000000000000,1.011001100110011001,1.011001100110011001,0.011001100110011001,0.011001100110011001
92.900000000000000000,1.000000000000000000,1.000000000000000000,91.900000000000000000,91.900000000000000000,1.010881392818280739,1.010881392818280739,0.010881392818280739,0.010881392818280739
93.900000000000000000,1.000000000000000000,1.000000000000000000,92.900000000000000000,92.900000000000000000,1.010764262648008611,1.010764262648008611,0.010764262648008611,0.010764262648008611
94.900000000000000000,1.000000000000000000,1.000000000000000000,93.900000000000000000,93.900000000000000000,1.010649627263045793,1.010649627263045793,0.010649627263045793,0.010649627263045793
95.900000000000000000,1.000000000000000000,1.000000000000000000,94.900000000000000000,94.900000000000000000,1.010537407797681770,1.010537407797681770,0.010537407797681770,0.010537407797681770
96.900000000000000000,1.000000000000000000,1.000000000000000000,95.900000000000000000,95.900000000000000000,1.010427528675703858,1.010427528675703858,0.010427528675703858,0.010427528675703858
97.900000000000000000,1.000000000000000000,1.000000000000000000,96.900000000000000000,96.900000000000000000,1.010319917440660474,1.010319917440660474,0.010319917440660474,0.010319917440660474
98.900000000000000000,1.000000000000000000,1.000000000000000000,97.900000000000000000,97.900000000000000000,1.010214504596527068,1.010214504596527068,0.010214504596527068,0.010214504596527068
99.900000000000000000,1.000000000000000000,1.000000000000000000,98.900000000000000000,98.900000000000000000,1.010111223458038422,1.010111223458038422,0.010111223458038422,0.010111223458038422
100.900000000000000000,1.000000000000000000,1.000000000000000000,99.900000000000000000,99.900000000000000000,1.010010010010010010,1.010010010010010010,0.010010010010010010,0.010010010010010010
101.900000000000000000,1.000000000000000000,1.000000000000000000,100.900000000000000000,100.900000000000000000,1.009910802775024777,1.009910802775024777,0.009910802775024777,0.009910802775024777
102.900000000000000000,1.000000000000000000,1.000000000000000000,101.900000000000000000,101.900000000000000000,1.009813542688910696,1.009813542688910696,0.009813542688910696,0.009813542688910696
103.900000000000000000,1.000000000000000000,1.000000000000000000,102.900000000000000000,102.900000000000000000,1.009718172983479105,1.009718172983479105,0.009718172983479105,0.009718172983479105
104.900000000000000000,1.000000000000000000,1.000000000000000000,103.900000000000000000,103.900000000000000000,1.009624639076034648,1.009624639076034648,0.009624639076034648,0.009624639076034648
105.900000000000000000,1.000000000000000000,1.000000000000000000,104.900000000000000000,104.900000000000000000,1.009532888465204957,1.009532888465204957,0.009532888465204957,0.009532888465204957
106.900000000000000000,1.000000000000000000,1.000000000000000000,105.900000000000000000,105.900000000000000000,1.009442870632672332,1.009442870632672332,0.009442870632672332,0.009442870632672332
107.900000000000000000,1.000000000000000000,1.000000000000000000,106.900000000000000000,106.900000000000000000,1.009354536950420954,1.009354536950420954,0.009354536950420954,0.009354536950420954
108.900000000000000000,1.000000000000000000,1.000000000000000000,107.900000000000000000,107.900000000000000000,1.009267840593141797,1.009267840593141797,0.009267840593141797,0.009267840593141797
109.900000000000000000,1.000000000000000000,1.000000000000000000,108.900000000000000000,108.900000000000000000,1.009182736455463728,1.009182736455463728,0.009182736455463728,0.009182736455463728
110.900000000000000000,1.000000000000000000,1.000000000000000000,109.900000000000000000,109.900000000000000000,1.009099181073703366,1.009099181073703366,0.009099181073703366,0.009099181073703366
111.900000000000000000,1.000000000000000000,1.000000000000000000,110.900000000000000000,110.900000000000000000,1.009017132551848512,1.009017132551848512,0.009017132551848512,0.009017132551848512
112.900000000000000000,1.000000000000000000,1.000000000000000000,111.900000000000000000,111.900000000000000000,1.008936550491510277,1.008936550491510277,0.008936550491510277,0.008936550491510277
113.900000000000000000,1.000000000000000000,1.000000000000000000,112.900000000000000000,112.900000000000000000,1.008857395925597874,1.008857395925597874,0.008857395925597874,0.008857395925597874
114.900000000000000000,1.000000000000000000,1.000000000000000000,113.900000000000000000,113.900000000000000000,1.008779631255487269,1.008779631255487269,0.008779631255487269,0.008779631255487269
115.900000000000000000,1.000000000000000000,1.000000000000000000,114.900000000000000000,114.900000000000000000,1.008703220191470844,1.008703220191470844,0.008703220191470844,0.008703220191470844
116.900000000000000000,1.000000000000000000,1.000000000000000000,115.900000000000000000,115.900000000000000000,1.008628127696289905,1.008628127696289905,0.008628127696289905,0.008628127696289905
117.900000000000000000,1.000000000000000000,1.000000000000000000,116.900000000000000000,116.900000000000000000,1.008554319931565440,1.008554319931565440,0.008554319931565440,0.008554319931565440
118.900000000000000000,1.000000000000000000,1.000000000000000000,117.900000000000000000,117.900000000000000000,1.008481764206955046,1.008481764206955046,0.008481764206955046,0.008481764206955046
119.900000000000000000,1.000000000000000000,1.000000000000000000,118.900000000000000000,118.900000000000000000,1.008410428931875525,1.008410428931875525,0.008410428931875525,0.008410428931875525
120.900000000000000000,1.000000000000000000,1.000000000000000000,119.900000000000000000,119.900000000000000000,1.008340283569641367,1.008340283569641367,0.008340283569641367,0.008340283569641367
121.900000000000000000,1.000000000000000000,1.000000000000000000,120.900000000000000000,120.900000000000000000,1.008271298593879239,1.008271298593879239,0.008271298593879239,0.008271298593879239
122.900000000000000000,1.000000000000000000,1.000000000000000000,121.900000000000000000,121.900000000000000000,1.008203445447087776,1.008203445447087776,0.008203445447087776,0.008203445447087776
123.900000000000000000,1.000000000000000000,1.000000000000000000,122.900000000000000000,122.900000000000000000,1.008136696501220504,1.008136696501220504,0.008136696501220504,0.008136696501220504
124.900000000000000000,1.000000000000000000,1.000000000000000000,123.900000000000000000,123.900000000000000000,1.008071025020177562,1.008071025020177562,0.008071025020177562,0.008071025020177562
125.900000000000000000,1.000000000000000000,1.000000000000000000,124.900000000000000000,124.900000000000000000,1.008006405124099279,1.008006405124099279,0.008006405124099279,0.008006405124099279
126.900000000000000000,1.000000000000000000,1.000000000000000000,125.900000000000000000,125.900000000000000000,1.007942811755361397,1.007942811755361397,0.007942811755361397,0.007942811755361397
127.900000000000000000,1.000000000000000000,1.000000000000000000,126.900000000000000000,126.900000000000000000,1.007880220646178092,1.007880220646178092,0.007880220646178092,0.007880220646178092
128.900000000000000000,1.000000000000000000,1.000000000000000000,127.900000000000000000,127.900000000000000000,1.007818608287724784,1.007818608287724784,0.007818608287724784,0.007818608287724784
129.900000000000000000,1.000000000000000000,1.000000000000000000,128.900000000000000000,128.900000000000000000,1.007757951900698215,1.007757951900698215,0.007757951900698215,0.007757951900698215
130.900000000000000000,1.000000000000000000,1.000000000000000000,129.900000000000000000,129.900000000000000000,1.007698229407236335,1.007698229407236335,0.007698229407236335,0.007698229407236335
131.900000000000000000,1.000000000000000000,1.000000000000000000,130.900000000000000000,130.900000000000000000,1.007639419404125286,1.007639419404125286,0.007639419404125286,0.007639419404125286
132.900000000000000000,1.000000000000000000,1.000000000000000000,131.900000000000000000,131.900000000000000000,1.007581501137225170,1.007581501137225170,0.007581501137225170,0.007581501137225170
133.900000000000000000,1.000000000000000000,1.000000000000000000,132.900000000000000000,132.900000000000000000,1.007524454477050413,1.007524454477050413,0.007524454477050413,0.007524454477050413
134.900000000000000000,1.000000000000000000,1.000000000000000000,133.900000000000000000,133.900000000000000000,1.007468259895444361,1.007468259895444361,0.007468259895444361,0.007468259895444361
135.900000000000000000,1.000000000000000000,1.000000000000000000,134.900000000000000000,134.900000000000000000,1.007412898443291326,1.007412898443291326,0.007412898443291326,0.007412898443291326
136.900000000000000000,1.000000000000000000,1.000000000000000000,135.900000000000000000,135.900000000000000000,1.007358351729212656,1.007358351729212656,0.007358351729212656,0.007358351729212656
137.900000000000000000,1.000000000000000000,1.000000000000000000,136.900000000000000000,136.900000000000000000,1.007304601899196493,1.007304601899196493,0.007304601899196493,0.007304601899196493
138.900000000000000000,1.000000000000000000,1.000000000000000000,137.900000000000000000,137.900000000000000000,1.007251631617113850,1.007251631617113850,0.007251631617113850,0.007251631617113850
139.900000000000000000,1.000000000000000000,1.000000000000000000,138.900000000000000000,138.900000000000000000,1.007199424046076313,1.007199424046076313,0.007199424046076313,0.007199424046076313
140.900000000000000000,1.000000000000000000,1.000000000000000000,139.900000000000000000,139.900000000000000000,1.007147962830593280,1.007147962830593280,0.007147962830593280,0.007147962830593280
141.900000000000000000,1.000000000000000000,1.000000000000000000,140.900000000000000000,140.900000000000000000,1.007097232079488999,1.007097232079488999,0.007097232079488999,0.007097232079488999
142.900000000000000000,1.000000000000000000,1.000000000000000000,141.900000000000000000,141.900000000000000000,1.007047216349541930,1.007047216349541930,0.007047216349541930,0.007047216349541930
143.900000000000000000,1.000000000000000000,1.000000000000000000,142.900000000000000000,142.900000000000000000,1.006997900629811056,1.006997900629811056,0.006997900629811056,0.006997900629811056
144.900000000000000000,1.000000000000000000,1.000000000000000000,143.900000000000000000,143.900000000000000000,1.006949270326615705,1.006949270326615705,0.006949270326615705,0.006949270326615705
145.900000000000000000,1.000000000000000000,1.000000000000000000,144.900000000000000000,144.900000000000000000,1.006901311249137336,1.006901311249137336,0.006901311249137336,0.006901311249137336
146.900000000000000000,1.000000000000000000,1.000000000000000000,145.900000000000000000,145.900000000000000000,1.006854009595613433,1.006854009595613433,0.006854009595613433,0.006854009595613433
147.900000000000000000,1.000000000000000000,1.000000000000000000,146.900000000000000000,146.900000000000000000,1.006807351940095302,1.006807351940095302,0.006807351940095302,0.006807351940095302
148.900000000000000000,1.000000000000000000,1.000000000000000000,147.900000000000000000,147.900000000000000000,1.006761325219743069,1.006761325219743069,0.006761325219743069,0.006761325219743069
149.900000000000000000,1.000000000000000000,1.000000000000000000,148.900000000000000000,148.900000000000000000,1.006715916722632639,1.006715916722632639,0.006715916722632639,0.006715916722632639
150.900000000000000000,1.000000000000000000,1.000000000000000000,149.900000000000000000,149.900000000000000000,1.006671114076050700,1.006671114076050700,0.006671114076050700,0.006671114076050700
151.900000000000000000,1.000000000000000000,1.000000000000000000,150.900000000000000000,150.900000000000000000,1.006626905235255135,1.006626905235255135,0.006626905235255135,0.006626905235255135
152.900000000000000000,1.000000000000000000,1.000000000000000000,151.900000000000000000,151.900000000000000000,1.006583278472679394,1.006583278472679394,0.006583278472679394,0.006583278472679394
153.900000000000000000,1.000000000000000000,1.000000000000000000,152.900000000000000000,152.900000000000000000,1.006540222367560497,1.006540222367560497,0.006540222367560497,0.006540222367560497
154.900000000000000000,1.000000000000000000,1.000000000000000000,153.900000000000000000,153.900000000000000000,1.006497725795971410,1.006497725795971410,0.006497725795971410,0.006497725795971410
155.900000000000000000,1.000000000000000000,1.000000000000000000,154.900000000000000000,154.900000000000000000,1.006455777921239509,1.006455777921239509,0.006455777921239509,0.006455777921239509
156.900000000000000000,1.000000000000000000,1.000000000000000000,155.900000000000000000,155.900000000000000000,1.006414368184733803,1.006414368184733803,0.006414368184733803,0.006414368184733803
157.900000000000000000,1.000000000000000000,1.000000000000000000,156.900000000000000000,156.900000000000000000,1.006373486297004461,1.006373486297004461,0.006373486297004461,0.006373486297004461
158.900000000000000000,1.000000000000000000,1.000000000000000000,157.900000000000000000,157.900000000000000000,1.006333122229259024,1.006333122229259024,0.006333122229259024,0.006333122229259024
159.900000000000000000,1.000000000000000000,1.000000000000000000,158.900000000000000000,158.900000000000000000,1.006293266205160478,1.006293266205160478,0.006293266205160478,0.006293266205160478
160.900000000000000000,1.000000000000000000,1.000000000000000000,159.900000000000000000,159.900000000000000000,1.006253908692933083,1.006253908692933083,0.006253908692933083,0.006253908692933083
161.900000000000000000,1.000000000000000000,1.000000000000000000,160.900000000000000000,160.900000000000000000,1.006215040397762585,1.006215040397762585,0.006215040397762585,0.006215040397762585
162.900000000000000000,1.000000000000000000,1.000000000000000000,161.900000000000000000,161.900000000000000000,1.006176652254478072,1.006176652254478072,0.006176652254478072,0.006176652254478072
163.900000000000000000,1.000000000000000000,1.000000000000000000,162.900000000000000000,162.900000000000000000,1.006138735420503376,1.006138735420503376,0.006138735420503376,0.006138735420503376
164.900000000000000000,1.000000000000000000,1.000000000000000000,163.900000000000000000,163.900000000000000000,1.006101281269066503,1.006101281269066503,0.006101281269066503,0.006101281269066503
165.900000000000000000,1.000000000000000000,1.000000000000000000,164.900000000000000000,164.900000000000000000,1.006064281382656155,1.006064281382656155,0.006064281382656155,0.006064281382656155
166.900000000000000000,1.000000000000000000,1.000000000000000000,165.900000000000000000,165.900000000000000000,1.006027727546714888,1.006027727546714888,0.006027727546714888,0.006027727546714888
167.900000000000000000,1.000000000000000000,1.000000000000000000,166.900000000000000000,166.900000000000000000,1.005991611743559017,1.005991611743559017,0.005991611743559017,0.005991611743559017
168.900000000000000000,1.000000000000000000,1.000000000000000000,167.900000000000000000,167.900000000000000000,1.005955926146515783,1.005955926146515783,0.005955926146515783,0.005955926146515783
169.900000000000000000,1.000000000000000000,1.000000000000000000,168.900000000000000000,168.900000000000000000,1.005920663114268798,1.005920663114268798,0.005920663114268798,0.005920663114268798
170.900000000000000000,1.000000000000000000,1.000000000000000000,169.900000000000000000,169.900000000000000000,1.005885815185403178,1.005885815185403178,0.005885815185403178,0.005885815185403178
171.900000000000000000,1.000000000000000000,1.000000000000000000,170.900000000000000000,170.900000000000000000,1.005851375073142188,1.005851375073142188,0.005851375073142188,0.005851375073142188
172.900000000000000000,1.000000000000000000,1.000000000000000000,171.900000000000000000,171.900000000000000000,1.005817335660267597,1.005817335660267597,0.005817335660267597,0.005817335660267597
173.900000000000000000,1.000000000000000000,1.000000000000000000,172.900000000000000000,172.900000000000000000,1.005783689994216310,1.005783689994216310,0.005783689994216310,0.005783689994216310
174.900000000000000000,1.000000000000000000,1.000000000000000000,173.900000000000000000,173.900000000000000000,1.005750431282346175,1.005750431282346175,0.005750431282346175,0.005750431282346175
175.900000000000000000,1.000000000000000000,1.000000000000000000,174.900000000000000000,174.900000000000000000,1.005717552887364208,1.005717552887364208,0.005717552887364208,0.005717552887364208
176.900000000000000000,1.000000000000000000,1.000000000000000000,175.900000000000000000,175.900000000000000000,1.005685048322910744,1.005685048322910744,0.005685048322910744,0.005685048322910744
177.900000000000000000,1.000000000000000000,1.000000000000000000,176.900000000000000000,176.900000000000000000,1.005652911249293386,1.005652911249293386,0.005652911249293386,0.005652911249293386
178.900000000000000000,1.000000000000000000,1.000000000000000000,177.900000000000000000,177.900000000000000000,1.005621135469364811,1.005621135469364811,0.005621135469364811,0.005621135469364811
179.900000000000000000,1.000000000000000000,1.000000000000000000,178.900000000000000000,178.900000000000000000,1.005589714924538848,1.005589714924538848,0.005589714924538848,0.005589714924538848
180.900000000000000000,1.000000000000000000,1.000000000000000000,179.900000000000000000,179.900000000000000000,1.005558643690939410,1.005558643690939410,0.005558643690939410,0.005558643690939410
181.900000000000000000,1.000000000000000000,1.000000000000000000,180.900000000000000000,180.900000000000000000,1.005527915975677169,1.005527915975677169,0.005527915975677169,0.005527915975677169
182.900000000000000000,1.000000000000000000,1.000000000000000000,181.900000000000000000,181.900000000000000000,1.005497526113249037,1.005497526113249037,0.005497526113249037,0.005497526113249037
183.900000000000000000,1.000000000000000000,1.000000000000000000,182.900000000000000000,182.900000000000000000,1.005467468562055768,1.005467468562055768,0.005467468562055768,0.005467468562055768
184.900000000000000000,1.000000000000000000,1.000000000000000000,183.900000000000000000,183.900000000000000000,1.005437737901033170,1.005437737901033170,0.005437737901033170,0.005437737901033170
185.900000000000000000,1.000000000000000000,1.000000000000000000,184.900000000000000000,184.900000000000000000,1.005408328826392644,1.005408328826392644,0.005408328826392644,0.005408328826392644
186.900000000000000000,1.000000000000000000,1.000000000000000000,185.900000000000000000,185.900000000000000000,1.005379236148466917,1.005379236148466917,0.005379236148466917,0.005379236148466917
187.900000000000000000,1.000000000000000000,1.000000000000000000,186.900000000000000000,186.900000000000000000,1.005350454788657035,1.005350454788657035,0.005350454788657035,0.005350454788657035
188.900000000000000000,1.000000000000000000,1.000000000000000000,187.900000000000000000,187.900000000000000000,1.005321979776476849,1.005321979776476849,0.005321979776476849,0.005321979776476849
189.900000000000000000,1.000000000000000000,1.000000000000000000,188.900000000000000000,188.900000000000000000,1.005293806246691371,1.005293806246691371,0.005293806246691371,0.005293806246691371
190.900000000000000000,1.000000000000000000,1.000000000000000000,189.900000000000000000,189.900000000000000000,1.005265929436545550,1.005265929436545550,0.005265929436545550,0.005265929436545550
191.900000000000000000,1.000000000000000000,1.000000000000000000,190.900000000000000000,190.900000000000000000,1.005238344683080146,1.005238344683080146,0.005238344683080146,0.005238344683080146
192.900000000000000000,1.000000000000000000,1.000000000000000000,191.900000000000000000,191.900000000000000000,1.005211047420531526,1.005211047420531526,0.005211047420531526,0.005211047420531526
193.900000000000000000,1.000000000000000000,1.000000000000000000,192.900000000000000000,192.900000000000000000,1.005184033177812337,1.005184033177812337,0.005184033177812337,0.005184033177812337
194.900000000000000000,1.000000000000000000,1.000000000000000000,193.900000000000000000,193.900000000000000000,1.005157297576070139,1.005157297576070139,0.005157297576070139,0.005157297576070139
195.900000000000000000,1.000000000000000000,1.000000000000000000,194.900000000000000000,194.900000000000000000,1.005130836326321190,1.005130836326321190,0.005130836326321190,0.005130836326321190
196.900000000000000000,1.000000000000000000,1.000000000000000000,195.900000000000000000,195.900000000000000000,1.005104645227156712,1.005104645227156712,0.005104645227156712,0.005104645227156712
197.900000000000000000,1.000000000000000000,1.000000000000000000,196.900000000000000000,196.900000000000000000,1.005078720162519045,1.005078720162519045,0.005078720162519045,0.005078720162519045
198.900000000000000000,1.000000000000000000,1.000000000000000000,197.900000000000000000,197.900000000000000000,1.005053057099545224,1.005053057099545224,0.005053057099545224,0.005053057099545224
199.900000000000000000,1.000000000000000000,1.000000000000000000,198.900000000000000000,198.900000000000000000,1.005027652086475615,1.005027652086475615,0.005027652086475615,0.005027652086475615
200.900000000000000000,1.000000000000000000,1.000000000000000000,199.900000000000000000,199.900000000000000000,1.005002501250625312,1.005002501250625312,0.005002501250625312,0.005002501250625312
201.900000000000000000,1.000000000000000000,1.000000000000000000,200.900000000000000000,200.900000000000000000,1.004977600796416127,1.004977600796416127,0.004977600796416127,0.004977600796416127
202.900000000000000000,1.000000000000000000,1.000000000000000000,201.900000000000000000,201.900000000000000000,1.004952947003467062,1.004952947003467062,0.004952947003467062,0.004952947003467062
203.900000000000000000,1.000000000000000000,1.000000000000000000,202.900000000000000000,202.900000000000000000,1.004928536224741251,1.004928536224741251,0.004928536224741251,0.004928536224741251
204.900000000000000000,1.000000000000000000,1.000000000000000000,203.900000000000000000,203.900000000000000000,1.004904364884747425,1.004904364884747425,0.004904364884747425,0.004904364884747425
205.900000000000000000,1.000000000000000000,1.000000000000000000,204.900000000000000000,204.900000000000000000,1.004880429477794045,1.004880429477794045,0.004880429477794045,0.004880429477794045
206.900000000000000000,1.000000000000000000,1.000000000000000000,205.900000000000000000,205.900000000000000000,1.004856726566294317,1.004856726566294317,0.004856726566294317,0.004856726566294317
207.900000000000000000,1.000000000000000000,1.000000000000000000,206.900000000000000000,206.900000000000000000,1.004833252779120347,1.004833252779120347,0.004833252779120347,0.004833252779120347
208.900000000000000000,1.000000000000000000,1.000000000000000000,207.900000000000000000,207.900000000000000000,1.004810004810004810,1.004810004810004810,0.004810004810004810,0.004810004810004810
209.900000000000000000,1.000000000000000000,1.000000000000000000,208.900000000000000000,208.900000000000000000,1.004786979415988511,1.004786979415988511,0.004786979415988511,0.004786979415988511
210.900000000000000000,1.000000000000000000,1.000000000000000000,209.900000000000000000,209.900000000000000000,1.004764173415912339,1.004764173415912339,0.004764173415912339,0.004764173415912339
211.900000000000000000,1.000000000000000000,1.000000000000000000,210.900000000000000000,210.900000000000000000,1.004741583688952110,1.004741583688952110,0.004741583688952110,0.004741583688952110
212.900000000000000000,1.000000000000000000,1.000000000000000000,211.900000000000000000,211.900000000000000000,1.004719207173194903,1.004719207173194903,0.004719207173194903,0.004719207173194903
213.900000000000000000,1.000000000000000000,1.000000000000000000,212.900000000000000000,212.900000000000000000,1.004697040864255519,1.004697040864255519,0.004697040864255519,0.004697040864255519
214.900000000000000000,1.000000000000000000,1.000000000000000000,213.900000000000000000,213.900000000000000000,1.004675081813931743,1.004675081813931743,0.004675081813931743,0.004675081813931743
215.900000000000000000,1.000000000000000000,1.000000000000000000,214.900000000000000000,214.900000000000000000,1.004653327128897161,1.004653327128897161,0.004653327128897161,0.004653327128897161
216.900000000000000000,1.000000000000000000,1.000000000000000000,215.900000000000000000,215.900000000000000000,1.004631773969430291,1.004631773969430291,0.004631773969430291,0.004631773969430291
217.900000000000000000,1.000000000000000000,1.000000000000000000,216.900000000000000000,216.900000000000000000,1.004610419548178884,1.004610419548178884,0.004610419548178884,0.004610419548178884
218.900000000000000000,1.000000000000000000,1.000000000000000000,217.900000000000000000,217.900000000000000000,1.004589261128958237,1.004589261128958237,0.004589261128958237,0.004589261128958237
219.900000000000000000,1.000000000000000000,1.000000000000000000,218.900000000000000000,218.900000000000000000,1.004568296025582457,1.004568296025582457,0.004568296025582457,0.004568296025582457
220.900000000000000000,1.000000000000000000,1.000000000000000000,219.900000000000000000,219.900000000000000000,1.004547521600727603,1.004547521600727603,0.004547521600727603,0.004547521600727603
221.900000000000000000,1.000000000000000000,1.000000000000000000,220.900000000000000000,220.900000000000000000,1.004526935264825712,1.004526935264825712,0.004526935264825712,0.004526935264825712
222.900000000000000000,1.000000000000000000,1.000000000000000000,221.900000000000000000,221.900000000000000000,1.004506534474988733,1.004506534474988733,0.004506534474988733,0.004506534474988733
223.900000000000000000,1.000000000000000000,1.000000000000000000,222.900000000000000000,222.900000000000000000,1.004486316733961417,1.004486316733961417,0.004486316733961417,0.004486316733961417
224.900000000000000000,1.000000000000000000,1.000000000000000000,223.900000000000000000,223.900000000000000000,1.004466279589102277,1.004466279589102277,0.004466279589102277,0.004466279589102277
225.900000000000000000,1.000000000000000000,1.000000000000000000,224.900000000000000000,224.900000000000000000,1.004446420631391729,1.004446420631391729,0.004446420631391729,0.004446420631391729
226.900000000000000000,1.000000000000000000,1.000000000000000000,225.900000000000000000,225.900000000000000000,1.004426737494466578,1.004426737494466578,0.004426737494466578,0.004426737494466578
227.900000000000000000,1.000000000000000000,1.000000000000000000,226.900000000000000000,226.900000000000000000,1.004407227853680035,1.004407227853680035,0.004407227853680035,0.004407227853680035
228.900000000000000000,1.000000000000000000,1.000000000000000000,227.900000000000000000,227.900000000000000000,1.004387889425186485,1.004387889425186485,0.004387889425186485,0.004387889425186485
229.900000000000000000,1.000000000000000000,1.000000000000000000,228.900000000000000000,228.900000000000000000,1.004368719965050240,1.004368719965050240,0.004368719965050240,0.004368719965050240
230.900000000000000000,1.000000000000000000,1.000000000000000000,229.900000000000000000,229.900000000000000000,1.004349717268377555,1.004349717268377555,0.004349717268377555,0.004349717268377555
231.900000000000000000,1.000000000000000000,1.000000000000000000,230.900000000000000000,230.900000000000000000,1.004330879168471199,1.004330879168471199,0.004330879168471199,0.004330879168471199
232.900000000000000000,1.000000000000000000,1.000000000000000000,231.900000000000000000,231.900000000000000000,1.004312203536006899,1.004312203536006899,0.004312203536006899,0.004312203536006899
233.900000000000000000,1.000000000000000000,1.000000000000000000,232.900000000000000000,232.900000000000000000,1.004293688278231000,1.004293688278231000,0.004293688278231000,0.004293688278231000
234.900000000000000000,1.000000000000000000,1.000000000000000000,233.900000000000000000,233.900000000000000000,1.004275331338178708,1.004275331338178708,0.004275331338178708,0.004275331338178708
235.900000000000000000,1.000000000000000000,1.000000000000000000,234.900000000000000000,234.900000000000000000,1.004257130693912303,1.004257130693912303,0.004257130693912303,0.004257130693912303
236.900000000000000000,1.000000000000000000,1.000000000000000000,235.900000000000000000,235.900000000000000000,1.004239084357778719,1.004239084357778719,0.004239084357778719,0.004239084357778719
237.900000000000000000,1.000000000000000000,1.000000000000000000,236.900000000000000000,236.900000000000000000,1.004221190375685943,1.004221190375685943,0.004221190375685943,0.004221190375685943
238.900000000000000000,1.000000000000000000,1.000000000000000000,237.900000000000000000,237.900000000000000000,1.004203446826397646,1.004203446826397646,0.004203446826397646,0.004203446826397646
239.900000000000000000,1.000000000000000000,1.000000000000000000,238.900000000000000000,238.900000000000000000,1.004185851820845542,1.004185851820845542,0.004185851820845542,0.004185851820845542
240.900000000000000000,1.000000000000000000,1.000000000000000000,239.900000000000000000,239.900000000000000000,1.004168403501458941,1.004168403501458941,0.004168403501458941,0.004168403501458941
241.900000000000000000,1.000000000000000000,1.000000000000000000,240.900000000000000000,240.900000000000000000,1.004151100041511000,1.004151100041511000,0.004151100041511000,0.004151100041511000
242.900000000000000000,1.000000000000000000,1.000000000000000000,241.900000000000000000,241.900000000000000000,1.004133939644481190,1.004133939644481190,0.004133939644481190,0.004133939644481190
243.900000000000000000,1.000000000000000000,1.000000000000000000,242.900000000000000000,242.900000000000000000,1.004116920543433511,1.004116920543433511,0.004116920543433511,0.004116920543433511
244.900000000000000000,1.000000000000000000,1.000000000000000000,243.900000000000000000,243.900000000000000000,1.004100041000410004,1.004100041000410004,0.004100041000410004,0.004100041000410004
245.900000000000000000,1.000000000000000000,1.000000000000000000,244.900000000000000000,244.900000000000000000,1.004083299305839118,1.004083299305839118,0.004083299305839118,0.004083299305839118
246.900000000000000000,1.000000000000000000,1.000000000000000000,245.900000000000000000,245.900000000000000000,1.004066693777958519,1.004066693777958519,0.004066693777958519,0.004066693777958519
247.900000000000000000,1.000000000000000000,1.000000000000000000,246.900000000000000000,246.900000000000000000,1.004050222762251923,1.004050222762251923,0.004050222762251923,0.004050222762251923
248.900000000000000000,1.000000000000000000,1.000000000000000000,247.900000000000000000,247.900000000000000000,1.004033884630899556,1.004033884630899556,0.004033884630899556,0.004033884630899556
249.900000000000000000,1.000000000000000000,1.000000000000000000,248.900000000000000000,248.900000000000000000,1.004017677782241864,1.004017677782241864,0.004017677782241864,0.004017677782241864
250.900000000000000000,1.000000000000000000,1.000000000000000000,249.900000000000000000,249.900000000000000000,1.004001600640256102,1.004001600640256102,0.004001600640256102,0.004001600640256102
251.900000000000000000,1.000000000000000000,1.000000000000000000,250.900000000000000000,250.900000000000000000,1.003985651654045436,1.003985651654045436,0.003985651654045436,0.003985651654045436
252.900000000000000000,1.000000000000000000,1.000000000000000000,251.900000000000000000,251.900000000000000000,1.003969829297340214,1.003969829297340214,0.003969829297340214,0.003969829297340214
253.900000000000000000,1.000000000000000000,1.000000000000000000,252.900000000000000000,252.900000000000000000,1.003954132068011071,1.003954132068011071,0.003954132068011071,0.003954132068011071
254.900000000000000000,1.000000000000000000,1.000000000000000000,253.900000000000000000,253.900000000000000000,1.003938558487593540,1.003938558487593540,0.003938558487593540,0.003938558487593540
255.900000000000000000,1.000000000000000000,1.000000000000000000,254.900000000000000000,254.900000000000000000,1.003923107100823852,1.003923107100823852,0.003923107100823852,0.003923107100823852
256.900000000000000000,1.000000000000000000,1.000000000000000000,255.900000000000000000,255.900000000000000000,1.003907776475185619,1.003907776475185619,0.003907776475185619,0.003907776475185619
257.900000000000000000,1.000000000000000000,1.000000000000000000,256.900000000000000000,256.900000000000000000,1.003892565200467107,1.003892565200467107,0.003892565200467107,0.003892565200467107
258.900000000000000000,1.000000000000000000,1.000000000000000000,257.900000000000000000,257.900000000000000000,1.003877471888328809,1.003877471888328809,0.003877471888328809,0.003877471888328809
259.900000000000000000,1.000000000000000000,1.000000000000000000,258.900000000000000000,258.900000000000000000,1.003862495171881035,1.003862495171881035,0.003862495171881035,0.003862495171881035
260.900000000000000000,1.000000000000000000,1.000000000000000000,259.900000000000000000,259.900000000000000000,1.003847633705271258,1.003847633705271258,0.003847633705271258,0.003847633705271258
261.900000000000000000,1.000000000000000000,1.000000000000000000,260.900000000000000000,260.900000000000000000,1.003832886163280950,1.003832886163280950,0.003832886163280950,0.003832886163280950
262.900000000000000000,1.000000000000000000,1.000000000000000000,261.900000000000000000,261.900000000000000000,1.003818251240931653,1.003818251240931653,0.003818251240931653,0.003818251240931653
263.900000000000000000,1.000000000000000000,1.000000000000000000,262.900000000000000000,262.900000000000000000,1.003803727653100038,1.003803727653100038,0.003803727653100038,0.003803727653100038
264.900000000000000000,1.000000000000000000,1.000000000000000000,263.900000000000000000,263.900000000000000000,1.003789314134141720,1.003789314134141720,0.003789314134141720,0.003789314134141720
265.900000000000000000,1.000000000000000000,1.000000000000000000,264.900000000000000000,264.900000000000000000,1.003775009437523593,1.003775009437523593,0.003775009437523593,0.003775009437523593
266.900000000000000000,1.000000000000000000,1.000000000000000000,265.900000000000000000,265.900000000000000000,1.003760812335464460,1.003760812335464460,0.003760812335464460,0.003760812335464460
267.900000000000000000,1.000000000000000000,1.000000000000000000,266.900000000000000000,266.900000000000000000,1.003746721618583739,1.003746721618583739,0.003746721618583739,0.003746721618583739
268.900000000000000000,1.000000000000000000,1.000000000000000000,267.900000000000000000,267.900000000000000000,1.003732736095558044,1.003732736095558044,0.003732736095558044,0.003732736095558044
269.900000000000000000,1.000000000000000000,1.000000000000000000,268.900000000000000000,268.900000000000000000,1.003718854592785422,1.003718854592785422,0.003718854592785422,0.003718854592785422
270.900000000000000000,1.000000000000000000,1.000000000000000000,269.900000000000000000,269.900000000000000000,1.003705075954057058,1.003705075954057058,0.003705075954057058,0.003705075954057058
271.900000000000000000,1.000000000000000000,1.000000000000000000,270.900000000000000000,270.900000000000000000,1.003691399040236249,1.003691399040236249,0.003691399040236249,0.003691399040236249
272.900000000000000000,1.000000000000000000,1.000000000000000000,271.900000000000000000,271.900000000000000000,1.003677822728944464,1.003677822728944464,0.003677822728944464,0.003677822728944464
273.900000000000000000,1.000000000000000000,1.000000000000000000,272.900000000000000000,272.900000000000000000,1.003664345914254305,1.003664345914254305,0.003664345914254305,0.003664345914254305
274.900000000000000000,1.000000000000000000,1.000000000000000000,273.900000000000000000,273.900000000000000000,1.003650967506389193,1.003650967506389193,0.003650967506389193,0.003650967506389193
275.900000000000000000,1.000000000000000000,1.000000000000000000,274.900000000000000000,274.900000000000000000,1.003637686431429610,1.003637686431429610,0.003637686431429610,0.003637686431429610
276.900000000000000000,1.000000000000000000,1.000000000000000000,275.900000000000000000,275.900000000000000000,1.003624501631025733,1.003624501631025733,0.003624501631025733,0.003624501631025733
277.900000000000000000,1.000000000000000000,1.000000000000000000,276.900000000000000000,276.900000000000000000,1.003611412062116287,1.003611412062116287,0.003611412062116287,0.003611412062116287
278.900000000000000000,1.000000000000000000,1.000000000000000000,277.900000000000000000,277.900000000000000000,1.003598416696653472,1.003598416696653472,0.003598416696653472,0.003598416696653472
279.900000000000000000,1.000000000000000000,1.000000000000000000,278.900000000000000000,278.900000000000000000,1.003585514521333811,1.003585514521333811,0.003585514521333811,0.003585514521333811
280.900000000000000000,1.000000000000000000,1.000000000000000000,279.900000000000000000,279.900000000000000000,1.003572704537334762,1.003572704537334762,0.003572704537334762,0.003572704537334762
281.900000000000000000,1.000000000000000000,1.000000000000000000,280.900000000000000000,280.900000000000000000,1.003559985760056959,1.003559985760056959,0.003559985760056959,0.003559985760056959
282.900000000000000000,1.000000000000000000,1.000000000000000000,281.900000000000000000,281.900000000000000000,1.003547357218871940,1.003547357218871940,0.003547357218871940,0.003547357218871940
283.900000000000000000,1.000000000000000000,1.000000000000000000,282.900000000000000000,282.900000000000000000,1.003534817956875220,1.003534817956875220,0.003534817956875220,0.003534817956875220
284.900000000000000000,1.000000000000000000,1.000000000000000000,283.900000000000000000,283.900000000000000000,1.003522367030644593,1.003522367030644593,0.003522367030644593,0.003522367030644593
285.900000000000000000,1.000000000000000000,1.000000000000000000,284.900000000000000000,284.900000000000000000,1.003510003510003510,1.003510003510003510,0.003510003510003510,0.003510003510003510
286.900000000000000000,1.000000000000000000,1.000000000000000000,285.900000000000000000,285.900000000000000000,1.003497726477789436,1.003497726477789436,0.003497726477789436,0.003497726477789436
287.900000000000000000,1.000000000000000000,1.000000000000000000,286.900000000000000000,286.900000000000000000,1.003485535029627047,1.003485535029627047,0.003485535029627047,0.003485535029627047
288.900000000000000000,1.000000000000000000,1.000000000000000000,287.900000000000000000,287.900000000000000000,1.003473428273706147,1.003473428273706147,0.003473428273706147,0.003473428273706147
289.900000000000000000,1.000000000000000000,1.000000000000000000,288.900000000000000000,288.900000000000000000,1.003461405330564209,1.003461405330564209,0.003461405330564209,0.003461405330564209
290.900000000000000000,1.000000000000000000,1.000000000000000000,289.900000000000000000,289.900000000000000000,1.003449465332873404,1.003449465332873404,0.003449465332873404,0.003449465332873404
291.900000000000000000,1.000000000000000000,1.000000000000000000,290.900000000000000000,290.900000000000000000,1.003437607425232038,1.003437607425232038,0.003437607425232038,0.003437607425232038
292.900000000000000000,1.000000000000000000,1.000000000000000000,291.900000000000000000,291.900000000000000000,1.003425830763960260,1.003425830763960260,0.003425830763960260,0.003425830763960260
293.900000000000000000,1.000000000000000000,1.000000000000000000,292.900000000000000000,292.900000000000000000,1.003414134516899965,1.003414134516899965,0.003414134516899965,0.003414134516899965
294.900000000000000000,1.000000000000000000,1.000000000000000000,293.900000000000000000,293.900000000000000000,1.003402517863218781,1.003402517863218781,0.003402517863218781,0.003402517863218781
295.900000000000000000,1.000000000000000000,1.000000000000000000,294.900000000000000000,294.900000000000000000,1.003390979993218040,1.003390979993218040,0.003390979993218040,0.003390979993218040
296.900000000000000000,1.000000000000000000,1.000000000000000000,295.900000000000000000,295.900000000000000000,1.003379520108144643,1.003379520108144643,0.003379520108144643,0.003379520108144643
297.900000000000000000,1.000000000000000000,1.000000000000000000,296.900000000000000000,296.900000000000000000,1.003368137420006736,1.003368137420006736,0.003368137420006736,0.003368137420006736
298.900000000000000000,1.000000000000000000,1.000000000000000000,297.900000000000000000,297.900000000000000000,1.003356831151393084,1.003356831151393084,0.003356831151393084,0.003356831151393084
299.900000000000000000,1.000000000000000000,1.000000000000000000,298.900000000000000000,298.900000000000000000,1.003345600535296085,1.003345600535296085,0.003345600535296085,0.003345600535296085
300.900000000000000000,1.000000000000000000,1.000000000000000000,299.900000000000000000,299.900000000000000000,1.003334444814938312,1.003334444814938312,0.003334444814938312,0.003334444814938312
301.900000000000000000,1.000000000000000000,1.000000000000000000,300.900000000000000000,300.900000000000000000,1.003323363243602525,1.003323363243602525,0.003323363243602525,0.003323363243602525
302.900000000000000000,1.000000000000000000,1.000000000000000000,301.900000000000000000,301.900000000000000000,1.003312355084465054,1.003312355084465054,0.003312355084465054,0.003312355084465054
303.900000000000000000,1.000000000000000000,1.000000000000000000,302.900000000000000000,302.900000000000000000,1.003301419610432485,1.003301419610432485,0.003301419610432485,0.003301419610432485
304.900000000000000000,1.000000000000000000,1.000000000000000000,303.900000000000000000,303.900000000000000000,1.003290556103981572,1.003290556103981572,0.003290556103981572,0.003290556103981572
305.900000000000000000,1.000000000000000000,1.000000000000000000,304.900000000000000000,304.900000000000000000,1.003279763857002295,1.003279763857002295,0.003279763857002295,0.003279763857002295
306.900000000000000000,1.000000000000000000,1.000000000000000000,305.900000000000000000,305.900000000000000000,1.003269042170644001,1.003269042170644001,0.003269042170644001,0.003269042170644001
307.900000000000000000,1.000000000000000000,1.000000000000000000,306.900000000000000000,306.900000000000000000,1.003258390355164548,1.003258390355164548,0.003258390355164548,0.003258390355164548
308.900000000000000000,1.000000000000000000,1.000000000000000000,307.900000000000000000,307.900000000000000000,1.003247807729782396,1.003247807729782396,0.003247807729782396,0.003247807729782396
309.900000000000000000,1.000000000000000000,1.000000000000000000,308.900000000000000000,308.900000000000000000,1.003237293622531563,1.003237293622531563,0.003237293622531563,0.003237293622531563
310.900000000000000000,1.000000000000000000,1.000000000000000000,309.900000000000000000,309.900000000000000000,1.003226847370119393,1.003226847370119393,0.003226847370119393,0.003226847370119393
311.900000000000000000,1.000000000000000000,1.000000000000000000,310.900000000000000000,310.900000000000000000,1.003216468317787069,1.003216468317787069,0.003216468317787069,0.003216468317787069
312.900000000000000000,1.000000000000000000,1.000000000000000000,311.900000000000000000,311.900000000000000000,1.003206155819172811,1.003206155819172811,0.003206155819172811,0.003206155819172811
313.900000000000000000,1.000000000000000000,1.000000000000000000,312.900000000000000000,312.900000000000000000,1.003195909236177692,1.003195909236177692,0.003195909236177692,0.003195909236177692
314.900000000000000000,1.000000000000000000,1.000000000000000000,313.900000000000000000,313.900000000000000000,1.003185727938834023,1.003185727938834023,0.003185727938834023,0.003185727938834023
315.900000000000000000,1.000000000000000000,1.000000000000000000,314.900000000000000000,314.900000000000000000,1.003175611305176246,1.003175611305176246,0.003175611305176246,0.003175611305176246
316.900000000000000000,1.000000000000000000,1.000000000000000000,315.900000000000000000,315.900000000000000000,1.003165558721114276,1.003165558721114276,0.003165558721114276,0.003165558721114276
317.900000000000000000,1.000000000000000000,1.000000000000000000,316.900000000000000000,316.900000000000000000,1.003155569580309245,1.003155569580309245,0.003155569580309245,0.003155569580309245
318.900000000000000000,1.000000000000000000,1.000000000000000000,317.900000000000000000,317.900000000000000000,1.003145643284051588,1.003145643284051588,0.003145643284051588,0.003145643284051588
319.900000000000000000,1.000000000000000000,1.000000000000000000,318.900000000000000000,318.900000000000000000,1.003135779241141423,1.003135779241141423,0.003135779241141423,0.003135779241141423
320.900000000000000000,1.000000000000000000,1.000000000000000000,319.900000000000000000,319.900000000000000000,1.003125976867771178,1.003125976867771178,0.003125976867771178,0.003125976867771178
321.900000000000000000,1.000000000000000000,1.000000000000000000,320.900000000000000000,320.900000000000000000,1.003116235587410408,1.003116235587410408,0.003116235587410408,0.003116235587410408
322.900000000000000000,1.000000000000000000,1.000000000000000000,321.900000000000000000,321.900000000000000000,1.003106554830692761,1.003106554830692761,0.003106554830692761,0.003106554830692761
323.900000000000000000,1.000000000000000000,1.000000000000000000,322.900000000000000000,322.900000000000000000,1.003096934035305048,1.003096934035305048,0.003096934035305048,0.003096934035305048
324.900000000000000000,1.000000000000000000,1.000000000000000000,323.900000000000000000,323.900000000000000000,1.003087372645878357,1.003087372645878357,0.003087372645878357,0.003087372645878357
325.900000000000000000,1.000000000000000000,1.000000000000000000,324.900000000000000000,324.900000000000000000,1.003077870113881194,1.003077870113881194,0.003077870113881194,0.003077870113881194
326.900000000000000000,1.000000000000000000,1.000000000000000000,325.900000000000000000,325.900000000000000000,1.003068425897514575,1.003068425897514575,0.003068425897514575,0.003068425897514575
327.900000000000000000,1.000000000000000000,1.000000000000000000,326.900000000000000000,326.900000000000000000,1.003059039461609054,1.003059039461609054,0.003059039461609054,0.003059039461609054
328.900000000000000000,1.000000000000000000,1.000000000000000000,327.900000000000000000,327.900000000000000000,1.003049710277523635,1.003049710277523635,0.003049710277523635,0.003049710277523635
329.900000000000000000,1.000000000000000000,1.000000000000000000,328.900000000000000000,328.900000000000000000,1.003040437823046518,1.003040437823046518,0.003040437823046518,0.003040437823046518
330.900000000000000000,1.000000000000000000,1.000000000000000000,329.900000000000000000,329.900000000000000000,1.003031221582297665,1.003031221582297665,0.003031221582297665,0.003031221582297665
331.900000000000000000,1.000000000000000000,1.000000000000000000,330.900000000000000000,330.900000000000000000,1.003022061045633121,1.003022061045633121,0.003022061045633121,0.003022061045633121
332.900000000000000000,1.000000000000000000,1.000000000000000000,331.900000000000000000,331.900000000000000000,1.003012955709551069,1.003012955709551069,0.003012955709551069,0.003012955709551069
333.900000000000000000,1.000000000000000000,1.000000000000000000,332.900000000000000000,332.900000000000000000,1.003003905076599579,1.003003905076599579,0.003003905076599579,0.003003905076599579
334.900000000000000000,1.000000000000000000,1.000000000000000000,333.900000000000000000,333.900000000000000000,1.002994908655286013,1.002994908655286013,0.002994908655286013,0.002994908655286013
335.900000000000000000,1.000000000000000000,1.000000000000000000,334.900000000000000000,334.900000000000000000,1.002985965959988056,1.002985965959988056,0.002985965959988056,0.002985965959988056
336.900000000000000000,1.000000000000000000,1.000000000000000000,335.900000000000000000,335.900000000000000000,1.002977076510866329,1.002977076510866329,0.002977076510866329,0.002977076510866329
337.900000000000000000,1.000000000000000000,1.000000000000000000,336.900000000000000000,336.900000000000000000,1.002968239833778569,1.002968239833778569,0.002968239833778569,0.002968239833778569
338.900000000000000000,1.000000000000000000,1.000000000000000000,337.900000000000000000,337.900000000000000000,1.002959455460195324,1.002959455460195324,0.002959455460195324,0.002959455460195324
339.900000000000000000,1.000000000000000000,1.000000000000000000,338.900000000000000000,338.900000000000000000,1.002950722927117143,1.002950722927117143,0.002950722927117143,0.002950722927117143
340.900000000000000000,1.000000000000000000,1.000000000000000000,339.900000000000000000,339.900000000000000000,1.002942041776993233,1.002942041776993233,0.002942041776993233,0.002942041776993233
341.900000000000000000,1.000000000000000000,1.000000000000000000,340.900000000000000000,340.900000000000000000,1.002933411557641537,1.002933411557641537,0.002933411557641537,0.002933411557641537
342.900000000000000000,1.000000000000000000,1.000000000000000000,341.900000000000000000,341.900000000000000000,1.002924831822170225,1.002924831822170225,0.002924831822170225,0.002924831822170225
343.900000000000000000,1.000000000000000000,1.000000000000000000,342.900000000000000000,342.900000000000000000,1.002916302128900554,1.002916302128900554,0.002916302128900554,0.002916302128900554
344.900000000000000000,1.000000000000000000,1.000000000000000000,343.900000000000000000,343.900000000000000000,1.002907822041291072,1.002907822041291072,0.002907822041291072,0.002907822041291072
345.900000000000000000,1.000000000000000000,1.000000000000000000,344.900000000000000000,344.900000000000000000,1.002899391127863148,1.002899391127863148,0.002899391127863148,0.002899391127863148
346.900000000000000000,1.000000000000000000,1.000000000000000000,345.900000000000000000,345.900000000000000000,1.002891008962127782,1.002891008962127782,0.002891008962127782,0.002891008962127782
347.900000000000000000,1.000000000000000000,1.000000000000000000,346.900000000000000000,346.900000000000000000,1.002882675122513692,1.002882675122513692,0.002882675122513692,0.002882675122513692
348.900000000000000000,1.000000000000000000,1.000000000000000000,347.900000000000000000,347.900000000000000000,1.002874389192296636,1.002874389192296636,0.002874389192296636,0.002874389192296636
349.900000000000000000,1.000000000000000000,1.000000000000000000,348.900000000000000000,348.900000000000000000,1.002866150759529951,1.002866150759529951,0.002866150759529951,0.002866150759529951
350.900000000000000000,1.000000000000000000,1.000000000000000000,349.900000000000000000,349.900000000000000000,1.002857959416976278,1.002857959416976278,0.002857959416976278,0.002857959416976278
351.900000000000000000,1.000000000000000000,1.000000000000000000,350.900000000000000000,350.900000000000000000,1.002849814762040467,1.002849814762040467,0.002849814762040467,0.002849814762040467
352.900000000000000000,1.000000000000000000,1.000000000000000000,351.900000000000000000,351.900000000000000000,1.002841716396703608,1.002841716396703608,0.002841716396703608,0.002841716396703608
353.900000000000000000,1.000000000000000000,1.000000000000000000,352.900000000000000000,352.900000000000000000,1.002833663927458203,1.002833663927458203,0.002833663927458203,0.002833663927458203
354.900000000000000000,1.000000000000000000,1.000000000000000000,353.900000000000000000,353.900000000000000000,1.002825656965244419,1.002825656965244419,0.002825656965244419,0.002825656965244419
355.900000000000000000,1.000000000000000000,1.000000000000000000,354.900000000000000000,354.900000000000000000,1.002817695125387433,1.002817695125387433,0.002817695125387433,0.002817695125387433
356.900000000000000000,1.000000000000000000,1.000000000000000000,355.900000000000000000,355.900000000000000000,1.002809778027535824,1.002809778027535824,0.002809778027535824,0.002809778027535824
357.900000000000000000,1.000000000000000000,1.000000000000000000,356.900000000000000000,356.900000000000000000,1.002801905295601008,1.002801905295601008,0.002801905295601008,0.002801905295601008
358.900000000000000000,1.000000000000000000,1.000000000000000000,357.900000000000000000,357.900000000000000000,1.002794076557697680,1.002794076557697680,0.002794076557697680,0.002794076557697680
359.900000000000000000,1.000000000000000000,1.000000000000000000,358.900000000000000000,358.900000000000000000,1.002786291446085260,1.002786291446085260,0.002786291446085260,0.002786291446085260
360.900000000000000000,1.000000000000000000,1.000000000000000000,359.900000000000000000,359.900000000000000000,1.002778549597110308,1.002778549597110308,0.002778549597110308,0.002778549597110308
361.900000000000000000,1.000000000000000000,1.000000000000000000,360.900000000000000000,360.900000000000000000,1.002770850651149903,1.002770850651149903,0.002770850651149903,0.002770850651149903
362.900000000000000000,1.000000000000000000,1.000000000000000000,361.900000000000000000,361.900000000000000000,1.002763194252555954,1.002763194252555954,0.002763194252555954,0.002763194252555954
363.900000000000000000,1.000000000000000000,1.000000000000000000,362.900000000000000000,362.900000000000000000,1.002755580049600440,1.002755580049600440,0.002755580049600440,0.002755580049600440
364.900000000000000000,1.000000000000000000,1.000000000000000000,363.900000000000000000,363.900000000000000000,1.002748007694421544,1.002748007694421544,0.002748007694421544,0.002748007694421544
365.900000000000000000,1.000000000000000000,1.000000000000000000,364.900000000000000000,364.900000000000000000,1.002740476842970676,1.002740476842970676,0.002740476842970676,0.002740476842970676
366.900000000000000000,1.000000000000000000,1.000000000000000000,365.900000000000000000,365.900000000000000000,1.002732987154960371,1.002732987154960371,0.002732987154960371,0.002732987154960371
367.900000000000000000,1.000000000000000000,1.000000000000000000,366.900000000000000000,366.900000000000000000,1.002725538293813028,1.002725538293813028,0.002725538293813028,0.002725538293813028
368.900000000000000000,1.000000000000000000,1.000000000000000000,367.900000000000000000,367.900000000000000000,1.002718129926610491,1.002718129926610491,0.002718129926610491,0.002718129926610491
369.900000000000000000,1.000000000000000000,1.000000000000000000,368.900000000000000000,368.900000000000000000,1.002710761724044456,1.002710761724044456,0.002710761724044456,0.002710761724044456
370.900000000000000000,1.000000000000000000,1.000000000000000000,369.900000000000000000,369.900000000000000000,1.002703433360367666,1.002703433360367666,0.002703433360367666,0.002703433360367666
371.900000000000000000,1.000000000000000000,1.000000000000000000,370.900000000000000000,370.900000000000000000,1.002696144513345915,1.002696144513345915,0.002696144513345915,0.002696144513345915
372.900000000000000000,1.000000000000000000,1.000000000000000000,371.900000000000000000,371.900000000000000000,1.002688894864210809,1.002688894864210809,0.002688894864210809,0.002688894864210809
373.900000000000000000,1.000000000000000000,1.000000000000000000,372.900000000000000000,372.900000000000000000,1.002681684097613301,1.002681684097613301,0.002681684097613301,0.002681684097613301
374.900000000000000000,1.000000000000000000,1.000000000000000000,373.900000000000000000,373.900000000000000000,1.002674511901577962,1.002674511901577962,0.002674511901577962,0.002674511901577962
375.900000000000000000,1.000000000000000000,1.000000000000000000,374.900000000000000000,374.900000000000000000,1.002667377967457988,1.002667377967457988,0.002667377967457988,0.002667377967457988
376.900000000000000000,1.000000000000000000,1.000000000000000000,375.900000000000000000,375.900000000000000000,1.002660281989890928,1.002660281989890928,0.002660281989890928,0.002660281989890928
377.900000000000000000,1.000000000000000000,1.000000000000000000,376.900000000000000000,376.900000000000000000,1.002653223666755107,1.002653223666755107,0.002653223666755107,0.002653223666755107
378.900000000000000000,1.000000000000000000,1.000000000000000000,377.900000000000000000,377.900000000000000000,1.002646202699126753,1.002646202699126753,0.002646202699126753,0.002646202699126753
379.900000000000000000,1.000000000000000000,1.000000000000000000,378.900000000000000000,378.900000000000000000,1.002639218791237793,1.002639218791237793,0.002639218791237793,0.002639218791237793
380.900000000000000000,1.000000000000000000,1.000000000000000000,379.900000000000000000,379.900000000000000000,1.002632271650434324,1.002632271650434324,0.002632271650434324,0.002632271650434324
381.900000000000000000,1.000000000000000000,1.000000000000000000,380.900000000000000000,380.900000000000000000,1.002625360987135731,1.002625360987135731,0.002625360987135731,0.002625360987135731
382.900000000000000000,1.000000000000000000,1.000000000000000000,381.900000000000000000,381.900000000000000000,1.002618486514794448,1.002618486514794448,0.002618486514794448,0.002618486514794448
383.900000000000000000,1.000000000000000000,1.000000000000000000,382.900000000000000000,382.900000000000000000,1.002611647949856359,1.002611647949856359,0.002611647949856359,0.002611647949856359
384.900000000000000000,1.000000000000000000,1.000000000000000000,383.900000000000000000,383.900000000000000000,1.002604845011721802,1.002604845011721802,0.002604845011721802,0.002604845011721802
385.900000000000000000,1.000000000000000000,1.000000000000000000,384.900000000000000000,384.900000000000000000,1.002598077422707196,1.002598077422707196,0.002598077422707196,0.002598077422707196
386.900000000000000000,1.000000000000000000,1.000000000000000000,385.900000000000000000,385.900000000000000000,1.002591344908007255,1.002591344908007255,0.002591344908007255,0.002591344908007255
387.900000000000000000,1.000000000000000000,1.000000000000000000,386.900000000000000000,386.900000000000000000,1.002584647195657792,1.002584647195657792,0.002584647195657792,0.002584647195657792
388.900000000000000000,1.000000000000000000,1.000000000000000000,387.900000000000000000,387.900000000000000000,1.002577984016499097,1.002577984016499097,0.002577984016499097,0.002577984016499097
389.900000000000000000,1.000000000000000000,1.000000000000000000,388.900000000000000000,388.900000000000000000,1.002571355104139881,1.002571355104139881,0.002571355104139881,0.002571355104139881
390.900000000000000000,1.000000000000000000,1.000000000000000000,389.900000000000000000,389.900000000000000000,1.002564760194921774,1.002564760194921774,0.002564760194921774,0.002564760194921774
391.900000000000000000,1.000000000000000000,1.000000000000000000,390.900000000000000000,390.900000000000000000,1.002558199027884369,1.002558199027884369,0.002558199027884369,0.002558199027884369
392.900000000000000000,1.000000000000000000,1.000000000000000000,391.900000000000000000,391.900000000000000000,1.002551671344730798,1.002551671344730798,0.002551671344730798,0.002551671344730798
393.900000000000000000,1.000000000000000000,1.000000000000000000,392.900000000000000000,392.900000000000000000,1.002545176889793840,1.002545176889793840,0.002545176889793840,0.002545176889793840
394.900000000000000000,1.000000000000000000,1.000000000000000000,393.900000000000000000,393.900000000000000000,1.002538715410002538,1.002538715410002538,0.002538715410002538,0.002538715410002538
395.900000000000000000,1.000000000000000000,1.000000000000000000,394.900000000000000000,394.900000000000000000,1.002532286654849328,1.002532286654849328,0.002532286654849328,0.002532286654849328
396.900000000000000000,1.000000000000000000,1.000000000000000000,395.900000000000000000,395.900000000000000000,1.002525890376357666,1.002525890376357666,0.002525890376357666,0.002525890376357666
397.900000000000000000,1.000000000000000000,1.000000000000000000,396.900000000000000000,396.900000000000000000,1.002519526329050138,1.002519526329050138,0.002519526329050138,0.002519526329050138
398.900000000000000000,1.000000000000000000,1.000000000000000000,397.900000000000000000,397.900000000000000000,1.002513194269917064,1.002513194269917064,0.002513194269917064,0.002513194269917064
399.900000000000000000,1.000000000000000000,1.000000000000000000,398.900000000000000000,398.900000000000000000,1.002506893958385560,1.002506893958385560,0.002506893958385560,0.002506893958385560
400.900000000000000000,1.000000000000000000,1.000000000000000000,399.900000000000000000,399.900000000000000000,1.002500625156289072,1.002500625156289072,0.002500625156289072,0.002500625156289072
401.900000000000000000,1.000000000000000000,1.000000000000000000,400.900000000000000000,400.900000000000000000,1.002494387627837365,1.002494387627837365,0.002494387627837365,0.002494387627837365
402.900000000000000000,1.000000000000000000,1.000000000000000000,401.900000000000000000,401.900000000000000000,1.002488181139586961,1.002488181139586961,0.002488181139586961,0.002488181139586961
403.900000000000000000,1.000000000000000000,1.000000000000000000,402.900000000000000000,402.900000000000000000,1.002482005460412012,1.002482005460412012,0.002482005460412012,0.002482005460412012
404.900000000000000000,1.000000000000000000,1.000000000000000000,403.900000000000000000,403.900000000000000000,1.002475860361475612,1.002475860361475612,0.002475860361475612,0.002475860361475612
405.900000000000000000,1.000000000000000000,1.000000000000000000,404.900000000000000000,404.900000000000000000,1.002469745616201531,1.002469745616201531,0.002469745616201531,0.002469745616201531
406.900000000000000000,1.000000000000000000,1.000000000000000000,405.900000000000000000,405.900000000000000000,1.002463661000246366,1.002463661000246366,0.002463661000246366,0.002463661000246366
407.900000000000000000,1.000000000000000000,1.000000000000000000,406.900000000000000000,406.900000000000000000,1.002457606291472106,1.002457606291472106,0.002457606291472106,0.002457606291472106
408.900000000000000000,1.000000000000000000,1.000000000000000000,407.900000000000000000,407.900000000000000000,1.002451581269919097,1.002451581269919097,0.002451581269919097,0.002451581269919097
409.900000000000000000,1.000000000000000000,1.000000000000000000,408.900000000000000000,408.900000000000000000,1.002445585717779408,1.002445585717779408,0.002445585717779408,0.002445585717779408
410.900000000000000000,1.000000000000000000,1.000000000000000000,409.900000000000000000,409.900000000000000000,1.002439619419370578,1.002439619419370578,0.002439619419370578,0.002439619419370578
411.900000000000000000,1.000000000000000000,1.000000000000000000,410.900000000000000000,410.900000000000000000,1.002433682161109759,1.002433682161109759,0.002433682161109759,0.002433682161109759
412.900000000000000000,1.000000000000000000,1.000000000000000000,411.900000000000000000,411.900000000000000000,1.002427773731488225,1.002427773731488225,0.002427773731488225,0.002427773731488225
413.900000000000000000,1.000000000000000000,1.000000000000000000,412.900000000000000000,412.900000000000000000,1.002421893921046258,1.002421893921046258,0.002421893921046258,0.002421893921046258
414.900000000000000000,1.000000000000000000,1.000000000000000000,413.900000000000000000,413.900000000000000000,1.002416042522348393,1.002416042522348393,0.002416042522348393,0.002416042522348393
415.900000000000000000,1.000000000000000000,1.000000000000000000,414.900000000000000000,414.900000000000000000,1.002410219329959026,1.002410219329959026,0.002410219329959026,0.002410219329959026
416.900000000000000000,1.000000000000000000,1.000000000000000000,415.900000000000000000,415.900000000000000000,1.002404424140418369,1.002404424140418369,0.002404424140418369,0.002404424140418369
417.900000000000000000,1.000000000000000000,1.000000000000000000,416.900000000000000000,416.900000000000000000,1.002398656752218757,1.002398656752218757,0.002398656752218757,0.002398656752218757
418.900000000000000000,1.000000000000000000,1.000000000000000000,417.900000000000000000,417.900000000000000000,1.002392916965781287,1.002392916965781287,0.002392916965781287,0.002392916965781287
419.900000000000000000,1.000000000000000000,1.000000000000000000,418.900000000000000000,418.900000000000000000,1.002387204583432800,1.002387204583432800,0.002387204583432800,0.002387204583432800
420.900000000000000000,1.000000000000000000,1.000000000000000000,419.900000000000000000,419.900000000000000000,1.002381519409383186,1.002381519409383186,0.002381519409383186,0.002381519409383186
421.900000000000000000,1.000000000000000000,1.000000000000000000,420.900000000000000000,420.900000000000000000,1.002375861249703017,1.002375861249703017,0.002375861249703017,0.002375861249703017
422.900000000000000000,1.000000000000000000,1.000000000000000000,421.900000000000000000,421.900000000000000000,1.002370229912301493,1.002370229912301493,0.002370229912301493,0.002370229912301493
423.900000000000000000,1.000000000000000000,1.000000000000000000,422.900000000000000000,422.900000000000000000,1.002364625206904705,1.002364625206904705,0.002364625206904705,0.002364625206904705
424.900000000000000000,1.000000000000000000,1.000000000000000000,423.900000000000000000,423.900000000000000000,1.002359046945034206,1.002359046945034206,0.002359046945034206,0.002359046945034206
425.900000000000000000,1.000000000000000000,1.000000000000000000,424.900000000000000000,424.900000000000000000,1.002353494939985879,1.002353494939985879,0.002353494939985879,0.002353494939985879
426.900000000000000000,1.000000000000000000,1.000000000000000000,425.900000000000000000,425.900000000000000000,1.002347969006809110,1.002347969006809110,0.002347969006809110,0.002347969006809110
427.900000000000000000,1.000000000000000000,1.000000000000000000,426.900000000000000000,426.900000000000000000,1.002342468962286249,1.002342468962286249,0.002342468962286249,0.002342468962286249
428.900000000000000000,1.000000000000000000,1.000000000000000000,427.900000000000000000,427.900000000000000000,1.002336994624912362,1.002336994624912362,0.002336994624912362,0.002336994624912362
429.900000000000000000,1.000000000000000000,1.000000000000000000,428.900000000000000000,428.900000000000000000,1.002331545814875262,1.002331545814875262,0.002331545814875262,0.002331545814875262
430.900000000000000000,1.000000000000000000,1.000000000000000000,429.900000000000000000,429.900000000000000000,1.002326122354035822,1.002326122354035822,0.002326122354035822,0.002326122354035822
431.900000000000000000,1.000000000000000000,1.000000000000000000,430.900000000000000000,430.900000000000000000,1.002320724065908563,1.002320724065908563,0.002320724065908563,0.002320724065908563
432.900000000000000000,1.000000000000000000,1.000000000000000000,431.900000000000000000,431.900000000000000000,1.002315350775642509,1.002315350775642509,0.002315350775642509,0.002315350775642509
433.900000000000000000,1.000000000000000000,1.000000000000000000,432.900000000000000000,432.900000000000000000,1.002310002310002310,1.002310002310002310,0.002310002310002310,0.002310002310002310
434.900000000000000000,1.000000000000000000,1.000000000000000000,433.900000000000000000,433.900000000000000000,1.002304678497349619,1.002304678497349619,0.002304678497349619,0.002304678497349619
435.900000000000000000,1.000000000000000000,1.000000000000000000,434.900000000000000000,434.900000000000000000,1.002299379167624741,1.002299379167624741,0.002299379167624741,0.002299379167624741
436.900000000000000000,1.000000000000000000,1.000000000000000000,435.900000000000000000,435.900000000000000000,1.002294104152328515,1.002294104152328515,0.002294104152328515,0.002294104152328515
437.900000000000000000,1.000000000000000000,1.000000000000000000,436.900000000000000000,436.900000000000000000,1.002288853284504463,1.002288853284504463,0.002288853284504463,0.002288853284504463
438.900000000000000000,1.000000000000000000,1.000000000000000000,437.900000000000000000,437.900000000000000000,1.002283626398721169,1.002283626398721169,0.002283626398721169,0.002283626398721169
439.900000000000000000,1.000000000000000000,1.000000000000000000,438.900000000000000000,438.900000000000000000,1.002278423331054910,1.002278423331054910,0.002278423331054910,0.002278423331054910
440.900000000000000000,1.000000000000000000,1.000000000000000000,439.900000000000000000,439.900000000000000000,1.002273243919072516,1.002273243919072516,0.002273243919072516,0.002273243919072516
441.900000000000000000,1.000000000000000000,1.000000000000000000,440.900000000000000000,440.900000000000000000,1.002268088001814470,1.002268088001814470,0.002268088001814470,0.002268088001814470
442.900000000000000000,1.000000000000000000,1.000000000000000000,441.900000000000000000,441.900000000000000000,1.002262955419778230,1.002262955419778230,0.002262955419778230,0.002262955419778230
443.900000000000000000,1.000000000000000000,1.000000000000000000,442.900000000000000000,442.900000000000000000,1.002257846014901783,1.002257846014901783,0.002257846014901783,0.002257846014901783
444.900000000000000000,1.000000000000000000,1.000000000000000000,443.900000000000000000,443.900000000000000000,1.002252759630547420,1.002252759630547420,0.002252759630547420,0.002252759630547420
445.900000000000000000,1.000000000000000000,1.000000000000000000,444.900000000000000000,444.900000000000000000,1.002247696111485727,1.002247696111485727,0.002247696111485727,0.002247696111485727
446.900000000000000000,1.000000000000000000,1.000000000000000000,445.900000000000000000,445.900000000000000000,1.002242655303879793,1.002242655303879793,0.002242655303879793,0.002242655303879793
447.900000000000000000,1.000000000000000000,1.000000000000000000,446.900000000000000000,446.900000000000000000,1.002237637055269635,1.002237637055269635,0.002237637055269635,0.002237637055269635
448.900000000000000000,1.000000000000000000,1.000000000000000000,447.900000000000000000,447.900000000000000000,1.002232641214556820,1.002232641214556820,0.002232641214556820,0.002232641214556820
449.900000000000000000,1.000000000000000000,1.000000000000000000,448.900000000000000000,448.900000000000000000,1.002227667631989307,1.002227667631989307,0.002227667631989307,0.002227667631989307
450.900000000000000000,1.000000000000000000,1.000000000000000000,449.900000000000000000,449.900000000000000000,1.002222716159146476,1.002222716159146476,0.002222716159146476,0.002222716159146476
451.900000000000000000,1.000000000000000000,1.000000000000000000,450.900000000000000000,450.900000000000000000,1.002217786648924373,1.002217786648924373,0.002217786648924373,0.002217786648924373
452.900000000000000000,1.000000000000000000,1.000000000000000000,451.900000000000000000,451.900000000000000000,1.002212878955521132,1.002212878955521132,0.002212878955521132,0.002212878955521132
453.900000000000000000,1.000000000000000000,1.000000000000000000,452.900000000000000000,452.900000000000000000,1.002207992934422609,1.002207992934422609,0.002207992934422609,0.002207992934422609
454.900000000000000000,1.000000000000000000,1.000000000000000000,453.900000000000000000,453.900000000000000000,1.002203128442388191,1.002203128442388191,0.002203128442388191,0.002203128442388191
455.900000000000000000,1.000000000000000000,1.000000000000000000,454.900000000000000000,454.900000000000000000,1.002198285337436799,1.002198285337436799,0.002198285337436799,0.002198285337436799
456.900000000000000000,1.000000000000000000,1.000000000000000000,455.900000000000000000,455.900000000000000000,1.002193463478833077,1.002193463478833077,0.002193463478833077,0.002193463478833077
457.900000000000000000,1.000000000000000000,1.000000000000000000,456.900000000000000000,456.900000000000000000,1.002188662727073757,1.002188662727073757,0.002188662727073757,0.002188662727073757
458.900000000000000000,1.000000000000000000,1.000000000000000000,457.900000000000000000,457.900000000000000000,1.002183882943874208,1.002183882943874208,0.002183882943874208,0.002183882943874208
459.900000000000000000,1.000000000000000000,1.000000000000000000,458.900000000000000000,458.900000000000000000,1.002179123992155153,1.002179123992155153,0.002179123992155153,0.002179123992155153
460.900000000000000000,1.000000000000000000,1.000000000000000000,459.900000000000000000,459.900000000000000000,1.002174385736029571,1.002174385736029571,0.002174385736029571,0.002174385736029571
461.900000000000000000,1.000000000000000000,1.000000000000000000,460.900000000000000000,460.900000000000000000,1.002169668040789759,1.002169668040789759,0.002169668040789759,0.002169668040789759
462.900000000000000000,1.000000000000000000,1.000000000000000000,461.900000000000000000,461.900000000000000000,1.002164970772894565,1.002164970772894565,0.002164970772894565,0.002164970772894565
463.900000000000000000,1.000000000000000000,1.000000000000000000,462.900000000000000000,462.900000000000000000,1.002160293799956794,1.002160293799956794,0.002160293799956794,0.002160293799956794
464.900000000000000000,1.000000000000000000,1.000000000000000000,463.900000000000000000,463.900000000000000000,1.002155636990730760,1.002155636990730760,0.002155636990730760,0.002155636990730760
465.900000000000000000,1.000000000000000000,1.000000000000000000,464.900000000000000000,464.900000000000000000,1.002151000215100021,1.002151000215100021,0.002151000215100021,0.002151000215100021
466.900000000000000000,1.000000000000000000,1.000000000000000000,465.900000000000000000,465.900000000000000000,1.002146383344065250,1.002146383344065250,0.002146383344065250,0.002146383344065250
467.900000000000000000,1.000000000000000000,1.000000000000000000,466.900000000000000000,466.900000000000000000,1.002141786249732276,1.002141786249732276,0.002141786249732276,0.002141786249732276
468.900000000000000000,1.000000000000000000,1.000000000000000000,467.900000000000000000,467.900000000000000000,1.002137208805300277,1.002137208805300277,0.002137208805300277,0.002137208805300277
469.900000000000000000,1.000000000000000000,1.000000000000000000,468.900000000000000000,468.900000000000000000,1.002132650885050117,1.002132650885050117,0.002132650885050117,0.002132650885050117
470.900000000000000000,1.000000000000000000,1.000000000000000000,469.900000000000000000,469.900000000000000000,1.002128112364332836,1.002128112364332836,0.002128112364332836,0.002128112364332836
471.900000000000000000,1.000000000000000000,1.000000000000000000,470.900000000000000000,470.900000000000000000,1.002123593119558292,1.002123593119558292,0.002123593119558292,0.002123593119558292
472.900000000000000000,1.000000000000000000,1.000000000000000000,471.900000000000000000,471.900000000000000000,1.002119093028183937,1.002119093028183937,0.002119093028183937,0.002119093028183937
473.900000000000000000,1.000000000000000000,1.000000000000000000,472.900000000000000000,472.900000000000000000,1.002114611968703742,1.002114611968703742,0.002114611968703742,0.002114611968703742
474.900000000000000000,1.000000000000000000,1.000000000000000000,473.900000000000000000,473.900000000000000000,1.002110149820637265,1.002110149820637265,0.002110149820637265,0.002110149820637265
475.900000000000000000,1.000000000000000000,1.000000000000000000,474.900000000000000000,474.900000000000000000,1.002105706464518846,1.002105706464518846,0.002105706464518846,0.002105706464518846
476.900000000000000000,1.000000000000000000,1.000000000000000000,475.900000000000000000,475.900000000000000000,1.002101281781886951,1.002101281781886951,0.002101281781886951,0.002101281781886951
477.900000000000000000,1.000000000000000000,1.000000000000000000,476.900000000000000000,476.900000000000000000,1.002096875655273642,1.002096875655273642,0.002096875655273642,0.002096875655273642
478.900000000000000000,1.000000000000000000,1.000000000000000000,477.900000000000000000,477.900000000000000000,1.002092487968194182,1.002092487968194182,0.002092487968194182,0.002092487968194182
479.900000000000000000,1.000000000000000000,1.000000000000000000,478.900000000000000000,478.900000000000000000,1.002088118605136771,1.002088118605136771,0.002088118605136771,0.002088118605136771
480.900000000000000000,1.000000000000000000,1.000000000000000000,479.900000000000000000,479.900000000000000000,1.002083767451552406,1.002083767451552406,0.002083767451552406,0.002083767451552406
481.900000000000000000,1.000000000000000000,1.000000000000000000,480.900000000000000000,480.900000000000000000,1.002079434393844874,1.002079434393844874,0.002079434393844874,0.002079434393844874
482.900000000000000000,1.000000000000000000,1.000000000000000000,481.900000000000000000,481.900000000000000000,1.002075119319360863,1.002075119319360863,0.002075119319360863,0.002075119319360863
483.900000000000000000,1.000000000000000000,1.000000000000000000,482.900000000000000000,482.900000000000000000,1.002070822116380202,1.002070822116380202,0.002070822116380202,0.002070822116380202
484.900000000000000000,1.000000000000000000,1.000000000000000000,483.900000000000000000,483.900000000000000000,1.002066542674106220,1.002066542674106220,0.002066542674106220,0.002066542674106220
485.900000000000000000,1.000000000000000000,1.000000000000000000,484.900000000000000000,484.900000000000000000,1.002062280882656217,1.002062280882656217,0.002062280882656217,0.002062280882656217
486.900000000000000000,1.000000000000000000,1.000000000000000000,485.900000000000000000,485.900000000000000000,1.002058036633052068,1.002058036633052068,0.002058036633052068,0.002058036633052068
487.900000000000000000,1.000000000000000000,1.000000000000000000,486.900000000000000000,486.900000000000000000,1.002053809817210926,1.002053809817210926,0.002053809817210926,0.002053809817210926
488.900000000000000000,1.000000000000000000,1.000000000000000000,487.900000000000000000,487.900000000000000000,1.002049600327936052,1.002049600327936052,0.002049600327936052,0.002049600327936052
489.900000000000000000,1.000000000000000000,1.000000000000000000,488.900000000000000000,488.900000000000000000,1.002045408058907752,1.002045408058907752,0.002045408058907752,0.002045408058907752
490.900000000000000000,1.000000000000000000,1.000000000000000000,489.900000000000000000,489.900000000000000000,1.002041232904674423,1.002041232904674423,0.002041232904674423,0.002041232904674423
491.900000000000000000,1.000000000000000000,1.000000000000000000,490.900000000000000000,490.900000000000000000,1.002037074760643715,1.002037074760643715,0.002037074760643715,0.002037074760643715
492.900000000000000000,1.000000000000000000,1.000000000000000000,491.900000000000000000,491.900000000000000000,1.002032933523073795,1.002032933523073795,0.002032933523073795,0.002032933523073795
493.900000000000000000,1.000000000000000000,1.000000000000000000,492.900000000000000000,492.900000000000000000,1.002028809089064719,1.002028809089064719,0.002028809089064719,0.002028809089064719
494.900000000000000000,1.000000000000000000,1.000000000000000000,493.900000000000000000,493.900000000000000000,1.002024701356549908,1.002024701356549908,0.002024701356549908,0.002024701356549908
495.900000000000000000,1.000000000000000000,1.000000000000000000,494.900000000000000000,494.900000000000000000,1.002020610224287734,1.002020610224287734,0.002020610224287734,0.002020610224287734
496.900000000000000000,1.000000000000000000,1.000000000000000000,495.900000000000000000,495.900000000000000000,1.002016535591853196,1.002016535591853196,0.002016535591853196,0.002016535591853196
497.900000000000000000,1.000000000000000000,1.000000000000000000,496.900000000000000000,496.900000000000000000,1.002012477359629704,1.002012477359629704,0.002012477359629704,0.002012477359629704
498.900000000000000000,1.000000000000000000,1.000000000000000000,497.900000000000000000,497.900000000000000000,1.002008435428800964,1.002008435428800964,0.002008435428800964,0.002008435428800964
499.900000000000000000,1.000000000000000000,1.000000000000000000,498.900000000000000000,498.900000000000000000,1.002004409701342954,1.002004409701342954,0.002004409701342954,0.002004409701342954
500.900000000000000000,1.000000000000000000,1.000000000000000000,499.900000000000000000,499.900000000000000000,1.002000400080016003,1.002000400080016003,0.002000400080016003,0.002000400080016003
501.900000000000000000,1.000000000000000000,1.000000000000000000,500.900000000000000000,500.900000000000000000,1.001996406468356957,1.001996406468356957,0.001996406468356957,0.001996406468356957
502.900000000000000000,1.000000000000000000,1.000000000000000000,501.900000000000000000,501.900000000000000000,1.001992428770671448,1.001992428770671448,0.001992428770671448,0.001992428770671448
503.900000000000000000,1.000000000000000000,1.000000000000000000,502.900000000000000000,502.900000000000000000,1.001988466892026247,1.001988466892026247,0.001988466892026247,0.001988466892026247
504.900000000000000000,1.000000000000000000,1.000000000000000000,503.900000000000000000,503.900000000000000000,1.001984520738241714,1.001984520738241714,0.001984520738241714,0.001984520738241714
505.900000000000000000,1.000000000000000000,1.000000000000000000,504.900000000000000000,504.900000000000000000,1.001980590215884333,1.001980590215884333,0.001980590215884333,0.001980590215884333
506.900000000000000000,1.000000000000000000,1.000000000000000000,505.900000000000000000,505.900000000000000000,1.001976675232259339,1.001976675232259339,0.001976675232259339,0.001976675232259339
507.900000000000000000,1.000000000000000000,1.000000000000000000,506.900000000000000000,506.900000000000000000,1.001972775695403432,1.001972775695403432,0.001972775695403432,0.001972775695403432
508.900000000000000000,1.000000000000000000,1.000000000000000000,507.900000000000000000,507.900000000000000000,1.001968891514077574,1.001968891514077574,0.001968891514077574,0.001968891514077574
509.900000000000000000,1.000000000000000000,1.000000000000000000,508.900000000000000000,508.900000000000000000,1.001965022597759874,1.001965022597759874,0.001965022597759874,0.001965022597759874
510.900000000000000000,1.000000000000000000,1.000000000000000000,509.900000000000000000,509.900000000000000000,1.001961168856638556,1.001961168856638556,0.001961168856638556,0.001961168856638556
511.900000000000000000,1.000000000000000000,1.000000000000000000,510.900000000000000000,510.900000000000000000,1.001957330201605010,1.001957330201605010,0.001957330201605010,0.001957330201605010
512.900000000000000000,1.000000000000000000,1.000000000000000000,511.900000000000000000,511.900000000000000000,1.001953506544246923,1.001953506544246923,0.001953506544246923,0.001953506544246923
513.900000000000000000,1.000000000000000000,1.000000000000000000,512.900000000000000000,512.900000000000000000,1.001949697796841489,1.001949697796841489,0.001949697796841489,0.001949697796841489
514.900000000000000000,1.000000000000000000,1.000000000000000000,513.900000000000000000,513.900000000000000000,1.001945903872348705,1.001945903872348705,0.001945903872348705,0.001945903872348705
515.900000000000000000,1.000000000000000000,1.000000000000000000,514.900000000000000000,514.900000000000000000,1.001942124684404738,1.001942124684404738,0.001942124684404738,0.001942124684404738
516.900000000000000000,1.000000000000000000,1.000000000000000000,515.900000000000000000,515.900000000000000000,1.001938360147315371,1.001938360147315371,0.001938360147315371,0.001938360147315371
517.900000000000000000,1.000000000000000000,1.000000000000000000,516.900000000000000000,516.900000000000000000,1.001934610176049526,1.001934610176049526,0.001934610176049526,0.001934610176049526
518.900000000000000000,1.000000000000000000,1.000000000000000000,517.900000000000000000,517.900000000000000000,1.001930874686232863,1.001930874686232863,0.001930874686232863,0.001930874686232863
519.900000000000000000,1.000000000000000000,1.000000000000000000,518.900000000000000000,518.900000000000000000,1.001927153594141453,1.001927153594141453,0.001927153594141453,0.001927153594141453
520.900000000000000000,1.000000000000000000,1.000000000000000000,519.900000000000000000,519.900000000000000000,1.001923446816695518,1.001923446816695518,0.001923446816695518,0.001923446816695518
521.900000000000000000,1.000000000000000000,1.000000000000000000,520.900000000000000000,520.900000000000000000,1.001919754271453253,1.001919754271453253,0.001919754271453253,0.001919754271453253
522.900000000000000000,1.000000000000000000,1.000000000000000000,521.900000000000000000,521.900000000000000000,1.001916075876604713,1.001916075876604713,0.001916075876604713,0.001916075876604713
523.900000000000000000,1.000000000000000000,1.000000000000000000,522.900000000000000000,522.900000000000000000,1.001912411550965767,1.001912411550965767,0.001912411550965767,0.001912411550965767
524.900000000000000000,1.000000000000000000,1.000000000000000000,523.900000000000000000,523.900000000000000000,1.001908761213972132,1.001908761213972132,0.001908761213972132,0.001908761213972132
525.900000000000000000,1.000000000000000000,1.000000000000000000,524.900000000000000000,524.900000000000000000,1.001905124785673461,1.001905124785673461,0.001905124785673461,0.001905124785673461
526.900000000000000000,1.000000000000000000,1.000000000000000000,525.900000000000000000,525.900000000000000000,1.001901502186727514,1.001901502186727514,0.001901502186727514,0.001901502186727514
527.900000000000000000,1.000000000000000000,1.000000000000000000,526.900000000000000000,526.900000000000000000,1.001897893338394382,1.001897893338394382,0.001897893338394382,0.001897893338394382
528.900000000000000000,1.000000000000000000,1.000000000000000000,527.900000000000000000,527.900000000000000000,1.001894298162530782,1.001894298162530782,0.001894298162530782,0.001894298162530782
529.900000000000000000,1.000000000000000000,1.000000000000000000,528.900000000000000000,528.900000000000000000,1.001890716581584420,1.001890716581584420,0.001890716581584420,0.001890716581584420
530.900000000000000000,1.000000000000000000,1.000000000000000000,529.900000000000000000,529.900000000000000000,1.001887148518588412,1.001887148518588412,0.001887148518588412,0.001887148518588412
531.900000000000000000,1.000000000000000000,1.000000000000000000,530.900000000000000000,530.900000000000000000,1.001883593897155773,1.001883593897155773,0.001883593897155773,0.001883593897155773
532.900000000000000000,1.000000000000000000,1.000000000000000000,531.900000000000000000,531.900000000000000000,1.001880052641473961,1.001880052641473961,0.001880052641473961,0.001880052641473961
533.900000000000000000,1.000000000000000000,1.000000000000000000,532.900000000000000000,532.900000000000000000,1.001876524676299493,1.001876524676299493,0.001876524676299493,0.001876524676299493
534.900000000000000000,1.000000000000000000,1.000000000000000000,533.900000000000000000,533.900000000000000000,1.001873009926952612,1.001873009926952612,0.001873009926952612,0.001873009926952612
535.900000000000000000,1.000000000000000000,1.000000000000000000,534.900000000000000000,534.900000000000000000,1.001869508319312020,1.001869508319312020,0.001869508319312020,0.001869508319312020
536.900000000000000000,1.000000000000000000,1.000000000000000000,535.900000000000000000,535.900000000000000000,1.001866019779809665,1.001866019779809665,0.001866019779809665,0.001866019779809665
537.900000000000000000,1.000000000000000000,1.000000000000000000,536.900000000000000000,536.900000000000000000,1.001862544235425591,1.001862544235425591,0.001862544235425591,0.001862544235425591
538.900000000000000000,1.000000000000000000,1.000000000000000000,537.900000000000000000,537.900000000000000000,1.001859081613682840,1.001859081613682840,0.001859081613682840,0.001859081613682840
539.900000000000000000,1.000000000000000000,1.000000000000000000,538.900000000000000000,538.900000000000000000,1.001855631842642419,1.001855631842642419,0.001855631842642419,0.001855631842642419
540.900000000000000000,1.000000000000000000,1.000000000000000000,539.900000000000000000,539.900000000000000000,1.001852194850898314,1.001852194850898314,0.001852194850898314,0.001852194850898314
541.900000000000000000,1.000000000000000000,1.000000000000000000,540.900000000000000000,540.900000000000000000,1.001848770567572564,1.001848770567572564,0.001848770567572564,0.001848770567572564
542.900000000000000000,1.000000000000000000,1.000000000000000000,541.900000000000000000,541.900000000000000000,1.001845358922310389,1.001845358922310389,0.001845358922310389,0.001845358922310389
543.900000000000000000,1.000000000000000000,1.000000000000000000,542.900000000000000000,542.900000000000000000,1.001841959845275372,1.001841959845275372,0.001841959845275372,0.001841959845275372
544.900000000000000000,1.000000000000000000,1.000000000000000000,543.900000000000000000,543.900000000000000000,1.001838573267144695,1.001838573267144695,0.001838573267144695,0.001838573267144695
545.900000000000000000,1.000000000000000000,1.000000000000000000,544.900000000000000000,544.900000000000000000,1.001835199119104422,1.001835199119104422,0.001835199119104422,0.001835199119104422
546.900000000000000000,1.000000000000000000,1.000000000000000000,545.900000000000000000,545.900000000000000000,1.001831837332844843,1.001831837332844843,0.001831837332844843,0.001831837332844843
547.900000000000000000,1.000000000000000000,1.000000000000000000,546.900000000000000000,546.900000000000000000,1.001828487840555860,1.001828487840555860,0.001828487840555860,0.001828487840555860
548.900000000000000000,1.000000000000000000,1.000000000000000000,547.900000000000000000,547.900000000000000000,1.001825150574922431,1.001825150574922431,0.001825150574922431,0.001825150574922431
549.900000000000000000,1.000000000000000000,1.000000000000000000,548.900000000000000000,548.900000000000000000,1.001821825469120058,1.001821825469120058,0.001821825469120058,0.001821825469120058
550.900000000000000000,1.000000000000000000,1.000000000000000000,549.900000000000000000,549.900000000000000000,1.001818512456810329,1.001818512456810329,0.001818512456810329,0.001818512456810329
551.900000000000000000,1.000000000000000000,1.000000000000000000,550.900000000000000000,550.900000000000000000,1.001815211472136503,1.001815211472136503,0.001815211472136503,0.001815211472136503
552.900000000000000000,1.000000000000000000,1.000000000000000000,551.900000000000000000,551.900000000000000000,1.001811922449719152,1.001811922449719152,0.001811922449719152,0.001811922449719152
553.900000000000000000,1.000000000000000000,1.000000000000000000,552.900000000000000000,552.900000000000000000,1.001808645324651835,1.001808645324651835,0.001808645324651835,0.001808645324651835
554.900000000000000000,1.000000000000000000,1.000000000000000000,553.900000000000000000,553.900000000000000000,1.001805380032496840,1.001805380032496840,0.001805380032496840,0.001805380032496840
555.900000000000000000,1.000000000000000000,1.000000000000000000,554.900000000000000000,554.900000000000000000,1.001802126509280951,1.001802126509280951,0.001802126509280951,0.001802126509280951
556.900000000000000000,1.000000000000000000,1.000000000000000000,555.900000000000000000,555.900000000000000000,1.001798884691491275,1.001798884691491275,0.001798884691491275,0.001798884691491275
557.900000000000000000,1.000000000000000000,1.000000000000000000,556.900000000000000000,556.900000000000000000,1.001795654516071107,1.001795654516071107,0.001795654516071107,0.001795654516071107
558.900000000000000000,1.000000000000000000,1.000000000000000000,557.900000000000000000,557.900000000000000000,1.001792435920415845,1.001792435920415845,0.001792435920415845,0.001792435920415845
559.900000000000000000,1.000000000000000000,1.000000000000000000,558.900000000000000000,558.900000000000000000,1.001789228842368938,1.001789228842368938,0.001789228842368938,0.001789228842368938
560.900000000000000000,1.000000000000000000,1.000000000000000000,559.900000000000000000,559.900000000000000000,1.001786033220217896,1.001786033220217896,0.001786033220217896,0.001786033220217896
561.900000000000000000,1.000000000000000000,1.000000000000000000,560.900000000000000000,560.900000000000000000,1.001782848992690319,1.001782848992690319,0.001782848992690319,0.001782848992690319
562.900000000000000000,1.000000000000000000,1.000000000000000000,561.900000000000000000,561.900000000000000000,1.001779676098949991,1.001779676098949991,0.001779676098949991,0.001779676098949991
563.900000000000000000,1.000000000000000000,1.000000000000000000,562.900000000000000000,562.900000000000000000,1.001776514478593000,1.001776514478593000,0.001776514478593000,0.001776514478593000
564.900000000000000000,1.000000000000000000,1.000000000000000000,563.900000000000000000,563.900000000000000000,1.001773364071643908,1.001773364071643908,0.001773364071643908,0.001773364071643908
565.900000000000000000,1.000000000000000000,1.000000000000000000,564.900000000000000000,564.900000000000000000,1.001770224818551956,1.001770224818551956,0.001770224818551956,0.001770224818551956
566.900000000000000000,1.000000000000000000,1.000000000000000000,565.900000000000000000,565.900000000000000000,1.001767096660187312,1.001767096660187312,0.001767096660187312,0.001767096660187312
567.900000000000000000,1.000000000000000000,1.000000000000000000,566.900000000000000000,566.900000000000000000,1.001763979537837361,1.001763979537837361,0.001763979537837361,0.001763979537837361
568.900000000000000000,1.000000000000000000,1.000000000000000000,567.900000000000000000,567.900000000000000000,1.001760873393203028,1.001760873393203028,0.001760873393203028,0.001760873393203028
569.900000000000000000,1.000000000000000000,1.000000000000000000,568.900000000000000000,568.900000000000000000,1.001757778168395148,1.001757778168395148,0.001757778168395148,0.001757778168395148
570.900000000000000000,1.000000000000000000,1.000000000000000000,569.900000000000000000,569.900000000000000000,1.001754693805930865,1.001754693805930865,0.001754693805930865,0.001754693805930865
571.900000000000000000,1.000000000000000000,1.000000000000000000,570.900000000000000000,570.900000000000000000,1.001751620248730075,1.001751620248730075,0.001751620248730075,0.001751620248730075
572.900000000000000000,1.000000000000000000,1.000000000000000000,571.900000000000000000,571.900000000000000000,1.001748557440111907,1.001748557440111907,0.001748557440111907,0.001748557440111907
573.900000000000000000,1.000000000000000000,1.000000000000000000,572.900000000000000000,572.900000000000000000,1.001745505323791237,1.001745505323791237,0.001745505323791237,0.001745505323791237
574.900000000000000000,1.000000000000000000,1.000000000000000000,573.900000000000000000,573.900000000000000000,1.001742463843875239,1.001742463843875239,0.001742463843875239,0.001742463843875239
575.900000000000000000,1.000000000000000000,1.000000000000000000,574.900000000000000000,574.900000000000000000,1.001739432944859975,1.001739432944859975,0.001739432944859975,0.001739432944859975
576.900000000000000000,1.000000000000000000,1.000000000000000000,575.900000000000000000,575.900000000000000000,1.001736412571627018,1.001736412571627018,0.001736412571627018,0.001736412571627018
577.900000000000000000,1.000000000000000000,1.000000000000000000,576.900000000000000000,576.900000000000000000,1.001733402669440110,1.001733402669440110,0.001733402669440110,0.001733402669440110
578.900000000000000000,1.000000000000000000,1.000000000000000000,577.900000000000000000,577.900000000000000000,1.001730403183941858,1.001730403183941858,0.001730403183941858,0.001730403183941858
579.900000000000000000,1.000000000000000000,1.000000000000000000,578.900000000000000000,578.900000000000000000,1.001727414061150457,1.001727414061150457,0.001727414061150457,0.001727414061150457
580.900000000000000000,1.000000000000000000,1.000000000000000000,579.900000000000000000,579.900000000000000000,1.001724435247456458,1.001724435247456458,0.001724435247456458,0.001724435247456458
581.900000000000000000,1.000000000000000000,1.000000000000000000,580.900000000000000000,580.900000000000000000,1.001721466689619555,1.001721466689619555,0.001721466689619555,0.001721466689619555
582.900000000000000000,1.000000000000000000,1.000000000000000000,581.900000000000000000,581.900000000000000000,1.001718508334765423,1.001718508334765423,0.001718508334765423,0.001718508334765423
583.900000000000000000,1.000000000000000000,1.000000000000000000,582.900000000000000000,582.900000000000000000,1.001715560130382569,1.001715560130382569,0.001715560130382569,0.001715560130382569
584.900000000000000000,1.000000000000000000,1.000000000000000000,583.900000000000000000,583.900000000000000000,1.001712622024319232,1.001712622024319232,0.001712622024319232,0.001712622024319232
585.900000000000000000,1.000000000000000000,1.000000000000000000,584.900000000000000000,584.900000000000000000,1.001709693964780304,1.001709693964780304,0.001709693964780304,0.001709693964780304
586.900000000000000000,1.000000000000000000,1.000000000000000000,585.900000000000000000,585.900000000000000000,1.001706775900324287,1.001706775900324287,0.001706775900324287,0.001706775900324287
587.900000000000000000,1.000000000000000000,1.000000000000000000,586.900000000000000000,586.900000000000000000,1.001703867779860282,1.001703867779860282,0.001703867779860282,0.001703867779860282
588.900000000000000000,1.000000000000000000,1.000000000000000000,587.900000000000000000,587.900000000000000000,1.001700969552645007,1.001700969552645007,0.001700969552645007,0.001700969552645007
589.900000000000000000,1.000000000000000000,1.000000000000000000,588.900000000000000000,588.900000000000000000,1.001698081168279843,1.001698081168279843,0.001698081168279843,0.001698081168279843
590.900000000000000000,1.000000000000000000,1.000000000000000000,589.900000000000000000,589.900000000000000000,1.001695202576707916,1.001695202576707916,0.001695202576707916,0.001695202576707916
591.900000000000000000,1.000000000000000000,1.000000000000000000,590.900000000000000000,590.900000000000000000,1.001692333728211203,1.001692333728211203,0.001692333728211203,0.001692333728211203
592.900000000000000000,1.000000000000000000,1.000000000000000000,591.900000000000000000,591.900000000000000000,1.001689474573407670,1.001689474573407670,0.001689474573407670,0.001689474573407670
593.900000000000000000,1.000000000000000000,1.000000000000000000,592.900000000000000000,592.900000000000000000,1.001686625063248439,1.001686625063248439,0.001686625063248439,0.001686625063248439
594.900000000000000000,1.000000000000000000,1.000000000000000000,593.900000000000000000,593.900000000000000000,1.001683785149014985,1.001683785149014985,0.001683785149014985,0.001683785149014985
595.900000000000000000,1.000000000000000000,1.000000000000000000,594.900000000000000000,594.900000000000000000,1.001680954782316355,1.001680954782316355,0.001680954782316355,0.001680954782316355
596.900000000000000000,1.000000000000000000,1.000000000000000000,595.900000000000000000,595.900000000000000000,1.001678133915086423,1.001678133915086423,0.001678133915086423,0.001678133915086423
597.900000000000000000,1.000000000000000000,1.000000000000000000,596.900000000000000000,596.900000000000000000,1.001675322499581169,1.001675322499581169,0.001675322499581169,0.001675322499581169
598.900000000000000000,1.000000000000000000,1.000000000000000000,597.900000000000000000,597.900000000000000000,1.001672520488375982,1.001672520488375982,0.001672520488375982,0.001672520488375982
599.900000000000000000,1.000000000000000000,1.000000000000000000,598.900000000000000000,598.900000000000000000,1.001669727834362998,1.001669727834362998,0.001669727834362998,0.001669727834362998
600.900000000000000000,1.000000000000000000,1.000000000000000000,599.900000000000000000,599.900000000000000000,1.001666944490748458,1.001666944490748458,0.001666944490748458,0.001666944490748458
601.900000000000000000,1.000000000000000000,1.000000000000000000,600.900000000000000000,600.900000000000000000,1.001664170411050091,1.001664170411050091,0.001664170411050091,0.001664170411050091
602.900000000000000000,1.000000000000000000,1.000000000000000000,601.900000000000000000,601.900000000000000000,1.001661405549094533,1.001661405549094533,0.001661405549094533,0.001661405549094533
603.900000000000000000,1.000000000000000000,1.000000000000000000,602.900000000000000000,602.900000000000000000,1.001658649859014761,1.001658649859014761,0.001658649859014761,0.001658649859014761
604.900000000000000000,1.000000000000000000,1.000000000000000000,603.900000000000000000,603.900000000000000000,1.001655903295247557,1.001655903295247557,0.001655903295247557,0.001655903295247557
605.900000000000000000,1.000000000000000000,1.000000000000000000,604.900000000000000000,604.900000000000000000,1.001653165812530996,1.001653165812530996,0.001653165812530996,0.001653165812530996
606.900000000000000000,1.000000000000000000,1.000000000000000000,605.900000000000000000,605.900000000000000000,1.001650437365901964,1.001650437365901964,0.001650437365901964,0.001650437365901964
607.900000000000000000,1.000000000000000000,1.000000000000000000,606.900000000000000000,606.900000000000000000,1.001647717910693689,1.001647717910693689,0.001647717910693689,0.001647717910693689
608.900000000000000000,1.000000000000000000,1.000000000000000000,607.900000000000000000,607.900000000000000000,1.001645007402533311,1.001645007402533311,0.001645007402533311,0.001645007402533311
609.900000000000000000,1.000000000000000000,1.000000000000000000,608.900000000000000000,608.900000000000000000,1.001642305797339464,1.001642305797339464,0.001642305797339464,0.001642305797339464
610.900000000000000000,1.000000000000000000,1.000000000000000000,609.900000000000000000,609.900000000000000000,1.001639613051319888,1.001639613051319888,0.001639613051319888,0.001639613051319888
611.900000000000000000,1.000000000000000000,1.000000000000000000,610.900000000000000000,610.900000000000000000,1.001636929120969062,1.001636929120969062,0.001636929120969062,0.001636929120969062
612.900000000000000000,1.000000000000000000,1.000000000000000000,611.900000000000000000,611.900000000000000000,1.001634253963065860,1.001634253963065860,0.001634253963065860,0.001634253963065860
613.900000000000000000,1.000000000000000000,1.000000000000000000,612.900000000000000000,612.900000000000000000,1.001631587534671235,1.001631587534671235,0.001631587534671235,0.001631587534671235
614.900000000000000000,1.000000000000000000,1.000000000000000000,613.900000000000000000,613.900000000000000000,1.001628929793125916,1.001628929793125916,0.001628929793125916,0.001628929793125916
615.900000000000000000,1.000000000000000000,1.000000000000000000,614.900000000000000000,614.900000000000000000,1.001626280696048137,1.001626280696048137,0.001626280696048137,0.001626280696048137
616.900000000000000000,1.000000000000000000,1.000000000000000000,615.900000000000000000,615.900000000000000000,1.001623640201331384,1.001623640201331384,0.001623640201331384,0.001623640201331384
617.900000000000000000,1.000000000000000000,1.000000000000000000,616.900000000000000000,616.900000000000000000,1.001621008267142162,1.001621008267142162,0.001621008267142162,0.001621008267142162
618.900000000000000000,1.000000000000000000,1.000000000000000000,617.900000000000000000,617.900000000000000000,1.001618384851917786,1.001618384851917786,0.001618384851917786,0.001618384851917786
619.900000000000000000,1.000000000000000000,1.000000000000000000,618.900000000000000000,618.900000000000000000,1.001615769914364194,1.001615769914364194,0.001615769914364194,0.001615769914364194
620.900000000000000000,1.000000000000000000,1.000000000000000000,619.900000000000000000,619.900000000000000000,1.001613163413453782,1.001613163413453782,0.001613163413453782,0.001613163413453782
621.900000000000000000,1.000000000000000000,1.000000000000000000,620.900000000000000000,620.900000000000000000,1.001610565308423256,1.001610565308423256,0.001610565308423256,0.001610565308423256
622.900000000000000000,1.000000000000000000,1.000000000000000000,621.900000000000000000,621.900000000000000000,1.001607975558771506,1.001607975558771506,0.001607975558771506,0.001607975558771506
623.900000000000000000,1.000000000000000000,1.000000000000000000,622.900000000000000000,622.900000000000000000,1.001605394124257505,1.001605394124257505,0.001605394124257505,0.001605394124257505
624.900000000000000000,1.000000000000000000,1.000000000000000000,623.900000000000000000,623.900000000000000000,1.001602820964898220,1.001602820964898220,0.001602820964898220,0.001602820964898220
625.900000000000000000,1.000000000000000000,1.000000000000000000,624.900000000000000000,624.900000000000000000,1.001600256040966554,1.001600256040966554,0.001600256040966554,0.001600256040966554
626.900000000000000000,1.000000000000000000,1.000000000000000000,625.900000000000000000,625.900000000000000000,1.001597699312989295,1.001597699312989295,0.001597699312989295,0.001597699312989295
627.900000000000000000,1.000000000000000000,1.000000000000000000,626.900000000000000000,626.900000000000000000,1.001595150741745094,1.001595150741745094,0.001595150741745094,0.001595150741745094
628.900000000000000000,1.000000000000000000,1.000000000000000000,627.900000000000000000,627.900000000000000000,1.001592610288262462,1.001592610288262462,0.001592610288262462,0.001592610288262462
629.900000000000000000,1.000000000000000000,1.000000000000000000,628.900000000000000000,628.900000000000000000,1.001590077913817777,1.001590077913817777,0.001590077913817777,0.001590077913817777
630.900000000000000000,1.000000000000000000,1.000000000000000000,629.900000000000000000,629.900000000000000000,1.001587553579933322,1.001587553579933322,0.001587553579933322,0.001587553579933322
631.900000000000000000,1.000000000000000000,1.000000000000000000,630.900000000000000000,630.900000000000000000,1.001585037248375336,1.001585037248375336,0.001585037248375336,0.001585037248375336
632.900000000000000000,1.000000000000000000,1.000000000000000000,631.900000000000000000,631.900000000000000000,1.001582528881152081,1.001582528881152081,0.001582528881152081,0.001582528881152081
633.900000000000000000,1.000000000000000000,1.000000000000000000,632.900000000000000000,632.900000000000000000,1.001580028440511929,1.001580028440511929,0.001580028440511929,0.001580028440511929
634.900000000000000000,1.000000000000000000,1.000000000000000000,633.900000000000000000,633.900000000000000000,1.001577535888941473,1.001577535888941473,0.001577535888941473,0.001577535888941473
635.900000000000000000,1.000000000000000000,1.000000000000000000,634.900000000000000000,634.900000000000000000,1.001575051189163647,1.001575051189163647,0.001575051189163647,0.001575051189163647
636.900000000000000000,1.000000000000000000,1.000000000000000000,635.900000000000000000,635.900000000000000000,1.001572574304135870,1.001572574304135870,0.001572574304135870,0.001572574304135870
637.900000000000000000,1.000000000000000000,1.000000000000000000,636.900000000000000000,636.900000000000000000,1.001570105197048202,1.001570105197048202,0.001570105197048202,0.001570105197048202
638.900000000000000000,1.000000000000000000,1.000000000000000000,637.900000000000000000,637.900000000000000000,1.001567643831321523,1.001567643831321523,0.001567643831321523,0.001567643831321523
639.900000000000000000,1.000000000000000000,1.000000000000000000,638.900000000000000000,638.900000000000000000,1.001565190170605728,1.001565190170605728,0.001565190170605728,0.001565190170605728
640.900000000000000000,1.000000000000000000,1.000000000000000000,639.900000000000000000,639.900000000000000000,1.001562744178777934,1.001562744178777934,0.001562744178777934,0.001562744178777934
641.900000000000000000,1.000000000000000000,1.000000000000000000,640.900000000000000000,640.900000000000000000,1.001560305819940708,1.001560305819940708,0.001560305819940708,0.001560305819940708
642.900000000000000000,1.000000000000000000,1.000000000000000000,641.900000000000000000,641.900000000000000000,1.001557875058420314,1.001557875058420314,0.001557875058420314,0.001557875058420314
643.900000000000000000,1.000000000000000000,1.000000000000000000,642.900000000000000000,642.900000000000000000,1.001555451858764971,1.001555451858764971,0.001555451858764971,0.001555451858764971
644.900000000000000000,1.000000000000000000,1.000000000000000000,643.900000000000000000,643.900000000000000000,1.001553036185743127,1.001553036185743127,0.001553036185743127,0.001553036185743127
645.900000000000000000,1.000000000000000000,1.000000000000000000,644.900000000000000000,644.900000000000000000,1.001550628004341758,1.001550628004341758,0.001550628004341758,0.001550628004341758
646.900000000000000000,1.000000000000000000,1.000000000000000000,645.900000000000000000,645.900000000000000000,1.001548227279764669,1.001548227279764669,0.001548227279764669,0.001548227279764669
647.900000000000000000,1.000000000000000000,1.000000000000000000,646.900000000000000000,646.900000000000000000,1.001545833977430823,1.001545833977430823,0.001545833977430823,0.001545833977430823
648.900000000000000000,1.000000000000000000,1.000000000000000000,647.900000000000000000,647.900000000000000000,1.001543448062972680,1.001543448062972680,0.001543448062972680,0.001543448062972680
649.900000000000000000,1.000000000000000000,1.000000000000000000,648.900000000000000000,648.900000000000000000,1.001541069502234550,1.001541069502234550,0.001541069502234550,0.001541069502234550
650.900000000000000000,1.000000000000000000,1.000000000000000000,649.900000000000000000,649.900000000000000000,1.001538698261270964,1.001538698261270964,0.001538698261270964,0.001538698261270964
651.900000000000000000,1.000000000000000000,1.000000000000000000,650.900000000000000000,650.900000000000000000,1.001536334306345060,1.001536334306345060,0.001536334306345060,0.001536334306345060
652.900000000000000000,1.000000000000000000,1.000000000000000000,651.900000000000000000,651.900000000000000000,1.001533977603926982,1.001533977603926982,0.001533977603926982,0.001533977603926982
653.900000000000000000,1.000000000000000000,1.000000000000000000,652.900000000000000000,652.900000000000000000,1.001531628120692295,1.001531628120692295,0.001531628120692295,0.001531628120692295
654.900000000000000000,1.000000000000000000,1.000000000000000000,653.900000000000000000,653.900000000000000000,1.001529285823520415,1.001529285823520415,0.001529285823520415,0.001529285823520415
655.900000000000000000,1.000000000000000000,1.000000000000000000,654.900000000000000000,654.900000000000000000,1.001526950679493052,1.001526950679493052,0.001526950679493052,0.001526950679493052
656.900000000000000000,1.000000000000000000,1.000000000000000000,655.900000000000000000,655.900000000000000000,1.001524622655892666,1.001524622655892666,0.001524622655892666,0.001524622655892666
657.900000000000000000,1.000000000000000000,1.000000000000000000,656.900000000000000000,656.900000000000000000,1.001522301720200943,1.001522301720200943,0.001522301720200943,0.001522301720200943
658.900000000000000000,1.000000000000000000,1.000000000000000000,657.900000000000000000,657.900000000000000000,1.001519987840097279,1.001519987840097279,0.001519987840097279,0.001519987840097279
659.900000000000000000,1.000000000000000000,1.000000000000000000,658.900000000000000000,658.900000000000000000,1.001517680983457277,1.001517680983457277,0.001517680983457277,0.001517680983457277
660.900000000000000000,1.000000000000000000,1.000000000000000000,659.900000000000000000,659.900000000000000000,1.001515381118351265,1.001515381118351265,0.001515381118351265,0.001515381118351265
661.900000000000000000,1.000000000000000000,1.000000000000000000,660.900000000000000000,660.900000000000000000,1.001513088213042820,1.001513088213042820,0.001513088213042820,0.001513088213042820
662.900000000000000000,1.000000000000000000,1.000000000000000000,661.900000000000000000,661.900000000000000000,1.001510802235987309,1.001510802235987309,0.001510802235987309,0.001510802235987309
663.900000000000000000,1.000000000000000000,1.000000000000000000,662.900000000000000000,662.900000000000000000,1.001508523155830441,1.001508523155830441,0.001508523155830441,0.001508523155830441
664.900000000000000000,1.000000000000000000,1.000000000000000000,663.900000000000000000,663.900000000000000000,1.001506250941406838,1.001506250941406838,0.001506250941406838,0.001506250941406838
665.900000000000000000,1.000000000000000000,1.000000000000000000,664.900000000000000000,664.900000000000000000,1.001503985561738607,1.001503985561738607,0.001503985561738607,0.001503985561738607
666.900000000000000000,1.000000000000000000,1.000000000000000000,665.900000000000000000,665.900000000000000000,1.001501726986033939,1.001501726986033939,0.001501726986033939,0.001501726986033939
667.900000000000000000,1.000000000000000000,1.000000000000000000,666.900000000000000000,666.900000000000000000,1.001499475183685710,1.001499475183685710,0.001499475183685710,0.001499475183685710
668.900000000000000000,1.000000000000000000,1.000000000000000000,667.900000000000000000,667.900000000000000000,1.001497230124270100,1.001497230124270100,0.001497230124270100,0.001497230124270100
669.900000000000000000,1.000000000000000000,1.000000000000000000,668.900000000000000000,668.900000000000000000,1.001494991777545223,1.001494991777545223,0.001494991777545223,0.001494991777545223
670.900000000000000000,1.000000000000000000,1.000000000000000000,669.900000000000000000,669.900000000000000000,1.001492760113449768,1.001492760113449768,0.001492760113449768,0.001492760113449768
671.900000000000000000,1.000000000000000000,1.000000000000000000,670.900000000000000000,670.900000000000000000,1.001490535102101654,1.001490535102101654,0.001490535102101654,0.001490535102101654
672.900000000000000000,1.000000000000000000,1.000000000000000000,671.900000000000000000,671.900000000000000000,1.001488316713796695,1.001488316713796695,0.001488316713796695,0.001488316713796695
673.900000000000000000,1.000000000000000000,1.000000000000000000,672.900000000000000000,672.900000000000000000,1.001486104919007281,1.001486104919007281,0.001486104919007281,0.001486104919007281
674.900000000000000000,1.000000000000000000,1.000000000000000000,673.900000000000000000,673.900000000000000000,1.001483899688381065,1.001483899688381065,0.001483899688381065,0.001483899688381065
675.900000000000000000,1.000000000000000000,1.000000000000000000,674.900000000000000000,674.900000000000000000,1.001481700992739665,1.001481700992739665,0.001481700992739665,0.001481700992739665
676.900000000000000000,1.000000000000000000,1.000000000000000000,675.900000000000000000,675.900000000000000000,1.001479508803077378,1.001479508803077378,0.001479508803077378,0.001479508803077378
677.900000000000000000,1.000000000000000000,1.000000000000000000,676.900000000000000000,676.900000000000000000,1.001477323090559905,1.001477323090559905,0.001477323090559905,0.001477323090559905
678.900000000000000000,1.000000000000000000,1.000000000000000000,677.900000000000000000,677.900000000000000000,1.001475143826523086,1.001475143826523086,0.001475143826523086,0.001475143826523086
679.900000000000000000,1.000000000000000000,1.000000000000000000,678.900000000000000000,678.900000000000000000,1.001472970982471645,1.001472970982471645,0.001472970982471645,0.001472970982471645
680.900000000000000000,1.000000000000000000,1.000000000000000000,679.900000000000000000,679.900000000000000000,1.001470804530077952,1.001470804530077952,0.001470804530077952,0.001470804530077952
681.900000000000000000,1.000000000000000000,1.000000000000000000,680.900000000000000000,680.900000000000000000,1.001468644441180790,1.001468644441180790,0.001468644441180790,0.001468644441180790
682.900000000000000000,1.000000000000000000,1.000000000000000000,681.900000000000000000,681.900000000000000000,1.001466490687784132,1.001466490687784132,0.001466490687784132,0.001466490687784132
683.900000000000000000,1.000000000000000000,1.000000000000000000,682.900000000000000000,682.900000000000000000,1.001464343242055937,1.001464343242055937,0.001464343242055937,0.001464343242055937
684.900000000000000000,1.000000000000000000,1.000000000000000000,683.900000000000000000,683.900000000000000000,1.001462202076326948,1.001462202076326948,0.001462202076326948,0.001462202076326948
685.900000000000000000,1.000000000000000000,1.000000000000000000,684.900000000000000000,684.900000000000000000,1.001460067163089502,1.001460067163089502,0.001460067163089502,0.001460067163089502
686.900000000000000000,1.000000000000000000,1.000000000000000000,685.900000000000000000,685.900000000000000000,1.001457938474996355,1.001457938474996355,0.001457938474996355,0.001457938474996355
687.900000000000000000,1.000000000000000000,1.000000000000000000,686.900000000000000000,686.900000000000000000,1.001455815984859513,1.001455815984859513,0.001455815984859513,0.001455815984859513
688.900000000000000000,1.000000000000000000,1.000000000000000000,687.900000000000000000,687.900000000000000000,1.001453699665649076,1.001453699665649076,0.001453699665649076,0.001453699665649076
689.900000000000000000,1.000000000000000000,1.000000000000000000,688.900000000000000000,688.900000000000000000,1.001451589490492088,1.001451589490492088,0.001451589490492088,0.001451589490492088
690.900000000000000000,1.000000000000000000,1.000000000000000000,689.900000000000000000,689.900000000000000000,1.001449485432671401,1.001449485432671401,0.001449485432671401,0.001449485432671401
691.900000000000000000,1.000000000000000000,1.000000000000000000,690.900000000000000000,690.900000000000000000,1.001447387465624547,1.001447387465624547,0.001447387465624547,0.001447387465624547
692.900000000000000000,1.000000000000000000,1.000000000000000000,691.900000000000000000,691.900000000000000000,1.001445295562942621,1.001445295562942621,0.001445295562942621,0.001445295562942621
693.900000000000000000,1.000000000000000000,1.000000000000000000,692.900000000000000000,692.900000000000000000,1.001443209698369173,1.001443209698369173,0.001443209698369173,0.001443209698369173
694.900000000000000000,1.000000000000000000,1.000000000000000000,693.900000000000000000,693.900000000000000000,1.001441129845799106,1.001441129845799106,0.001441129845799106,0.001441129845799106
695.900000000000000000,1.000000000000000000,1.000000000000000000,694.900000000000000000,694.900000000000000000,1.001439055979277593,1.001439055979277593,0.001439055979277593,0.001439055979277593
696.900000000000000000,1.000000000000000000,1.000000000000000000,695.900000000000000000,695.900000000000000000,1.001436988072998994,1.001436988072998994,0.001436988072998994,0.001436988072998994
697.900000000000000000,1.000000000000000000,1.000000000000000000,696.900000000000000000,696.900000000000000000,1.001434926101305782,1.001434926101305782,0.001434926101305782,0.001434926101305782
698.900000000000000000,1.000000000000000000,1.000000000000000000,697.900000000000000000,697.900000000000000000,1.001432870038687491,1.001432870038687491,0.001432870038687491,0.001432870038687491
699.900000000000000000,1.000000000000000000,1.000000000000000000,698.900000000000000000,698.900000000000000000,1.001430819859779653,1.001430819859779653,0.001430819859779653,0.001430819859779653
700.900000000000000000,1.000000000000000000,1.000000000000000000,699.900000000000000000,699.900000000000000000,1.001428775539362766,1.001428775539362766,0.001428775539362766,0.001428775539362766
701.900000000000000000,1.000000000000000000,1.000000000000000000,700.900000000000000000,700.900000000000000000,1.001426737052361249,1.001426737052361249,0.001426737052361249,0.001426737052361249
702.900000000000000000,1.000000000000000000,1.000000000000000000,701.900000000000000000,701.900000000000000000,1.001424704373842427,1.001424704373842427,0.001424704373842427,0.001424704373842427
703.900000000000000000,1.000000000000000000,1.000000000000000000,702.900000000000000000,702.900000000000000000,1.001422677479015507,1.001422677479015507,0.001422677479015507,0.001422677479015507
704.900000000000000000,1.000000000000000000,1.000000000000000000,703.900000000000000000,703.900000000000000000,1.001420656343230572,1.001420656343230572,0.001420656343230572,0.001420656343230572
705.900000000000000000,1.000000000000000000,1.000000000000000000,704.900000000000000000,704.900000000000000000,1.001418640941977585,1.001418640941977585,0.001418640941977585,0.001418640941977585
706.900000000000000000,1.000000000000000000,1.000000000000000000,705.900000000000000000,705.900000000000000000,1.001416631250885394,1.001416631250885394,0.001416631250885394,0.001416631250885394
707.900000000000000000,1.000000000000000000,1.000000000000000000,706.900000000000000000,706.900000000000000000,1.001414627245720752,1.001414627245720752,0.001414627245720752,0.001414627245720752
708.900000000000000000,1.000000000000000000,1.000000000000000000,707.900000000000000000,707.900000000000000000,1.001412628902387342,1.001412628902387342,0.001412628902387342,0.001412628902387342
709.900000000000000000,1.000000000000000000,1.000000000000000000,708.900000000000000000,708.900000000000000000,1.001410636196924813,1.001410636196924813,0.001410636196924813,0.001410636196924813
710.900000000000000000,1.000000000000000000,1.000000000000000000,709.900000000000000000,709.900000000000000000,1.001408649105507818,1.001408649105507818,0.001408649105507818,0.001408649105507818
711.900000000000000000,1.000000000000000000,1.000000000000000000,710.900000000000000000,710.900000000000000000,1.001406667604445069,1.001406667604445069,0.001406667604445069,0.001406667604445069
712.900000000000000000,1.000000000000000000,1.000000000000000000,711.900000000000000000,711.900000000000000000,1.001404691670178395,1.001404691670178395,0.001404691670178395,0.001404691670178395
713.900000000000000000,1.000000000000000000,1.000000000000000000,712.900000000000000000,712.900000000000000000,1.001402721279281806,1.001402721279281806,0.001402721279281806,0.001402721279281806
714.900000000000000000,1.000000000000000000,1.000000000000000000,713.900000000000000000,713.900000000000000000,1.001400756408460568,1.001400756408460568,0.001400756408460568,0.001400756408460568
715.900000000000000000,1.000000000000000000,1.000000000000000000,714.900000000000000000,714.900000000000000000,1.001398797034550286,1.001398797034550286,0.001398797034550286,0.001398797034550286
716.900000000000000000,1.000000000000000000,1.000000000000000000,715.900000000000000000,715.900000000000000000,1.001396843134515993,1.001396843134515993,0.001396843134515993,0.001396843134515993
717.900000000000000000,1.000000000000000000,1.000000000000000000,716.900000000000000000,716.900000000000000000,1.001394894685451248,1.001394894685451248,0.001394894685451248,0.001394894685451248
718.900000000000000000,1.000000000000000000,1.000000000000000000,717.900000000000000000,717.900000000000000000,1.001392951664577239,1.001392951664577239,0.001392951664577239,0.001392951664577239
719.900000000000000000,1.000000000000000000,1.000000000000000000,718.900000000000000000,718.900000000000000000,1.001391014049241897,1.001391014049241897,0.001391014049241897,0.001391014049241897
720.900000000000000000,1.000000000000000000,1.000000000000000000,719.900000000000000000,719.900000000000000000,1.001389081816919016,1.001389081816919016,0.001389081816919016,0.001389081816919016
721.900000000000000000,1.000000000000000000,1.000000000000000000,720.900000000000000000,720.900000000000000000,1.001387154945207379,1.001387154945207379,0.001387154945207379,0.001387154945207379
722.900000000000000000,1.000000000000000000,1.000000000000000000,721.900000000000000000,721.900000000000000000,1.001385233411829893,1.001385233411829893,0.001385233411829893,0.001385233411829893
723.900000000000000000,1.000000000000000000,1.000000000000000000,722.900000000000000000,722.900000000000000000,1.001383317194632729,1.001383317194632729,0.001383317194632729,0.001383317194632729
724.900000000000000000,1.000000000000000000,1.000000000000000000,723.900000000000000000,723.900000000000000000,1.001381406271584472,1.001381406271584472,0.001381406271584472,0.001381406271584472
725.900000000000000000,1.000000000000000000,1.000000000000000000,724.900000000000000000,724.900000000000000000,1.001379500620775279,1.001379500620775279,0.001379500620775279,0.001379500620775279
726.900000000000000000,1.000000000000000000,1.000000000000000000,725.900000000000000000,725.900000000000000000,1.001377600220416035,1.001377600220416035,0.001377600220416035,0.001377600220416035
727.900000000000000000,1.000000000000000000,1.000000000000000000,726.900000000000000000,726.900000000000000000,1.001375705048837529,1.001375705048837529,0.001375705048837529,0.001375705048837529
728.900000000000000000,1.000000000000000000,1.000000000000000000,727.900000000000000000,727.900000000000000000,1.001373815084489627,1.001373815084489627,0.001373815084489627,0.001373815084489627
729.900000000000000000,1.000000000000000000,1.000000000000000000,728.900000000000000000,728.900000000000000000,1.001371930305940458,1.001371930305940458,0.001371930305940458,0.001371930305940458
730.900000000000000000,1.000000000000000000,1.000000000000000000,729.900000000000000000,729.900000000000000000,1.001370050691875599,1.001370050691875599,0.001370050691875599,0.001370050691875599
731.900000000000000000,1.000000000000000000,1.000000000000000000,730.900000000000000000,730.900000000000000000,1.001368176221097277,1.001368176221097277,0.001368176221097277,0.001368176221097277
732.900000000000000000,1.000000000000000000,1.000000000000000000,731.900000000000000000,731.900000000000000000,1.001366306872523568,1.001366306872523568,0.001366306872523568,0.001366306872523568
733.900000000000000000,1.000000000000000000,1.000000000000000000,732.900000000000000000,732.900000000000000000,1.001364442625187610,1.001364442625187610,0.001364442625187610,0.001364442625187610
734.900000000000000000,1.000000000000000000,1.000000000000000000,733.900000000000000000,733.900000000000000000,1.001362583458236817,1.001362583458236817,0.001362583458236817,0.001362583458236817
735.900000000000000000,1.000000000000000000,1.000000000000000000,734.900000000000000000,734.900000000000000000,1.001360729350932099,1.001360729350932099,0.001360729350932099,0.001360729350932099
736.900000000000000000,1.000000000000000000,1.000000000000000000,735.900000000000000000,735.900000000000000000,1.001358880282647098,1.001358880282647098,0.001358880282647098,0.001358880282647098
737.900000000000000000,1.000000000000000000,1.000000000000000000,736.900000000000000000,736.900000000000000000,1.001357036232867417,1.001357036232867417,0.001357036232867417,0.001357036232867417
738.900000000000000000,1.000000000000000000,1.000000000000000000,737.900000000000000000,737.900000000000000000,1.001355197181189863,1.001355197181189863,0.001355197181189863,0.001355197181189863
739.900000000000000000,1.000000000000000000,1.000000000000000000,738.900000000000000000,738.900000000000000000,1.001353363107321694,1.001353363107321694,0.001353363107321694,0.001353363107321694
740.900000000000000000,1.000000000000000000,1.000000000000000000,739.900000000000000000,739.900000000000000000,1.001351533991079875,1.001351533991079875,0.001351533991079875,0.001351533991079875
741.900000000000000000,1.000000000000000000,1.000000000000000000,740.900000000000000000,740.900000000000000000,1.001349709812390336,1.001349709812390336,0.001349709812390336,0.001349709812390336
742.900000000000000000,1.000000000000000000,1.000000000000000000,741.900000000000000000,741.900000000000000000,1.001347890551287235,1.001347890551287235,0.001347890551287235,0.001347890551287235
743.900000000000000000,1.000000000000000000,1.000000000000000000,742.900000000000000000,742.900000000000000000,1.001346076187912235,1.001346076187912235,0.001346076187912235,0.001346076187912235
744.900000000000000000,1.000000000000000000,1.000000000000000000,743.900000000000000000,743.900000000000000000,1.001344266702513778,1.001344266702513778,0.001344266702513778,0.001344266702513778
745.900000000000000000,1.000000000000000000,1.000000000000000000,744.900000000000000000,744.900000000000000000,1.001342462075446368,1.001342462075446368,0.001342462075446368,0.001342462075446368
746.900000000000000000,1.000000000000000000,1.000000000000000000,745.900000000000000000,745.900000000000000000,1.001340662287169861,1.001340662287169861,0.001340662287169861,0.001340662287169861
747.900000000000000000,1.000000000000000000,1.000000000000000000,746.900000000000000000,746.900000000000000000,1.001338867318248761,1.001338867318248761,0.001338867318248761,0.001338867318248761
748.900000000000000000,1.000000000000000000,1.000000000000000000,747.900000000000000000,747.900000000000000000,1.001337077149351517,1.001337077149351517,0.001337077149351517,0.001337077149351517
749.900000000000000000,1.000000000000000000,1.000000000000000000,748.900000000000000000,748.900000000000000000,1.001335291761249833,1.001335291761249833,0.001335291761249833,0.001335291761249833
750.900000000000000000,1.000000000000000000,1.000000000000000000,749.900000000000000000,749.900000000000000000,1.001333511134817975,1.001333511134817975,0.001333511134817975,0.001333511134817975
751.900000000000000000,1.000000000000000000,1.000000000000000000,750.900000000000000000,750.900000000000000000,1.001331735251032094,1.001331735251032094,0.001331735251032094,0.001331735251032094
752.900000000000000000,1.000000000000000000,1.000000000000000000,751.900000000000000000,751.900000000000000000,1.001329964090969543,1.001329964090969543,0.001329964090969543,0.001329964090969543
753.900000000000000000,1.000000000000000000,1.000000000000000000,752.900000000000000000,752.900000000000000000,1.001328197635808208,1.001328197635808208,0.001328197635808208,0.001328197635808208
754.900000000000000000,1.000000000000000000,1.000000000000000000,753.900000000000000000,753.900000000000000000,1.001326435866825838,1.001326435866825838,0.001326435866825838,0.001326435866825838
755.900000000000000000,1.000000000000000000,1.000000000000000000,754.900000000000000000,754.900000000000000000,1.001324678765399390,1.001324678765399390,0.001324678765399390,0.001324678765399390
756.900000000000000000,1.000000000000000000,1.000000000000000000,755.900000000000000000,755.900000000000000000,1.001322926313004365,1.001322926313004365,0.001322926313004365,0.001322926313004365
757.900000000000000000,1.000000000000000000,1.000000000000000000,756.900000000000000000,756.900000000000000000,1.001321178491214163,1.001321178491214163,0.001321178491214163,0.001321178491214163
758.900000000000000000,1.000000000000000000,1.000000000000000000,757.900000000000000000,757.900000000000000000,1.001319435281699432,1.001319435281699432,0.001319435281699432,0.001319435281699432
759.900000000000000000,1.000000000000000000,1.000000000000000000,758.900000000000000000,758.900000000000000000,1.001317696666227434,1.001317696666227434,0.001317696666227434,0.001317696666227434
760.900000000000000000,1.000000000000000000,1.000000000000000000,759.900000000000000000,759.900000000000000000,1.001315962626661402,1.001315962626661402,0.001315962626661402,0.001315962626661402
761.900000000000000000,1.000000000000000000,1.000000000000000000,760.900000000000000000,760.900000000000000000,1.001314233144959915,1.001314233144959915,0.001314233144959915,0.001314233144959915
762.900000000000000000,1.000000000000000000,1.000000000000000000,761.900000000000000000,761.900000000000000000,1.001312508203176269,1.001312508203176269,0.001312508203176269,0.001312508203176269
763.900000000000000000,1.000000000000000000,1.000000000000000000,762.900000000000000000,762.900000000000000000,1.001310787783457858,1.001310787783457858,0.001310787783457858,0.001310787783457858
764.900000000000000000,1.000000000000000000,1.000000000000000000,763.900000000000000000,763.900000000000000000,1.001309071868045555,1.001309071868045555,0.001309071868045555,0.001309071868045555
765.900000000000000000,1.000000000000000000,1.000000000000000000,764.900000000000000000,764.900000000000000000,1.001307360439273107,1.001307360439273107,0.001307360439273107,0.001307360439273107
766.900000000000000000,1.000000000000000000,1.000000000000000000,765.900000000000000000,765.900000000000000000,1.001305653479566523,1.001305653479566523,0.001305653479566523,0.001305653479566523
767.900000000000000000,1.000000000000000000,1.000000000000000000,766.900000000000000000,766.900000000000000000,1.001303950971443473,1.001303950971443473,0.001303950971443473,0.001303950971443473
768.900000000000000000,1.000000000000000000,1.000000000000000000,767.900000000000000000,767.900000000000000000,1.001302252897512696,1.001302252897512696,0.001302252897512696,0.001302252897512696
769.900000000000000000,1.000000000000000000,1.000000000000000000,768.900000000000000000,768.900000000000000000,1.001300559240473403,1.001300559240473403,0.001300559240473403,0.001300559240473403
770.900000000000000000,1.000000000000000000,1.000000000000000000,769.900000000000000000,769.900000000000000000,1.001298869983114690,1.001298869983114690,0.001298869983114690,0.001298869983114690
771.900000000000000000,1.000000000000000000,1.000000000000000000,770.900000000000000000,770.900000000000000000,1.001297185108314956,1.001297185108314956,0.001297185108314956,0.001297185108314956
772.900000000000000000,1.000000000000000000,1.000000000000000000,771.900000000000000000,771.900000000000000000,1.001295504599041326,1.001295504599041326,0.001295504599041326,0.001295504599041326
773.900000000000000000,1.000000000000000000,1.000000000000000000,772.900000000000000000,772.900000000000000000,1.001293828438349074,1.001293828438349074,0.001293828438349074,0.001293828438349074
774.900000000000000000,1.000000000000000000,1.000000000000000000,773.900000000000000000,773.900000000000000000,1.001292156609381056,1.001292156609381056,0.001292156609381056,0.001292156609381056
775.900000000000000000,1.000000000000000000,1.000000000000000000,774.900000000000000000,774.900000000000000000,1.001290489095367144,1.001290489095367144,0.001290489095367144,0.001290489095367144
776.900000000000000000,1.000000000000000000,1.000000000000000000,775.900000000000000000,775.900000000000000000,1.001288825879623662,1.001288825879623662,0.001288825879623662,0.001288825879623662
777.900000000000000000,1.000000000000000000,1.000000000000000000,776.900000000000000000,776.900000000000000000,1.001287166945552838,1.001287166945552838,0.001287166945552838,0.001287166945552838
778.900000000000000000,1.000000000000000000,1.000000000000000000,777.900000000000000000,777.900000000000000000,1.001285512276642241,1.001285512276642241,0.001285512276642241,0.001285512276642241
779.900000000000000000,1.000000000000000000,1.000000000000000000,778.900000000000000000,778.900000000000000000,1.001283861856464244,1.001283861856464244,0.001283861856464244,0.001283861856464244
780.900000000000000000,1.000000000000000000,1.000000000000000000,779.900000000000000000,779.900000000000000000,1.001282215668675471,1.001282215668675471,0.001282215668675471,0.001282215668675471
781.900000000000000000,1.000000000000000000,1.000000000000000000,780.900000000000000000,780.900000000000000000,1.001280573697016263,1.001280573697016263,0.001280573697016263,0.001280573697016263
782.900000000000000000,1.000000000000000000,1.000000000000000000,781.900000000000000000,781.900000000000000000,1.001278935925310141,1.001278935925310141,0.001278935925310141,0.001278935925310141
783.900000000000000000,1.000000000000000000,1.000000000000000000,782.900000000000000000,782.900000000000000000,1.001277302337463277,1.001277302337463277,0.001277302337463277,0.001277302337463277
784.900000000000000000,1.000000000000000000,1.000000000000000000,783.900000000000000000,783.900000000000000000,1.001275672917463962,1.001275672917463962,0.001275672917463962,0.001275672917463962
785.900000000000000000,1.000000000000000000,1.000000000000000000,784.900000000000000000,784.900000000000000000,1.001274047649382086,1.001274047649382086,0.001274047649382086,0.001274047649382086
786.900000000000000000,1.000000000000000000,1.000000000000000000,785.900000000000000000,785.900000000000000000,1.001272426517368621,1.001272426517368621,0.001272426517368621,0.001272426517368621
787.900000000000000000,1.000000000000000000,1.000000000000000000,786.900000000000000000,786.900000000000000000,1.001270809505655102,1.001270809505655102,0.001270809505655102,0.001270809505655102
788.900000000000000000,1.000000000000000000,1.000000000000000000,787.900000000000000000,787.900000000000000000,1.001269196598553115,1.001269196598553115,0.001269196598553115,0.001269196598553115
789.900000000000000000,1.000000000000000000,1.000000000000000000,788.900000000000000000,788.900000000000000000,1.001267587780453796,1.001267587780453796,0.001267587780453796,0.001267587780453796
790.900000000000000000,1.000000000000000000,1.000000000000000000,789.900000000000000000,789.900000000000000000,1.001265983035827319,1.001265983035827319,0.001265983035827319,0.001265983035827319
791.900000000000000000,1.000000000000000000,1.000000000000000000,790.900000000000000000,790.900000000000000000,1.001264382349222404,1.001264382349222404,0.001264382349222404,0.001264382349222404
792.900000000000000000,1.000000000000000000,1.000000000000000000,791.900000000000000000,791.900000000000000000,1.001262785705265816,1.001262785705265816,0.001262785705265816,0.001262785705265816
793.900000000000000000,1.000000000000000000,1.000000000000000000,792.900000000000000000,792.900000000000000000,1.001261193088661874,1.001261193088661874,0.001261193088661874,0.001261193088661874
794.900000000000000000,1.000000000000000000,1.000000000000000000,793.900000000000000000,793.900000000000000000,1.001259604484191963,1.001259604484191963,0.001259604484191963,0.001259604484191963
795.900000000000000000,1.000000000000000000,1.000000000000000000,794.900000000000000000,794.900000000000000000,1.001258019876714052,1.001258019876714052,0.001258019876714052,0.001258019876714052
796.900000000000000000,1.000000000000000000,1.000000000000000000,795.900000000000000000,795.900000000000000000,1.001256439251162206,1.001256439251162206,0.001256439251162206,0.001256439251162206
797.900000000000000000,1.000000000000000000,1.000000000000000000,796.900000000000000000,796.900000000000000000,1.001254862592546116,1.001254862592546116,0.001254862592546116,0.001254862592546116
798.900000000000000000,1.000000000000000000,1.000000000000000000,797.900000000000000000,797.900000000000000000,1.001253289885950620,1.001253289885950620,0.001253289885950620,0.001253289885950620
799.900000000000000000,1.000000000000000000,1.000000000000000000,798.900000000000000000,798.900000000000000000,1.001251721116535235,1.001251721116535235,0.001251721116535235,0.001251721116535235
800.900000000000000000,1.000000000000000000,1.000000000000000000,799.900000000000000000,799.900000000000000000,1.001250156269533691,1.001250156269533691,0.001250156269533691,0.001250156269533691
801.900000000000000000,1.000000000000000000,1.000000000000000000,800.900000000000000000,800.900000000000000000,1.001248595330253464,1.001248595330253464,0.001248595330253464,0.001248595330253464
802.900000000000000000,1.000000000000000000,1.000000000000000000,801.900000000000000000,801.900000000000000000,1.001247038284075321,1.001247038284075321,0.001247038284075321,0.001247038284075321
803.900000000000000000,1.000000000000000000,1.000000000000000000,802.900000000000000000,802.900000000000000000,1.001245485116452858,1.001245485116452858,0.001245485116452858,0.001245485116452858
804.900000000000000000,1.000000000000000000,1.000000000000000000,803.900000000000000000,803.900000000000000000,1.001243935812912053,1.001243935812912053,0.001243935812912053,0.001243935812912053
805.900000000000000000,1.000000000000000000,1.000000000000000000,804.900000000000000000,804.900000000000000000,1.001242390359050813,1.001242390359050813,0.001242390359050813,0.001242390359050813
806.900000000000000000,1.000000000000000000,1.000000000000000000,805.900000000000000000,805.900000000000000000,1.001240848740538528,1.001240848740538528,0.001240848740538528,0.001240848740538528
807.900000000000000000,1.000000000000000000,1.000000000000000000,806.900000000000000000,806.900000000000000000,1.001239310943115627,1.001239310943115627,0.001239310943115627,0.001239310943115627
808.900000000000000000,1.000000000000000000,1.000000000000000000,807.900000000000000000,807.900000000000000000,1.001237776952593142,1.001237776952593142,0.001237776952593142,0.001237776952593142
809.900000000000000000,1.000000000000000000,1.000000000000000000,808.900000000000000000,808.900000000000000000,1.001236246754852268,1.001236246754852268,0.001236246754852268,0.001236246754852268
810.900000000000000000,1.000000000000000000,1.000000000000000000,809.900000000000000000,809.900000000000000000,1.001234720335843931,1.001234720335843931,0.001234720335843931,0.001234720335843931
811.900000000000000000,1.000000000000000000,1.000000000000000000,810.900000000000000000,810.900000000000000000,1.001233197681588358,1.001233197681588358,0.001233197681588358,0.001233197681588358
812.900000000000000000,1.000000000000000000,1.000000000000000000,811.900000000000000000,811.900000000000000000,1.001231678778174652,1.001231678778174652,0.001231678778174652,0.001231678778174652
813.900000000000000000,1.000000000000000000,1.000000000000000000,812.900000000000000000,812.900000000000000000,1.001230163611760364,1.001230163611760364,0.001230163611760364,0.001230163611760364
814.900000000000000000,1.000000000000000000,1.000000000000000000,813.900000000000000000,813.900000000000000000,1.001228652168571077,1.001228652168571077,0.001228652168571077,0.001228652168571077
815.900000000000000000,1.000000000000000000,1.000000000000000000,814.900000000000000000,814.900000000000000000,1.001227144434899987,1.001227144434899987,0.001227144434899987,0.001227144434899987
816.900000000000000000,1.000000000000000000,1.000000000000000000,815.900000000000000000,815.900000000000000000,1.001225640397107488,1.001225640397107488,0.001225640397107488,0.001225640397107488
817.900000000000000000,1.000000000000000000,1.000000000000000000,816.900000000000000000,816.900000000000000000,1.001224140041620761,1.001224140041620761,0.001224140041620761,0.001224140041620761
818.900000000000000000,1.000000000000000000,1.000000000000000000,817.900000000000000000,817.900000000000000000,1.001222643354933365,1.001222643354933365,0.001222643354933365,0.001222643354933365
819.900000000000000000,1.000000000000000000,1.000000000000000000,818.900000000000000000,818.900000000000000000,1.001221150323604835,1.001221150323604835,0.001221150323604835,0.001221150323604835
820.900000000000000000,1.000000000000000000,1.000000000000000000,819.900000000000000000,819.900000000000000000,1.001219660934260275,1.001219660934260275,0.001219660934260275,0.001219660934260275
821.900000000000000000,1.000000000000000000,1.000000000000000000,820.900000000000000000,820.900000000000000000,1.001218175173589962,1.001218175173589962,0.001218175173589962,0.001218175173589962
822.900000000000000000,1.000000000000000000,1.000000000000000000,821.900000000000000000,821.900000000000000000,1.001216693028348947,1.001216693028348947,0.001216693028348947,0.001216693028348947
823.900000000000000000,1.000000000000000000,1.000000000000000000,822.900000000000000000,822.900000000000000000,1.001215214485356665,1.001215214485356665,0.001215214485356665,0.001215214485356665
824.900000000000000000,1.000000000000000000,1.000000000000000000,823.900000000000000000,823.900000000000000000,1.001213739531496540,1.001213739531496540,0.001213739531496540,0.001213739531496540
825.900000000000000000,1.000000000000000000,1.000000000000000000,824.900000000000000000,824.900000000000000000,1.001212268153715601,1.001212268153715601,0.001212268153715601,0.001212268153715601
826.900000000000000000,1.000000000000000000,1.000000000000000000,825.900000000000000000,825.900000000000000000,1.001210800339024094,1.001210800339024094,0.001210800339024094,0.001210800339024094
827.900000000000000000,1.000000000000000000,1.000000000000000000,826.900000000000000000,826.900000000000000000,1.001209336074495102,1.001209336074495102,0.001209336074495102,0.001209336074495102
828.900000000000000000,1.000000000000000000,1.000000000000000000,827.900000000000000000,827.900000000000000000,1.001207875347264162,1.001207875347264162,0.001207875347264162,0.001207875347264162
829.900000000000000000,1.000000000000000000,1.000000000000000000,828.900000000000000000,828.900000000000000000,1.001206418144528893,1.001206418144528893,0.001206418144528893,0.001206418144528893
830.900000000000000000,1.000000000000000000,1.000000000000000000,829.900000000000000000,829.900000000000000000,1.001204964453548620,1.001204964453548620,0.001204964453548620,0.001204964453548620
831.900000000000000000,1.000000000000000000,1.000000000000000000,830.900000000000000000,830.900000000000000000,1.001203514261644000,1.001203514261644000,0.001203514261644000,0.001203514261644000
832.900000000000000000,1.000000000000000000,1.000000000000000000,831.900000000000000000,831.900000000000000000,1.001202067556196658,1.001202067556196658,0.001202067556196658,0.001202067556196658
833.900000000000000000,1.000000000000000000,1.000000000000000000,832.900000000000000000,832.900000000000000000,1.001200624324648817,1.001200624324648817,0.001200624324648817,0.001200624324648817
834.900000000000000000,1.000000000000000000,1.000000000000000000,833.900000000000000000,833.900000000000000000,1.001199184554502938,1.001199184554502938,0.001199184554502938,0.001199184554502938
835.900000000000000000,1.000000000000000000,1.000000000000000000,834.900000000000000000,834.900000000000000000,1.001197748233321355,1.001197748233321355,0.001197748233321355,0.001197748233321355
836.900000000000000000,1.000000000000000000,1.000000000000000000,835.900000000000000000,835.900000000000000000,1.001196315348725924,1.001196315348725924,0.001196315348725924,0.001196315348725924
837.900000000000000000,1.000000000000000000,1.000000000000000000,836.900000000000000000,836.900000000000000000,1.001194885888397658,1.001194885888397658,0.001194885888397658,0.001194885888397658
838.900000000000000000,1.000000000000000000,1.000000000000000000,837.900000000000000000,837.900000000000000000,1.001193459840076381,1.001193459840076381,0.001193459840076381,0.001193459840076381
839.900000000000000000,1.000000000000000000,1.000000000000000000,838.900000000000000000,838.900000000000000000,1.001192037191560376,1.001192037191560376,0.001192037191560376,0.001192037191560376
840.900000000000000000,1.000000000000000000,1.000000000000000000,839.900000000000000000,839.900000000000000000,1.001190617930706036,1.001190617930706036,0.001190617930706036,0.001190617930706036
841.900000000000000000,1.000000000000000000,1.000000000000000000,840.900000000000000000,840.900000000000000000,1.001189202045427518,1.001189202045427518,0.001189202045427518,0.001189202045427518
842.900000000000000000,1.000000000000000000,1.000000000000000000,841.900000000000000000,841.900000000000000000,1.001187789523696400,1.001187789523696400,0.001187789523696400,0.001187789523696400
843.900000000000000000,1.000000000000000000,1.000000000000000000,842.900000000000000000,842.900000000000000000,1.001186380353541345,1.001186380353541345,0.001186380353541345,0.001186380353541345
844.900000000000000000,1.000000000000000000,1.000000000000000000,843.900000000000000000,843.900000000000000000,1.001184974523047754,1.001184974523047754,0.001184974523047754,0.001184974523047754
845.900000000000000000,1.000000000000000000,1.000000000000000000,844.900000000000000000,844.900000000000000000,1.001183572020357438,1.001183572020357438,0.001183572020357438,0.001183572020357438
846.900000000000000000,1.000000000000000000,1.000000000000000000,845.900000000000000000,845.900000000000000000,1.001182172833668282,1.001182172833668282,0.001182172833668282,0.001182172833668282
847.900000000000000000,1.000000000000000000,1.000000000000000000,846.900000000000000000,846.900000000000000000,1.001180776951233911,1.001180776951233911,0.001180776951233911,0.001180776951233911
848.900000000000000000,1.000000000000000000,1.000000000000000000,847.900000000000000000,847.900000000000000000,1.001179384361363368,1.001179384361363368,0.001179384361363368,0.001179384361363368
849.900000000000000000,1.000000000000000000,1.000000000000000000,848.900000000000000000,848.900000000000000000,1.001177995052420779,1.001177995052420779,0.001177995052420779,0.001177995052420779
850.900000000000000000,1.000000000000000000,1.000000000000000000,849.900000000000000000,849.900000000000000000,1.001176609012825038,1.001176609012825038,0.001176609012825038,0.001176609012825038
851.900000000000000000,1.000000000000000000,1.000000000000000000,850.900000000000000000,850.900000000000000000,1.001175226231049477,1.001175226231049477,0.001175226231049477,0.001175226231049477
852.900000000000000000,1.000000000000000000,1.000000000000000000,851.900000000000000000,851.900000000000000000,1.001173846695621551,1.001173846695621551,0.001173846695621551,0.001173846695621551
853.900000000000000000,1.000000000000000000,1.000000000000000000,852.900000000000000000,852.900000000000000000,1.001172470395122523,1.001172470395122523,0.001172470395122523,0.001172470395122523
854.900000000000000000,1.000000000000000000,1.000000000000000000,853.900000000000000000,853.900000000000000000,1.001171097318187141,1.001171097318187141,0.001171097318187141,0.001171097318187141
855.900000000000000000,1.000000000000000000,1.000000000000000000,854.900000000000000000,854.900000000000000000,1.001169727453503333,1.001169727453503333,0.001169727453503333,0.001169727453503333
856.900000000000000000,1.000000000000000000,1.000000000000000000,855.900000000000000000,855.900000000000000000,1.001168360789811893,1.001168360789811893,0.001168360789811893,0.001168360789811893
857.900000000000000000,1.000000000000000000,1.000000000000000000,856.900000000000000000,856.900000000000000000,1.001166997315906173,1.001166997315906173,0.001166997315906173,0.001166997315906173
858.900000000000000000,1.000000000000000000,1.000000000000000000,857.900000000000000000,857.900000000000000000,1.001165637020631775,1.001165637020631775,0.001165637020631775,0.001165637020631775
859.900000000000000000,1.000000000000000000,1.000000000000000000,858.900000000000000000,858.900000000000000000,1.001164279892886249,1.001164279892886249,0.001164279892886249,0.001164279892886249
860.900000000000000000,1.000000000000000000,1.000000000000000000,859.900000000000000000,859.900000000000000000,1.001162925921618792,1.001162925921618792,0.001162925921618792,0.001162925921618792
861.900000000000000000,1.000000000000000000,1.000000000000000000,860.900000000000000000,860.900000000000000000,1.001161575095829945,1.001161575095829945,0.001161575095829945,0.001161575095829945
862.900000000000000000,1.000000000000000000,1.000000000000000000,861.900000000000000000,861.900000000000000000,1.001160227404571295,1.001160227404571295,0.001160227404571295,0.001160227404571295
863.900000000000000000,1.000000000000000000,1.000000000000000000,862.900000000000000000,862.900000000000000000,1.001158882836945184,1.001158882836945184,0.001158882836945184,0.001158882836945184
864.900000000000000000,1.000000000000000000,1.000000000000000000,863.900000000000000000,863.900000000000000000,1.001157541382104410,1.001157541382104410,0.001157541382104410,0.001157541382104410
865.900000000000000000,1.000000000000000000,1.000000000000000000,864.900000000000000000,864.900000000000000000,1.001156203029251936,1.001156203029251936,0.001156203029251936,0.001156203029251936
866.900000000000000000,1.000000000000000000,1.000000000000000000,865.900000000000000000,865.900000000000000000,1.001154867767640605,1.001154867767640605,0.001154867767640605,0.001154867767640605
867.900000000000000000,1.000000000000000000,1.000000000000000000,866.900000000000000000,866.900000000000000000,1.001153535586572845,1.001153535586572845,0.001153535586572845,0.001153535586572845
868.900000000000000000,1.000000000000000000,1.000000000000000000,867.900000000000000000,867.900000000000000000,1.001152206475400391,1.001152206475400391,0.001152206475400391,0.001152206475400391
869.900000000000000000,1.000000000000000000,1.000000000000000000,868.900000000000000000,868.900000000000000000,1.001150880423523995,1.001150880423523995,0.001150880423523995,0.001150880423523995
870.900000000000000000,1.000000000000000000,1.000000000000000000,869.900000000000000000,869.900000000000000000,1.001149557420393148,1.001149557420393148,0.001149557420393148,0.001149557420393148
871.900000000000000000,1.000000000000000000,1.000000000000000000,870.900000000000000000,870.900000000000000000,1.001148237455505798,1.001148237455505798,0.001148237455505798,0.001148237455505798
872.900000000000000000,1.000000000000000000,1.000000000000000000,871.900000000000000000,871.900000000000000000,1.001146920518408074,1.001146920518408074,0.001146920518408074,0.001146920518408074
873.900000000000000000,1.000000000000000000,1.000000000000000000,872.900000000000000000,872.900000000000000000,1.001145606598694008,1.001145606598694008,0.001145606598694008,0.001145606598694008
874.900000000000000000,1.000000000000000000,1.000000000000000000,873.900000000000000000,873.900000000000000000,1.001144295686005263,1.001144295686005263,0.001144295686005263,0.001144295686005263
875.900000000000000000,1.000000000000000000,1.000000000000000000,874.900000000000000000,874.900000000000000000,1.001142987770030860,1.001142987770030860,0.001142987770030860,0.001142987770030860
876.900000000000000000,1.000000000000000000,1.000000000000000000,875.900000000000000000,875.900000000000000000,1.001141682840506907,1.001141682840506907,0.001141682840506907,0.001141682840506907
877.900000000000000000,1.000000000000000000,1.000000000000000000,876.900000000000000000,876.900000000000000000,1.001140380887216330,1.001140380887216330,0.001140380887216330,0.001140380887216330
878.900000000000000000,1.000000000000000000,1.000000000000000000,877.900000000000000000,877.900000000000000000,1.001139081899988609,1.001139081899988609,0.001139081899988609,0.001139081899988609
879.900000000000000000,1.000000000000000000,1.000000000000000000,878.900000000000000000,878.900000000000000000,1.001137785868699510,1.001137785868699510,0.001137785868699510,0.001137785868699510
880.900000000000000000,1.000000000000000000,1.000000000000000000,879.900000000000000000,879.900000000000000000,1.001136492783270826,1.001136492783270826,0.001136492783270826,0.001136492783270826
881.900000000000000000,1.000000000000000000,1.000000000000000000,880.900000000000000000,880.900000000000000000,1.001135202633670110,1.001135202633670110,0.001135202633670110,0.001135202633670110
882.900000000000000000,1.000000000000000000,1.000000000000000000,881.900000000000000000,881.900000000000000000,1.001133915409910420,1.001133915409910420,0.001133915409910420,0.001133915409910420
883.900000000000000000,1.000000000000000000,1.000000000000000000,882.900000000000000000,882.900000000000000000,1.001132631102050062,1.001132631102050062,0.001132631102050062,0.001132631102050062
884.900000000000000000,1.000000000000000000,1.000000000000000000,883.900000000000000000,883.900000000000000000,1.001131349700192329,1.001131349700192329,0.001131349700192329,0.001131349700192329
885.900000000000000000,1.000000000000000000,1.000000000000000000,884.900000000000000000,884.900000000000000000,1.001130071194485252,1.001130071194485252,0.001130071194485252,0.001130071194485252
886.900000000000000000,1.000000000000000000,1.000000000000000000,885.900000000000000000,885.900000000000000000,1.001128795575121345,1.001128795575121345,0.001128795575121345,0.001128795575121345
887.900000000000000000,1.000000000000000000,1.000000000000000000,886.900000000000000000,886.900000000000000000,1.001127522832337354,1.001127522832337354,0.001127522832337354,0.001127522832337354
888.900000000000000000,1.000000000000000000,1.000000000000000000,887.900000000000000000,887.900000000000000000,1.001126252956414010,1.001126252956414010,0.001126252956414010,0.001126252956414010
889.900000000000000000,1.000000000000000000,1.000000000000000000,888.900000000000000000,888.900000000000000000,1.001124985937675779,1.001124985937675779,0.001124985937675779,0.001124985937675779
890.900000000000000000,1.000000000000000000,1.000000000000000000,889.900000000000000000,889.900000000000000000,1.001123721766490616,1.001123721766490616,0.001123721766490616,0.001123721766490616
891.900000000000000000,1.000000000000000000,1.000000000000000000,890.900000000000000000,890.900000000000000000,1.001122460433269727,1.001122460433269727,0.001122460433269727,0.001122460433269727
892.900000000000000000,1.000000000000000000,1.000000000000000000,891.900000000000000000,891.900000000000000000,1.001121201928467316,1.001121201928467316,0.001121201928467316,0.001121201928467316
893.900000000000000000,1.000000000000000000,1.000000000000000000,892.900000000000000000,892.900000000000000000,1.001119946242580356,1.001119946242580356,0.001119946242580356,0.001119946242580356
894.900000000000000000,1.000000000000000000,1.000000000000000000,893.900000000000000000,893.900000000000000000,1.001118693366148338,1.001118693366148338,0.001118693366148338,0.001118693366148338
895.900000000000000000,1.000000000000000000,1.000000000000000000,894.900000000000000000,894.900000000000000000,1.001117443289753045,1.001117443289753045,0.001117443289753045,0.001117443289753045
896.900000000000000000,1.000000000000000000,1.000000000000000000,895.900000000000000000,895.900000000000000000,1.001116196004018305,1.001116196004018305,0.001116196004018305,0.001116196004018305
897.900000000000000000,1.000000000000000000,1.000000000000000000,896.900000000000000000,896.900000000000000000,1.001114951499609766,1.001114951499609766,0.001114951499609766,0.001114951499609766
898.900000000000000000,1.000000000000000000,1.000000000000000000,897.900000000000000000,897.900000000000000000,1.001113709767234658,1.001113709767234658,0.001113709767234658,0.001113709767234658
899.900000000000000000,1.000000000000000000,1.000000000000000000,898.900000000000000000,898.900000000000000000,1.001112470797641561,1.001112470797641561,0.001112470797641561,0.001112470797641561
900.900000000000000000,1.000000000000000000,1.000000000000000000,899.900000000000000000,899.900000000000000000,1.001111234581620180,1.001111234581620180,0.001111234581620180,0.001111234581620180
901.900000000000000000,1.000000000000000000,1.000000000000000000,900.900000000000000000,900.900000000000000000,1.001110001110001110,1.001110001110001110,0.001110001110001110,0.001110001110001110
902.900000000000000000,1.000000000000000000,1.000000000000000000,901.900000000000000000,901.900000000000000000,1.001108770373655615,1.001108770373655615,0.001108770373655615,0.001108770373655615
903.900000000000000000,1.000000000000000000,1.000000000000000000,902.900000000000000000,902.900000000000000000,1.001107542363495403,1.001107542363495403,0.001107542363495403,0.001107542363495403
904.900000000000000000,1.000000000000000000,1.000000000000000000,903.900000000000000000,903.900000000000000000,1.001106317070472397,1.001106317070472397,0.001106317070472397,0.001106317070472397
905.900000000000000000,1.000000000000000000,1.000000000000000000,904.900000000000000000,904.900000000000000000,1.001105094485578516,1.001105094485578516,0.001105094485578516,0.001105094485578516
906.900000000000000000,1.000000000000000000,1.000000000000000000,905.900000000000000000,905.900000000000000000,1.001103874599845457,1.001103874599845457,0.001103874599845457,0.001103874599845457
907.900000000000000000,1.000000000000000000,1.000000000000000000,906.900000000000000000,906.900000000000000000,1.001102657404344470,1.001102657404344470,0.001102657404344470,0.001102657404344470
908.900000000000000000,1.000000000000000000,1.000000000000000000,907.900000000000000000,907.900000000000000000,1.001101442890186143,1.001101442890186143,0.001101442890186143,0.001101442890186143
909.900000000000000000,1.000000000000000000,1.000000000000000000,908.900000000000000000,908.900000000000000000,1.001100231048520189,1.001100231048520189,0.001100231048520189,0.001100231048520189
910.900000000000000000,1.000000000000000000,1.000000000000000000,909.900000000000000000,909.900000000000000000,1.001099021870535223,1.001099021870535223,0.001099021870535223,0.001099021870535223
911.900000000000000000,1.000000000000000000,1.000000000000000000,910.900000000000000000,910.900000000000000000,1.001097815347458557,1.001097815347458557,0.001097815347458557,0.001097815347458557
912.900000000000000000,1.000000000000000000,1.000000000000000000,911.900000000000000000,911.900000000000000000,1.001096611470555982,1.001096611470555982,0.001096611470555982,0.001096611470555982
913.900000000000000000,1.000000000000000000,1.000000000000000000,912.900000000000000000,912.900000000000000000,1.001095410231131558,1.001095410231131558,0.001095410231131558,0.001095410231131558
914.900000000000000000,1.000000000000000000,1.000000000000000000,913.900000000000000000,913.900000000000000000,1.001094211620527410,1.001094211620527410,0.001094211620527410,0.001094211620527410
915.900000000000000000,1.000000000000000000,1.000000000000000000,914.900000000000000000,914.900000000000000000,1.001093015630123510,1.001093015630123510,0.001093015630123510,0.001093015630123510
916.900000000000000000,1.000000000000000000,1.000000000000000000,915.900000000000000000,915.900000000000000000,1.001091822251337482,1.001091822251337482,0.001091822251337482,0.001091822251337482
917.900000000000000000,1.000000000000000000,1.000000000000000000,916.900000000000000000,916.900000000000000000,1.001090631475624386,1.001090631475624386,0.001090631475624386,0.001090631475624386
918.900000000000000000,1.000000000000000000,1.000000000000000000,917.900000000000000000,917.900000000000000000,1.001089443294476522,1.001089443294476522,0.001089443294476522,0.001089443294476522
919.900000000000000000,1.000000000000000000,1.000000000000000000,918.900000000000000000,918.900000000000000000,1.001088257699423223,1.001088257699423223,0.001088257699423223,0.001088257699423223
920.900000000000000000,1.000000000000000000,1.000000000000000000,919.900000000000000000,919.900000000000000000,1.001087074682030655,1.001087074682030655,0.001087074682030655,0.001087074682030655
921.900000000000000000,1.000000000000000000,1.000000000000000000,920.900000000000000000,920.900000000000000000,1.001085894233901617,1.001085894233901617,0.001085894233901617,0.001085894233901617
922.900000000000000000,1.000000000000000000,1.000000000000000000,921.900000000000000000,921.900000000000000000,1.001084716346675344,1.001084716346675344,0.001084716346675344,0.001084716346675344
923.900000000000000000,1.000000000000000000,1.000000000000000000,922.900000000000000000,922.900000000000000000,1.001083541012027305,1.001083541012027305,0.001083541012027305,0.001083541012027305
924.900000000000000000,1.000000000000000000,1.000000000000000000,923.900000000000000000,923.900000000000000000,1.001082368221669011,1.001082368221669011,0.001082368221669011,0.001082368221669011
925.900000000000000000,1.000000000000000000,1.000000000000000000,924.900000000000000000,924.900000000000000000,1.001081197967347821,1.001081197967347821,0.001081197967347821,0.001081197967347821
926.900000000000000000,1.000000000000000000,1.000000000000000000,925.900000000000000000,925.900000000000000000,1.001080030240846743,1.001080030240846743,0.001080030240846743,0.001080030240846743
927.900000000000000000,1.000000000000000000,1.000000000000000000,926.900000000000000000,926.900000000000000000,1.001078865033984248,1.001078865033984248,0.001078865033984248,0.001078865033984248
928.900000000000000000,1.000000000000000000,1.000000000000000000,927.900000000000000000,927.900000000000000000,1.001077702338614074,1.001077702338614074,0.001077702338614074,0.001077702338614074
929.900000000000000000,1.000000000000000000,1.000000000000000000,928.900000000000000000,928.900000000000000000,1.001076542146625040,1.001076542146625040,0.001076542146625040,0.001076542146625040
930.900000000000000000,1.000000000000000000,1.000000000000000000,929.900000000000000000,929.900000000000000000,1.001075384449940853,1.001075384449940853,0.001075384449940853,0.001075384449940853
931.900000000000000000,1.000000000000000000,1.000000000000000000,930.900000000000000000,930.900000000000000000,1.001074229240519926,1.001074229240519926,0.001074229240519926,0.001074229240519926
932.900000000000000000,1.000000000000000000,1.000000000000000000,931.900000000000000000,931.900000000000000000,1.001073076510355188,1.001073076510355188,0.001073076510355188,0.001073076510355188
933.900000000000000000,1.000000000000000000,1.000000000000000000,932.900000000000000000,932.900000000000000000,1.001071926251473898,1.001071926251473898,0.001071926251473898,0.001071926251473898
934.900000000000000000,1.000000000000000000,1.000000000000000000,933.900000000000000000,933.900000000000000000,1.001070778455937466,1.001070778455937466,0.001070778455937466,0.001070778455937466
935.900000000000000000,1.000000000000000000,1.000000000000000000,934.900000000000000000,934.900000000000000000,1.001069633115841266,1.001069633115841266,0.001069633115841266,0.001069633115841266
936.900000000000000000,1.000000000000000000,1.000000000000000000,935.900000000000000000,935.900000000000000000,1.001068490223314456,1.001068490223314456,0.001068490223314456,0.001068490223314456
937.900000000000000000,1.000000000000000000,1.000000000000000000,936.900000000000000000,936.900000000000000000,1.001067349770519799,1.001067349770519799,0.001067349770519799,0.001067349770519799
938.900000000000000000,1.000000000000000000,1.000000000000000000,937.900000000000000000,937.900000000000000000,1.001066211749653481,1.001066211749653481,0.001066211749653481,0.001066211749653481
939.900000000000000000,1.000000000000000000,1.000000000000000000,938.900000000000000000,938.900000000000000000,1.001065076152944935,1.001065076152944935,0.001065076152944935,0.001065076152944935
940.900000000000000000,1.000000000000000000,1.000000000000000000,939.900000000000000000,939.900000000000000000,1.001063942972656665,1.001063942972656665,0.001063942972656665,0.001063942972656665
941.900000000000000000,1.000000000000000000,1.000000000000000000,940.900000000000000000,940.900000000000000000,1.001062812201084068,1.001062812201084068,0.001062812201084068,0.001062812201084068
942.900000000000000000,1.000000000000000000,1.000000000000000000,941.900000000000000000,941.900000000000000000,1.001061683830555260,1.001061683830555260,0.001061683830555260,0.001061683830555260
943.900000000000000000,1.000000000000000000,1.000000000000000000,942.900000000000000000,942.900000000000000000,1.001060557853430904,1.001060557853430904,0.001060557853430904,0.001060557853430904
944.900000000000000000,1.000000000000000000,1.000000000000000000,943.900000000000000000,943.900000000000000000,1.001059434262104036,1.001059434262104036,0.001059434262104036,0.001059434262104036
945.900000000000000000,1.000000000000000000,1.000000000000000000,944.900000000000000000,944.900000000000000000,1.001058313048999894,1.001058313048999894,0.001058313048999894,0.001058313048999894
946.900000000000000000,1.000000000000000000,1.000000000000000000,945.900000000000000000,945.900000000000000000,1.001057194206575747,1.001057194206575747,0.001057194206575747,0.001057194206575747
947.900000000000000000,1.000000000000000000,1.000000000000000000,946.900000000000000000,946.900000000000000000,1.001056077727320730,1.001056077727320730,0.001056077727320730,0.001056077727320730
948.900000000000000000,1.000000000000000000,1.000000000000000000,947.900000000000000000,947.900000000000000000,1.001054963603755670,1.001054963603755670,0.001054963603755670,0.001054963603755670
949.900000000000000000,1.000000000000000000,1.000000000000000000,948.900000000000000000,948.900000000000000000,1.001053851828432922,1.001053851828432922,0.001053851828432922,0.001053851828432922
950.900000000000000000,1.000000000000000000,1.000000000000000000,949.900000000000000000,949.900000000000000000,1.001052742393936203,1.001052742393936203,0.001052742393936203,0.001052742393936203
951.900000000000000000,1.000000000000000000,1.000000000000000000,950.900000000000000000,950.900000000000000000,1.001051635292880429,1.001051635292880429,0.001051635292880429,0.001051635292880429
952.900000000000000000,1.000000000000000000,1.000000000000000000,951.900000000000000000,951.900000000000000000,1.001050530517911545,1.001050530517911545,0.001050530517911545,0.001050530517911545
953.900000000000000000,1.000000000000000000,1.000000000000000000,952.900000000000000000,952.900000000000000000,1.001049428061706370,1.001049428061706370,0.001049428061706370,0.001049428061706370
954.900000000000000000,1.000000000000000000,1.000000000000000000,953.900000000000000000,953.900000000000000000,1.001048327916972428,1.001048327916972428,0.001048327916972428,0.001048327916972428
955.900000000000000000,1.000000000000000000,1.000000000000000000,954.900000000000000000,954.900000000000000000,1.001047230076447795,1.001047230076447795,0.001047230076447795,0.001047230076447795
956.900000000000000000,1.000000000000000000,1.000000000000000000,955.900000000000000000,955.900000000000000000,1.001046134532900931,1.001046134532900931,0.001046134532900931,0.001046134532900931
957.900000000000000000,1.000000000000000000,1.000000000000000000,956.900000000000000000,956.900000000000000000,1.001045041279130525,1.001045041279130525,0.001045041279130525,0.001045041279130525
958.900000000000000000,1.000000000000000000,1.000000000000000000,957.900000000000000000,957.900000000000000000,1.001043950307965340,1.001043950307965340,0.001043950307965340,0.001043950307965340
959.900000000000000000,1.000000000000000000,1.000000000000000000,958.900000000000000000,958.900000000000000000,1.001042861612264052,1.001042861612264052,0.001042861612264052,0.001042861612264052
960.900000000000000000,1.000000000000000000,1.000000000000000000,959.900000000000000000,959.900000000000000000,1.001041775184915095,1.001041775184915095,0.001041775184915095,0.001041775184915095
961.900000000000000000,1.000000000000000000,1.000000000000000000,960.900000000000000000,960.900000000000000000,1.001040691018836507,1.001040691018836507,0.001040691018836507,0.001040691018836507
962.900000000000000000,1.000000000000000000,1.000000000000000000,961.900000000000000000,961.900000000000000000,1.001039609106975777,1.001039609106975777,0.001039609106975777,0.001039609106975777
963.900000000000000000,1.000000000000000000,1.000000000000000000,962.900000000000000000,962.900000000000000000,1.001038529442309689,1.001038529442309689,0.001038529442309689,0.001038529442309689
964.900000000000000000,1.000000000000000000,1.000000000000000000,963.900000000000000000,963.900000000000000000,1.001037452017844174,1.001037452017844174,0.001037452017844174,0.001037452017844174
965.900000000000000000,1.000000000000000000,1.000000000000000000,964.900000000000000000,964.900000000000000000,1.001036376826614156,1.001036376826614156,0.001036376826614156,0.001036376826614156
966.900000000000000000,1.000000000000000000,1.000000000000000000,965.900000000000000000,965.900000000000000000,1.001035303861683404,1.001035303861683404,0.001035303861683404,0.001035303861683404
967.900000000000000000,1.000000000000000000,1.000000000000000000,966.900000000000000000,966.900000000000000000,1.001034233116144378,1.001034233116144378,0.001034233116144378,0.001034233116144378
968.900000000000000000,1.000000000000000000,1.000000000000000000,967.900000000000000000,967.900000000000000000,1.001033164583118090,1.001033164583118090,0.001033164583118090,0.001033164583118090
969.900000000000000000,1.000000000000000000,1.000000000000000000,968.900000000000000000,968.900000000000000000,1.001032098255753947,1.001032098255753947,0.001032098255753947,0.001032098255753947
970.900000000000000000,1.000000000000000000,1.000000000000000000,969.900000000000000000,969.900000000000000000,1.001031034127229611,1.001031034127229611,0.001031034127229611,0.001031034127229611
971.900000000000000000,1.000000000000000000,1.000000000000000000,970.900000000000000000,970.900000000000000000,1.001029972190750849,1.001029972190750849,0.001029972190750849,0.001029972190750849
972.900000000000000000,1.000000000000000000,1.000000000000000000,971.900000000000000000,971.900000000000000000,1.001028912439551394,1.001028912439551394,0.001028912439551394,0.001028912439551394
973.900000000000000000,1.000000000000000000,1.000000000000000000,972.900000000000000000,972.900000000000000000,1.001027854866892794,1.001027854866892794,0.001027854866892794,0.001027854866892794
974.900000000000000000,1.000000000000000000,1.000000000000000000,973.900000000000000000,973.900000000000000000,1.001026799466064277,1.001026799466064277,0.001026799466064277,0.001026799466064277
975.900000000000000000,1.000000000000000000,1.000000000000000000,974.900000000000000000,974.900000000000000000,1.001025746230382603,1.001025746230382603,0.001025746230382603,0.001025746230382603
976.900000000000000000,1.000000000000000000,1.000000000000000000,975.900000000000000000,975.900000000000000000,1.001024695153191925,1.001024695153191925,0.001024695153191925,0.001024695153191925
977.900000000000000000,1.000000000000000000,1.000000000000000000,976.900000000000000000,976.900000000000000000,1.001023646227863650,1.001023646227863650,0.001023646227863650,0.001023646227863650
978.900000000000000000,1.000000000000000000,1.000000000000000000,977.900000000000000000,977.900000000000000000,1.001022599447796298,1.001022599447796298,0.001022599447796298,0.001022599447796298
979.900000000000000000,1.000000000000000000,1.000000000000000000,978.900000000000000000,978.900000000000000000,1.001021554806415364,1.001021554806415364,0.001021554806415364,0.001021554806415364
980.900000000000000000,1.000000000000000000,1.000000000000000000,979.900000000000000000,979.900000000000000000,1.001020512297173180,1.001020512297173180,0.001020512297173180,0.001020512297173180
981.900000000000000000,1.000000000000000000,1.000000000000000000,980.900000000000000000,980.900000000000000000,1.001019471913548781,1.001019471913548781,0.001019471913548781,0.001019471913548781
982.900000000000000000,1.000000000000000000,1.000000000000000000,981.900000000000000000,981.900000000000000000,1.001018433649047764,1.001018433649047764,0.001018433649047764,0.001018433649047764
983.900000000000000000,1.000000000000000000,1.000000000000000000,982.900000000000000000,982.900000000000000000,1.001017397497202156,1.001017397497202156,0.001017397497202156,0.001017397497202156
984.900000000000000000,1.000000000000000000,1.000000000000000000,983.900000000000000000,983.900000000000000000,1.001016363451570281,1.001016363451570281,0.001016363451570281,0.001016363451570281
985.900000000000000000,1.000000000000000000,1.000000000000000000,984.900000000000000000,984.900000000000000000,1.001015331505736623,1.001015331505736623,0.001015331505736623,0.001015331505736623
986.900000000000000000,1.000000000000000000,1.000000000000000000,985.900000000000000000,985.900000000000000000,1.001014301653311694,1.001014301653311694,0.001014301653311694,0.001014301653311694
987.900000000000000000,1.000000000000000000,1.000000000000000000,986.900000000000000000,986.900000000000000000,1.001013273887931907,1.001013273887931907,0.001013273887931907,0.001013273887931907
988.900000000000000000,1.000000000000000000,1.000000000000000000,987.900000000000000000,987.900000000000000000,1.001012248203259439,1.001012248203259439,0.001012248203259439,0.001012248203259439
989.900000000000000000,1.000000000000000000,1.000000000000000000,988.900000000000000000,988.900000000000000000,1.001011224592982101,1.001011224592982101,0.001011224592982101,0.001011224592982101
990.900000000000000000,1.000000000000000000,1.000000000000000000,989.900000000000000000,989.900000000000000000,1.001010203050813213,1.001010203050813213,0.001010203050813213,0.001010203050813213
991.900000000000000000,1.000000000000000000,1.000000000000000000,990.900000000000000000,990.900000000000000000,1.001009183570491472,1.001009183570491472,0.001009183570491472,0.001009183570491472
992.900000000000000000,1.000000000000000000,1.000000000000000000,991.900000000000000000,991.900000000000000000,1.001008166145780824,1.001008166145780824,0.001008166145780824,0.001008166145780824
993.900000000000000000,1.000000000000000000,1.000000000000000000,992.900000000000000000,992.900000000000000000,1.001007150770470339,1.001007150770470339,0.001007150770470339,0.001007150770470339
994.900000000000000000,1.000000000000000000,1.000000000000000000,993.900000000000000000,993.900000000000000000,1.001006137438374081,1.001006137438374081,0.001006137438374081,0.001006137438374081
995.900000000000000000,1.000000000000000000,1.000000000000000000,994.900000000000000000,994.900000000000000000,1.001005126143330988,1.001005126143330988,0.001005126143330988,0.001005126143330988
996.900000000000000000,1.000000000000000000,1.000000000000000000,995.900000000000000000,995.900000000000000000,1.001004116879204739,1.001004116879204739,0.001004116879204739,0.001004116879204739
997.900000000000000000,1.000000000000000000,1.000000000000000000,996.900000000000000000,996.900000000000000000,1.001003109639883639,1.001003109639883639,0.001003109639883639,0.001003109639883639
998.900000000000000000,1.000000000000000000,1.000000000000000000,997.900000000000000000,997.900000000000000000,1.001002104419280489,1.001002104419280489,0.001002104419280489,0.001002104419280489
999.900000000000000000,1.000000000000000000,1.000000000000000000,998.900000000000000000,998.900000000000000000,1.001001101211332465,1.001001101211332465,0.001001101211332465,0.001001101211332465
